date,ndx,vix,ma_ratio,cnn,composite,zone,p_vix,p_ma,p_cnn,sc_vix,sc_ma,sc_cnn
2006-01-03,1679.9300,11.1400,1.0740,88.0000,0.0000,⚪中性,50.0000,50.0000,50.0000,0,0,0
2006-01-04,1695.8300,11.3700,1.0835,88.0000,0.0000,⚪中性,50.0000,50.0000,50.0000,0,0,0
2006-01-05,1705.2900,11.3100,1.0887,88.0000,0.0000,⚪中性,50.0000,50.0000,50.0000,0,0,0
2006-01-06,1734.9900,11.0000,1.1067,88.0000,0.0000,⚪中性,50.0000,50.0000,50.0000,0,0,0
2006-01-09,1741.9000,11.1300,1.1101,88.0000,0.0000,⚪中性,50.0000,50.0000,50.0000,0,0,0
2006-01-10,1744.0200,10.8600,1.1105,88.0000,0.0000,⚪中性,50.0000,50.0000,50.0000,0,0,0
2006-01-11,1758.2400,10.9400,1.1185,88.0000,0.0000,⚪中性,50.0000,50.0000,50.0000,0,0,0
2006-01-12,1747.3500,11.2000,1.1107,88.0000,0.0000,⚪中性,50.0000,50.0000,50.0000,0,0,0
2006-01-13,1746.7800,11.2300,1.1094,88.0000,0.0000,⚪中性,50.0000,50.0000,50.0000,0,0,0
2006-01-17,1736.3900,11.9100,1.1019,88.0000,0.0000,⚪中性,50.0000,50.0000,50.0000,0,0,0
2006-01-18,1716.6200,12.2500,1.0885,78.0000,0.0000,⚪中性,50.0000,50.0000,50.0000,0,0,0
2006-01-19,1729.9200,11.9800,1.0961,88.0000,0.0000,⚪中性,50.0000,50.0000,50.0000,0,0,0
2006-01-20,1676.3800,14.5600,1.0615,70.0000,0.0000,⚪中性,50.0000,50.0000,50.0000,0,0,0
2006-01-23,1676.3000,13.9300,1.0609,78.0000,0.0000,⚪中性,50.0000,50.0000,50.0000,0,0,0
2006-01-24,1686.2200,13.3100,1.0665,78.0000,0.0000,⚪中性,50.0000,50.0000,50.0000,0,0,0
2006-01-25,1677.0000,12.8700,1.0600,78.0000,0.0000,⚪中性,50.0000,50.0000,50.0000,0,0,0
2006-01-26,1690.4900,12.4200,1.0678,78.0000,0.0000,⚪中性,50.0000,50.0000,50.0000,0,0,0
2006-01-27,1711.1100,11.9700,1.0800,88.0000,0.0000,⚪中性,50.0000,50.0000,50.0000,0,0,0
2006-01-30,1713.4500,12.3900,1.0805,78.0000,0.0000,⚪中性,50.0000,50.0000,50.0000,0,0,0
2006-01-31,1710.7500,12.9500,1.0778,78.0000,0.0000,⚪中性,50.0000,50.0000,50.0000,0,0,0
2006-02-01,1713.0200,12.3600,1.0782,78.0000,0.0000,⚪中性,50.0000,50.0000,50.0000,0,0,0
2006-02-02,1685.7700,13.2300,1.0602,78.0000,0.0000,⚪中性,50.0000,50.0000,50.0000,0,0,0
2006-02-03,1664.5300,12.9600,1.0460,78.0000,0.0000,⚪中性,50.0000,50.0000,50.0000,0,0,0
2006-02-06,1657.5400,13.0400,1.0409,78.0000,0.0000,⚪中性,50.0000,50.0000,50.0000,0,0,0
2006-02-07,1651.8400,13.5900,1.0366,78.0000,0.0000,⚪中性,50.0000,50.0000,50.0000,0,0,0
2006-02-08,1670.4700,12.8300,1.0475,78.0000,0.0000,⚪中性,50.0000,50.0000,50.0000,0,0,0
2006-02-09,1654.0800,13.1200,1.0364,78.0000,0.0000,⚪中性,50.0000,50.0000,50.0000,0,0,0
2006-02-10,1663.7500,12.8700,1.0417,78.0000,0.0000,⚪中性,50.0000,50.0000,50.0000,0,0,0
2006-02-13,1645.8300,13.3500,1.0297,78.0000,0.0000,⚪中性,50.0000,50.0000,50.0000,0,0,0
2006-02-14,1661.9500,12.2500,1.0390,78.0000,0.0000,⚪中性,50.0000,50.0000,50.0000,0,0,0
2006-02-15,1673.1500,12.3100,1.0452,78.0000,0.0000,⚪中性,50.0000,50.0000,50.0000,0,0,0
2006-02-16,1688.6100,11.4800,1.0540,88.0000,0.0000,⚪中性,50.0000,50.0000,50.0000,0,0,0
2006-02-17,1675.2100,12.0100,1.0449,78.0000,0.0000,⚪中性,50.0000,50.0000,50.0000,0,0,0
2006-02-21,1655.6800,12.4100,1.0321,78.0000,0.0000,⚪中性,50.0000,50.0000,50.0000,0,0,0
2006-02-22,1677.5200,11.8800,1.0450,88.0000,0.0000,⚪中性,50.0000,50.0000,50.0000,0,0,0
2006-02-23,1672.2900,11.8700,1.0410,88.0000,0.0000,⚪中性,50.0000,50.0000,50.0000,0,0,0
2006-02-24,1676.5000,11.4600,1.0429,88.0000,0.0000,⚪中性,50.0000,50.0000,50.0000,0,0,0
2006-02-27,1695.6600,11.5900,1.0541,88.0000,0.0000,⚪中性,50.0000,50.0000,50.0000,0,0,0
2006-02-28,1670.5700,12.3400,1.0378,78.0000,0.0000,⚪中性,50.0000,50.0000,50.0000,0,0,0
2006-03-01,1694.5800,11.5400,1.0520,88.0000,0.0000,⚪中性,50.0000,50.0000,50.0000,0,0,0
2006-03-02,1693.7800,11.7200,1.0508,88.0000,0.0000,⚪中性,50.0000,50.0000,50.0000,0,0,0
2006-03-03,1684.3200,11.9600,1.0443,88.0000,0.0000,⚪中性,50.0000,50.0000,50.0000,0,0,0
2006-03-06,1669.9400,12.7400,1.0348,78.0000,0.0000,⚪中性,50.0000,50.0000,50.0000,0,0,0
2006-03-07,1661.0200,12.6600,1.0289,78.0000,0.0000,⚪中性,50.0000,50.0000,50.0000,0,0,0
2006-03-08,1661.8600,12.3200,1.0290,78.0000,0.0000,⚪中性,50.0000,50.0000,50.0000,0,0,0
2006-03-09,1645.0900,12.6800,1.0182,78.0000,0.0000,⚪中性,50.0000,50.0000,50.0000,0,0,0
2006-03-10,1648.2300,11.8500,1.0198,88.0000,0.0000,⚪中性,50.0000,50.0000,50.0000,0,0,0
2006-03-13,1653.7900,11.3700,1.0229,88.0000,0.0000,⚪中性,50.0000,50.0000,50.0000,0,0,0
2006-03-14,1681.1500,10.7400,1.0394,88.0000,0.0000,⚪中性,50.0000,50.0000,50.0000,0,0,0
2006-03-15,1694.4600,11.3500,1.0472,88.0000,0.0000,⚪中性,50.0000,50.0000,50.0000,0,0,0
2006-03-16,1679.0500,11.9800,1.0372,88.0000,0.0000,⚪中性,50.0000,50.0000,50.0000,0,0,0
2006-03-17,1685.6600,12.1200,1.0409,78.0000,0.0000,⚪中性,50.0000,50.0000,50.0000,0,0,0
2006-03-20,1688.9800,11.7900,1.0425,88.0000,0.0000,⚪中性,50.0000,50.0000,50.0000,0,0,0
2006-03-21,1672.4700,11.6200,1.0319,88.0000,0.0000,⚪中性,50.0000,50.0000,50.0000,0,0,0
2006-03-22,1676.3200,11.2100,1.0339,88.0000,0.0000,⚪中性,50.0000,50.0000,50.0000,0,0,0
2006-03-23,1670.7300,11.1700,1.0300,88.0000,0.0000,⚪中性,50.0000,50.0000,50.0000,0,0,0
2006-03-24,1679.8100,11.1900,1.0351,88.0000,0.0000,⚪中性,50.0000,50.0000,50.0000,0,0,0
2006-03-27,1680.6300,11.4600,1.0352,88.0000,0.0000,⚪中性,50.0000,50.0000,50.0000,0,0,0
2006-03-28,1673.0300,11.5800,1.0300,88.0000,0.0000,⚪中性,50.0000,50.0000,50.0000,0,0,0
2006-03-29,1703.8400,10.9500,1.0484,88.0000,0.0000,⚪中性,50.0000,50.0000,50.0000,0,0,0
2006-03-30,1708.6800,11.5700,1.0508,88.0000,0.0000,⚪中性,50.0000,50.0000,50.0000,0,0,0
2006-03-31,1703.6600,11.3900,1.0472,88.0000,0.0000,⚪中性,50.0000,50.0000,50.0000,0,0,0
2006-04-03,1706.7700,11.5700,1.0485,88.0000,0.0000,⚪中性,50.0000,50.0000,50.0000,0,0,0
2006-04-04,1716.5500,11.1400,1.0539,88.0000,0.0000,⚪中性,50.0000,50.0000,50.0000,0,0,0
2006-04-05,1732.7400,11.1300,1.0633,88.0000,0.0000,⚪中性,50.0000,50.0000,50.0000,0,0,0
2006-04-06,1739.2000,11.4500,1.0666,88.0000,0.0000,⚪中性,50.0000,50.0000,50.0000,0,0,0
2006-04-07,1723.0300,12.2600,1.0560,78.0000,0.0000,⚪中性,50.0000,50.0000,50.0000,0,0,0
2006-04-10,1718.8600,12.1900,1.0528,78.0000,0.0000,⚪中性,50.0000,50.0000,50.0000,0,0,0
2006-04-11,1704.4000,13.0000,1.0433,78.0000,0.0000,⚪中性,50.0000,50.0000,50.0000,0,0,0
2006-04-12,1704.7500,12.7600,1.0428,78.0000,0.0000,⚪中性,50.0000,50.0000,50.0000,0,0,0
2006-04-13,1712.0700,12.3800,1.0467,78.0000,0.0000,⚪中性,50.0000,50.0000,50.0000,0,0,0
2006-04-17,1694.3200,12.5800,1.0352,78.0000,0.0000,⚪中性,50.0000,50.0000,50.0000,0,0,0
2006-04-18,1726.6400,11.4000,1.0542,88.0000,0.0000,⚪中性,50.0000,50.0000,50.0000,0,0,0
2006-04-19,1734.0400,11.3200,1.0579,88.0000,0.0000,⚪中性,50.0000,50.0000,50.0000,0,0,0
2006-04-20,1728.9000,11.6400,1.0541,88.0000,0.0000,⚪中性,50.0000,50.0000,50.0000,0,0,0
2006-04-21,1709.0200,11.5900,1.0413,88.0000,0.0000,⚪中性,50.0000,50.0000,50.0000,0,0,0
2006-04-24,1706.4400,11.7500,1.0391,88.0000,0.0000,⚪中性,50.0000,50.0000,50.0000,0,0,0
2006-04-25,1701.4700,11.7500,1.0355,88.0000,0.0000,⚪中性,50.0000,50.0000,50.0000,0,0,0
2006-04-26,1702.2000,11.7600,1.0355,88.0000,0.0000,⚪中性,50.0000,50.0000,50.0000,0,0,0
2006-04-27,1717.1400,11.8400,1.0441,88.0000,0.0000,⚪中性,50.0000,50.0000,50.0000,0,0,0
2006-04-28,1700.7100,11.5900,1.0336,88.0000,0.0000,⚪中性,50.0000,50.0000,50.0000,0,0,0
2006-05-01,1686.6100,12.5400,1.0247,78.0000,0.0000,⚪中性,50.0000,50.0000,50.0000,0,0,0
2006-05-02,1689.9300,11.9900,1.0264,88.0000,0.0000,⚪中性,50.0000,50.0000,50.0000,0,0,0
2006-05-03,1686.3000,11.9900,1.0238,88.0000,0.0000,⚪中性,50.0000,50.0000,50.0000,0,0,0
2006-05-04,1701.0300,11.8600,1.0324,88.0000,0.0000,⚪中性,50.0000,50.0000,50.0000,0,0,0
2006-05-05,1713.8400,11.6200,1.0398,88.0000,0.0000,⚪中性,50.0000,50.0000,50.0000,0,0,0
2006-05-08,1715.2300,12.0000,1.0403,88.0000,0.0000,⚪中性,50.0000,50.0000,50.0000,0,0,0
2006-05-09,1711.1700,11.9900,1.0375,88.0000,0.0000,⚪中性,50.0000,50.0000,50.0000,0,0,0
2006-05-10,1694.8200,11.7800,1.0273,88.0000,0.0000,⚪中性,50.0000,50.0000,50.0000,0,0,0
2006-05-11,1657.4800,12.4900,1.0045,78.0000,0.0000,⚪中性,50.0000,50.0000,50.0000,0,0,0
2006-05-12,1635.8100,14.1900,0.9913,70.0000,0.0000,⚪中性,50.0000,50.0000,50.0000,0,0,0
2006-05-15,1634.7800,13.5700,0.9906,78.0000,0.0000,⚪中性,50.0000,50.0000,50.0000,0,0,0
2006-05-16,1623.6900,13.3500,0.9838,78.0000,0.0000,⚪中性,50.0000,50.0000,50.0000,0,0,0
2006-05-17,1598.9100,16.2600,0.9688,62.0000,0.0000,⚪中性,50.0000,50.0000,50.0000,0,0,0
2006-05-18,1587.1100,16.9900,0.9618,62.0000,0.0000,⚪中性,50.0000,50.0000,50.0000,0,0,0
2006-05-19,1600.8600,17.1800,0.9702,62.0000,0.0000,⚪中性,50.0000,50.0000,50.0000,0,0,0
2006-05-22,1584.5700,17.7200,0.9604,62.0000,0.0000,⚪中性,50.0000,50.0000,50.0000,0,0,0
2006-05-23,1569.0100,18.2600,0.9511,55.0000,0.0000,⚪中性,50.0000,50.0000,50.0000,0,0,0
2006-05-24,1580.1800,17.3600,0.9579,62.0000,0.0000,⚪中性,50.0000,50.0000,50.0000,0,0,0
2006-05-25,1599.6800,15.5000,0.9697,70.0000,0.0000,⚪中性,50.0000,50.0000,50.0000,0,0,0
2006-05-26,1606.3700,14.2600,0.9737,70.0000,0.0000,⚪中性,50.0000,50.0000,50.0000,0,0,0
2006-05-30,1571.2900,18.6600,0.9525,55.0000,0.0000,⚪中性,50.0000,50.0000,50.0000,0,0,0
2006-05-31,1579.5800,16.4400,0.9576,62.0000,0.0000,⚪中性,50.0000,50.0000,50.0000,0,0,0
2006-06-01,1616.5700,14.5200,0.9799,70.0000,0.0000,⚪中性,50.0000,50.0000,50.0000,0,0,0
2006-06-02,1612.9000,14.3200,0.9776,70.0000,0.0000,⚪中性,50.0000,50.0000,50.0000,0,0,0
2006-06-05,1577.5000,16.6500,0.9562,62.0000,0.0000,⚪中性,50.0000,50.0000,50.0000,0,0,0
2006-06-06,1575.3900,17.3400,0.9549,62.0000,0.0000,⚪中性,50.0000,50.0000,50.0000,0,0,0
2006-06-07,1565.2200,17.8000,0.9487,62.0000,0.0000,⚪中性,50.0000,50.0000,50.0000,0,0,0
2006-06-08,1561.5500,18.3500,0.9466,55.0000,0.0000,⚪中性,50.0000,50.0000,50.0000,0,0,0
2006-06-09,1550.9700,18.1200,0.9402,55.0000,0.0000,⚪中性,50.0000,50.0000,50.0000,0,0,0
2006-06-12,1520.3100,20.9600,0.9217,48.0000,0.0000,⚪中性,50.0000,50.0000,50.0000,0,0,0
2006-06-13,1516.8500,23.8100,0.9198,42.0000,0.0000,⚪中性,50.0000,50.0000,50.0000,0,0,0
2006-06-14,1530.2600,21.4600,0.9280,48.0000,0.0000,⚪中性,50.0000,50.0000,50.0000,0,0,0
2006-06-15,1573.0800,15.9000,0.9539,70.0000,0.0000,⚪中性,50.0000,50.0000,50.0000,0,0,0
2006-06-16,1562.8400,17.2500,0.9477,62.0000,0.0000,⚪中性,50.0000,50.0000,50.0000,0,0,0
2006-06-19,1548.9400,17.8300,0.9394,62.0000,0.0000,⚪中性,50.0000,50.0000,50.0000,0,0,0
2006-06-20,1548.3200,16.6900,0.9391,62.0000,0.0000,⚪中性,50.0000,50.0000,50.0000,0,0,0
2006-06-21,1573.5600,15.5200,0.9544,70.0000,0.0000,⚪中性,50.0000,50.0000,50.0000,0,0,0
2006-06-22,1554.4900,15.8800,0.9430,70.0000,0.0000,⚪中性,50.0000,50.0000,50.0000,0,0,0
2006-06-23,1551.0500,15.8900,0.9410,70.0000,0.0000,⚪中性,50.0000,50.0000,50.0000,0,0,0
2006-06-26,1556.1700,15.6200,0.9443,70.0000,0.0000,⚪中性,50.0000,50.0000,50.0000,0,0,0
2006-06-27,1527.0000,16.4000,0.9268,62.0000,0.0000,⚪中性,50.0000,50.0000,50.0000,0,0,0
2006-06-28,1538.2500,15.7900,0.9338,70.0000,0.0000,⚪中性,50.0000,50.0000,50.0000,0,0,0
2006-06-29,1585.5600,13.0300,0.9626,78.0000,0.0000,⚪中性,50.0000,50.0000,50.0000,0,0,0
2006-06-30,1575.2300,13.0800,0.9564,78.0000,0.0000,⚪中性,50.0000,50.0000,50.0000,0,0,0
2006-07-03,1586.2500,13.0500,0.9631,78.0000,0.0000,⚪中性,50.0000,50.0000,50.0000,0,0,0
2006-07-05,1553.9500,14.1500,0.9436,70.0000,0.0000,⚪中性,50.0000,50.0000,50.0000,0,0,0
2006-07-06,1551.5500,13.6500,0.9422,78.0000,0.0000,⚪中性,50.0000,50.0000,50.0000,0,0,0
2006-07-07,1533.7100,13.9700,0.9315,78.0000,0.0000,⚪中性,50.0000,50.0000,50.0000,0,0,0
2006-07-10,1520.9000,14.0200,0.9239,70.0000,0.0000,⚪中性,50.0000,50.0000,50.0000,0,0,0
2006-07-11,1533.0600,13.1400,0.9313,78.0000,0.0000,⚪中性,50.0000,50.0000,50.0000,0,0,0
2006-07-12,1501.4600,14.4900,0.9123,70.0000,0.0000,⚪中性,50.0000,50.0000,50.0000,0,0,0
2006-07-13,1478.1600,17.7900,0.8984,62.0000,0.0000,⚪中性,50.0000,50.0000,50.0000,0,0,0
2006-07-14,1462.1700,18.0500,0.8890,55.0000,0.0000,⚪中性,50.0000,50.0000,50.0000,0,0,0
2006-07-17,1468.5000,18.6400,0.8931,55.0000,0.0000,⚪中性,50.0000,50.0000,50.0000,0,0,0
2006-07-18,1472.3400,17.7400,0.8958,62.0000,0.0000,⚪中性,50.0000,50.0000,50.0000,0,0,0
2006-07-19,1490.6000,15.5500,0.9072,70.0000,0.0000,⚪中性,50.0000,50.0000,50.0000,0,0,0
2006-07-20,1466.8900,16.2100,0.8932,62.0000,0.0000,⚪中性,50.0000,50.0000,50.0000,0,0,0
2006-07-21,1451.8800,17.4000,0.8844,62.0000,0.0000,⚪中性,50.0000,50.0000,50.0000,0,0,0
2006-07-24,1482.3400,14.9800,0.9032,70.0000,0.0000,⚪中性,50.0000,50.0000,50.0000,0,0,0
2006-07-25,1489.5200,14.8500,0.9078,70.0000,0.0000,⚪中性,50.0000,50.0000,50.0000,0,0,0
2006-07-26,1487.8800,14.6200,0.9069,70.0000,0.0000,⚪中性,50.0000,50.0000,50.0000,0,0,0
2006-07-27,1478.5300,14.9400,0.9014,70.0000,0.0000,⚪中性,50.0000,50.0000,50.0000,0,0,0
2006-07-28,1510.3000,14.3300,0.9209,70.0000,0.0000,⚪中性,50.0000,50.0000,50.0000,0,0,0
2006-07-31,1509.4300,14.9500,0.9204,70.0000,0.0000,⚪中性,50.0000,50.0000,50.0000,0,0,0
2006-08-01,1484.9400,15.0500,0.9056,70.0000,0.0000,⚪中性,50.0000,50.0000,50.0000,0,0,0
2006-08-02,1500.4800,14.3400,0.9152,70.0000,0.0000,⚪中性,50.0000,50.0000,50.0000,0,0,0
2006-08-03,1510.6000,14.4600,0.9215,70.0000,0.0000,⚪中性,50.0000,50.0000,50.0000,0,0,0
2006-08-04,1503.8400,14.3400,0.9174,70.0000,0.0000,⚪中性,50.0000,50.0000,50.0000,0,0,0
2006-08-07,1494.1300,15.2300,0.9117,70.0000,0.0000,⚪中性,50.0000,50.0000,50.0000,0,0,0
2006-08-08,1484.8000,15.2300,0.9062,70.0000,0.0000,⚪中性,50.0000,50.0000,50.0000,0,0,0
2006-08-09,1485.6400,15.2000,0.9070,70.0000,0.0000,⚪中性,50.0000,50.0000,50.0000,0,0,0
2006-08-10,1496.2800,14.4600,0.9137,70.0000,0.0000,⚪中性,50.0000,50.0000,50.0000,0,0,0
2006-08-11,1486.7400,14.3000,0.9082,70.0000,0.0000,⚪中性,50.0000,50.0000,50.0000,0,0,0
2006-08-14,1494.3300,14.2600,0.9130,70.0000,0.0000,⚪中性,50.0000,50.0000,50.0000,0,0,0
2006-08-15,1534.4300,13.4200,0.9376,78.0000,0.0000,⚪中性,50.0000,50.0000,50.0000,0,0,0
2006-08-16,1570.0600,12.4100,0.9593,78.0000,0.0000,⚪中性,50.0000,50.0000,50.0000,0,0,0
2006-08-17,1573.5900,12.2400,0.9615,78.0000,0.0000,⚪中性,50.0000,50.0000,50.0000,0,0,0
2006-08-18,1576.4600,11.6400,0.9632,88.0000,0.0000,⚪中性,50.0000,50.0000,50.0000,0,0,0
2006-08-21,1561.1200,12.2200,0.9539,78.0000,0.0000,⚪中性,50.0000,50.0000,50.0000,0,0,0
2006-08-22,1563.4300,12.1900,0.9555,78.0000,0.0000,⚪中性,50.0000,50.0000,50.0000,0,0,0
2006-08-23,1550.4100,12.4000,0.9478,78.0000,0.0000,⚪中性,50.0000,50.0000,50.0000,0,0,0
2006-08-24,1555.1900,12.4000,0.9509,78.0000,0.0000,⚪中性,50.0000,50.0000,50.0000,0,0,0
2006-08-25,1557.7000,12.3100,0.9527,78.0000,0.0000,⚪中性,50.0000,50.0000,50.0000,0,0,0
2006-08-28,1570.2900,12.1800,0.9605,78.0000,0.0000,⚪中性,50.0000,50.0000,50.0000,0,0,0
2006-08-29,1573.6500,12.2800,0.9628,78.0000,0.0000,⚪中性,50.0000,50.0000,50.0000,0,0,0
2006-08-30,1581.9500,12.2200,0.9681,78.0000,0.0000,⚪中性,50.0000,50.0000,50.0000,0,0,0
2006-08-31,1579.7300,12.3100,0.9670,78.0000,0.0000,⚪中性,50.0000,50.0000,50.0000,0,0,0
2006-09-01,1589.4700,11.9600,0.9731,88.0000,0.0000,⚪中性,50.0000,50.0000,50.0000,0,0,0
2006-09-05,1603.6900,12.6300,0.9819,78.0000,0.0000,⚪中性,50.0000,50.0000,50.0000,0,0,0
2006-09-06,1572.2000,13.7400,0.9630,78.0000,0.0000,⚪中性,50.0000,50.0000,50.0000,0,0,0
2006-09-07,1564.8400,13.8800,0.9588,78.0000,0.0000,⚪中性,50.0000,50.0000,50.0000,0,0,0
2006-09-08,1574.7100,13.1600,0.9652,78.0000,0.0000,⚪中性,50.0000,50.0000,50.0000,0,0,0
2006-09-11,1583.7800,12.9900,0.9711,78.0000,0.0000,⚪中性,50.0000,50.0000,50.0000,0,0,0
2006-09-12,1615.7500,11.9200,0.9909,88.0000,0.0000,⚪中性,50.0000,50.0000,50.0000,0,0,0
2006-09-13,1623.9900,11.1800,0.9962,88.0000,0.0000,⚪中性,50.0000,50.0000,50.0000,0,0,0
2006-09-14,1625.9800,11.5500,0.9976,88.0000,0.0000,⚪中性,50.0000,50.0000,50.0000,0,0,0
2006-09-15,1632.4400,11.7600,1.0017,88.0000,0.0000,⚪中性,50.0000,50.0000,50.0000,0,0,0
2006-09-18,1632.1700,11.7800,1.0017,88.0000,0.0000,⚪中性,50.0000,50.0000,50.0000,0,0,0
2006-09-19,1621.0700,11.9800,0.9951,88.0000,0.0000,⚪中性,50.0000,50.0000,50.0000,0,0,0
2006-09-20,1645.3500,11.3900,1.0102,88.0000,0.0000,⚪中性,50.0000,50.0000,50.0000,0,0,0
2006-09-21,1634.8700,12.2500,1.0040,78.0000,0.0000,⚪中性,50.0000,50.0000,50.0000,0,0,0
2006-09-22,1622.3700,12.5900,0.9965,78.0000,0.0000,⚪中性,50.0000,50.0000,50.0000,0,0,0
2006-09-25,1650.3700,12.1200,1.0139,78.0000,0.0000,⚪中性,50.0000,50.0000,50.0000,0,0,0
2006-09-26,1659.2000,11.5300,1.0194,88.0000,0.0000,⚪中性,50.0000,50.0000,50.0000,0,0,0
2006-09-27,1655.6700,11.5800,1.0173,88.0000,0.0000,⚪中性,50.0000,50.0000,50.0000,0,0,0
2006-09-28,1661.5900,11.7200,1.0211,88.0000,0.0000,⚪中性,50.0000,50.0000,50.0000,0,0,0
2006-09-29,1654.1300,11.9800,1.0166,88.0000,0.0000,⚪中性,50.0000,50.0000,50.0000,0,0,0
2006-10-02,1632.8100,12.5700,1.0038,78.0000,0.0000,⚪中性,50.0000,50.0000,50.0000,0,0,0
2006-10-03,1640.2900,12.2400,1.0085,78.0000,0.0000,⚪中性,50.0000,50.0000,50.0000,0,0,0
2006-10-04,1681.1400,11.8600,1.0337,88.0000,0.0000,⚪中性,50.0000,50.0000,50.0000,0,0,0
2006-10-05,1689.4300,11.9800,1.0387,88.0000,0.0000,⚪中性,50.0000,50.0000,50.0000,0,0,0
2006-10-06,1684.8800,11.5600,1.0358,88.0000,0.0000,⚪中性,50.0000,50.0000,50.0000,0,0,0
2006-10-09,1691.0800,11.6800,1.0396,88.0000,0.0000,⚪中性,50.0000,50.0000,50.0000,0,0,0
2006-10-10,1693.2900,11.5200,1.0409,88.0000,0.0000,⚪中性,50.0000,50.0000,50.0000,0,0,0
2006-10-11,1691.2800,11.6200,1.0396,88.0000,0.0000,⚪中性,50.0000,50.0000,50.0000,0,0,0
2006-10-12,1718.5400,11.0900,1.0562,88.0000,0.0000,⚪中性,50.0000,50.0000,50.0000,0,0,0
2006-10-13,1727.2100,10.7500,1.0614,88.0000,0.0000,⚪中性,50.0000,50.0000,50.0000,0,0,0
2006-10-16,1727.6100,11.0900,1.0614,88.0000,0.0000,⚪中性,50.0000,50.0000,50.0000,0,0,0
2006-10-17,1709.6100,11.7300,1.0501,88.0000,0.0000,⚪中性,50.0000,50.0000,50.0000,0,0,0
2006-10-18,1700.7500,11.3400,1.0446,88.0000,0.0000,⚪中性,50.0000,50.0000,50.0000,0,0,0
2006-10-19,1706.3700,10.9000,1.0480,88.0000,0.0000,⚪中性,50.0000,50.0000,50.0000,0,0,0
2006-10-20,1709.5800,10.6300,1.0500,88.0000,0.0000,⚪中性,50.0000,50.0000,50.0000,0,0,0
2006-10-23,1725.9300,11.0800,1.0601,88.0000,0.0000,⚪中性,50.0000,50.0000,50.0000,0,0,0
2006-10-24,1713.8800,10.7800,1.0527,88.0000,0.0000,⚪中性,50.0000,50.0000,50.0000,0,0,0
2006-10-25,1726.7600,10.6600,1.0607,88.0000,0.0000,⚪中性,50.0000,50.0000,50.0000,0,0,0
2006-10-26,1744.0700,10.5600,1.0714,88.0000,0.0000,⚪中性,50.0000,50.0000,50.0000,0,0,0
2006-10-27,1717.6100,10.8000,1.0552,88.0000,0.0000,⚪中性,50.0000,50.0000,50.0000,0,0,0
2006-10-30,1727.8000,11.2000,1.0616,88.0000,0.0000,⚪中性,50.0000,50.0000,50.0000,0,0,0
2006-10-31,1732.5400,11.1000,1.0645,88.0000,0.0000,⚪中性,50.0000,50.0000,50.0000,0,0,0
2006-11-01,1707.6500,11.5100,1.0492,88.0000,0.0000,⚪中性,50.0000,50.0000,50.0000,0,0,0
2006-11-02,1710.1700,11.4200,1.0508,88.0000,0.0000,⚪中性,50.0000,50.0000,50.0000,0,0,0
2006-11-03,1703.9800,11.1600,1.0469,88.0000,0.0000,⚪中性,50.0000,50.0000,50.0000,0,0,0
2006-11-06,1732.2600,11.1600,1.0641,88.0000,0.0000,⚪中性,50.0000,50.0000,50.0000,0,0,0
2006-11-07,1741.5300,11.0900,1.0696,88.0000,0.0000,⚪中性,50.0000,50.0000,50.0000,0,0,0
2006-11-08,1749.7500,10.7500,1.0745,88.0000,0.0000,⚪中性,50.0000,50.0000,50.0000,0,0,0
2006-11-09,1740.1400,11.0100,1.0684,88.0000,0.0000,⚪中性,50.0000,50.0000,50.0000,0,0,0
2006-11-10,1751.1100,10.7900,1.0750,88.0000,0.0000,⚪中性,50.0000,50.0000,50.0000,0,0,0
2006-11-13,1768.0000,10.8600,1.0852,88.0000,0.0000,⚪中性,50.0000,50.0000,50.0000,0,0,0
2006-11-14,1787.2300,10.5000,1.0967,88.0000,0.0000,⚪中性,50.0000,50.0000,50.0000,0,0,0
2006-11-15,1793.8200,10.3100,1.1005,88.0000,0.0000,⚪中性,50.0000,50.0000,50.0000,0,0,0
2006-11-16,1801.9700,10.1600,1.1051,88.0000,0.0000,⚪中性,50.0000,50.0000,50.0000,0,0,0
2006-11-17,1800.6700,10.0500,1.1038,88.0000,0.0000,⚪中性,50.0000,50.0000,50.0000,0,0,0
2006-11-20,1803.8100,9.9700,1.1053,88.0000,0.0000,⚪中性,50.0000,50.0000,50.0000,0,0,0
2006-11-21,1808.8800,9.9000,1.1078,88.0000,0.0000,⚪中性,50.0000,50.0000,50.0000,0,0,0
2006-11-22,1819.7600,10.1400,1.1140,88.0000,0.0000,⚪中性,50.0000,50.0000,50.0000,0,0,0
2006-11-24,1815.5300,10.7300,1.1109,88.0000,0.0000,⚪中性,50.0000,50.0000,50.0000,0,0,0
2006-11-27,1775.1700,12.3000,1.0858,78.0000,0.0000,⚪中性,50.0000,50.0000,50.0000,0,0,0
2006-11-28,1780.3400,11.6200,1.0885,88.0000,0.0000,⚪中性,50.0000,50.0000,50.0000,0,0,0
2006-11-29,1792.7700,10.8300,1.0957,88.0000,0.0000,⚪中性,50.0000,50.0000,50.0000,0,0,0
2006-11-30,1791.2500,10.9100,1.0943,88.0000,0.0000,⚪中性,50.0000,50.0000,50.0000,0,0,0
2006-12-01,1775.1200,11.6600,1.0842,88.0000,0.0000,⚪中性,50.0000,50.0000,50.0000,0,0,0
2006-12-04,1799.9300,11.2300,1.0989,88.0000,0.0000,⚪中性,50.0000,50.0000,50.0000,0,0,0
2006-12-05,1804.8500,11.2700,1.1014,88.0000,0.0000,⚪中性,50.0000,50.0000,50.0000,0,0,0
2006-12-06,1799.1300,11.3300,1.0975,88.0000,0.0000,⚪中性,50.0000,50.0000,50.0000,0,0,0
2006-12-07,1777.4600,12.6700,1.0840,78.0000,0.0000,⚪中性,50.0000,50.0000,50.0000,0,0,0
2006-12-08,1786.2100,12.0700,1.0890,78.0000,0.0000,⚪中性,50.0000,50.0000,50.0000,0,0,0
2006-12-11,1791.7400,10.7100,1.0920,88.0000,0.0000,⚪中性,50.0000,50.0000,50.0000,0,0,0
2006-12-12,1781.9700,10.6500,1.0857,88.0000,0.0000,⚪中性,50.0000,50.0000,50.0000,0,0,0
2006-12-13,1783.4400,10.1800,1.0863,88.0000,0.0000,⚪中性,50.0000,50.0000,50.0000,0,0,0
2006-12-14,1803.4100,9.9700,1.0981,88.0000,0.0000,⚪中性,50.0000,50.0000,50.0000,0,0,0
2006-12-15,1808.5600,10.0500,1.1008,88.0000,0.0000,⚪中性,50.0000,50.0000,50.0000,0,0,0
2006-12-18,1790.9900,10.6000,1.0897,88.0000,0.0000,⚪中性,50.0000,50.0000,50.0000,0,0,0
2006-12-19,1785.1200,10.3000,1.0857,88.0000,0.0000,⚪中性,50.0000,50.0000,50.0000,0,0,0
2006-12-20,1777.9200,10.2600,1.0810,88.0000,0.0000,⚪中性,50.0000,50.0000,50.0000,0,0,0
2006-12-21,1766.2800,10.5300,1.0735,88.0000,0.0000,⚪中性,50.0000,50.0000,50.0000,0,0,0
2006-12-22,1748.6100,11.3600,1.0624,88.0000,0.0000,⚪中性,50.0000,50.0000,50.0000,0,0,0
2006-12-26,1753.5500,11.2600,1.0651,88.0000,0.0000,⚪中性,50.0000,50.0000,50.0000,0,0,0
2006-12-27,1763.4100,10.6400,1.0708,88.0000,0.0000,⚪中性,50.0000,50.0000,50.0000,0,0,0
2006-12-28,1758.9400,10.9900,1.0679,88.0000,0.0000,⚪中性,50.0000,50.0000,50.0000,0,0,0
2006-12-29,1756.9000,11.5600,1.0664,88.0000,0.0000,⚪中性,50.0000,50.0000,50.0000,0,0,0
2007-01-03,1759.3700,12.0400,1.0677,78.0000,0.3333,🟠轻度高估,50.7937,79.3651,50.0000,0,1,0
2007-01-04,1792.9100,11.5100,1.0877,88.0000,1.6667,🔴中度高估,30.0395,88.5375,100.0000,0,2,3
2007-01-05,1785.3000,12.1400,1.0827,78.0000,0.6667,🟠轻度高估,52.3622,85.0394,50.0000,0,2,0
2007-01-08,1787.1400,12.0000,1.0834,88.0000,1.6667,🔴中度高估,50.1961,85.0980,100.0000,0,2,3
2007-01-09,1795.6300,11.9100,1.0882,88.0000,1.6667,🔴中度高估,44.9219,88.6719,100.0000,0,2,3
2007-01-10,1816.1500,11.4700,1.1002,88.0000,2.0000,🔴中度高估,28.7938,93.7743,100.0000,1,2,3
2007-01-11,1834.8600,10.8700,1.1110,88.0000,2.6667,💀严重高估,12.0155,99.2248,100.0000,2,3,3
2007-01-12,1844.8100,10.1500,1.1164,88.0000,3.0000,💀严重高估,2.7027,99.6139,100.0000,3,3,3
2007-01-16,1842.4400,10.7400,1.1145,88.0000,2.6667,💀严重高估,9.2308,99.2308,100.0000,2,3,3
2007-01-17,1827.6800,10.5900,1.1052,88.0000,2.6667,💀严重高估,6.1303,95.0192,100.0000,2,3,3
2007-01-18,1793.6800,10.8500,1.0843,88.0000,2.0000,🔴中度高估,12.2137,84.3511,100.0000,2,1,3
2007-01-19,1796.8100,10.4000,1.0859,88.0000,2.6667,💀严重高估,4.9430,85.9316,100.0000,3,2,3
2007-01-22,1779.0200,10.7700,1.0750,88.0000,2.0000,🔴中度高估,10.9848,79.5455,100.0000,2,1,3
2007-01-23,1773.4000,10.3400,1.0715,88.0000,2.3333,💀严重高估,4.9057,78.1132,100.0000,3,1,3
2007-01-24,1802.6300,9.8900,1.0889,88.0000,2.6667,💀严重高估,0.3759,88.3459,100.0000,3,2,3
2007-01-25,1777.7500,11.2200,1.0737,88.0000,1.6667,🔴中度高估,23.9700,78.2772,100.0000,1,1,3
2007-01-26,1772.9700,11.1300,1.0706,88.0000,1.6667,🔴中度高估,20.1493,76.4925,100.0000,1,1,3
2007-01-29,1775.0800,11.4500,1.0717,88.0000,1.3333,🔴中度高估,30.8550,77.6952,100.0000,0,1,3
2007-01-30,1777.7600,10.9600,1.0731,88.0000,1.6667,🔴中度高估,16.2963,77.7778,100.0000,1,1,3
2007-01-31,1792.2800,10.4200,1.0816,88.0000,2.0000,🔴中度高估,5.9041,81.9188,100.0000,2,1,3
2007-02-01,1791.4500,10.3100,1.0807,88.0000,2.0000,🔴中度高估,5.1471,81.2500,100.0000,2,1,3
2007-02-02,1798.1300,10.0800,1.0845,88.0000,2.3333,💀严重高估,2.5641,84.2491,100.0000,3,1,3
2007-02-05,1795.3900,10.5500,1.0827,88.0000,2.0000,🔴中度高估,7.6642,81.7518,100.0000,2,1,3
2007-02-06,1793.0600,10.6500,1.0811,88.0000,2.0000,🔴中度高估,10.1818,81.0909,100.0000,2,1,3
2007-02-07,1810.9500,10.3200,1.0915,88.0000,2.3333,💀严重高估,5.7971,89.4928,100.0000,2,2,3
2007-02-08,1810.5400,10.4400,1.0909,88.0000,2.3333,💀严重高估,7.2202,89.1697,100.0000,2,2,3
2007-02-09,1785.5300,11.1000,1.0756,88.0000,1.6667,🔴中度高估,21.5827,78.0576,100.0000,1,1,3
2007-02-12,1778.4200,11.6100,1.0711,88.0000,1.3333,🔴中度高估,40.1434,74.1935,100.0000,0,1,3
2007-02-13,1783.8200,10.3400,1.0741,88.0000,2.0000,🔴中度高估,6.4286,76.7857,100.0000,2,1,3
2007-02-14,1814.9800,10.2300,1.0925,88.0000,2.6667,💀严重高估,4.2705,90.0356,100.0000,3,2,3
2007-02-15,1823.4100,10.2200,1.0971,88.0000,2.6667,💀严重高估,4.2553,91.4894,100.0000,3,2,3
2007-02-16,1821.4900,10.0200,1.0955,88.0000,2.6667,💀严重高估,1.7668,90.1060,100.0000,3,2,3
2007-02-20,1833.7100,10.2400,1.1024,88.0000,2.3333,💀严重高估,5.2817,94.3662,100.0000,2,2,3
2007-02-21,1839.1300,10.2000,1.1052,88.0000,3.0000,💀严重高估,4.5614,95.0877,100.0000,3,3,3
2007-02-22,1846.3400,10.1800,1.1091,88.0000,3.0000,💀严重高估,4.5455,96.5035,100.0000,3,3,3
2007-02-23,1839.7700,10.5800,1.1047,88.0000,2.3333,💀严重高估,11.1498,94.0767,100.0000,2,2,3
2007-02-26,1830.5900,11.1500,1.0988,88.0000,2.0000,🔴中度高估,25.6944,90.9722,100.0000,1,2,3
2007-02-27,1756.2700,18.3100,1.0540,55.0000,-2.0000,🟢中度低估,97.9239,60.5536,3.4602,-3,0,-3
2007-02-28,1761.6000,15.4200,1.0569,70.0000,-1.0000,🟡轻度低估,87.9310,63.1034,20.6897,-2,0,-1
2007-03-01,1753.4500,15.8200,1.0516,70.0000,-1.0000,🟡轻度低估,89.6907,58.7629,20.9622,-2,0,-1
2007-03-02,1726.0300,18.6100,1.0349,55.0000,-2.0000,🟢中度低估,98.2877,41.4384,3.7671,-3,0,-3
2007-03-05,1712.9400,19.6300,1.0268,55.0000,-2.0000,🟢中度低估,98.9761,36.8601,4.0956,-3,0,-3
2007-03-06,1743.1000,15.9600,1.0444,70.0000,-1.0000,🟡轻度低估,90.1361,52.3810,21.7687,-2,0,-1
2007-03-07,1736.1000,15.2400,1.0397,70.0000,-1.0000,🟡轻度低估,86.4407,47.4576,22.0339,-2,0,-1
2007-03-08,1746.4300,14.2900,1.0455,70.0000,-0.6667,🟡轻度低估,79.7297,54.0541,22.2973,-1,0,-1
2007-03-09,1744.7400,14.0900,1.0439,70.0000,-0.6667,🟡轻度低估,78.1145,51.5152,22.5589,-1,0,-1
2007-03-12,1756.4200,13.9900,1.0503,78.0000,-0.3333,🟡轻度低估,77.5168,58.3893,45.9732,-1,0,0
2007-03-13,1722.4800,18.1300,1.0296,55.0000,-2.0000,🟢中度低估,96.6555,37.4582,4.3478,-3,0,-3
2007-03-14,1743.1500,17.2700,1.0415,62.0000,-1.3333,🟢中度低估,93.0000,49.6667,10.3333,-2,0,-2
2007-03-15,1744.8700,16.4300,1.0421,62.0000,-1.3333,🟢中度低估,90.6977,50.1661,10.6312,-2,0,-2
2007-03-16,1742.2300,16.7900,1.0400,62.0000,-1.3333,🟢中度低估,91.7219,47.3510,10.9272,-2,0,-2
2007-03-19,1758.2300,14.5900,1.0490,70.0000,-0.6667,🟡轻度低估,82.1782,57.7558,23.7624,-1,0,-1
2007-03-20,1767.2500,13.2700,1.0539,78.0000,-0.3333,🟡轻度低估,72.3684,61.5132,47.0395,-1,0,0
2007-03-21,1806.3500,12.1900,1.0766,78.0000,0.3333,🟠轻度高估,56.0656,77.3770,47.2131,0,1,0
2007-03-22,1799.7500,12.9300,1.0720,78.0000,0.3333,🟠轻度高估,68.3007,74.1830,47.3856,0,1,0
2007-03-23,1794.0400,12.9500,1.0679,78.0000,0.3333,🟠轻度高估,68.7296,71.0098,47.5570,0,1,0
2007-03-26,1802.9500,13.1600,1.0724,78.0000,0.0000,⚪中性,72.0779,74.3506,47.7273,-1,1,0
2007-03-27,1789.9300,13.4800,1.0639,78.0000,-0.3333,🟡轻度低估,74.1100,67.9612,47.8964,-1,0,0
2007-03-28,1770.5400,14.9800,1.0517,70.0000,-0.6667,🟡轻度低估,84.1935,59.3548,23.5484,-1,0,-1
2007-03-29,1771.7200,15.1400,1.0516,70.0000,-0.6667,🟡轻度低估,84.5659,59.1640,23.7942,-1,0,-1
2007-03-30,1772.3600,14.6400,1.0512,70.0000,-0.6667,🟡轻度低估,82.3718,58.6538,24.0385,-1,0,-1
2007-04-02,1773.3300,14.5300,1.0510,70.0000,-0.6667,🟡轻度低估,81.1502,58.4665,24.2812,-1,0,-1
2007-04-03,1796.3100,13.4600,1.0640,78.0000,-0.3333,🟡轻度低估,72.9299,68.4713,48.7261,-1,0,0
2007-04-04,1801.7400,13.2400,1.0664,78.0000,-0.3333,🟡轻度低估,71.1111,69.8413,48.8889,-1,0,0
2007-04-05,1812.9400,13.2300,1.0722,78.0000,0.0000,⚪中性,70.8861,74.6835,49.0506,-1,1,0
2007-04-09,1808.1900,13.1400,1.0686,78.0000,0.3333,🟠轻度高估,69.7161,71.9243,49.2114,0,1,0
2007-04-10,1816.9300,12.6800,1.0730,78.0000,0.3333,🟠轻度高估,64.1509,75.1572,49.3711,0,1,0
2007-04-11,1798.0900,13.4900,1.0611,78.0000,-0.3333,🟡轻度低估,73.6677,65.2038,49.5298,-1,0,0
2007-04-12,1813.4900,12.7100,1.0694,78.0000,0.3333,🟠轻度高估,64.0625,71.8750,49.6875,0,1,0
2007-04-13,1816.8500,12.2000,1.0705,78.0000,0.3333,🟠轻度高估,53.5826,72.2741,49.8442,0,1,0
2007-04-16,1833.9600,11.9800,1.0796,88.0000,1.3333,🔴中度高估,48.7578,79.1925,100.0000,0,1,3
2007-04-17,1834.9100,12.1400,1.0792,78.0000,0.3333,🟠轻度高估,52.3220,78.9474,49.8452,0,1,0
2007-04-18,1832.3900,12.4200,1.0770,78.0000,0.3333,🟠轻度高估,61.1111,78.0864,50.0000,0,1,0
2007-04-19,1832.4700,12.5400,1.0762,78.0000,0.3333,🟠轻度高估,61.8462,77.5385,50.1538,0,1,0
2007-04-20,1845.8900,12.0700,1.0833,78.0000,0.3333,🟠轻度高估,50.9202,81.9018,50.3067,0,1,0
2007-04-23,1850.1800,13.0400,1.0848,78.0000,0.3333,🟠轻度高估,68.8073,83.7920,50.4587,0,1,0
2007-04-24,1858.8700,13.1200,1.0889,78.0000,0.6667,🟠轻度高估,69.8171,87.5000,50.6098,0,2,0
2007-04-25,1881.3300,13.2100,1.1010,78.0000,0.3333,🟠轻度高估,71.1246,93.3131,50.7599,-1,2,0
2007-04-26,1889.5700,12.7900,1.1046,78.0000,0.6667,🟠轻度高估,64.8485,94.5455,50.9091,0,2,0
2007-04-27,1891.0600,12.4500,1.1043,78.0000,0.6667,🟠轻度高估,60.4230,94.2598,51.0574,0,2,0
2007-04-30,1867.7500,14.2200,1.0896,70.0000,0.0000,⚪中性,78.3133,87.0482,23.1928,-1,2,-1
2007-05-01,1873.4300,13.5100,1.0916,78.0000,0.3333,🟠轻度高估,74.4745,87.9880,51.3514,-1,2,0
2007-05-02,1889.7300,13.0800,1.0997,78.0000,0.6667,🟠轻度高估,68.8623,91.6168,51.4970,0,2,0
2007-05-03,1895.6400,13.0900,1.1018,78.0000,0.6667,🟠轻度高估,68.9552,93.1343,51.6418,0,2,0
2007-05-04,1895.7000,12.9100,1.1005,78.0000,0.6667,🟠轻度高估,65.1786,91.6667,51.7857,0,2,0
2007-05-07,1895.9600,13.1500,1.0993,78.0000,0.3333,🟠轻度高估,70.3264,90.8012,51.9288,-1,2,0
2007-05-08,1899.8300,13.2100,1.1002,78.0000,0.3333,🟠轻度高估,71.3018,91.4201,52.0710,-1,2,0
2007-05-09,1905.6500,12.8800,1.1021,78.0000,0.6667,🟠轻度高估,64.6018,93.5103,52.2124,0,2,0
2007-05-10,1875.2000,13.6000,1.0833,78.0000,0.0000,⚪中性,75.5882,78.8235,52.3529,-1,1,0
2007-05-11,1898.7900,12.9500,1.0956,78.0000,0.6667,🟠轻度高估,65.6891,87.6833,52.4927,0,2,0
2007-05-14,1888.0800,13.9600,1.0882,78.0000,0.0000,⚪中性,76.9006,83.0409,52.6316,-1,1,0
2007-05-15,1871.7900,14.0100,1.0776,70.0000,-0.3333,🟡轻度低估,77.5510,74.3440,22.7405,-1,1,-1
2007-05-16,1891.5700,13.5000,1.0878,78.0000,0.0000,⚪中性,74.1279,82.5581,52.9070,-1,1,0
2007-05-17,1884.6800,13.5100,1.0826,78.0000,0.0000,⚪中性,74.4928,77.1014,53.0435,-1,1,0
2007-05-18,1896.9300,12.7600,1.0884,78.0000,0.3333,🟠轻度高估,62.1387,83.2370,53.1792,0,1,0
2007-05-21,1911.1600,13.3000,1.0953,78.0000,0.3333,🟠轻度高估,71.7579,87.3199,53.3141,-1,2,0
2007-05-22,1916.4500,13.0600,1.0970,78.0000,0.6667,🟠轻度高估,66.9540,88.7931,53.4483,0,2,0
2007-05-23,1904.4100,13.2400,1.0889,78.0000,0.0000,⚪中性,71.3467,83.6676,53.5817,-1,1,0
2007-05-24,1874.6000,14.0800,1.0707,70.0000,-0.6667,🟡轻度低估,78.2857,66.8571,22.5714,-1,0,-1
2007-05-25,1889.2500,13.3400,1.0778,78.0000,0.0000,⚪中性,72.0798,73.2194,53.8462,-1,1,0
2007-05-29,1899.7900,13.5300,1.0825,78.0000,0.0000,⚪中性,74.7159,76.1364,53.9773,-1,1,0
2007-05-30,1918.0800,12.8300,1.0916,78.0000,0.6667,🟠轻度高估,61.7564,86.1190,54.1076,0,2,0
2007-05-31,1928.1900,13.0500,1.0960,78.0000,0.6667,🟠轻度高估,66.1017,88.1356,54.2373,0,2,0
2007-06-01,1928.2600,12.7800,1.0947,78.0000,0.6667,🟠轻度高估,60.8451,86.7606,54.3662,0,2,0
2007-06-04,1933.7300,13.2900,1.0966,78.0000,0.3333,🟠轻度高估,71.3483,88.4831,54.4944,-1,2,0
2007-06-05,1932.3500,13.6300,1.0947,78.0000,0.3333,🟠轻度高估,75.9104,86.2745,54.6218,-1,2,0
2007-06-06,1914.8500,14.8700,1.0837,70.0000,-0.3333,🟡轻度低估,84.9162,77.0950,22.3464,-1,1,-1
2007-06-07,1882.1700,17.0600,1.0643,62.0000,-1.3333,🟢中度低估,93.3148,60.7242,9.4708,-2,0,-2
2007-06-08,1906.2600,14.8400,1.0768,70.0000,-0.3333,🟡轻度低估,84.1667,71.1111,22.7778,-1,1,-1
2007-06-11,1901.9600,14.7100,1.0734,70.0000,-0.6667,🟡轻度低估,83.9335,68.1440,22.9917,-1,0,-1
2007-06-12,1890.6700,16.6700,1.0660,62.0000,-1.3333,🟢中度低估,92.2652,61.0497,9.6685,-2,0,-2
2007-06-13,1913.8700,14.7300,1.0780,70.0000,-0.3333,🟡轻度低估,83.7466,72.4518,23.4160,-1,1,-1
2007-06-14,1924.5400,13.6400,1.0829,78.0000,0.0000,⚪中性,74.7253,76.0989,55.4945,-1,1,0
2007-06-15,1942.4100,13.9400,1.0918,78.0000,0.3333,🟠轻度高估,75.8904,85.4795,55.6164,-1,2,0
2007-06-18,1944.3700,13.4200,1.0918,78.0000,0.3333,🟠轻度高估,71.3115,85.2459,55.7377,-1,2,0
2007-06-19,1941.7500,12.8500,1.0892,78.0000,0.3333,🟠轻度高估,59.9455,83.3787,55.8583,0,1,0
2007-06-20,1922.1200,14.6700,1.0771,70.0000,-0.3333,🟡轻度低估,83.4239,70.6522,23.3696,-1,1,-1
2007-06-21,1941.3200,14.2100,1.0868,70.0000,-0.3333,🟡轻度低估,78.3198,79.9458,23.5772,-1,1,-1
2007-06-22,1921.9400,15.7500,1.0750,70.0000,-1.0000,🟡轻度低估,88.9189,68.9189,23.7838,-2,0,-1
2007-06-25,1912.9000,16.6500,1.0689,62.0000,-1.3333,🟢中度低估,92.1833,62.5337,9.7035,-2,0,-2
2007-06-26,1908.6400,18.8900,1.0655,55.0000,-2.0000,🟢中度低估,98.9247,59.4086,3.7634,-3,0,-3
2007-06-27,1933.0600,15.5300,1.0781,70.0000,-0.6667,🟡轻度低估,87.6676,71.8499,24.3968,-2,1,-1
2007-06-28,1931.6700,15.5400,1.0763,70.0000,-1.0000,🟡轻度低估,87.7005,69.5187,24.5989,-2,0,-1
2007-06-29,1934.1000,16.2300,1.0767,62.0000,-1.3333,🟢中度低估,90.4000,69.8667,10.1333,-2,0,-2
2007-07-02,1954.1200,15.4000,1.0868,70.0000,-0.6667,🟡轻度低估,86.1702,80.0532,25.0000,-2,1,-1
2007-07-03,1965.2000,14.9200,1.0920,70.0000,0.0000,⚪中性,83.2891,85.9416,25.1989,-1,2,-1
2007-07-05,1981.0600,15.4800,1.0997,70.0000,-0.3333,🟡轻度低估,86.5079,91.2698,25.3968,-2,2,-1
2007-07-06,1988.3100,14.7200,1.1026,70.0000,0.0000,⚪中性,81.7942,94.4591,25.5937,-1,2,-1
2007-07-09,1989.2000,15.1600,1.1020,70.0000,0.0000,⚪中性,84.7368,93.6842,25.7895,-1,2,-1
2007-07-10,1971.8900,17.5700,1.0914,62.0000,-1.3333,🟢中度低估,95.0131,83.7270,10.2362,-3,1,-2
2007-07-11,1984.0800,16.6400,1.0971,62.0000,-0.6667,🟡轻度低估,91.3613,89.2670,10.4712,-2,2,-2
2007-07-12,2021.0300,15.5400,1.1163,70.0000,0.0000,⚪中性,87.2063,99.4778,26.3708,-2,3,-1
2007-07-13,2032.1600,15.1500,1.1213,70.0000,0.3333,🟠轻度高估,83.8542,100.0000,26.5625,-1,3,-1
2007-07-16,2028.0200,15.5900,1.1179,70.0000,0.0000,⚪中性,87.5325,99.4805,26.7532,-2,3,-1
2007-07-17,2041.7800,15.6300,1.1242,70.0000,0.0000,⚪中性,87.8238,100.0000,26.9430,-2,3,-1
2007-07-18,2037.9800,16.0000,1.1210,70.0000,0.0000,⚪中性,89.6641,99.4832,27.1318,-2,3,-1
2007-07-19,2052.9900,15.2300,1.1280,70.0000,0.3333,🟠轻度高估,84.2784,100.0000,27.3196,-1,3,-1
2007-07-20,2035.8800,16.9500,1.1174,62.0000,-0.3333,🟡轻度低估,92.8021,98.4576,10.5398,-2,3,-2
2007-07-23,2036.3300,16.8100,1.1164,62.0000,-0.3333,🟡轻度低估,92.5641,97.9487,10.7692,-2,3,-2
2007-07-24,2000.5500,18.5500,1.0958,55.0000,-1.3333,🟢中度低估,97.9540,85.6777,3.8363,-3,2,-3
2007-07-25,2011.1400,18.1000,1.1007,55.0000,-1.3333,🟢中度低估,96.4286,90.3061,4.0816,-3,2,-3
2007-07-26,1986.6000,20.7400,1.0863,48.0000,-1.6667,🟢中度低估,99.2366,76.5903,1.0178,-3,1,-3
2007-07-27,1956.1900,24.1700,1.0689,42.0000,-2.0000,🟢中度低估,100.0000,59.1371,0.5076,-3,0,-3
2007-07-30,1973.9300,20.8700,1.0778,48.0000,-2.0000,🟢中度低估,98.9873,68.1013,1.5190,-3,0,-3
2007-07-31,1932.0600,23.5200,1.0542,42.0000,-2.0000,🟢中度低估,99.4949,50.0000,0.7576,-3,0,-3
2007-08-01,1945.0800,23.6700,1.0607,42.0000,-2.0000,🟢中度低估,99.4962,52.1411,1.0076,-3,0,-3
2007-08-02,1966.6000,21.2200,1.0717,48.0000,-2.0000,🟢中度低估,98.7437,62.0603,2.2613,-3,0,-3
2007-08-03,1918.5600,25.1600,1.0450,35.0000,-2.0000,🟢中度低估,100.0000,41.1028,0.2506,-3,0,-3
2007-08-06,1954.3700,22.9400,1.0638,42.0000,-2.0000,🟢中度低估,98.7500,54.5000,1.5000,-3,0,-3
2007-08-07,1961.6400,21.5600,1.0670,48.0000,-2.0000,🟢中度低估,98.5037,57.6060,2.9925,-3,0,-3
2007-08-08,1987.3400,21.4500,1.0802,48.0000,-1.6667,🟢中度低估,98.0100,70.3980,3.2338,-3,1,-3
2007-08-09,1936.7600,26.4800,1.0520,35.0000,-2.0000,🟢中度低估,100.0000,47.1464,0.4963,-3,0,-3
2007-08-10,1925.1400,28.3000,1.0451,28.0000,-2.0000,🟢中度低估,100.0000,40.8416,0.2475,-3,0,-3
2007-08-13,1934.4100,26.5700,1.0495,35.0000,-2.0000,🟢中度低估,99.7531,44.1975,0.9877,-3,0,-3
2007-08-14,1901.3200,27.6800,1.0311,35.0000,-2.3333,🔥极度低估,99.7537,28.5714,1.2315,-3,-1,-3
2007-08-15,1864.9200,30.6700,1.0110,22.0000,-2.3333,🔥极度低估,100.0000,23.8329,0.2457,-3,-1,-3
2007-08-16,1846.0900,30.8300,1.0005,22.0000,-2.3333,🔥极度低估,100.0000,22.0588,0.4902,-3,-1,-3
2007-08-17,1888.7800,29.9900,1.0232,28.0000,-2.3333,🔥极度低估,99.5110,26.1614,0.9780,-3,-1,-3
2007-08-20,1893.0500,26.3300,1.0250,35.0000,-2.3333,🔥极度低估,98.2927,26.8293,2.1951,-3,-1,-3
2007-08-21,1910.9900,25.2500,1.0342,35.0000,-2.0000,🟢中度低估,98.0535,30.9002,2.4331,-3,0,-3
2007-08-22,1936.7700,22.8900,1.0475,42.0000,-2.0000,🟢中度低估,96.3592,43.6893,3.8835,-3,0,-3
2007-08-23,1931.8800,22.6200,1.0442,42.0000,-2.0000,🟢中度低估,96.1259,39.9516,4.1162,-3,0,-3
2007-08-24,1961.3800,20.7200,1.0595,48.0000,-1.3333,🟢中度低估,94.2029,52.1739,6.0386,-2,0,-2
2007-08-27,1947.4900,22.7200,1.0514,42.0000,-2.0000,🟢中度低估,96.1446,47.2289,4.3373,-3,0,-3
2007-08-28,1899.2400,26.3000,1.0249,35.0000,-2.3333,🔥极度低估,98.0769,26.4423,2.6442,-3,-1,-3
2007-08-29,1954.8500,23.8100,1.0543,42.0000,-2.0000,🟢中度低估,97.1223,51.0791,4.7962,-3,0,-3
2007-08-30,1963.7500,25.0600,1.0585,35.0000,-2.0000,🟢中度低估,97.3684,52.3923,2.8708,-3,0,-3
2007-08-31,1988.7300,23.3800,1.0714,42.0000,-1.6667,🟢中度低估,95.9427,62.7685,5.2506,-3,0,-2
2007-09-04,2020.5100,22.7800,1.0878,42.0000,-1.3333,🟢中度低估,95.2381,79.0476,5.4762,-3,1,-2
2007-09-05,1994.3800,24.5800,1.0731,42.0000,-1.6667,🟢中度低估,97.1496,64.8456,5.7007,-3,0,-2
2007-09-06,1998.6700,23.9900,1.0749,42.0000,-1.6667,🟢中度低估,96.6825,66.3507,5.9242,-3,0,-2
2007-09-07,1958.3500,26.2300,1.0528,35.0000,-2.0000,🟢中度低估,97.8723,48.2270,3.0733,-3,0,-3
2007-09-10,1960.2000,27.3800,1.0533,35.0000,-2.0000,🟢中度低估,98.8208,48.5849,3.3019,-3,0,-3
2007-09-11,1988.9800,25.2700,1.0683,35.0000,-2.0000,🟢中度低估,97.4118,59.7647,3.5294,-3,0,-3
2007-09-12,1988.9600,24.9600,1.0678,42.0000,-1.6667,🟢中度低估,96.4789,58.9202,6.8075,-3,0,-2
2007-09-13,1998.6300,24.7600,1.0724,42.0000,-1.6667,🟢中度低估,96.2529,64.4028,7.0258,-3,0,-2
2007-09-14,2000.8200,24.9200,1.0729,42.0000,-1.6667,🟢中度低估,96.2617,64.4860,7.2430,-3,0,-2
2007-09-17,1983.0800,26.4800,1.0629,35.0000,-2.0000,🟢中度低估,98.3683,54.7786,3.7296,-3,0,-3
2007-09-18,2035.3700,20.3500,1.0902,48.0000,-1.0000,🟡轻度低估,90.6977,82.5581,9.5349,-2,1,-2
2007-09-19,2041.3600,20.0300,1.0926,48.0000,-1.0000,🟡轻度低估,90.4872,84.9188,9.7448,-2,1,-2
2007-09-20,2032.6100,20.4500,1.0872,48.0000,-1.0000,🟡轻度低估,90.7407,78.4722,9.9537,-2,1,-2
2007-09-21,2049.4800,19.0000,1.0955,55.0000,-0.6667,🟡轻度低估,89.8383,85.9122,13.1640,-2,2,-2
2007-09-24,2057.2500,19.3700,1.0989,55.0000,-0.6667,🟡轻度低估,89.8618,89.1705,13.3641,-2,2,-2
2007-09-25,2076.8300,18.6000,1.1086,55.0000,-0.3333,🟡轻度低估,88.5057,95.6322,13.5632,-2,3,-2
2007-09-26,2088.3800,17.6300,1.1138,62.0000,0.0000,⚪中性,85.3211,97.2477,20.1835,-2,3,-1
2007-09-27,2096.3900,17.0000,1.1171,62.0000,0.3333,🟠轻度高估,83.2952,98.3982,20.3661,-1,3,-1
2007-09-28,2091.1100,18.0000,1.1134,62.0000,0.0000,⚪中性,86.5297,96.8037,20.5479,-2,3,-1
2007-10-01,2116.9700,17.8400,1.1262,62.0000,0.0000,⚪中性,86.3326,99.7722,20.7289,-2,3,-1
2007-10-02,2115.8900,18.4900,1.1246,55.0000,-0.3333,🟡轻度低估,88.1818,99.5455,13.6364,-2,3,-2
2007-10-03,2103.0100,18.8000,1.1169,55.0000,-0.3333,🟡轻度低估,89.3424,97.7324,13.8322,-2,3,-2
2007-10-04,2105.5600,18.4400,1.1174,55.0000,-0.3333,🟡轻度低估,87.7828,98.1900,14.0271,-2,3,-2
2007-10-05,2149.6700,16.9100,1.1397,62.0000,0.3333,🟠轻度高估,81.7156,100.0000,21.4447,-1,3,-1
2007-10-08,2163.2600,17.4600,1.1458,62.0000,0.3333,🟠轻度高估,84.0090,100.0000,21.6216,-1,3,-1
2007-10-09,2171.2100,16.1200,1.1488,62.0000,0.3333,🟠轻度高估,78.4270,100.0000,21.7978,-1,3,-1
2007-10-10,2176.9800,16.6700,1.1506,62.0000,0.3333,🟠轻度高估,80.7175,100.0000,21.9731,-1,3,-1
2007-10-11,2140.9200,18.8800,1.1303,55.0000,-0.3333,🟡轻度低估,89.4855,99.1051,14.0940,-2,3,-2
2007-10-12,2177.9900,17.7300,1.1486,62.0000,0.3333,🟠轻度高估,84.5982,99.5536,22.3214,-1,3,-1
2007-10-15,2158.9200,19.2500,1.1374,55.0000,-0.3333,🟡轻度低估,89.9777,98.8864,14.2539,-2,3,-2
2007-10-16,2151.1400,20.0200,1.1321,48.0000,-0.3333,🟡轻度低估,90.4444,98.6667,9.7778,-2,3,-2
2007-10-17,2179.1400,18.5400,1.1456,55.0000,-0.3333,🟡轻度低估,87.5831,99.1131,14.6341,-2,3,-2
2007-10-18,2187.5200,18.5000,1.1487,55.0000,-0.3333,🟡轻度低估,87.3894,99.5575,14.8230,-2,3,-2
2007-10-19,2131.0800,22.9600,1.1181,42.0000,-0.3333,🟡轻度低估,94.0397,96.2472,7.2848,-2,3,-2
2007-10-22,2157.4500,21.6400,1.1308,48.0000,-0.3333,🟡轻度低估,92.7313,98.0176,10.1322,-2,3,-2
2007-10-23,2205.1800,20.4100,1.1545,48.0000,-0.3333,🟡轻度低估,90.5495,100.0000,10.3297,-2,3,-2
2007-10-24,2188.5900,20.8000,1.1447,48.0000,-0.3333,🟡轻度低估,91.2281,98.4649,10.5263,-2,3,-2
2007-10-25,2161.5200,21.1700,1.1295,48.0000,-0.3333,🟡轻度低估,91.6849,97.1554,10.7221,-2,3,-2
2007-10-26,2194.5900,19.5600,1.1457,55.0000,0.0000,⚪中性,89.0830,98.6900,15.9389,-2,3,-1
2007-10-29,2203.4200,19.8700,1.1492,55.0000,0.0000,⚪中性,89.3246,99.5643,16.1220,-2,3,-1
2007-10-30,2207.6100,21.0700,1.1503,48.0000,-0.3333,🟡轻度低估,91.5217,99.5652,10.8696,-2,3,-2
2007-10-31,2238.9800,18.5300,1.1654,55.0000,0.0000,⚪中性,85.9002,100.0000,16.4859,-2,3,-1
2007-11-01,2197.0700,23.2100,1.1424,42.0000,-0.3333,🟡轻度低估,94.1558,97.4026,7.3593,-2,3,-2
2007-11-02,2213.8600,23.0100,1.1499,42.0000,-0.3333,🟡轻度低估,93.9525,99.1361,7.5594,-2,3,-2
2007-11-05,2200.4800,24.3100,1.1417,42.0000,-0.6667,🟡轻度低估,95.6897,96.9828,7.7586,-3,3,-2
2007-11-06,2223.9700,21.3900,1.1525,48.0000,-0.3333,🟡轻度低估,91.3978,99.5699,11.6129,-2,3,-2
2007-11-07,2169.4300,26.4900,1.1232,35.0000,-1.3333,🟢中度低估,98.4979,94.4206,3.6481,-3,2,-3
2007-11-08,2106.1600,26.1600,1.0895,35.0000,-1.6667,🟢中度低估,97.2163,75.8030,3.8544,-3,1,-3
2007-11-09,2034.3000,28.5000,1.0516,28.0000,-2.0000,🟢中度低估,99.3590,42.5214,1.0684,-3,0,-3
2007-11-12,1982.1600,31.0900,1.0241,22.0000,-2.3333,🔥极度低估,100.0000,23.2409,0.6397,-3,-1,-3
2007-11-13,2066.0800,24.1000,1.0667,42.0000,-1.3333,🟢中度低估,94.4681,53.6170,8.7234,-2,0,-2
2007-11-14,2038.0500,25.9400,1.0516,35.0000,-2.0000,🟢中度低估,96.6030,42.2505,4.4586,-3,0,-3
2007-11-15,2024.0300,28.0600,1.0437,28.0000,-2.0000,🟢中度低估,98.7288,34.9576,1.4831,-3,0,-3
2007-11-16,2048.6200,25.4900,1.0557,35.0000,-2.0000,🟢中度低估,96.1945,46.7230,4.8626,-3,0,-3
2007-11-19,2021.1400,26.0100,1.0409,35.0000,-1.6667,🟢中度低估,96.4135,32.9114,5.0633,-3,0,-2
2007-11-20,2029.9400,24.8800,1.0448,42.0000,-1.3333,🟢中度低估,94.5263,36.4211,9.6842,-2,0,-2
2007-11-21,2006.3800,26.8400,1.0322,35.0000,-2.0000,🟢中度低估,98.1092,26.2605,5.2521,-3,-1,-2
2007-11-23,2028.9000,25.6100,1.0432,35.0000,-1.6667,🟢中度低估,95.8071,34.8008,5.4507,-3,0,-2
2007-11-26,1989.3600,28.9100,1.0223,28.0000,-2.3333,🔥极度低估,99.1632,22.1757,1.6736,-3,-1,-3
2007-11-27,2033.7600,26.2800,1.0444,35.0000,-1.6667,🟢中度低估,96.4509,36.5344,5.8455,-3,0,-2
2007-11-28,2095.3900,24.1100,1.0752,42.0000,-1.3333,🟢中度低估,92.7083,63.1250,10.6250,-2,0,-2
2007-11-29,2102.4200,23.9700,1.0781,42.0000,-1.3333,🟢中度低估,92.0998,65.9044,10.8108,-2,0,-2
2007-11-30,2089.1000,22.8700,1.0705,42.0000,-1.3333,🟢中度低估,89.8340,57.0539,10.9959,-2,0,-2
2007-12-03,2067.4500,23.6100,1.0587,42.0000,-1.3333,🟢中度低估,91.3043,48.2402,11.1801,-2,0,-2
2007-12-04,2059.0600,23.7900,1.0538,42.0000,-1.3333,🟢中度低估,91.5289,44.8347,11.3636,-2,0,-2
2007-12-05,2099.3100,22.5300,1.0737,42.0000,-1.3333,🟢中度低估,88.6598,61.6495,11.5464,-2,0,-2
2007-12-06,2127.6500,20.9600,1.0874,48.0000,-0.6667,🟡轻度低估,86.8313,73.6626,15.4321,-2,1,-1
2007-12-07,2130.0000,20.8500,1.0878,48.0000,-0.6667,🟡轻度低估,86.2423,74.3326,15.6057,-2,1,-1
2007-12-10,2134.8800,20.7400,1.0895,48.0000,-0.6667,🟡轻度低估,85.8607,76.6393,15.7787,-2,1,-1
2007-12-11,2083.7200,23.5900,1.0625,42.0000,-1.3333,🟢中度低估,91.0020,50.7157,11.6564,-2,0,-2
2007-12-12,2101.3600,22.4700,1.0705,42.0000,-1.3333,🟢中度低估,88.3673,57.1429,11.8367,-2,0,-2
2007-12-13,2094.6800,22.5600,1.0662,42.0000,-1.3333,🟢中度低估,88.5947,52.9532,12.0163,-2,0,-2
2007-12-14,2072.1100,23.2700,1.0538,42.0000,-1.3333,🟢中度低估,90.4472,44.1057,12.1951,-2,0,-2
2007-12-17,2020.8000,24.5200,1.0269,42.0000,-1.6667,🟢中度低估,93.3063,23.5294,12.3732,-2,-1,-2
2007-12-18,2029.4900,22.6400,1.0306,42.0000,-1.6667,🟢中度低估,88.4615,25.1012,12.5506,-2,-1,-2
2007-12-19,2031.0000,21.6800,1.0306,48.0000,-1.3333,🟢中度低估,87.4747,25.0505,16.9697,-2,-1,-1
2007-12-20,2069.6800,20.5800,1.0493,48.0000,-0.6667,🟡轻度低估,84.0726,40.1210,17.1371,-1,0,-1
2007-12-21,2111.7700,18.4700,1.0697,55.0000,-0.6667,🟡轻度低估,79.2757,57.1429,22.5352,-1,0,-1
2007-12-24,2128.6200,18.6000,1.0772,55.0000,-0.6667,🟡轻度低估,80.5221,65.2610,22.6908,-1,0,-1
2007-12-26,2136.9400,18.6600,1.0803,55.0000,-0.6667,🟡轻度低估,81.1623,67.7355,22.8457,-1,0,-1
2007-12-27,2106.0900,20.2600,1.0637,48.0000,-0.6667,🟡轻度低估,83.4000,51.2000,17.2000,-1,0,-1
2007-12-28,2107.0500,20.7400,1.0632,48.0000,-0.6667,🟡轻度低估,84.8303,50.8982,17.3653,-1,0,-1
2007-12-31,2084.9300,22.5000,1.0511,42.0000,-1.3333,🟢中度低估,87.8486,41.4343,12.5498,-2,0,-2
2008-01-02,2049.7100,23.1700,1.0326,42.0000,-1.6667,🟢中度低估,90.0596,26.0437,12.7237,-2,-1,-2
2008-01-03,2051.7600,22.4900,1.0329,42.0000,-1.6667,🟢中度低估,87.5000,26.1905,12.8968,-2,-1,-2
2008-01-04,1963.5200,23.9400,0.9881,42.0000,-1.6667,🟢中度低估,92.0792,16.4356,13.0693,-2,-1,-2
2008-01-07,1957.4400,23.7900,0.9846,42.0000,-1.6667,🟢中度低估,91.5020,16.4032,13.2411,-2,-1,-2
2008-01-08,1910.3300,25.4300,0.9607,35.0000,-2.3333,🔥极度低估,95.2663,12.4260,5.7199,-3,-2,-2
2008-01-09,1949.2000,24.1200,0.9799,42.0000,-1.6667,🟢中度低估,92.7165,15.9449,13.5827,-2,-1,-2
2008-01-10,1953.6400,23.4500,0.9817,42.0000,-1.6667,🟢中度低估,89.9804,16.3065,13.7525,-2,-1,-2
2008-01-11,1912.8100,23.6800,0.9608,42.0000,-2.0000,🟢中度低估,90.7843,12.5490,13.9216,-2,-2,-2
2008-01-14,1949.1500,22.9000,0.9786,42.0000,-1.6667,🟢中度低估,88.2583,16.0470,14.0900,-2,-1,-2
2008-01-15,1894.0900,23.3400,0.9507,42.0000,-2.0000,🟢中度低估,89.4531,8.9844,14.2578,-2,-2,-2
2008-01-16,1872.2900,24.3800,0.9395,42.0000,-2.0000,🟢中度低估,93.1774,7.0175,14.4250,-2,-2,-2
2008-01-17,1842.1000,28.4600,0.9243,28.0000,-2.6667,🔥极度低估,98.8327,5.4475,1.7510,-3,-2,-3
2008-01-18,1844.0900,27.1800,0.9252,35.0000,-2.3333,🔥极度低估,97.8641,5.6311,6.0194,-3,-2,-2
2008-01-22,1795.6100,31.0100,0.9009,22.0000,-3.0000,🔥极度低估,99.8062,1.3566,0.7752,-3,-3,-3
2008-01-23,1789.5300,29.0200,0.8979,28.0000,-3.0000,🔥极度低估,99.0329,1.1605,2.1277,-3,-3,-3
2008-01-24,1826.9200,27.7800,0.9166,35.0000,-2.6667,🔥极度低估,97.8764,4.4402,6.5637,-3,-3,-2
2008-01-25,1789.1700,29.0800,0.8977,28.0000,-3.0000,🔥极度低估,99.0366,1.1561,2.3121,-3,-3,-3
2008-01-28,1805.0800,27.7800,0.9057,35.0000,-2.6667,🔥极度低估,97.6923,2.5000,6.9231,-3,-3,-2
2008-01-29,1807.6700,27.3200,0.9070,35.0000,-2.6667,🔥极度低估,96.9290,3.2630,7.1017,-3,-3,-2
2008-01-30,1808.5100,27.6200,0.9075,35.0000,-2.6667,🔥极度低估,97.1264,3.6398,7.2797,-3,-3,-2
2008-01-31,1841.4200,26.2000,0.9240,35.0000,-2.0000,🟢中度低估,94.6463,6.6922,7.4570,-2,-2,-2
2008-02-01,1855.2700,24.0200,0.9309,42.0000,-1.6667,🟢中度低估,90.2672,7.6336,16.2214,-2,-2,-1
2008-02-04,1828.8000,25.9900,0.9176,35.0000,-2.0000,🟢中度低估,94.0952,5.5238,7.6190,-2,-2,-2
2008-02-05,1773.4900,28.2400,0.8900,28.0000,-3.0000,🔥极度低估,97.9087,0.5703,2.4715,-3,-3,-3
2008-02-06,1740.9500,28.9700,0.8739,28.0000,-3.0000,🔥极度低估,98.6717,0.1898,2.6565,-3,-3,-3
2008-02-07,1753.3000,27.6600,0.8804,35.0000,-2.6667,🔥极度低估,96.7803,0.3788,8.1439,-3,-3,-2
2008-02-08,1773.7400,28.0100,0.8909,28.0000,-3.0000,🔥极度低估,97.3535,1.1342,2.8355,-3,-3,-3
2008-02-11,1793.0900,27.6000,0.9008,35.0000,-2.6667,🔥极度低估,96.2264,2.4528,8.4906,-3,-3,-2
2008-02-12,1780.5400,26.3300,0.8948,35.0000,-2.3333,🔥极度低估,94.5386,1.6949,8.6629,-2,-3,-2
2008-02-13,1823.0000,24.8800,0.9162,42.0000,-1.6667,🟢中度低估,90.9774,6.2030,17.4812,-2,-2,-1
2008-02-14,1787.5900,25.5400,0.8986,35.0000,-2.3333,🔥极度低估,92.4953,2.6266,8.8180,-2,-3,-2
2008-02-15,1780.3800,25.0200,0.8952,35.0000,-2.3333,🔥极度低估,91.1985,1.8727,8.9888,-2,-3,-2
2008-02-19,1764.8100,25.5900,0.8877,35.0000,-2.3333,🔥极度低估,92.5234,0.7477,9.1589,-2,-3,-2
2008-02-20,1787.4500,24.4000,0.8993,42.0000,-2.0000,🟢中度低估,89.5522,3.1716,18.0970,-2,-3,-1
2008-02-21,1766.3000,25.1200,0.8890,35.0000,-2.3333,🔥极度低估,91.2477,0.9311,9.3110,-2,-3,-2
2008-02-22,1773.4400,24.0600,0.8928,42.0000,-2.0000,🟢中度低估,88.1041,1.6729,18.4015,-2,-3,-1
2008-02-25,1785.4600,23.0300,0.8992,42.0000,-1.6667,🟢中度低估,84.4156,3.5250,18.5529,-1,-3,-1
2008-02-26,1791.3100,21.9000,0.9023,48.0000,-1.6667,🟢中度低估,81.4815,4.4444,23.3333,-1,-3,-1
2008-02-27,1799.9400,22.6900,0.9069,42.0000,-1.3333,🟢中度低估,82.8096,5.3604,18.6691,-1,-2,-1
2008-02-28,1794.4600,23.5300,0.9043,42.0000,-2.0000,🟢中度低估,85.7934,4.7970,18.8192,-2,-3,-1
2008-02-29,1745.2700,26.5400,0.8798,35.0000,-2.6667,🔥极度低估,95.2118,0.3683,9.3923,-3,-3,-2
2008-03-03,1733.2700,26.2800,0.8741,35.0000,-2.3333,🔥极度低估,93.9338,0.3676,9.5588,-2,-3,-2
2008-03-04,1743.7000,25.5200,0.8797,35.0000,-2.3333,🔥极度低估,91.9266,0.5505,9.7248,-2,-3,-2
2008-03-05,1753.5700,24.6000,0.8850,42.0000,-2.0000,🟢中度低估,89.3773,1.2821,19.4139,-2,-3,-1
2008-03-06,1712.5000,27.5500,0.8647,35.0000,-2.6667,🔥极度低估,96.1609,0.1828,9.8720,-3,-3,-2
2008-03-07,1707.5000,27.4900,0.8626,35.0000,-2.6667,🔥极度低估,95.9854,0.1825,10.0365,-3,-3,-2
2008-03-10,1673.0300,29.3800,0.8457,28.0000,-3.0000,🔥极度低估,99.0893,0.1821,2.9144,-3,-3,-3
2008-03-11,1740.9500,26.3600,0.8803,35.0000,-2.3333,🔥极度低估,94.0000,1.4545,10.3636,-2,-3,-2
2008-03-12,1735.1800,27.2200,0.8778,35.0000,-2.6667,🔥极度低估,95.2813,1.0889,10.5263,-3,-3,-2
2008-03-13,1750.4000,27.2900,0.8858,35.0000,-2.6667,🔥极度低估,95.2899,2.3551,10.6884,-3,-3,-2
2008-03-14,1713.8300,31.1600,0.8677,22.0000,-3.0000,🔥极度低估,100.0000,0.7233,0.9042,-3,-3,-3
2008-03-17,1687.1900,32.2400,0.8548,22.0000,-3.0000,🔥极度低估,100.0000,0.3610,1.0830,-3,-3,-3
2008-03-18,1761.0500,25.7900,0.8926,35.0000,-2.3333,🔥极度低估,91.1712,3.7838,11.1712,-2,-3,-2
2008-03-19,1715.5900,29.8400,0.8700,28.0000,-3.0000,🔥极度低估,98.7410,1.0791,3.4173,-3,-3,-3
2008-03-20,1751.9900,26.6200,0.8889,35.0000,-2.3333,🔥极度低估,94.0754,3.2316,11.4901,-2,-3,-2
2008-03-24,1814.4000,25.7300,0.9208,35.0000,-2.0000,🟢中度低估,90.6810,11.4695,11.6487,-2,-2,-2
2008-03-25,1824.5400,25.7200,0.9261,35.0000,-2.0000,🟢中度低估,90.5188,12.8801,11.8068,-2,-2,-2
2008-03-26,1817.2800,26.0800,0.9226,35.0000,-2.0000,🟢中度低估,91.4286,12.1429,11.9643,-2,-2,-2
2008-03-27,1777.8900,25.8800,0.9029,35.0000,-2.0000,🟢中度低估,90.7308,7.1301,12.1212,-2,-2,-2
2008-03-28,1767.5700,25.7100,0.8979,35.0000,-2.0000,🟢中度低估,90.0356,5.6940,12.2776,-2,-2,-2
2008-03-31,1781.9300,25.6100,0.9055,35.0000,-2.0000,🟢中度低估,89.8757,7.8153,12.4334,-2,-2,-2
2008-04-01,1855.4800,22.6800,0.9430,42.0000,-1.0000,🟡轻度低估,79.4326,16.1348,21.9858,-1,-1,-1
2008-04-02,1848.8000,23.4300,0.9399,42.0000,-1.0000,🟡轻度低估,82.1239,15.3982,22.1239,-1,-1,-1
2008-04-03,1855.1900,23.2100,0.9433,42.0000,-1.0000,🟡轻度低估,81.4488,16.4311,22.2615,-1,-1,-1
2008-04-04,1865.8700,22.4500,0.9489,42.0000,-1.0000,🟡轻度低估,77.7778,17.6367,22.3986,-1,-1,-1
2008-04-07,1860.8300,22.4200,0.9465,42.0000,-1.0000,🟡轻度低估,77.6408,16.9014,22.5352,-1,-1,-1
2008-04-08,1846.1400,22.3600,0.9393,42.0000,-1.3333,🟢中度低估,77.5044,14.9385,22.6714,-1,-2,-1
2008-04-09,1826.1900,22.8100,0.9294,42.0000,-1.3333,🟢中度低估,79.8246,13.8596,22.8070,-1,-2,-1
2008-04-10,1852.9700,21.9800,0.9431,48.0000,-1.0000,🟡轻度低估,77.2329,16.6375,27.4956,-1,-1,-1
2008-04-11,1798.7200,23.4600,0.9158,42.0000,-1.3333,🟢中度低估,82.5175,10.6643,22.9021,-1,-2,-1
2008-04-14,1790.9300,23.8200,0.9121,42.0000,-1.3333,🟢中度低估,84.2932,9.9476,23.0366,-1,-2,-1
2008-04-15,1794.7300,22.7800,0.9144,42.0000,-1.3333,🟢中度低估,79.4425,10.6272,23.1707,-1,-2,-1
2008-04-16,1846.8900,20.5300,0.9412,48.0000,-1.0000,🟡轻度低估,73.2174,16.5217,28.0000,-1,-1,-1
2008-04-17,1840.8800,20.3700,0.9384,48.0000,-1.0000,🟡轻度低估,72.7431,15.2778,28.1250,-1,-1,-1
2008-04-18,1900.2800,20.1300,0.9688,48.0000,-1.0000,🟡轻度低估,72.2704,24.2634,28.2496,-1,-1,-1
2008-04-21,1913.1200,20.5000,0.9755,48.0000,-1.0000,🟡轻度低估,73.1834,25.4325,28.3737,-1,-1,-1
2008-04-22,1881.6500,20.8700,0.9598,48.0000,-1.0000,🟡轻度低估,74.7841,21.7617,28.4974,-1,-1,-1
2008-04-23,1906.6600,20.2600,0.9727,48.0000,-1.0000,🟡轻度低估,72.2414,25.1724,28.6207,-1,-1,-1
2008-04-24,1924.5800,20.0600,0.9820,48.0000,-1.0000,🟡轻度低估,71.7728,26.8503,28.7435,-1,-1,-1
2008-04-25,1918.5800,19.5900,0.9791,55.0000,-0.6667,🟡轻度低估,70.9622,26.1168,33.8488,-1,-1,0
2008-04-28,1923.2600,19.6400,0.9817,55.0000,-0.6667,🟡轻度低估,71.1835,26.7581,33.9623,-1,-1,0
2008-04-29,1933.6000,20.2400,0.9872,48.0000,-1.0000,🟡轻度低估,72.0890,27.5685,28.7671,-1,-1,-1
2008-04-30,1917.7000,20.7900,0.9794,48.0000,-1.0000,🟡轻度低估,74.3590,26.1538,28.8889,-1,-1,-1
2008-05-01,1980.4400,18.8800,1.0116,55.0000,0.0000,⚪中性,69.6246,30.7167,34.3003,0,0,0
2008-05-02,1981.8700,18.1800,1.0125,55.0000,0.0000,⚪中性,66.4395,30.8348,34.4123,0,0,0
2008-05-05,1975.8200,18.9000,1.0096,55.0000,0.0000,⚪中性,69.8980,30.2721,34.5238,0,0,0
2008-05-06,1990.6100,18.2100,1.0173,55.0000,0.0000,⚪中性,66.3837,31.4092,34.6350,0,0,0
2008-05-07,1951.4200,19.7300,0.9974,55.0000,-0.6667,🟡轻度低估,71.1864,28.8136,34.7458,-1,-1,0
2008-05-08,1966.8600,19.4000,1.0054,55.0000,-0.3333,🟡轻度低估,70.3892,30.1184,34.8562,-1,0,0
2008-05-09,1960.2900,19.4100,1.0022,55.0000,-0.6667,🟡轻度低估,70.4392,29.5608,34.9662,-1,-1,0
2008-05-12,1997.0200,17.7900,1.0209,62.0000,0.0000,⚪中性,64.4182,32.5464,41.3153,0,0,0
2008-05-13,2000.6100,17.9800,1.0227,62.0000,0.0000,⚪中性,64.9832,32.9966,41.4141,0,0,0
2008-05-14,1997.3000,17.6600,1.0209,62.0000,0.0000,⚪中性,63.5294,32.4370,41.5126,0,0,0
2008-05-15,2031.3400,16.3000,1.0380,62.0000,0.0000,⚪中性,59.2282,40.4362,41.6107,0,0,0
2008-05-16,2031.2700,16.4700,1.0378,62.0000,0.0000,⚪中性,59.7990,40.2010,41.7085,0,0,0
2008-05-19,2016.6000,17.0100,1.0302,62.0000,0.0000,⚪中性,61.8729,35.9532,41.8060,0,0,0
2008-05-20,2000.6700,17.5800,1.0218,62.0000,0.0000,⚪中性,63.4391,32.7212,41.9032,0,0,0
2008-05-21,1956.8000,18.5900,0.9994,55.0000,-0.3333,🟡轻度低估,68.1667,28.6667,34.6667,0,-1,0
2008-05-22,1964.9200,18.0500,1.0035,55.0000,-0.3333,🟡轻度低估,65.5574,29.4509,34.7754,0,-1,0
2008-05-23,1958.9600,19.5500,1.0006,55.0000,-0.6667,🟡轻度低估,70.9302,28.9037,34.8837,-1,-1,0
2008-05-27,1995.4400,19.6400,1.0190,55.0000,-0.3333,🟡轻度低估,71.6418,32.1725,34.9917,-1,0,0
2008-05-28,2000.0700,19.0700,1.0212,55.0000,-0.3333,🟡轻度低估,70.0331,33.1126,35.0993,-1,0,0
2008-05-29,2019.0200,18.1400,1.0307,55.0000,0.0000,⚪中性,65.7851,37.0248,35.2066,0,0,0
2008-05-30,2032.5700,17.8300,1.0372,62.0000,0.0000,⚪中性,64.3564,40.7591,42.5743,0,0,0
2008-06-02,2006.8400,19.8300,1.0237,55.0000,-0.3333,🟡轻度低估,71.9934,33.9374,35.2554,-1,0,0
2008-06-03,1996.7900,20.2400,1.0182,48.0000,-0.6667,🟡轻度低估,73.0263,31.7434,27.9605,-1,0,-1
2008-06-04,2021.4500,20.8000,1.0304,48.0000,-0.6667,🟡轻度低估,75.5337,36.7816,28.0788,-1,0,-1
2008-06-05,2055.1100,18.6300,1.0472,55.0000,0.0000,⚪中性,68.1967,49.0164,35.5738,0,0,0
2008-06-06,1990.3900,23.5600,1.0140,42.0000,-0.6667,🟡轻度低估,83.7971,31.0966,21.9313,-1,0,-1
2008-06-09,1979.7100,23.1200,1.0084,42.0000,-1.0000,🟡轻度低估,81.8627,29.9020,22.0588,-1,-1,-1
2008-06-10,1972.5400,23.1800,1.0047,42.0000,-1.0000,🟡轻度低估,82.0555,29.6900,22.1860,-1,-1,-1
2008-06-11,1924.3300,24.1200,0.9802,42.0000,-1.3333,🟢中度低估,86.6450,25.4072,22.3127,-2,-1,-1
2008-06-12,1924.2600,23.3300,0.9802,42.0000,-1.0000,🟡轻度低估,82.4390,25.5285,22.4390,-1,-1,-1
2008-06-13,1966.0100,21.2200,1.0013,48.0000,-1.0000,🟡轻度低估,76.2987,28.7338,28.7338,-1,-1,-1
2008-06-16,1984.7600,20.9500,1.0108,48.0000,-0.6667,🟡轻度低估,75.3647,30.9562,28.8493,-1,0,-1
2008-06-17,1972.8200,21.1300,1.0047,48.0000,-0.6667,🟡轻度低估,75.8900,30.0971,28.9644,-1,0,-1
2008-06-18,1951.1000,22.2400,0.9937,42.0000,-1.0000,🟡轻度低估,77.7060,27.3021,22.4556,-1,-1,-1
2008-06-19,1982.6900,21.5800,1.0099,48.0000,-0.6667,🟡轻度低估,76.9355,30.9677,29.1935,-1,0,-1
2008-06-20,1928.3900,22.8700,0.9824,42.0000,-1.0000,🟡轻度低估,80.5153,26.0870,22.5443,-1,-1,-1
2008-06-23,1913.3100,22.6400,0.9750,42.0000,-1.0000,🟡轻度低估,79.2605,23.9550,22.6688,-1,-1,-1
2008-06-24,1903.7400,22.4200,0.9702,42.0000,-1.0000,🟡轻度低估,77.8491,23.2745,22.7929,-1,-1,-1
2008-06-25,1933.8600,21.1400,0.9856,48.0000,-1.0000,🟡轻度低估,75.3205,26.7628,29.6474,-1,-1,-1
2008-06-26,1855.3900,23.9300,0.9460,42.0000,-1.3333,🟢中度低估,85.4400,16.6400,22.8800,-2,-1,-1
2008-06-27,1855.7200,23.4400,0.9465,42.0000,-1.0000,🟡轻度低估,83.0671,16.7732,23.0032,-1,-1,-1
2008-06-30,1837.0900,23.9500,0.9373,42.0000,-1.6667,🟢中度低估,85.6459,13.8756,23.1260,-2,-2,-1
2008-07-01,1862.7100,23.6500,0.9507,42.0000,-1.0000,🟡轻度低估,84.0764,18.1529,23.2484,-1,-1,-1
2008-07-02,1816.1500,25.9200,0.9274,35.0000,-2.0000,🟢中度低估,91.7329,12.8776,11.2878,-2,-2,-2
2008-07-03,1816.3500,24.7800,0.9280,42.0000,-1.6667,🟢中度低估,88.0952,13.1746,23.4921,-2,-2,-1
2008-07-07,1826.9300,25.7800,0.9339,35.0000,-2.0000,🟢中度低估,91.2837,14.1046,11.4105,-2,-2,-2
2008-07-08,1871.2800,23.1500,0.9570,42.0000,-1.0000,🟡轻度低估,80.8544,20.4114,23.7342,-1,-1,-1
2008-07-09,1819.1800,25.2300,0.9309,35.0000,-2.0000,🟢中度低估,89.2575,13.4281,11.5324,-2,-2,-2
2008-07-10,1839.5700,25.5900,0.9418,35.0000,-1.6667,🟢中度低估,90.3785,16.0883,11.6719,-2,-1,-2
2008-07-11,1810.8800,27.4900,0.9278,35.0000,-2.3333,🔥极度低估,95.9055,12.9134,11.8110,-3,-2,-2
2008-07-14,1798.0300,28.4800,0.9219,28.0000,-2.6667,🔥极度低估,97.7987,11.6352,3.1447,-3,-2,-3
2008-07-15,1798.3500,28.5400,0.9228,28.0000,-2.6667,🔥极度低估,97.9592,11.9309,3.2967,-3,-2,-3
2008-07-16,1843.8700,25.1000,0.9467,35.0000,-1.6667,🟢中度低估,88.2445,18.3386,12.2257,-2,-1,-2
2008-07-17,1853.4700,25.0100,0.9523,35.0000,-1.6667,🟢中度低估,87.7934,19.7183,12.3631,-2,-1,-2
2008-07-18,1823.2300,24.0500,0.9375,42.0000,-1.3333,🟢中度低估,84.8438,14.8438,24.6875,-1,-2,-1
2008-07-21,1819.7600,23.0500,0.9363,42.0000,-1.3333,🟢中度低估,79.5632,14.6646,24.8050,-1,-2,-1
2008-07-22,1821.6200,21.1800,0.9380,48.0000,-0.6667,🟡轻度低估,73.5202,15.2648,31.6199,-1,-1,0
2008-07-23,1845.5600,21.3100,0.9511,48.0000,-0.6667,🟡轻度低估,73.8725,19.9067,31.7263,-1,-1,0
2008-07-24,1816.9800,23.4400,0.9372,42.0000,-1.3333,🟢中度低估,81.5217,14.7516,24.8447,-1,-2,-1
2008-07-25,1846.5500,22.9100,0.9532,42.0000,-1.0000,🟡轻度低估,78.7597,20.7752,24.9612,-1,-1,-1
2008-07-28,1802.9900,24.2300,0.9316,42.0000,-1.6667,🟢中度低估,85.9133,14.2415,25.0774,-2,-2,-1
2008-07-29,1845.5500,22.0300,0.9544,42.0000,-1.0000,🟡轻度低估,74.9614,21.3292,25.1932,-1,-1,-1
2008-07-30,1852.8000,21.2100,0.9589,48.0000,-0.6667,🟡轻度低估,72.9938,22.8395,32.2531,-1,-1,0
2008-07-31,1849.1500,22.9400,0.9578,42.0000,-1.0000,🟡轻度低估,78.8906,22.4961,25.2696,-1,-1,-1
2008-08-01,1826.5600,22.5700,0.9469,42.0000,-1.0000,🟡轻度低估,76.4615,18.9231,25.3846,-1,-1,-1
2008-08-04,1804.8400,23.4900,0.9365,42.0000,-1.3333,🟢中度低估,81.8740,14.7465,25.4992,-1,-2,-1
2008-08-05,1869.7600,21.1400,0.9710,48.0000,-0.6667,🟡轻度低估,72.2393,26.5337,32.6687,-1,-1,0
2008-08-06,1895.2100,20.2300,0.9848,48.0000,-0.3333,🟡轻度低估,67.9939,29.8622,32.7718,0,-1,0
2008-08-07,1880.0900,21.1500,0.9777,48.0000,-0.6667,🟡轻度低估,72.3242,27.6758,32.8746,-1,-1,0
2008-08-08,1926.2300,20.6600,1.0024,48.0000,0.0000,⚪中性,69.6183,32.9771,32.9771,0,0,0
2008-08-11,1941.2300,20.1200,1.0109,48.0000,0.0000,⚪中性,67.5305,35.0610,33.0793,0,0,0
2008-08-12,1941.0700,21.1700,1.0114,48.0000,-0.3333,🟡轻度低估,72.6027,35.3120,33.1811,-1,0,0
2008-08-13,1942.0200,21.5500,1.0125,48.0000,-0.3333,🟡轻度低估,73.8602,35.7143,33.2827,-1,0,0
2008-08-14,1964.3800,20.3400,1.0248,48.0000,0.0000,⚪中性,68.2853,39.3020,33.3839,0,0,0
2008-08-15,1957.5600,19.5800,1.0219,55.0000,0.0000,⚪中性,65.6061,38.0303,40.4545,0,0,0
2008-08-18,1932.7000,20.9800,1.0098,48.0000,-0.3333,🟡轻度低估,71.5582,34.3419,33.4342,-1,0,0
2008-08-19,1908.6800,21.2800,0.9980,48.0000,-0.3333,🟡轻度低估,73.2628,31.5710,33.5347,-1,0,0
2008-08-20,1913.0200,20.4200,1.0010,48.0000,0.0000,⚪中性,68.6275,32.1267,33.6350,0,0,0
2008-08-21,1906.7400,19.8200,0.9985,55.0000,0.0000,⚪中性,66.1145,31.6265,40.8133,0,0,0
2008-08-22,1931.4700,18.8100,1.0122,55.0000,0.0000,⚪中性,63.3083,35.7895,40.9023,0,0,0
2008-08-25,1889.7200,20.9700,0.9911,48.0000,-0.3333,🟡轻度低估,71.4715,30.3303,33.6336,-1,0,0
2008-08-26,1886.3200,20.4900,0.9899,48.0000,-0.3333,🟡轻度低估,68.8156,29.9850,33.7331,0,-1,0
2008-08-27,1900.3000,19.7600,0.9975,55.0000,0.0000,⚪中性,65.8683,31.4371,41.1677,0,0,0
2008-08-28,1915.1200,19.4300,1.0055,55.0000,0.0000,⚪中性,64.5740,34.3797,41.2556,0,0,0
2008-08-29,1872.5400,20.6500,0.9836,48.0000,-0.3333,🟡轻度低估,69.4030,28.9552,33.7313,0,-1,0
2008-09-02,1850.1400,21.9900,0.9724,48.0000,-0.6667,🟡轻度低估,75.2608,26.0805,33.8301,-1,-1,0
2008-09-03,1833.0900,21.4300,0.9639,48.0000,-0.6667,🟡轻度低估,73.8095,24.5536,33.9286,-1,-1,0
2008-09-04,1774.7800,24.0300,0.9339,42.0000,-1.6667,🟢中度低估,85.2897,13.9673,24.8143,-2,-2,-1
2008-09-05,1768.2300,23.0600,0.9311,42.0000,-1.3333,🟢中度低估,79.9703,13.3531,24.9258,-1,-2,-1
2008-09-08,1762.9500,22.6400,0.9289,42.0000,-1.3333,🟢中度低估,77.3333,12.8889,25.0370,-1,-2,-1
2008-09-09,1721.5500,25.4700,0.9078,35.0000,-2.0000,🟢中度低估,89.7929,8.1361,11.8343,-2,-2,-2
2008-09-10,1738.0700,24.5200,0.9172,42.0000,-1.6667,🟢中度低估,87.0015,9.8966,25.2585,-2,-2,-1
2008-09-11,1773.6500,24.3900,0.9365,42.0000,-1.6667,🟢中度低估,86.5782,14.8968,25.3687,-2,-2,-1
2008-09-12,1767.1300,25.6600,0.9337,35.0000,-2.0000,🟢中度低估,90.8689,14.2857,11.9293,-2,-2,-2
2008-09-15,1705.4600,31.7000,0.9021,22.0000,-2.6667,🔥极度低估,99.8529,5.8824,1.0294,-3,-2,-3
2008-09-16,1724.0800,30.3000,0.9128,22.0000,-2.6667,🔥极度低估,98.9721,8.9574,1.1747,-3,-2,-3
2008-09-17,1632.4500,36.2200,0.8654,15.0000,-3.0000,🔥极度低估,100.0000,0.7331,0.1466,-3,-3,-3
2008-09-18,1697.4200,33.1000,0.9007,22.0000,-2.6667,🔥极度低估,99.8536,5.5637,1.4641,-3,-2,-3
2008-09-19,1745.0600,32.0700,0.9268,22.0000,-2.6667,🔥极度低估,99.5614,12.8655,1.6082,-3,-2,-3
2008-09-22,1665.9400,33.8500,0.8858,22.0000,-3.0000,🔥极度低估,99.8540,2.4818,1.7518,-3,-3,-3
2008-09-23,1648.4000,35.7200,0.8775,15.0000,-3.0000,🔥极度低估,99.8542,1.4577,0.2915,-3,-3,-3
2008-09-24,1661.3300,35.1900,0.8855,15.0000,-3.0000,🔥极度低估,99.7089,2.6201,0.4367,-3,-3,-3
2008-09-25,1687.5500,32.8200,0.9006,22.0000,-2.6667,🔥极度低估,99.2733,5.9593,2.1802,-3,-2,-3
2008-09-26,1672.0400,34.7400,0.8933,22.0000,-3.0000,🔥极度低估,99.5646,4.4993,2.3222,-3,-3,-3
2008-09-29,1496.1500,46.7200,0.8006,5.0000,-3.0000,🔥极度低估,100.0000,0.1449,0.1449,-3,-3,-3
2008-09-30,1594.6300,39.3900,0.8545,15.0000,-3.0000,🔥极度低估,99.8553,0.4342,0.7236,-3,-3,-3
2008-10-01,1563.8000,39.8100,0.8391,15.0000,-3.0000,🔥极度低估,99.8555,0.2890,0.8671,-3,-3,-3
2008-10-02,1491.1100,45.2600,0.8012,5.0000,-3.0000,🔥极度低估,99.8557,0.2886,0.2886,-3,-3,-3
2008-10-03,1470.8400,45.1400,0.7915,5.0000,-3.0000,🔥极度低估,99.7118,0.1441,0.4323,-3,-3,-3
2008-10-06,1411.2800,52.0500,0.7607,5.0000,-3.0000,🔥极度低估,100.0000,0.1439,0.5755,-3,-3,-3
2008-10-07,1329.9800,53.6800,0.7183,5.0000,-3.0000,🔥极度低估,100.0000,0.1437,0.7184,-3,-3,-3
2008-10-08,1330.6100,57.5300,0.7202,5.0000,-3.0000,🔥极度低估,100.0000,0.2869,0.8608,-3,-3,-3
2008-10-09,1275.1000,63.9200,0.6917,5.0000,-3.0000,🔥极度低估,100.0000,0.1433,1.0029,-3,-3,-3
2008-10-10,1269.8000,69.9500,0.6905,5.0000,-3.0000,🔥极度低估,100.0000,0.1431,1.1445,-3,-3,-3
2008-10-13,1429.5400,54.9900,0.7788,5.0000,-3.0000,🔥极度低估,99.5714,0.8571,1.2857,-3,-3,-3
2008-10-14,1364.5900,55.1300,0.7449,5.0000,-3.0000,🔥极度低估,99.5720,0.7133,1.4265,-3,-3,-3
2008-10-15,1244.2300,69.2500,0.6808,5.0000,-3.0000,🔥极度低估,99.8575,0.1425,1.5670,-3,-3,-3
2008-10-16,1312.9700,67.6100,0.7198,5.0000,-3.0000,🔥极度低估,99.7155,0.7112,1.7070,-3,-3,-3
2008-10-17,1311.7200,70.3300,0.7206,5.0000,-3.0000,🔥极度低估,100.0000,0.9943,1.8466,-3,-3,-3
2008-10-20,1352.7600,52.9700,0.7444,5.0000,-3.0000,🔥极度低估,98.7234,1.1348,1.9858,-3,-3,-3
2008-10-21,1283.4300,53.1100,0.7076,5.0000,-3.0000,🔥极度低估,98.7252,0.5666,2.1246,-3,-3,-3
2008-10-22,1237.0900,69.6500,0.6833,5.0000,-3.0000,🔥极度低估,99.7171,0.2829,2.2631,-3,-3,-3
2008-10-23,1239.1600,67.8000,0.6858,5.0000,-3.0000,🔥极度低估,99.4350,0.4237,2.4011,-3,-3,-3
2008-10-24,1202.2700,79.1300,0.6667,5.0000,-3.0000,🔥极度低估,100.0000,0.1410,2.5388,-3,-3,-3
2008-10-27,1169.7800,80.0600,0.6501,5.0000,-3.0000,🔥极度低估,100.0000,0.1408,2.6761,-3,-3,-3
2008-10-28,1297.5700,66.9600,0.7224,5.0000,-3.0000,🔥极度低估,98.8748,1.8284,2.8129,-3,-3,-3
2008-10-29,1302.1200,69.9600,0.7261,5.0000,-3.0000,🔥极度低估,99.5787,1.9663,2.9494,-3,-3,-3
2008-10-30,1333.9400,62.9000,0.7450,5.0000,-3.0000,🔥极度低估,98.4572,2.3843,3.0856,-3,-3,-3
2008-10-31,1334.7800,59.8900,0.7465,5.0000,-3.0000,🔥极度低估,98.3193,2.5210,3.2213,-3,-3,-3
2008-11-03,1334.7500,53.6800,0.7476,5.0000,-3.0000,🔥极度低估,97.7622,2.6573,3.3566,-3,-3,-3
2008-11-04,1378.4000,47.7300,0.7729,5.0000,-3.0000,🔥极度低估,97.0670,2.9330,3.4916,-3,-3,-3
2008-11-05,1299.9800,54.5600,0.7299,5.0000,-3.0000,🔥极度低估,97.7685,2.0921,3.6262,-3,-3,-3
2008-11-06,1241.9700,63.6800,0.6985,5.0000,-3.0000,🔥极度低估,98.4680,1.1142,3.7604,-3,-3,-3
2008-11-07,1271.6200,56.1000,0.7162,5.0000,-3.0000,🔥极度低估,97.9138,1.3908,3.8943,-3,-3,-3
2008-11-10,1251.0000,59.9800,0.7057,5.0000,-3.0000,🔥极度低估,98.1944,1.2500,4.0278,-3,-3,-3
2008-11-11,1225.5900,61.4400,0.6925,5.0000,-3.0000,🔥极度低估,98.1969,1.1096,4.1609,-3,-3,-3
2008-11-12,1165.3800,66.4600,0.6597,5.0000,-3.0000,🔥极度低估,98.6150,0.2770,4.2936,-3,-3,-3
2008-11-13,1240.9300,59.8300,0.7037,5.0000,-3.0000,🔥极度低估,97.6487,1.5214,4.4260,-3,-3,-3
2008-11-14,1179.6300,66.3100,0.6702,5.0000,-3.0000,🔥极度低估,98.4807,0.5525,4.5580,-3,-3,-3
2008-11-17,1151.9600,69.1500,0.6557,5.0000,-3.0000,🔥极度低估,99.0345,0.2759,4.6897,-3,-3,-3
2008-11-18,1155.7500,67.6400,0.6590,5.0000,-3.0000,🔥极度低估,98.7603,0.4132,4.8209,-3,-3,-3
2008-11-19,1087.6000,74.2600,0.6213,5.0000,-3.0000,🔥极度低估,99.7249,0.1376,4.9519,-3,-3,-3
2008-11-20,1036.5100,80.8600,0.5934,5.0000,-2.6667,🔥极度低估,100.0000,0.1374,5.0824,-3,-3,-2
2008-11-21,1085.5700,72.6700,0.6227,5.0000,-2.6667,🔥极度低估,99.4513,0.4115,5.2126,-3,-3,-2
2008-11-24,1154.3400,64.7000,0.6633,5.0000,-2.6667,🔥极度低估,97.6712,1.0959,5.3425,-3,-3,-2
2008-11-25,1142.5800,60.9000,0.6578,5.0000,-2.6667,🔥极度低估,96.9904,0.8208,5.4720,-3,-3,-2
2008-11-26,1193.0900,54.9200,0.6881,5.0000,-2.6667,🔥极度低估,95.9016,2.0492,5.6011,-3,-3,-2
2008-11-28,1185.7500,55.2800,0.6851,5.0000,-2.6667,🔥极度低估,96.1801,1.9100,5.7299,-3,-3,-2
2008-12-01,1091.1600,68.5100,0.6317,5.0000,-2.6667,🔥极度低估,98.5014,0.5450,5.8583,-3,-3,-2
2008-12-02,1130.0000,62.9800,0.6554,5.0000,-2.6667,🔥极度低估,97.1429,0.8163,5.9864,-3,-3,-2
2008-12-03,1166.2000,60.7200,0.6776,5.0000,-2.6667,🔥极度低估,96.6033,1.9022,6.1141,-3,-3,-2
2008-12-04,1127.7500,63.6400,0.6565,5.0000,-2.6667,🔥极度低估,97.1506,1.0855,6.2415,-3,-3,-2
2008-12-05,1177.8700,59.9300,0.6868,5.0000,-2.6667,🔥极度低估,96.2060,2.7100,6.3686,-3,-3,-2
2008-12-08,1225.0600,58.4900,0.7155,5.0000,-2.6667,🔥极度低估,95.8051,3.9242,6.4953,-3,-3,-2
2008-12-09,1212.4500,58.9100,0.7093,5.0000,-2.6667,🔥极度低估,95.8108,3.9189,6.6216,-3,-3,-2
2008-12-10,1222.3800,55.7300,0.7164,5.0000,-2.6667,🔥极度低估,95.2767,4.3185,6.7476,-3,-3,-2
2008-12-11,1180.4600,55.7800,0.6930,5.0000,-2.6667,🔥极度低估,95.2830,3.3693,6.8733,-3,-3,-2
2008-12-12,1206.6500,54.2800,0.7095,5.0000,-2.3333,🔥极度低估,94.3472,4.1723,6.9987,-2,-3,-2
2008-12-15,1181.8700,56.7600,0.6961,5.0000,-2.6667,🔥极度低估,95.4301,3.4946,7.1237,-3,-3,-2
2008-12-16,1243.4900,52.3700,0.7335,5.0000,-2.0000,🟢中度低估,93.5570,5.7718,7.2483,-2,-2,-2
2008-12-17,1225.8600,49.8400,0.7242,5.0000,-2.0000,🟢中度低估,93.2976,5.4960,7.3727,-2,-2,-2
2008-12-18,1204.6900,47.3400,0.7128,5.0000,-2.3333,🔥极度低估,93.0388,4.4177,7.4967,-2,-3,-2
2008-12-19,1217.1900,44.9300,0.7212,5.0000,-2.0000,🟢中度低估,92.5134,5.4813,7.6203,-2,-2,-2
2008-12-22,1189.1500,44.5600,0.7056,5.0000,-2.3333,🔥极度低估,92.3899,3.8718,7.7437,-2,-3,-2
2008-12-23,1183.1900,45.0200,0.7032,5.0000,-2.3333,🔥极度低估,92.5333,3.7333,7.8667,-2,-3,-2
2008-12-24,1184.3000,44.2100,0.7050,5.0000,-2.3333,🔥极度低估,92.1438,3.9947,7.9893,-2,-3,-2
2008-12-26,1185.4400,43.3800,0.7069,5.0000,-2.3333,🔥极度低估,92.0213,4.3883,8.1117,-2,-3,-2
2008-12-29,1173.1500,43.9000,0.7007,5.0000,-2.3333,🔥极度低估,92.0319,3.7185,8.2337,-2,-3,-2
2008-12-30,1201.3400,41.6300,0.7186,5.0000,-2.0000,🟢中度低估,91.7772,5.7029,8.3554,-2,-2,-2
2008-12-31,1211.6500,40.0000,0.7260,15.0000,-2.0000,🟢中度低估,91.6556,6.6225,9.1391,-2,-2,-2
2009-01-02,1263.7000,39.1900,0.7582,15.0000,-2.0000,🟢中度低估,91.2698,7.8042,9.2593,-2,-2,-2
2009-01-05,1262.5200,39.0800,0.7586,15.0000,-2.0000,🟢中度低估,91.1493,7.9260,9.3791,-2,-2,-2
2009-01-06,1274.4900,38.5600,0.7670,15.0000,-2.0000,🟢中度低估,91.0290,8.1794,9.4987,-2,-2,-2
2009-01-07,1238.6000,43.3900,0.7467,5.0000,-2.0000,🟢中度低估,91.9631,7.6416,8.4321,-2,-2,-2
2009-01-08,1252.5200,42.5600,0.7564,5.0000,-2.0000,🟢中度低估,91.7105,7.8947,8.5526,-2,-2,-2
2009-01-09,1223.0100,42.8200,0.7398,5.0000,-2.0000,🟢中度低估,91.7214,7.0959,8.6728,-2,-2,-2
2009-01-12,1201.1300,45.8400,0.7278,5.0000,-2.0000,🟢中度低估,92.9134,6.8241,8.7927,-2,-2,-2
2009-01-13,1202.6500,43.2700,0.7300,5.0000,-2.0000,🟢中度低估,91.6121,7.0773,8.9122,-2,-2,-2
2009-01-14,1163.4200,49.1400,0.7077,5.0000,-2.3333,🔥极度低估,93.3246,4.7120,9.0314,-2,-3,-2
2009-01-15,1183.5200,51.0000,0.7214,5.0000,-2.0000,🟢中度低估,93.4641,6.4052,9.1503,-2,-2,-2
2009-01-16,1198.1400,46.1100,0.7318,5.0000,-2.0000,🟢中度低估,92.6893,7.4413,9.2689,-2,-2,-2
2009-01-20,1136.6100,56.6500,0.6957,5.0000,-2.6667,🔥极度低估,95.4368,3.3898,9.3872,-3,-3,-2
2009-01-21,1185.7600,46.4200,0.7273,5.0000,-2.0000,🟢中度低估,92.5781,7.1615,9.5052,-2,-2,-2
2009-01-22,1168.0800,47.2900,0.7180,5.0000,-2.0000,🟢中度低估,92.7178,5.7217,9.6229,-2,-2,-2
2009-01-23,1175.8900,47.2700,0.7242,5.0000,-2.0000,🟢中度低估,92.5974,7.0130,9.7403,-2,-2,-2
2009-01-26,1184.5600,45.6900,0.7311,5.0000,-2.0000,🟢中度低估,91.9585,7.9118,9.8573,-2,-2,-2
2009-01-27,1194.4100,42.2500,0.7385,5.0000,-2.0000,🟢中度低估,90.2850,8.2902,9.9741,-2,-2,-2
2009-01-28,1235.9100,39.6600,0.7655,15.0000,-2.0000,🟢中度低估,89.7801,9.8318,11.2549,-2,-2,-2
2009-01-29,1203.8500,42.6300,0.7470,5.0000,-2.0000,🟢中度低估,90.4393,9.1731,10.0775,-2,-2,-2
2009-01-30,1180.2500,44.8400,0.7339,5.0000,-2.0000,🟢中度低估,91.3548,8.2581,10.1935,-2,-2,-2
2009-02-02,1195.7500,45.5200,0.7450,5.0000,-2.0000,🟢中度低估,91.8814,9.0206,10.3093,-2,-2,-2
2009-02-03,1215.6600,43.0600,0.7590,5.0000,-2.0000,🟢中度低估,90.3475,10.0386,10.4247,-2,-2,-2
2009-02-04,1215.4300,43.8500,0.7606,5.0000,-2.0000,🟢中度低估,90.7455,10.1542,10.5398,-2,-2,-2
2009-02-05,1245.1100,43.7300,0.7807,5.0000,-2.0000,🟢中度低估,90.6290,10.9114,10.6547,-2,-2,-2
2009-02-06,1277.4900,43.3700,0.8026,5.0000,-2.0000,🟢中度低估,90.2564,11.4103,10.7692,-2,-2,-2
2009-02-09,1281.6500,43.6400,0.8068,5.0000,-2.0000,🟢中度低估,90.5250,11.5237,10.8835,-2,-2,-2
2009-02-10,1229.2900,46.6700,0.7755,5.0000,-2.0000,🟢中度低估,92.4552,10.7417,10.9974,-2,-2,-2
2009-02-11,1227.0500,44.5300,0.7758,5.0000,-2.0000,🟢中度低估,90.9323,10.8557,11.1111,-2,-2,-2
2009-02-12,1242.8100,41.2500,0.7875,5.0000,-2.0000,🟢中度低估,88.9031,11.2245,11.2245,-2,-2,-2
2009-02-13,1236.8500,42.9300,0.7854,5.0000,-2.0000,🟢中度低估,89.5541,11.2102,11.3376,-2,-2,-2
2009-02-17,1187.0400,48.6600,0.7557,5.0000,-2.0000,🟢中度低估,93.1298,9.5420,11.4504,-2,-2,-2
2009-02-18,1188.7700,48.4600,0.7587,5.0000,-2.0000,🟢中度低估,93.0114,10.0381,11.5629,-2,-2,-2
2009-02-19,1167.8900,47.0800,0.7473,5.0000,-2.0000,🟢中度低估,92.3858,9.3909,11.6751,-2,-2,-2
2009-02-20,1172.7100,49.3000,0.7524,5.0000,-2.0000,🟢中度低估,93.2826,9.6324,11.7871,-2,-2,-2
2009-02-23,1128.9700,52.6200,0.7262,5.0000,-2.0000,🟢中度低估,93.7975,7.2152,11.8987,-2,-2,-2
2009-02-24,1171.4500,45.4900,0.7555,5.0000,-2.0000,🟢中度低估,91.1504,9.8609,12.0101,-2,-2,-2
2009-02-25,1160.8300,44.6700,0.7506,5.0000,-2.0000,🟢中度低估,90.4040,9.7222,12.1212,-2,-2,-2
2009-02-26,1127.1000,44.6600,0.7308,5.0000,-2.0000,🟢中度低估,90.2900,7.8184,12.2320,-2,-2,-2
2009-02-27,1116.9900,46.3500,0.7263,5.0000,-2.0000,🟢中度低估,91.6877,7.3048,12.3426,-2,-2,-2
2009-03-02,1076.6700,52.6500,0.7022,5.0000,-2.3333,🔥极度低估,93.8365,3.7736,12.4528,-2,-3,-2
2009-03-03,1080.6700,50.9300,0.7070,5.0000,-2.3333,🔥极度低估,93.2161,4.6482,12.5628,-2,-3,-2
2009-03-04,1110.3000,47.5600,0.7286,5.0000,-2.0000,🟢中度低估,92.3463,7.9046,12.6725,-2,-2,-2
2009-03-05,1074.5200,50.1700,0.7073,5.0000,-2.3333,🔥极度低估,93.1078,4.7619,12.7820,-2,-3,-2
2009-03-06,1064.7000,49.3300,0.7030,5.0000,-2.3333,🔥极度低估,92.8661,3.8798,12.8911,-2,-3,-2
2009-03-09,1043.8700,49.6800,0.6913,5.0000,-2.3333,🔥极度低估,92.8750,2.8750,13.0000,-2,-3,-2
2009-03-10,1112.4400,44.3700,0.7388,5.0000,-2.0000,🟢中度低估,89.1386,9.3633,13.1086,-2,-2,-2
2009-03-11,1125.9500,43.6100,0.7499,5.0000,-2.0000,🟢中度低估,88.4040,10.7232,13.2170,-2,-2,-2
2009-03-12,1164.7100,41.1800,0.7779,5.0000,-2.0000,🟢中度低估,86.7995,12.8269,13.3250,-2,-2,-2
2009-03-13,1168.5200,42.3600,0.7826,5.0000,-2.0000,🟢中度低估,87.1891,13.1841,13.4328,-2,-2,-2
2009-03-16,1145.4500,43.7400,0.7694,5.0000,-2.0000,🟢中度低估,88.6957,12.4224,13.5404,-2,-2,-2
2009-03-17,1192.1700,40.8000,0.8030,5.0000,-2.0000,🟢中度低估,86.4764,14.1439,13.6476,-2,-2,-2
2009-03-18,1206.9600,40.0600,0.8152,5.0000,-2.0000,🟢中度低估,86.3693,14.3742,13.7546,-2,-2,-2
2009-03-19,1204.2100,43.6800,0.8155,5.0000,-2.0000,🟢中度低估,88.4901,14.4802,13.8614,-2,-2,-2
2009-03-20,1187.1800,45.8900,0.8062,5.0000,-2.0000,🟢中度低估,90.8529,14.2151,13.9679,-2,-2,-2
2009-03-23,1259.8100,43.2300,0.8579,5.0000,-1.6667,🟢中度低估,87.5309,15.1852,14.0741,-2,-1,-2
2009-03-24,1234.3400,42.9300,0.8427,5.0000,-2.0000,🟢中度低估,87.2996,14.7965,14.1800,-2,-2,-2
2009-03-25,1236.6600,42.2500,0.8464,5.0000,-1.6667,🟢中度低估,86.5764,15.0246,14.2857,-2,-1,-2
2009-03-26,1281.3000,40.3600,0.8791,5.0000,-1.6667,🟢中度低估,85.8549,16.6052,14.3911,-2,-1,-2
2009-03-27,1251.4700,41.0400,0.8606,5.0000,-1.6667,🟢中度低估,85.9951,15.4791,14.4963,-2,-1,-2
2009-03-30,1220.8100,45.5400,0.8415,5.0000,-2.0000,🟢中度低估,90.5521,14.7239,14.6012,-2,-2,-2
2009-03-31,1237.0100,44.1400,0.8549,5.0000,-1.6667,🟢中度低估,88.8480,15.4412,14.7059,-2,-1,-2
2009-04-01,1252.5100,42.2800,0.8678,5.0000,-1.6667,🟢中度低估,86.4137,16.2791,14.8103,-2,-1,-2
2009-04-02,1294.3000,42.0400,0.8988,5.0000,-1.6667,🟢中度低估,86.0636,20.5379,14.9144,-2,-1,-2
2009-04-03,1316.1600,39.7000,0.9160,15.0000,-1.0000,🟡轻度低估,84.8596,24.7863,16.2393,-1,-1,-1
2009-04-06,1313.1000,40.9300,0.9160,5.0000,-1.3333,🟢中度低估,85.4878,24.8780,15.0000,-2,-1,-1
2009-04-07,1275.4200,40.3900,0.8918,5.0000,-1.3333,🟢中度低估,85.2619,18.8794,15.1035,-2,-1,-1
2009-04-08,1300.7500,38.8500,0.9114,15.0000,-1.0000,🟡轻度低估,84.0633,23.7226,16.5450,-1,-1,-1
2009-04-09,1340.2800,36.5300,0.9410,15.0000,-0.6667,🟡轻度低估,83.8396,31.4702,16.6464,-1,0,-1
2009-04-13,1336.6700,37.8100,0.9404,15.0000,-0.6667,🟡轻度低估,83.8592,31.4320,16.7476,-1,0,-1
2009-04-14,1322.3100,37.6700,0.9321,15.0000,-1.0000,🟡轻度低估,83.7576,29.0909,16.8485,-1,-1,-1
2009-04-15,1316.5100,36.1700,0.9298,15.0000,-1.0000,🟡轻度低估,83.4140,28.3293,16.9492,-1,-1,-1
2009-04-16,1352.9800,35.7900,0.9572,15.0000,-0.6667,🟡轻度低估,83.3132,36.3966,17.0496,-1,0,-1
2009-04-17,1353.9200,33.9400,0.9596,22.0000,-0.6667,🟡轻度低估,82.8502,37.1981,18.7198,-1,0,-1
2009-04-20,1309.3700,39.1800,0.9296,15.0000,-1.0000,🟡轻度低估,84.3185,28.2268,17.1291,-1,-1,-1
2009-04-21,1329.0600,37.1400,0.9453,15.0000,-0.6667,🟡轻度低估,83.6145,33.0120,17.2289,-1,0,-1
2009-04-22,1335.7200,38.1000,0.9517,15.0000,-0.6667,🟡轻度低估,83.8748,34.8977,17.3285,-1,0,-1
2009-04-23,1344.4100,37.1500,0.9597,15.0000,-0.6667,🟡轻度低估,83.5337,37.5000,17.4279,-1,0,-1
2009-04-24,1373.2800,36.8200,0.9818,15.0000,-0.6667,🟡轻度低估,83.3133,42.3770,17.5270,-1,0,-1
2009-04-27,1369.9400,38.3200,0.9811,15.0000,-0.6667,🟡轻度低估,83.9329,42.0863,17.6259,-1,0,-1
2009-04-28,1361.9200,37.9500,0.9769,15.0000,-0.6667,🟡轻度低估,83.7126,40.9581,17.7246,-1,0,-1
2009-04-29,1382.3800,36.0800,0.9931,15.0000,-0.6667,🟡轻度低估,82.6555,44.3780,17.8230,-1,0,-1
2009-04-30,1394.3300,36.5000,1.0031,15.0000,-0.6667,🟡轻度低估,82.9152,46.5950,17.9211,-1,0,-1
2009-05-01,1396.6200,35.3000,1.0064,15.0000,-0.6667,🟡轻度低估,82.2196,47.6134,18.0191,-1,0,-1
2009-05-04,1427.9600,34.5300,1.0305,22.0000,-0.6667,🟡轻度低估,81.8832,53.9928,19.7855,-1,0,-1
2009-05-05,1423.8100,33.3600,1.0290,22.0000,-0.6667,🟡轻度低估,81.5476,53.2143,19.8810,-1,0,-1
2009-05-06,1423.8500,32.4500,1.0305,22.0000,-0.6667,🟡轻度低估,81.2128,53.9834,19.9762,-1,0,-1
2009-05-07,1389.8300,33.4400,1.0075,22.0000,-0.6667,🟡轻度低估,81.5914,47.5059,20.0713,-1,0,-1
2009-05-08,1394.1600,32.0500,1.0123,22.0000,-0.6667,🟡轻度低估,80.7829,48.9917,20.1661,-1,0,-1
2009-05-11,1395.7900,32.8700,1.0150,22.0000,-0.6667,🟡轻度低估,81.2796,49.5261,20.2607,-1,0,-1
2009-05-12,1377.4000,31.8000,1.0033,22.0000,-0.6667,🟡轻度低估,80.5917,46.2722,20.3550,-1,0,-1
2009-05-13,1339.8300,33.6500,0.9776,22.0000,-0.6667,🟡轻度低估,81.6785,40.6619,20.4492,-1,0,-1
2009-05-14,1359.6700,31.3700,0.9939,22.0000,-0.6667,🟡轻度低估,80.2834,44.1558,20.5431,-1,0,-1
2009-05-15,1355.1100,33.1200,0.9923,22.0000,-0.6667,🟡轻度低估,81.3679,43.8679,20.6368,-1,0,-1
2009-05-18,1392.7300,30.2400,1.0216,22.0000,-0.6667,🟡轻度低估,79.3875,51.2367,20.7303,-1,0,-1
2009-05-19,1398.0500,28.8000,1.0271,28.0000,-0.6667,🟡轻度低估,78.4706,53.1765,22.5882,-1,0,-1
2009-05-20,1393.7200,29.0300,1.0255,28.0000,-0.6667,🟡轻度低估,78.8484,52.7615,22.6792,-1,0,-1
2009-05-21,1367.3900,31.3500,1.0080,22.0000,-0.6667,🟡轻度低估,80.1643,47.5352,20.7746,-1,0,-1
2009-05-22,1363.1700,32.6300,1.0068,22.0000,-0.6667,🟡轻度低估,81.0082,47.3623,20.8675,-1,0,-1
2009-05-26,1412.6100,30.6200,1.0452,22.0000,-0.6667,🟡轻度低估,79.3911,62.6464,20.9602,-1,0,-1
2009-05-27,1401.8800,32.3600,1.0392,22.0000,-0.6667,🟡轻度低估,80.8187,58.5965,21.0526,-1,0,-1
2009-05-28,1420.3100,31.6700,1.0549,22.0000,-0.6667,🟡轻度低估,80.1402,68.4579,21.1449,-1,0,-1
2009-05-29,1435.5700,28.9200,1.0683,28.0000,-0.3333,🟡轻度低估,78.0630,74.0957,23.2205,-1,1,-1
2009-06-01,1477.1200,30.0400,1.1011,22.0000,0.0000,⚪中性,78.9044,92.0746,21.2121,-1,2,-1
2009-06-02,1480.3100,29.6300,1.1055,28.0000,0.0000,⚪中性,78.5797,93.8300,23.3993,-1,2,-1
2009-06-03,1475.4400,31.0200,1.1038,22.0000,0.0000,⚪中性,79.6512,92.7907,21.2791,-1,2,-1
2009-06-04,1492.7400,30.1800,1.1186,22.0000,0.3333,🟠轻度高估,78.8618,96.6318,21.3705,-1,3,-1
2009-06-05,1493.2100,29.6200,1.1207,28.0000,0.3333,🟠轻度高估,78.3063,96.6357,23.6659,-1,3,-1
2009-06-08,1488.4900,29.7700,1.1189,28.0000,0.3333,🟠轻度高估,78.4473,96.5238,23.7543,-1,3,-1
2009-06-09,1501.5500,28.2700,1.1305,28.0000,0.3333,🟠轻度高估,76.6204,97.6852,23.8426,-1,3,-1
2009-06-10,1495.2700,28.4600,1.1276,28.0000,0.3333,🟠轻度高估,76.8786,97.2254,23.9306,-1,3,-1
2009-06-11,1497.0100,28.1100,1.1306,28.0000,0.3333,🟠轻度高估,76.3279,97.6905,24.0185,-1,3,-1
2009-06-12,1489.9700,28.1500,1.1270,28.0000,0.3333,🟠轻度高估,76.3552,97.0012,24.1061,-1,3,-1
2009-06-15,1456.9600,30.8100,1.1038,22.0000,0.0000,⚪中性,79.4931,92.0507,21.3134,-1,2,-1
2009-06-16,1443.2500,32.6800,1.0954,22.0000,0.0000,⚪中性,81.3579,87.8021,21.4039,-1,2,-1
2009-06-17,1455.8900,31.5400,1.1068,22.0000,0.0000,⚪中性,80.2299,93.2184,21.4943,-1,2,-1
2009-06-18,1453.8000,30.0300,1.1068,22.0000,0.0000,⚪中性,78.5304,93.2262,21.5844,-1,2,-1
2009-06-19,1471.2300,27.9900,1.1216,35.0000,0.6667,🟠轻度高估,75.5734,96.4450,31.4220,-1,3,0
2009-06-22,1426.6100,31.1700,1.0891,22.0000,-0.3333,🟡轻度低估,79.9542,84.9943,21.6495,-1,1,-1
2009-06-23,1424.4600,30.5800,1.0889,22.0000,-0.3333,🟡轻度低估,78.9474,84.4394,21.7391,-1,1,-1
2009-06-24,1447.0600,29.0500,1.1075,28.0000,0.0000,⚪中性,77.4857,93.1429,24.6857,-1,2,-1
2009-06-25,1475.8200,26.3600,1.1305,35.0000,0.6667,🟠轻度高估,72.8311,97.6027,31.7352,-1,3,0
2009-06-26,1480.2000,25.9300,1.1350,35.0000,0.6667,🟠轻度高估,71.2657,97.9475,31.8130,-1,3,0
2009-06-29,1483.8300,25.3500,1.1391,35.0000,1.0000,🟠轻度高估,69.2483,98.0638,31.8907,0,3,0
2009-06-30,1477.2500,26.3500,1.1353,35.0000,0.6667,🟠轻度高估,72.6962,97.8385,31.9681,-1,3,0
2009-07-01,1481.3400,26.2200,1.1394,35.0000,0.6667,🟠轻度高估,71.9318,98.0682,32.0455,-1,3,0
2009-07-02,1446.2800,27.9500,1.1136,35.0000,0.3333,🟠轻度高估,75.3689,93.7571,32.1226,-1,2,0
2009-07-06,1441.0100,29.0000,1.1104,28.0000,0.0000,⚪中性,77.3243,93.0839,24.6032,-1,2,-1
2009-07-07,1404.7800,30.8500,1.0837,22.0000,-0.3333,🟡轻度低估,79.6149,80.6342,21.6308,-1,1,-1
2009-07-08,1411.5300,31.3000,1.0903,22.0000,-0.3333,🟡轻度低估,80.2036,84.9548,21.7195,-1,1,-1
2009-07-09,1414.9800,29.7800,1.0940,28.0000,0.0000,⚪中性,78.0791,86.2147,24.8588,-1,2,-1
2009-07-10,1419.8400,29.0200,1.0988,28.0000,0.0000,⚪中性,77.2009,88.3747,24.9436,-1,2,-1
2009-07-13,1447.7000,26.3100,1.1212,35.0000,0.6667,🟠轻度高估,71.9278,95.7159,32.5817,-1,3,0
2009-07-14,1452.8400,25.0200,1.1263,35.0000,1.0000,🟠轻度高估,67.6802,96.3964,32.6577,0,3,0
2009-07-15,1500.9800,25.8900,1.1643,35.0000,0.6667,🟠轻度高估,70.4162,99.8875,32.7334,-1,3,0
2009-07-16,1518.8700,25.4200,1.1781,35.0000,1.0000,🟠轻度高估,68.5393,100.0000,32.8090,0,3,0
2009-07-17,1527.2600,24.3400,1.1849,42.0000,1.0000,🟠轻度高估,65.7688,100.0000,43.2099,0,3,0
2009-07-20,1544.0000,24.4000,1.1980,42.0000,1.0000,🟠轻度高估,66.1435,100.0000,43.2735,0,3,0
2009-07-21,1553.0100,23.8700,1.2047,42.0000,1.0000,🟠轻度高估,63.8298,100.0000,43.3371,0,3,0
2009-07-22,1565.0000,23.4700,1.2136,42.0000,1.0000,🟠轻度高估,62.1924,100.0000,43.4004,0,3,0
2009-07-23,1601.5200,23.4300,1.2410,42.0000,1.0000,🟠轻度高估,61.6760,100.0000,43.4637,0,3,0
2009-07-24,1599.0600,23.0900,1.2378,42.0000,1.0000,🟠轻度高估,60.3795,99.8884,43.5268,0,3,0
2009-07-27,1599.3100,24.2800,1.2367,42.0000,1.0000,🟠轻度高估,65.6633,99.7770,43.5897,0,3,0
2009-07-28,1605.4700,25.0100,1.2399,35.0000,1.0000,🟠轻度高估,67.5947,99.8886,32.6281,0,3,0
2009-07-29,1599.6100,25.6100,1.2338,35.0000,1.0000,🟠轻度高估,69.8554,99.5551,32.7030,0,3,0
2009-07-30,1609.8700,25.4000,1.2408,35.0000,1.0000,🟠轻度高估,68.6667,99.8889,32.7778,0,3,0
2009-07-31,1603.3600,25.9200,1.2347,35.0000,0.6667,🟠轻度高估,70.9212,99.4451,32.8524,-1,3,0
2009-08-03,1628.1200,25.5600,1.2519,35.0000,1.0000,🟠轻度高估,69.2905,100.0000,32.9268,0,3,0
2009-08-04,1628.4900,24.8900,1.2507,42.0000,1.0000,🟠轻度高估,66.8882,99.8893,43.9646,0,3,0
2009-08-05,1614.4400,24.9000,1.2384,42.0000,1.0000,🟠轻度高估,66.9248,99.4469,44.0265,0,3,0
2009-08-06,1600.2900,25.6700,1.2264,35.0000,0.6667,🟠轻度高估,70.0552,98.8950,32.9282,-1,3,0
2009-08-07,1619.4900,24.7600,1.2395,42.0000,1.0000,🟠轻度高估,66.3355,99.4481,44.1501,0,3,0
2009-08-10,1610.4300,24.9900,1.2308,42.0000,1.0000,🟠轻度高估,67.1444,98.7872,44.2117,0,3,0
2009-08-11,1594.6900,25.9900,1.2171,35.0000,0.6667,🟠轻度高估,71.4758,98.5683,32.9295,-1,3,0
2009-08-12,1619.5900,25.4500,1.2342,35.0000,1.0000,🟠轻度高估,68.7569,98.8999,33.0033,0,3,0
2009-08-13,1628.6500,24.7100,1.2389,42.0000,1.0000,🟠轻度高估,65.9341,99.3407,44.3956,0,3,0
2009-08-14,1611.5800,24.2700,1.2245,42.0000,1.0000,🟠轻度高估,64.6542,98.3535,44.4566,0,3,0
2009-08-17,1564.8900,27.8900,1.1878,35.0000,0.6667,🟠轻度高估,75.5482,97.8070,33.0044,-1,3,0
2009-08-18,1586.5000,26.1800,1.2031,35.0000,0.6667,🟠轻度高估,71.8510,97.9189,33.0778,-1,3,0
2009-08-19,1596.6100,26.2600,1.2095,35.0000,0.6667,🟠轻度高估,72.2101,98.0306,33.1510,-1,3,0
2009-08-20,1614.2200,25.0900,1.2216,35.0000,1.0000,🟠轻度高估,67.4317,98.2514,33.2240,0,3,0
2009-08-21,1637.7800,25.0100,1.2382,35.0000,1.0000,🟠轻度高估,67.0306,99.1266,33.2969,0,3,0
2009-08-24,1634.7800,25.1400,1.2344,35.0000,1.0000,🟠轻度高估,67.7208,98.6914,33.3697,0,3,0
2009-08-25,1639.9000,24.9200,1.2364,42.0000,1.0000,🟠轻度高估,66.4488,98.8017,44.8802,0,3,0
2009-08-26,1637.0000,24.9500,1.2325,42.0000,1.0000,🟠轻度高估,66.4853,98.2590,44.9402,0,3,0
2009-08-27,1640.9700,24.6800,1.2337,42.0000,1.0000,🟠轻度高估,65.3261,98.2609,45.0000,0,3,0
2009-08-28,1643.2400,24.7600,1.2334,42.0000,1.0000,🟠轻度高估,65.6895,98.1542,45.0597,0,3,0
2009-08-31,1625.1900,26.0100,1.2178,35.0000,0.6667,🟠轻度高估,71.6920,97.5054,33.2972,-1,3,0
2009-09-01,1595.8400,29.1500,1.1942,28.0000,0.3333,🟠轻度高估,78.4399,96.7497,24.0520,-1,3,-1
2009-09-02,1594.2800,28.9000,1.1912,28.0000,0.3333,🟠轻度高估,77.3810,96.6450,24.1342,-1,3,-1
2009-09-03,1605.9800,27.1000,1.1979,35.0000,0.6667,🟠轻度高估,74.0541,96.7568,33.5135,-1,3,0
2009-09-04,1638.0700,25.2600,1.2196,35.0000,1.0000,🟠轻度高估,67.9266,97.5162,33.5853,0,3,0
2009-09-08,1654.8100,25.6200,1.2295,35.0000,1.0000,🟠轻度高估,69.6872,97.8425,33.6570,0,3,0
2009-09-09,1669.2300,24.3200,1.2373,42.0000,1.0000,🟠轻度高估,63.7931,98.9224,45.4741,0,3,0
2009-09-10,1686.1600,23.5500,1.2471,42.0000,1.0000,🟠轻度高估,60.4952,99.7847,45.5328,0,3,0
2009-09-11,1685.4600,24.1500,1.2441,42.0000,1.0000,🟠轻度高估,63.2258,99.6774,45.5914,0,3,0
2009-09-14,1693.7600,23.8600,1.2477,42.0000,1.0000,🟠轻度高估,61.6541,99.7852,45.6498,0,3,0
2009-09-15,1699.5300,23.4200,1.2496,42.0000,1.0000,🟠轻度高估,59.2275,99.7854,45.7082,0,3,0
2009-09-16,1723.7300,23.6900,1.2649,42.0000,1.0000,🟠轻度高估,61.0932,100.0000,45.7663,0,3,0
2009-09-17,1721.0900,23.6500,1.2601,42.0000,1.0000,🟠轻度高估,60.8137,99.8929,45.8244,0,3,0
2009-09-18,1725.2400,23.9200,1.2604,42.0000,1.0000,🟠轻度高估,61.9251,99.8930,45.8824,0,3,0
2009-09-21,1731.5800,24.0600,1.2624,42.0000,1.0000,🟠轻度高估,62.9274,99.8932,45.9402,0,3,0
2009-09-22,1734.0900,23.0800,1.2614,42.0000,1.0000,🟠轻度高估,57.7375,99.7866,45.9979,0,3,0
2009-09-23,1724.2700,23.4900,1.2518,42.0000,1.0000,🟠轻度高估,59.9147,99.3603,46.0554,0,3,0
2009-09-24,1709.7600,24.9500,1.2391,42.0000,1.0000,🟠轻度高估,66.5602,98.2961,46.1129,0,3,0
2009-09-25,1694.1500,25.6100,1.2256,35.0000,1.0000,🟠轻度高估,70.0000,96.3830,33.2979,0,3,0
2009-09-28,1724.5900,24.8800,1.2454,42.0000,1.0000,🟠轻度高估,65.8874,98.8310,46.2274,0,3,0
2009-09-29,1717.6700,25.1900,1.2380,35.0000,1.0000,🟠轻度高估,67.9406,97.7707,33.3333,0,3,0
2009-09-30,1718.9900,25.6100,1.2367,35.0000,0.6667,🟠轻度高估,70.0954,97.3489,33.4040,-1,3,0
2009-10-01,1666.4100,28.2700,1.1968,28.0000,0.0000,⚪中性,77.0127,94.8093,23.7288,-1,2,-1
2009-10-02,1662.4900,28.6800,1.1921,28.0000,0.0000,⚪中性,77.6720,94.6032,23.8095,-1,2,-1
2009-10-05,1675.6400,26.8400,1.1996,35.0000,0.6667,🟠轻度高估,74.3129,95.0317,33.6152,-1,3,0
2009-10-06,1705.2500,25.7000,1.2187,35.0000,0.6667,🟠轻度高估,70.2218,95.6705,33.6853,-1,3,0
2009-10-07,1710.4500,24.6800,1.2202,42.0000,1.0000,🟠轻度高估,64.6624,95.7806,46.6245,0,3,0
2009-10-08,1717.7900,24.1800,1.2232,42.0000,1.0000,🟠轻度高估,63.0137,95.8904,46.6807,0,3,0
2009-10-09,1727.7600,23.1200,1.2279,42.0000,1.0000,🟠轻度高估,57.2632,96.2105,46.7368,0,3,0
2009-10-12,1729.6300,23.0100,1.2268,42.0000,1.0000,🟠轻度高估,56.5720,96.1094,46.7928,0,3,0
2009-10-13,1730.2700,22.9900,1.2249,42.0000,1.0000,🟠轻度高估,56.4076,95.7983,46.8487,0,3,0
2009-10-14,1754.2600,22.8600,1.2393,42.0000,1.0000,🟠轻度高估,55.5089,98.2162,46.9045,0,3,0
2009-10-15,1753.3600,21.7200,1.2363,48.0000,1.0000,🟠轻度高估,52.8302,97.0650,53.4591,0,3,0
2009-10-16,1739.3200,21.4300,1.2241,48.0000,1.0000,🟠轻度高估,52.0419,95.3927,53.5079,0,3,0
2009-10-19,1756.6800,21.4900,1.2342,48.0000,1.0000,🟠轻度高估,52.3013,96.7573,53.5565,0,3,0
2009-10-20,1756.1900,20.9000,1.2317,48.0000,1.0000,🟠轻度高估,49.8433,96.1338,53.6050,0,3,0
2009-10-21,1753.5600,22.2200,1.2278,42.0000,1.0000,🟠轻度高估,53.4447,95.7203,46.7641,0,3,0
2009-10-22,1763.1500,20.6900,1.2323,48.0000,1.0000,🟠轻度高估,48.6966,96.1418,53.7018,0,3,0
2009-10-23,1753.6300,22.2700,1.2235,42.0000,0.6667,🟠轻度高估,53.6458,94.8958,46.7708,0,2,0
2009-10-26,1746.7500,24.3100,1.2164,42.0000,0.6667,🟠轻度高估,63.8918,94.0687,46.8262,0,2,0
2009-10-27,1722.4600,24.8300,1.1974,42.0000,0.6667,🟠轻度高估,65.6965,93.2432,46.8815,0,2,0
2009-10-28,1682.0600,27.9100,1.1673,35.0000,0.3333,🟠轻度高估,76.4278,92.4195,33.2295,-1,2,0
2009-10-29,1711.2700,24.7600,1.1853,42.0000,0.6667,🟠轻度高估,65.4564,92.6349,46.9917,0,2,0
2009-10-30,1667.1300,30.6900,1.1528,22.0000,0.0000,⚪中性,80.9326,91.9171,20.0000,-1,2,-1
2009-11-02,1672.9100,29.7800,1.1549,28.0000,0.0000,⚪中性,79.8137,92.0290,23.4990,-1,2,-1
2009-11-03,1679.2000,28.8100,1.1571,28.0000,0.0000,⚪中性,78.0765,92.0372,23.5781,-1,2,-1
2009-11-04,1680.6700,27.7200,1.1562,35.0000,0.3333,🟠轻度高估,75.8264,91.9421,33.4711,-1,2,0
2009-11-05,1721.0900,25.4300,1.1817,35.0000,0.6667,🟠轻度高估,68.6275,92.4665,33.5397,0,2,0
2009-11-06,1730.7600,24.1900,1.1861,42.0000,0.6667,🟠轻度高估,62.8866,92.6804,47.3196,0,2,0
2009-11-09,1768.4000,23.1500,1.2095,42.0000,0.6667,🟠轻度高估,57.2606,93.8208,47.3738,0,2,0
2009-11-10,1773.1700,22.8400,1.2103,42.0000,0.6667,🟠轻度高估,55.1440,93.9300,47.4280,0,2,0
2009-11-11,1782.9500,23.0400,1.2147,42.0000,0.6667,🟠轻度高估,56.5262,94.0391,47.4820,0,2,0
2009-11-12,1773.1400,24.2400,1.2057,42.0000,0.6667,🟠轻度高估,63.1417,93.5318,47.5359,0,2,0
2009-11-13,1788.6100,23.3600,1.2137,42.0000,0.6667,🟠轻度高估,58.0513,93.9487,47.5897,0,2,0
2009-11-16,1807.5600,22.8900,1.2240,42.0000,0.6667,🟠轻度高估,55.4303,94.9795,47.6434,0,2,0
2009-11-17,1812.2100,22.4100,1.2247,42.0000,1.0000,🟠轻度高估,52.9171,95.1894,47.6970,0,3,0
2009-11-18,1801.7400,21.6300,1.2152,48.0000,0.6667,🟠轻度高估,51.7382,93.8650,54.6012,0,2,0
2009-11-19,1773.1900,22.6300,1.1939,42.0000,0.6667,🟠轻度高估,54.0347,92.2370,47.7017,0,2,0
2009-11-20,1764.3900,22.1900,1.1860,42.0000,0.6667,🟠轻度高估,52.4490,91.7347,47.7551,0,2,0
2009-11-23,1792.9400,21.1600,1.2031,48.0000,0.6667,🟠轻度高估,49.8471,92.9664,54.7401,0,2,0
2009-11-24,1786.2500,20.4700,1.1964,48.0000,0.6667,🟠轻度高估,46.9450,92.2607,54.7862,0,2,0
2009-11-25,1793.6700,20.4800,1.1991,48.0000,0.6667,🟠轻度高估,46.9990,92.6755,54.8321,0,2,0
2009-11-27,1765.4600,24.7400,1.1782,42.0000,0.6667,🟠轻度高估,65.2439,91.0569,47.6626,0,2,0
2009-11-30,1767.4300,24.5100,1.1774,42.0000,0.6667,🟠轻度高估,64.4670,90.8629,47.7157,0,2,0
2009-12-01,1787.7100,21.9200,1.1885,48.0000,0.6667,🟠轻度高估,52.1298,91.6836,54.9696,0,2,0
2009-12-02,1790.8200,21.1200,1.1882,48.0000,0.6667,🟠轻度高估,49.3414,91.5907,55.0152,0,2,0
2009-12-03,1782.9100,22.4600,1.1806,42.0000,0.6667,🟠轻度高估,53.4413,90.8907,47.6721,0,2,0
2009-12-04,1791.9100,21.2500,1.1841,48.0000,0.6667,🟠轻度高估,50.4550,91.0010,55.1062,0,2,0
2009-12-07,1783.6500,22.1000,1.1761,42.0000,0.6667,🟠轻度高估,52.5253,90.4040,47.6768,0,2,0
2009-12-08,1772.7300,23.6900,1.1666,42.0000,0.6667,🟠轻度高估,60.7467,90.2119,47.7296,0,2,0
2009-12-09,1789.7000,22.6600,1.1753,42.0000,0.6667,🟠轻度高估,54.6371,90.3226,47.7823,0,2,0
2009-12-10,1799.3700,22.3200,1.1791,42.0000,0.6667,🟠轻度高估,52.8701,90.7351,47.8348,0,2,0
2009-12-11,1792.0600,21.5900,1.1717,48.0000,0.6667,🟠轻度高估,51.4085,90.1408,55.3320,0,2,0
2009-12-14,1809.0900,21.1500,1.1800,48.0000,0.6667,🟠轻度高估,49.4472,90.7538,55.3769,0,2,0
2009-12-15,1798.2100,21.4900,1.1702,48.0000,0.6667,🟠轻度高估,51.1044,89.9598,55.4217,0,2,0
2009-12-16,1800.8200,20.5400,1.1692,48.0000,0.6667,🟠轻度高估,46.7402,89.8696,55.4664,0,2,0
2009-12-17,1778.2700,22.5100,1.1519,42.0000,0.6667,🟠轻度高估,54.0080,88.7776,47.6954,0,2,0
2009-12-18,1807.3600,21.6800,1.1680,48.0000,0.6667,🟠轻度高估,51.8519,89.7898,55.5556,0,2,0
2009-12-21,1828.7900,20.4900,1.1788,48.0000,0.6667,🟠轻度高估,46.4000,90.6000,55.6000,0,2,0
2009-12-22,1839.5100,19.5400,1.1830,55.0000,0.6667,🟠轻度高估,43.2567,91.0090,60.7393,0,2,0
2009-12-23,1851.9900,19.7100,1.1882,55.0000,0.6667,🟠轻度高估,44.0120,91.7166,60.7784,0,2,0
2009-12-24,1869.8400,19.4700,1.1970,55.0000,0.6667,🟠轻度高估,43.1705,92.4227,60.8175,0,2,0
2009-12-28,1878.1800,19.9300,1.1996,55.0000,0.6667,🟠轻度高估,44.6215,92.8287,60.8566,0,2,0
2009-12-29,1872.0200,20.0100,1.1929,48.0000,0.6667,🟠轻度高估,44.6766,91.8408,55.4229,0,2,0
2009-12-30,1878.6500,19.9600,1.1945,55.0000,0.6667,🟠轻度高估,44.6322,92.0477,60.9344,0,2,0
2009-12-31,1860.3100,21.6800,1.1804,48.0000,0.6667,🟠轻度高估,52.2344,90.2681,55.4121,0,2,0
2010-01-04,1886.7000,20.0400,1.1945,48.0000,0.6667,🟠轻度高估,44.9405,92.0635,55.4563,0,2,0
2010-01-05,1888.4300,19.3500,1.1930,55.0000,0.6667,🟠轻度高估,42.5173,91.6749,61.0505,0,2,0
2010-01-06,1878.4200,19.1600,1.1844,55.0000,0.6667,🟠轻度高估,42.3762,90.4950,61.0891,0,2,0
2010-01-07,1876.7200,19.0600,1.1809,55.0000,0.6667,🟠轻度高估,42.2354,90.1088,61.1276,0,2,0
2010-01-08,1892.5900,18.1300,1.1884,55.0000,0.6667,🟠轻度高估,39.4269,91.2055,61.1660,0,2,0
2010-01-11,1886.2400,17.5500,1.1822,62.0000,0.6667,🟠轻度高估,37.4136,90.1283,65.6466,0,2,0
2010-01-12,1861.7900,18.2500,1.1646,55.0000,0.6667,🟠轻度高估,39.8422,88.1657,61.1440,0,2,0
2010-01-13,1886.1300,17.8500,1.1774,62.0000,0.6667,🟠轻度高估,38.7192,89.1626,65.7143,0,2,0
2010-01-14,1886.5200,17.6300,1.1753,62.0000,0.6667,🟠轻度高估,37.6969,88.7795,65.7480,0,2,0
2010-01-15,1864.5200,17.9100,1.1594,62.0000,0.6667,🟠轻度高估,38.8397,87.8073,65.7817,0,2,0
2010-01-19,1895.4800,17.5800,1.1764,62.0000,0.6667,🟠轻度高估,37.5246,88.9980,65.8153,0,2,0
2010-01-20,1867.9500,18.6800,1.1573,55.0000,0.6667,🟠轻度高估,41.9038,87.6349,60.9421,0,2,0
2010-01-21,1850.5700,22.2700,1.1447,42.0000,0.6667,🟠轻度高估,53.9216,85.7843,46.7647,0,2,0
2010-01-22,1794.8200,27.3100,1.1084,35.0000,0.0000,⚪中性,76.1019,80.4114,31.9295,-1,1,0
2010-01-25,1802.3900,25.4100,1.1114,35.0000,0.3333,🟠轻度高估,69.8630,81.3112,31.9961,0,1,0
2010-01-26,1803.8600,24.5500,1.1107,42.0000,0.3333,🟠轻度高估,65.7869,80.9384,46.9208,0,1,0
2010-01-27,1818.9000,23.1400,1.1183,42.0000,0.3333,🟠轻度高估,58.4961,82.7148,46.9727,0,1,0
2010-01-28,1771.1000,23.7300,1.0874,42.0000,0.3333,🟠轻度高估,61.7561,71.0244,47.0244,0,1,0
2010-01-29,1741.0400,24.6200,1.0675,42.0000,0.0000,⚪中性,66.0819,61.3060,47.0760,0,0,0
2010-02-01,1760.7200,22.5900,1.0783,42.0000,0.0000,⚪中性,55.0146,67.4781,47.1276,0,0,0
2010-02-02,1776.9200,21.4800,1.0868,48.0000,0.3333,🟠轻度高估,51.3619,70.7198,55.2529,0,1,0
2010-02-03,1784.7000,21.6000,1.0900,48.0000,0.3333,🟠轻度高估,51.9922,73.2750,55.2964,0,1,0
2010-02-04,1732.9900,26.0800,1.0571,35.0000,-0.3333,🟡轻度低估,73.5922,57.4757,31.8447,-1,0,0
2010-02-05,1746.1200,26.1100,1.0637,35.0000,-0.3333,🟡轻度低估,73.6178,59.5538,31.9108,-1,0,0
2010-02-08,1734.8800,26.5100,1.0556,35.0000,-0.3333,🟡轻度低估,75.3876,56.9767,31.9767,-1,0,0
2010-02-09,1753.8400,26.0000,1.0659,35.0000,-0.3333,🟡轻度低估,73.0881,60.4066,32.0426,-1,0,0
2010-02-10,1749.7600,25.4000,1.0622,35.0000,0.0000,⚪中性,69.7292,58.8975,32.1083,0,0,0
2010-02-11,1775.7400,23.9600,1.0767,42.0000,0.0000,⚪中性,62.6087,66.1836,47.3430,0,0,0
2010-02-12,1779.1100,22.7300,1.0774,42.0000,0.0000,⚪中性,55.6950,66.6988,47.3938,0,0,0
2010-02-16,1802.0600,22.2500,1.0900,42.0000,0.3333,🟠轻度高估,53.1340,73.4812,47.4446,0,1,0
2010-02-17,1810.8600,21.7200,1.0939,48.0000,0.3333,🟠轻度高估,52.2158,74.7592,55.6840,0,1,0
2010-02-18,1823.3900,20.6300,1.1002,48.0000,0.3333,🟠轻度高估,46.8720,77.4783,55.7267,0,1,0
2010-02-19,1823.3200,20.0200,1.0988,48.0000,0.3333,🟠轻度高估,44.5192,76.7308,55.7692,0,1,0
2010-02-22,1817.6300,19.9400,1.0941,55.0000,0.3333,🟠轻度高估,44.1883,74.7358,61.7675,0,1,0
2010-02-23,1793.8200,21.3700,1.0784,48.0000,0.0000,⚪中性,50.4798,67.2745,55.7582,0,0,0
2010-02-24,1812.5100,20.2700,1.0883,48.0000,0.3333,🟠轻度高估,45.5417,71.6203,55.8006,0,1,0
2010-02-25,1812.9100,20.1000,1.0872,48.0000,0.3333,🟠轻度高估,44.8276,70.6897,55.8429,0,1,0
2010-02-26,1818.6800,19.5000,1.0892,55.0000,0.3333,🟠轻度高估,42.5837,72.7273,61.9139,0,1,0
2010-03-01,1846.4000,19.2600,1.1041,55.0000,0.3333,🟠轻度高估,41.9694,79.2543,61.9503,0,1,0
2010-03-02,1851.2100,19.0600,1.1054,55.0000,0.3333,🟠轻度高估,41.6428,79.9427,61.9866,0,1,0
2010-03-03,1851.5700,18.8300,1.1040,55.0000,0.3333,🟠轻度高估,41.0305,79.1031,62.0229,0,1,0
2010-03-04,1859.7200,18.7200,1.1073,55.0000,0.3333,🟠轻度高估,40.8008,80.3622,62.0591,0,1,0
2010-03-05,1888.5600,17.4200,1.1228,62.0000,0.3333,🟠轻度高估,36.0000,83.9048,66.8571,0,1,0
2010-03-08,1890.8900,17.7900,1.1225,62.0000,0.3333,🟠轻度高估,37.2978,83.8249,66.8887,0,1,0
2010-03-09,1901.3800,17.9200,1.1270,62.0000,0.3333,🟠轻度高估,37.9278,84.5057,66.9202,0,1,0
2010-03-10,1917.3500,18.5700,1.1346,55.0000,0.6667,🟠轻度高估,40.0760,85.3751,61.9183,0,2,0
2010-03-11,1923.8100,18.0600,1.1367,55.0000,0.6667,🟠轻度高估,38.3302,85.5787,61.9545,0,2,0
2010-03-12,1924.4300,17.5800,1.1353,62.0000,0.6667,🟠轻度高估,36.3981,85.4976,67.0142,0,2,0
2010-03-15,1920.0900,18.0000,1.1311,62.0000,0.6667,🟠轻度高估,38.1629,85.0379,67.0455,0,2,0
2010-03-16,1932.2400,17.6900,1.1366,62.0000,0.6667,🟠轻度高估,36.7077,85.5251,67.0766,0,2,0
2010-03-17,1936.2200,16.9100,1.1374,62.0000,0.6667,🟠轻度高估,34.6881,85.6333,67.1078,0,2,0
2010-03-18,1943.9400,16.6200,1.1403,62.0000,0.6667,🟠轻度高估,33.8055,86.0246,67.1388,0,2,0
2010-03-19,1932.4300,16.9700,1.1321,62.0000,0.3333,🟠轻度高估,34.9057,84.8113,67.1698,0,1,0
2010-03-22,1949.5900,16.8700,1.1406,62.0000,0.6667,🟠轻度高估,34.5900,86.0509,67.2008,0,2,0
2010-03-23,1963.2000,16.3500,1.1470,62.0000,0.6667,🟠轻度高估,33.3333,86.7232,67.2316,0,2,0
2010-03-24,1951.8400,17.5500,1.1388,62.0000,0.6667,🟠轻度高估,36.3123,85.5127,67.2625,0,2,0
2010-03-25,1949.1500,18.4000,1.1358,55.0000,0.6667,🟠轻度高估,39.9436,85.0564,61.4662,0,2,0
2010-03-26,1952.6300,17.7700,1.1363,62.0000,0.6667,🟠轻度高估,37.3709,85.0704,67.3239,0,2,0
2010-03-29,1961.2200,17.5900,1.1397,62.0000,0.6667,🟠轻度高估,36.6792,85.8349,67.3546,0,2,0
2010-03-30,1967.9600,17.1300,1.1421,62.0000,0.6667,🟠轻度高估,35.3327,86.1293,67.3852,0,2,0
2010-03-31,1958.3400,17.5900,1.1348,62.0000,0.3333,🟠轻度高估,36.7978,84.4569,67.4157,0,1,0
2010-04-01,1959.5600,17.4700,1.1338,62.0000,0.3333,🟠轻度高估,36.1085,84.2844,67.4462,0,1,0
2010-04-05,1977.8300,17.0200,1.1427,62.0000,0.6667,🟠轻度高估,35.1402,86.2617,67.4766,0,2,0
2010-04-06,1981.9500,16.2300,1.1433,62.0000,0.6667,🟠轻度高估,32.8665,86.2745,67.5070,0,2,0
2010-04-07,1977.3000,16.6200,1.1390,62.0000,0.6667,🟠轻度高估,33.6754,85.2612,67.5373,0,2,0
2010-04-08,1980.7300,16.4800,1.1391,62.0000,0.6667,🟠轻度高估,33.5508,85.3681,67.5676,0,2,0
2010-04-09,1994.4300,16.1400,1.1451,62.0000,0.6667,🟠轻度高估,32.5885,86.4991,67.5978,0,2,0
2010-04-12,1995.6500,15.5800,1.1440,70.0000,1.0000,🟠轻度高估,31.4419,86.2326,73.7674,0,2,1
2010-04-13,2003.8100,16.2000,1.1470,62.0000,0.6667,🟠轻度高估,32.7138,86.8030,67.5651,0,2,0
2010-04-14,2028.8200,15.5900,1.1595,70.0000,1.0000,🟠轻度高估,31.5692,88.3937,73.8162,0,2,1
2010-04-15,2038.6400,15.8900,1.1632,70.0000,1.0000,🟠轻度高估,32.2820,88.4045,73.8404,0,2,1
2010-04-16,2012.8400,18.3600,1.1468,55.0000,0.6667,🟠轻度高估,40.6858,86.5616,60.7044,0,2,0
2010-04-19,2013.5300,17.3400,1.1454,62.0000,0.6667,🟠轻度高估,36.2037,86.2037,67.5000,0,2,0
2010-04-20,2023.6000,15.7300,1.1493,70.0000,1.0000,🟠轻度高估,31.7299,87.1415,73.9130,0,2,1
2010-04-21,2034.5300,16.3200,1.1535,62.0000,0.6667,🟠轻度高估,33.3641,87.7079,67.4677,0,2,0
2010-04-22,2045.1600,16.4700,1.1574,62.0000,0.6667,🟠轻度高估,33.8873,88.1810,67.4977,0,2,0
2010-04-23,2055.3300,16.6200,1.1611,62.0000,0.6667,🟠轻度高估,34.2251,88.3764,67.5277,0,2,0
2010-04-26,2049.0900,17.4700,1.1555,62.0000,0.6667,🟠轻度高估,36.9585,87.7419,67.5576,0,2,0
2010-04-27,2006.2500,22.8100,1.1295,42.0000,0.3333,🟠轻度高估,58.0110,82.1363,45.3959,0,1,0
2010-04-28,2007.5900,21.0800,1.1284,48.0000,0.3333,🟠轻度高估,50.8740,82.0607,53.8178,0,1,0
2010-04-29,2042.8900,18.4400,1.1464,55.0000,0.6667,🟠轻度高估,41.1765,86.1213,60.4779,0,2,0
2010-04-30,2000.6300,22.0500,1.1211,42.0000,0.3333,🟠轻度高估,54.8209,80.6244,45.3627,0,1,0
2010-05-03,2031.6000,20.1900,1.1368,48.0000,0.3333,🟠轻度高估,47.0642,83.8532,53.8532,0,1,0
2010-05-04,1968.9700,23.8400,1.1004,42.0000,0.3333,🟠轻度高估,63.8863,74.5188,45.3712,0,1,0
2010-05-05,1958.2600,24.9100,1.0932,42.0000,0.3333,🟠轻度高估,69.0476,71.4286,45.4212,0,1,0
2010-05-06,1893.7500,32.8000,1.0561,22.0000,-1.0000,🟡轻度低估,85.1784,54.0714,17.7493,-2,0,-1
2010-05-07,1849.4400,40.9500,1.0306,5.0000,-1.3333,🟢中度低估,89.1225,42.9616,11.4260,-2,0,-2
2010-05-10,1942.6100,28.8400,1.0815,28.0000,-0.6667,🟡轻度低估,80.4566,65.1142,21.0959,-1,0,-1
2010-05-11,1940.4800,28.3200,1.0793,28.0000,-0.6667,🟡轻度低估,79.6533,64.3248,21.1679,-1,0,-1
2010-05-12,1975.5800,25.5200,1.0977,35.0000,0.0000,⚪中性,71.8323,73.4731,30.7201,-1,1,0
2010-05-13,1945.5200,26.6800,1.0800,35.0000,-0.3333,🟡轻度低估,76.7760,64.3898,30.7832,-1,0,0
2010-05-14,1907.1000,31.2400,1.0577,22.0000,-0.6667,🟡轻度低估,83.8035,54.2311,17.8344,-1,0,-1
2010-05-17,1915.4500,30.8400,1.0615,22.0000,-0.6667,🟡轻度低估,83.1818,55.4545,17.9091,-1,0,-1
2010-05-18,1887.0600,33.5500,1.0449,22.0000,-1.0000,🟡轻度低估,85.7402,48.4105,17.9837,-2,0,-1
2010-05-19,1873.4200,35.3200,1.0366,15.0000,-1.3333,🟢中度低估,86.3884,44.7368,13.8838,-2,0,-2
2010-05-20,1800.1200,45.7900,0.9956,5.0000,-1.3333,🟢中度低估,93.1097,34.1795,11.4234,-2,0,-2
2010-05-21,1822.7700,40.1000,1.0076,5.0000,-1.3333,🟢中度低估,88.6775,36.8659,11.5036,-2,0,-2
2010-05-24,1815.2800,38.3200,1.0028,15.0000,-1.3333,🟢中度低估,87.6018,35.6561,14.1176,-2,0,-2
2010-05-25,1815.6800,34.6100,1.0025,22.0000,-1.0000,🟡轻度低估,85.8047,35.6239,18.3544,-2,0,-1
2010-05-26,1796.4700,35.0200,0.9914,15.0000,-1.3333,🟢中度低估,85.9079,33.6043,14.1825,-2,0,-2
2010-05-27,1862.7100,29.6800,1.0272,28.0000,-0.6667,🟡轻度低估,81.1372,41.6065,21.8412,-1,0,-1
2010-05-28,1852.3900,32.0700,1.0208,22.0000,-0.6667,🟡轻度低估,84.1298,39.4950,18.4851,-1,0,-1
2010-06-01,1835.0400,35.5400,1.0107,15.0000,-1.3333,🟢中度低估,86.2162,37.6577,14.2342,-2,0,-2
2010-06-02,1879.5900,30.1700,1.0345,22.0000,-0.6667,🟡轻度低估,81.6382,44.1944,18.6319,-1,0,-1
2010-06-03,1895.6600,29.4600,1.0424,28.0000,-0.6667,🟡轻度低估,80.6655,47.5719,22.1223,-1,0,-1
2010-06-04,1832.0400,35.4800,1.0067,15.0000,-1.3333,🟢中度低估,86.1635,36.6577,14.2857,-2,0,-2
2010-06-07,1798.1600,36.5700,0.9875,15.0000,-1.3333,🟢中度低估,86.8941,32.8546,14.3627,-2,0,-2
2010-06-08,1795.7000,33.7000,0.9857,22.0000,-1.0000,🟡轻度低估,85.2018,32.7354,18.8341,-2,0,-1
2010-06-09,1778.9200,33.7300,0.9761,22.0000,-1.0000,🟡轻度低估,85.2151,30.6452,18.9068,-2,0,-1
2010-06-10,1830.0900,30.5700,1.0036,22.0000,-0.6667,🟡轻度低估,81.6473,36.0788,18.9794,-1,0,-1
2010-06-11,1847.1500,28.7900,1.0124,28.0000,-0.6667,🟡轻度低估,78.8909,38.5510,22.5403,-1,0,-1
2010-06-14,1845.4800,28.5800,1.0109,28.0000,-0.6667,🟡轻度低估,78.7310,38.0697,22.6095,-1,0,-1
2010-06-15,1897.4800,25.8700,1.0387,35.0000,-0.3333,🟡轻度低估,72.0536,46.0714,32.1429,-1,0,0
2010-06-16,1905.3100,25.9200,1.0422,35.0000,-0.3333,🟡轻度低估,72.4353,47.9037,32.2034,-1,0,0
2010-06-17,1910.6500,25.0500,1.0443,35.0000,0.0000,⚪中性,68.2709,48.9305,32.2638,0,0,0
2010-06-18,1913.4800,23.9500,1.0450,42.0000,0.0000,⚪中性,62.6892,49.5102,46.9279,0,0,0
2010-06-21,1895.8400,24.8800,1.0345,42.0000,0.0000,⚪中性,66.9929,44.3950,46.9751,0,0,0
2010-06-22,1880.5400,27.0500,1.0254,35.0000,-0.3333,🟡轻度低估,75.6444,41.3333,32.2667,-1,0,0
2010-06-23,1874.4200,26.9100,1.0214,35.0000,-0.3333,🟡轻度低估,75.5773,40.0533,32.3268,-1,0,0
2010-06-24,1844.5900,29.7400,1.0046,28.0000,-0.6667,🟡轻度低估,80.7453,36.1136,22.5377,-1,0,-1
2010-06-25,1838.5200,28.5300,1.0008,28.0000,-0.6667,🟡轻度低估,78.6348,34.7518,22.6064,-1,0,-1
2010-06-28,1836.0000,29.0000,0.9991,28.0000,-0.6667,🟡轻度低估,79.7166,34.4553,22.6749,-1,0,-1
2010-06-29,1764.0600,34.1300,0.9597,22.0000,-1.3333,🟢中度低估,85.5752,27.6991,18.8496,-2,-1,-1
2010-06-30,1739.1400,34.5400,0.9460,22.0000,-1.3333,🟢中度低估,85.6764,24.4032,18.9213,-2,-1,-1
2010-07-01,1734.4100,32.8600,0.9434,22.0000,-1.0000,🟡轻度低估,84.4523,24.0283,18.9929,-1,-1,-1
2010-07-02,1728.3400,30.1200,0.9401,22.0000,-1.0000,🟡轻度低估,81.2004,23.0362,19.0644,-1,-1,-1
2010-07-06,1734.6800,29.6500,0.9435,28.0000,-1.0000,🟡轻度低估,80.3351,24.1623,23.0159,-1,-1,-1
2010-07-07,1789.7200,26.8400,0.9732,35.0000,-0.3333,🟡轻度低估,74.9780,30.3084,32.8634,-1,0,0
2010-07-08,1798.3100,25.7100,0.9777,35.0000,-0.3333,🟡轻度低估,70.9507,31.0739,32.9225,-1,0,0
2010-07-09,1814.7900,24.9800,0.9865,42.0000,0.0000,⚪中性,67.0185,32.8936,47.5814,0,0,0
2010-07-12,1821.0300,24.4300,0.9896,42.0000,0.0000,⚪中性,64.4112,33.2162,47.6274,0,0,0
2010-07-13,1845.0300,24.5600,1.0023,42.0000,0.0000,⚪中性,64.7937,35.8209,47.6734,0,0,0
2010-07-14,1853.4100,24.8900,1.0064,42.0000,0.0000,⚪中性,66.4035,37.2807,47.7193,0,0,0
2010-07-15,1856.2400,25.1400,1.0076,35.0000,0.0000,⚪中性,68.1858,37.6862,32.8659,0,0,0
2010-07-16,1803.4800,26.2500,0.9787,35.0000,-0.3333,🟡轻度低估,73.2925,31.0858,32.9247,-1,0,0
2010-07-19,1819.2800,25.9700,0.9870,35.0000,-0.3333,🟡轻度低估,72.0910,32.8959,32.9834,-1,0,0
2010-07-20,1840.6700,23.9300,0.9981,42.0000,0.0000,⚪中性,61.3636,34.8776,47.9021,0,0,0
2010-07-21,1817.3000,25.6400,0.9851,35.0000,-0.3333,🟡轻度低估,70.5677,32.5764,33.0131,-1,0,0
2010-07-22,1863.1000,24.6300,1.0094,42.0000,0.0000,⚪中性,64.8342,38.2199,47.9930,0,0,0
2010-07-23,1875.3800,23.4700,1.0156,42.0000,0.0000,⚪中性,59.0235,39.9303,48.0384,0,0,0
2010-07-26,1890.4000,22.7300,1.0232,42.0000,0.0000,⚪中性,54.9652,41.8118,48.0836,0,0,0
2010-07-27,1888.8100,23.1900,1.0219,42.0000,0.0000,⚪中性,57.7023,41.3403,48.1288,0,0,0
2010-07-28,1872.6200,24.2500,1.0127,42.0000,0.0000,⚪中性,63.2174,39.5652,48.1739,0,0,0
2010-07-29,1860.3000,24.1300,1.0057,42.0000,0.0000,⚪中性,62.6412,37.1851,48.2189,0,0,0
2010-07-30,1864.0000,23.5000,1.0073,42.0000,0.0000,⚪中性,59.2014,37.5868,48.2639,0,0,0
2010-08-02,1898.9900,22.0100,1.0258,42.0000,0.0000,⚪中性,51.7780,42.8448,48.3088,0,0,0
2010-08-03,1891.8100,22.6300,1.0216,42.0000,0.0000,⚪中性,54.0728,41.2478,48.3536,0,0,0
2010-08-04,1909.2000,22.2100,1.0305,42.0000,0.0000,⚪中性,52.1212,44.2424,48.3983,0,0,0
2010-08-05,1904.9500,22.1000,1.0278,42.0000,0.0000,⚪中性,51.9896,43.4256,48.4429,0,0,0
2010-08-06,1902.8800,21.7400,1.0263,48.0000,0.0000,⚪中性,51.2532,42.8695,56.5255,0,0,0
2010-08-09,1915.1700,22.1400,1.0324,42.0000,0.0000,⚪中性,52.0725,45.3368,48.4456,0,0,0
2010-08-10,1899.2400,22.3700,1.0235,42.0000,0.0000,⚪中性,52.8904,41.9327,48.4901,0,0,0
2010-08-11,1845.3800,25.3900,0.9942,35.0000,0.0000,⚪中性,69.0517,33.7931,32.6724,0,0,0
2010-08-12,1832.1700,25.7300,0.9869,35.0000,-0.3333,🟡轻度低估,71.5762,32.4720,32.7304,-1,0,0
2010-08-13,1818.8000,26.2400,0.9794,35.0000,-0.3333,🟡轻度低估,73.6661,30.8090,32.7883,-1,0,0
2010-08-16,1821.5100,26.1000,0.9805,35.0000,-0.3333,🟡轻度低估,73.0868,31.2124,32.8461,-1,0,0
2010-08-17,1845.3700,24.3300,0.9930,42.0000,0.0000,⚪中性,63.7457,33.6770,48.7113,0,0,0
2010-08-18,1850.8000,24.5900,0.9954,42.0000,0.0000,⚪中性,64.8069,34.1631,48.7554,0,0,0
2010-08-19,1823.0000,26.4400,0.9801,35.0000,-0.3333,🟡轻度低估,74.6998,30.9605,32.8473,-1,0,0
2010-08-20,1825.7500,25.4900,0.9812,35.0000,0.0000,⚪中性,69.6658,31.3625,32.9049,0,0,0
2010-08-23,1808.3100,25.6600,0.9714,35.0000,-0.6667,🟡轻度低估,70.8904,29.1952,32.9623,-1,-1,0
2010-08-24,1775.2700,27.4600,0.9536,35.0000,-0.6667,🟡轻度低估,76.4756,25.5774,33.0197,-1,-1,0
2010-08-25,1790.8800,26.7000,0.9618,35.0000,-0.6667,🟡轻度低估,75.3846,27.7778,33.0769,-1,-1,0
2010-08-26,1769.0200,27.3700,0.9500,35.0000,-0.6667,🟡轻度低估,76.3450,24.6798,33.1341,-1,-1,0
2010-08-27,1791.6400,24.4500,0.9621,42.0000,-0.3333,🟡轻度低估,63.9078,27.9863,49.0614,0,-1,0
2010-08-30,1772.0700,27.2100,0.9517,35.0000,-0.6667,🟡轻度低估,75.9591,25.2344,33.1628,-1,-1,0
2010-08-31,1767.4300,26.0500,0.9492,35.0000,-0.6667,🟡轻度低估,72.6576,24.6167,33.2198,-1,-1,0
2010-09-01,1820.0500,23.8900,0.9774,42.0000,0.0000,⚪中性,60.5106,30.3830,49.1915,0,0,0
2010-09-02,1840.5800,23.1900,0.9883,42.0000,0.0000,⚪中性,57.0578,33.5034,49.2347,0,0,0
2010-09-03,1870.3100,21.3100,1.0041,48.0000,0.0000,⚪中性,48.5981,37.2982,57.2642,0,0,0
2010-09-07,1856.5000,23.8000,0.9965,42.0000,0.0000,⚪中性,60.0170,35.0594,49.2360,0,0,0
2010-09-08,1880.0000,23.2500,1.0089,42.0000,0.0000,⚪中性,57.2519,38.9313,49.2791,0,0,0
2010-09-09,1886.1400,22.8100,1.0118,42.0000,0.0000,⚪中性,54.5763,40.0000,49.3220,0,0,0
2010-09-10,1892.3400,21.9900,1.0149,48.0000,0.0000,⚪中性,50.7197,40.7282,57.4090,0,0,0
2010-09-13,1921.6700,21.2100,1.0302,48.0000,0.0000,⚪中性,47.9695,45.2623,57.4450,0,0,0
2010-09-14,1928.5900,21.5600,1.0336,48.0000,0.0000,⚪中性,49.4505,46.6610,57.4810,0,0,0
2010-09-15,1939.6000,22.1000,1.0390,42.0000,0.0000,⚪中性,51.2669,48.8176,49.2399,0,0,0
2010-09-16,1948.1100,21.7200,1.0431,48.0000,0.0000,⚪中性,50.2954,50.8861,57.5527,0,0,0
2010-09-17,1955.8300,22.0100,1.0467,42.0000,0.0000,⚪中性,50.9275,52.8668,49.2411,0,0,0
2010-09-20,1989.4300,21.5000,1.0641,48.0000,0.0000,⚪中性,49.1154,59.8989,57.6243,0,0,0
2010-09-21,1989.1100,22.3500,1.0634,42.0000,0.0000,⚪中性,52.1886,59.3434,49.2424,0,0,0
2010-09-22,1982.7600,22.5100,1.0594,42.0000,0.0000,⚪中性,53.1539,57.6955,49.2851,0,0,0
2010-09-23,1982.1500,23.8700,1.0586,42.0000,0.0000,⚪中性,60.9244,57.5630,49.3277,0,0,0
2010-09-24,2023.8400,21.7100,1.0801,48.0000,0.0000,⚪中性,49.9580,67.2544,57.7666,0,0,0
2010-09-27,2010.9900,22.5400,1.0726,42.0000,0.0000,⚪中性,53.2718,63.6745,49.3289,0,0,0
2010-09-28,2012.4300,22.6000,1.0728,42.0000,0.0000,⚪中性,53.5624,63.7049,49.3713,0,0,0
2010-09-29,2009.0800,23.2500,1.0704,42.0000,0.0000,⚪中性,57.7052,62.2278,49.4137,0,0,0
2010-09-30,1998.0400,23.7000,1.0639,42.0000,0.0000,⚪中性,60.1674,59.4979,49.4561,0,0,0
2010-10-01,1996.6000,22.5000,1.0626,42.0000,0.0000,⚪中性,52.8428,58.8629,49.4983,0,0,0
2010-10-04,1975.3300,23.5300,1.0508,42.0000,0.0000,⚪中性,59.3150,53.9683,49.5405,0,0,0
2010-10-05,2024.6300,21.7600,1.0763,48.0000,0.0000,⚪中性,50.0835,65.4424,58.0134,0,0,0
2010-10-06,2006.5200,21.4900,1.0661,48.0000,0.0000,⚪中性,48.6239,60.3837,58.0484,0,0,0
2010-10-07,2011.6300,21.5600,1.0683,48.0000,0.0000,⚪中性,49.0000,61.6667,58.0833,0,0,0
2010-10-08,2027.0300,20.7100,1.0760,48.0000,0.0000,⚪中性,44.7960,65.2789,58.1182,0,0,0
2010-10-11,2026.9800,18.9600,1.0754,55.0000,0.0000,⚪中性,39.3511,65.1414,64.2263,0,0,0
2010-10-12,2041.5500,18.9300,1.0827,55.0000,0.0000,⚪中性,39.3184,68.4123,64.2560,0,0,0
2010-10-13,2057.2500,19.0700,1.0905,55.0000,0.3333,🟠轻度高估,39.7841,73.0066,64.2857,0,1,0
2010-10-14,2054.5100,19.8800,1.0885,55.0000,0.3333,🟠轻度高估,41.8257,71.4523,64.3154,0,1,0
2010-10-15,2097.7300,19.0300,1.1108,55.0000,0.3333,🟠轻度高估,39.4693,80.4312,64.3449,0,1,0
2010-10-18,2104.1500,19.0900,1.1134,55.0000,0.3333,🟠轻度高估,39.8509,80.7788,64.3745,0,1,0
2010-10-19,2069.7300,20.6300,1.0947,48.0000,0.3333,🟠轻度高估,44.7848,74.4205,57.8642,0,1,0
2010-10-20,2085.7500,19.7900,1.1026,55.0000,0.3333,🟠轻度高估,41.6046,77.8329,64.4334,0,1,0
2010-10-21,2090.1000,19.2700,1.1043,55.0000,0.3333,🟠轻度高估,40.0826,78.3471,64.4628,0,1,0
2010-10-22,2104.2100,18.7800,1.1111,55.0000,0.3333,🟠轻度高估,38.4806,80.5945,64.4922,0,1,0
2010-10-25,2113.5500,19.8500,1.1153,55.0000,0.3333,🟠轻度高估,41.9142,81.1881,64.5215,0,1,0
2010-10-26,2119.0500,20.2200,1.1176,48.0000,0.3333,🟠轻度高估,43.1987,81.7807,57.7082,0,1,0
2010-10-27,2125.8800,20.7100,1.1204,48.0000,0.3333,🟠轻度高估,45.3871,82.2900,57.7430,0,1,0
2010-10-28,2129.7300,20.8800,1.1217,48.0000,0.3333,🟠轻度高估,46.2551,82.7984,57.7778,0,1,0
2010-10-29,2124.4500,21.2000,1.1182,48.0000,0.3333,🟠轻度高估,47.7796,81.8257,57.8125,0,1,0
2010-11-01,2128.4200,21.8300,1.1195,48.0000,0.3333,🟠轻度高估,50.8628,82.1693,57.8472,0,1,0
2010-11-02,2151.7200,21.5700,1.1310,48.0000,0.3333,🟠轻度高估,49.6716,84.4007,57.8818,0,1,0
2010-11-03,2158.3600,19.5600,1.1336,55.0000,0.3333,🟠轻度高估,40.7711,84.6596,64.7252,0,1,0
2010-11-04,2187.8000,18.5200,1.1481,55.0000,0.6667,🟠轻度高估,37.0492,87.8689,64.7541,0,2,0
2010-11-05,2186.7100,18.2600,1.1463,55.0000,0.6667,🟠轻度高估,36.2817,87.4693,64.7830,0,2,0
2010-11-08,2188.9400,18.2900,1.1463,55.0000,0.6667,🟠轻度高估,36.3339,87.4795,64.8118,0,2,0
2010-11-09,2176.8800,19.0800,1.1389,55.0000,0.6667,🟠轻度高估,39.6566,85.6092,64.8406,0,2,0
2010-11-10,2187.7400,18.4700,1.1435,55.0000,0.6667,🟠轻度高估,36.9281,86.6830,64.8693,0,2,0
2010-11-11,2173.1100,18.6400,1.1347,55.0000,0.3333,🟠轻度高估,38.0408,84.4898,64.8980,0,1,0
2010-11-12,2137.9500,20.6100,1.1151,48.0000,0.3333,🟠轻度高估,45.0245,80.2610,57.5856,0,1,0
2010-11-15,2131.4800,20.2000,1.1107,48.0000,0.3333,🟠轻度高估,43.2763,79.2176,57.6202,0,1,0
2010-11-16,2093.6300,22.5800,1.0901,42.0000,0.3333,🟠轻度高估,54.4788,71.4984,48.3713,0,1,0
2010-11-17,2100.0000,21.7600,1.0925,48.0000,0.3333,🟠轻度高估,51.1798,72.5793,57.6892,0,1,0
2010-11-18,2134.7700,18.7500,1.1094,55.0000,0.3333,🟠轻度高估,38.2927,78.8618,65.0407,0,1,0
2010-11-19,2135.2700,18.0400,1.1086,55.0000,0.3333,🟠轻度高估,35.0122,78.6353,65.0690,0,1,0
2010-11-22,2150.8600,18.3700,1.1154,55.0000,0.3333,🟠轻度高估,36.4448,80.4383,65.0974,0,1,0
2010-11-23,2116.6100,20.6300,1.0967,48.0000,0.3333,🟠轻度高估,45.3366,73.9659,57.5831,0,1,0
2010-11-24,2160.5200,19.5600,1.1182,55.0000,0.3333,🟠轻度高估,41.0859,81.3614,65.1540,0,1,0
2010-11-26,2153.9100,22.2200,1.1137,42.0000,0.3333,🟠轻度高估,52.7935,79.9190,48.1781,0,1,0
2010-11-29,2144.5600,21.5300,1.1078,48.0000,0.3333,🟠轻度高估,49.7573,78.1553,57.6052,0,1,0
2010-11-30,2117.3300,23.5400,1.0929,42.0000,0.3333,🟠轻度高估,60.6306,72.2716,48.1811,0,1,0
2010-12-01,2162.8300,21.3600,1.1153,48.0000,0.3333,🟠轻度高估,48.7884,80.2908,57.6737,0,1,0
2010-12-02,2185.3000,19.3900,1.1259,55.0000,0.3333,🟠轻度高估,40.1937,82.8894,65.2946,0,1,0
2010-12-03,2191.1700,18.0100,1.1278,55.0000,0.3333,🟠轻度高估,34.7581,83.3065,65.3226,0,1,0
2010-12-06,2189.8100,18.0200,1.1261,55.0000,0.3333,🟠轻度高估,34.8106,82.8364,65.3505,0,1,0
2010-12-07,2189.3500,17.9900,1.1247,62.0000,0.6667,🟠轻度高估,34.5411,82.6892,71.6586,0,1,1
2010-12-08,2200.6000,17.7400,1.1293,62.0000,0.6667,🟠轻度高估,33.5479,83.5076,71.6814,0,1,1
2010-12-09,2201.5700,17.2500,1.1287,62.0000,0.6667,🟠轻度高估,31.5916,83.4405,71.7042,0,1,1
2010-12-10,2215.3400,17.6100,1.1346,62.0000,0.6667,🟠轻度高估,33.0120,84.6586,71.7269,0,1,1
2010-12-13,2207.4500,17.5500,1.1295,62.0000,0.6667,🟠轻度高估,32.5040,83.6276,71.7496,0,1,1
2010-12-14,2212.5900,17.6100,1.1311,62.0000,0.6667,🟠轻度高估,33.1195,84.2021,71.7723,0,1,1
2010-12-15,2202.4500,17.9400,1.1249,62.0000,0.6667,🟠轻度高估,34.6955,82.3718,71.7949,0,1,1
2010-12-16,2218.0200,17.3900,1.1318,62.0000,0.6667,🟠轻度高估,31.8655,84.2274,71.8175,0,1,1
2010-12-17,2218.2900,16.1100,1.1310,62.0000,1.0000,🟠轻度高估,28.2400,83.9200,71.8400,1,1,1
2010-12-20,2223.0400,16.4100,1.1325,62.0000,1.0000,🟠轻度高估,29.1767,84.4125,71.8625,1,1,1
2010-12-21,2234.5700,16.4900,1.1374,62.0000,1.3333,🔴中度高估,29.6326,85.7029,71.8850,1,2,1
2010-12-22,2235.9100,15.4500,1.1371,70.0000,1.3333,🔴中度高估,26.4166,85.4749,77.4940,1,2,1
2010-12-23,2230.2700,16.4700,1.1334,62.0000,1.0000,🟠轻度高估,29.5853,84.2903,71.8501,1,1,1
2010-12-27,2229.8600,17.6700,1.1323,62.0000,0.6667,🟠轻度高估,33.7052,84.1434,71.8725,0,1,1
2010-12-28,2227.4200,17.5200,1.1302,62.0000,0.6667,🟠轻度高估,32.5637,83.1210,71.8949,0,1,1
2010-12-29,2231.6400,17.2800,1.1315,62.0000,0.6667,🟠轻度高估,31.8218,83.8504,71.9173,0,1,1
2010-12-30,2225.7200,17.5200,1.1276,62.0000,0.6667,🟠轻度高估,32.6709,82.3529,71.9396,0,1,1
2010-12-31,2217.8600,17.7500,1.1229,62.0000,0.6667,🟠轻度高估,34.3129,81.3344,71.9619,0,1,1
2011-01-03,2254.2300,17.6100,1.1404,62.0000,1.0000,🟠轻度高估,33.5714,86.5079,71.9841,0,2,1
2011-01-04,2251.4600,17.3800,1.1381,62.0000,1.0000,🟠轻度高估,32.0381,85.7256,72.0063,0,2,1
2011-01-05,2270.4000,17.0200,1.1468,62.0000,1.0000,🟠轻度高估,31.2203,88.0349,72.0285,0,2,1
2011-01-06,2277.5100,17.4000,1.1494,62.0000,1.0000,🟠轻度高估,32.3040,88.6778,72.0507,0,2,1
2011-01-07,2276.7000,17.1400,1.1481,62.0000,1.0000,🟠轻度高估,31.4082,88.1329,72.0728,0,2,1
2011-01-10,2284.3800,17.5400,1.1510,62.0000,1.0000,🟠轻度高估,32.8854,88.9328,72.0949,0,2,1
2011-01-11,2288.7300,16.8900,1.1522,62.0000,1.0000,🟠轻度高估,30.4897,89.0205,72.1169,0,2,1
2011-01-12,2304.8800,16.2400,1.1594,62.0000,1.3333,🔴中度高估,28.4925,89.8185,72.1389,1,2,1
2011-01-13,2305.5300,16.3900,1.1587,62.0000,1.3333,🔴中度高估,28.8644,89.7476,72.1609,1,2,1
2011-01-14,2323.4300,15.4600,1.1666,70.0000,1.3333,🔴中度高估,26.1623,90.4649,77.7778,1,2,1
2011-01-18,2328.7900,15.8700,1.1683,70.0000,1.3333,🔴中度高估,27.4803,90.6299,77.7953,1,2,1
2011-01-19,2303.3200,17.3100,1.1546,62.0000,1.0000,🟠轻度高估,32.1007,89.0637,72.0692,0,2,1
2011-01-20,2286.0800,17.9900,1.1450,62.0000,1.0000,🟠轻度高估,36.0849,86.6352,72.0912,0,2,1
2011-01-21,2268.3200,18.4700,1.1353,55.0000,0.3333,🟠轻度高估,38.3346,84.2105,63.7863,0,1,0
2011-01-24,2300.3900,17.6500,1.1505,62.0000,1.0000,🟠轻度高估,34.3014,88.3830,72.1350,0,2,1
2011-01-25,2304.0300,17.5900,1.1514,62.0000,1.0000,🟠轻度高估,33.8824,88.5490,72.1569,0,2,1
2011-01-26,2314.1900,16.6400,1.1556,62.0000,1.3333,🔴中度高估,29.9373,89.2633,72.1787,1,2,1
2011-01-27,2330.0700,16.1500,1.1627,62.0000,1.3333,🔴中度高估,28.1128,89.9765,72.2005,1,2,1
2011-01-28,2270.5100,20.0400,1.1323,48.0000,0.3333,🟠轻度高估,44.5227,82.9421,55.9468,0,1,0
2011-01-31,2281.9100,19.5300,1.1372,55.0000,0.3333,🟠轻度高估,42.3769,84.4410,63.6435,0,1,0
2011-02-01,2324.9500,17.6300,1.1578,62.0000,1.0000,🟠轻度高估,34.3750,89.5312,72.2656,0,2,1
2011-02-02,2321.0900,17.3000,1.1550,62.0000,1.0000,🟠轻度高估,32.0062,88.9930,72.2873,0,2,1
2011-02-03,2323.0700,16.6900,1.1551,62.0000,1.0000,🟠轻度高估,30.3432,89.0016,72.3089,0,2,1
2011-02-04,2338.2000,15.9300,1.1618,70.0000,1.3333,🔴中度高估,27.5916,89.9454,78.0203,1,2,1
2011-02-07,2349.2000,16.2800,1.1664,62.0000,1.3333,🔴中度高估,28.5826,90.3427,72.2741,1,2,1
2011-02-08,2363.6100,15.8100,1.1727,70.0000,1.3333,🔴中度高估,27.0817,90.9728,78.0545,1,2,1
2011-02-09,2360.9500,15.8700,1.1703,70.0000,1.3333,🔴中度高估,27.2939,90.8243,78.0715,1,2,1
2011-02-10,2364.3500,16.0900,1.1710,62.0000,1.3333,🔴中度高估,27.8943,90.8314,72.1834,1,2,1
2011-02-11,2379.1500,15.6900,1.1773,70.0000,1.3333,🔴中度高估,26.7857,91.3043,78.1056,1,2,1
2011-02-14,2385.6000,15.9500,1.1794,70.0000,1.3333,🔴中度高估,27.7735,91.7766,78.1226,1,2,1
2011-02-15,2381.9200,16.3700,1.1765,62.0000,1.3333,🔴中度高估,29.1473,91.1628,72.0930,1,2,1
2011-02-16,2397.9400,16.7200,1.1832,62.0000,1.0000,🟠轻度高估,30.8288,92.3315,72.1146,0,2,1
2011-02-17,2397.5700,16.5900,1.1817,62.0000,1.3333,🔴中度高估,29.9536,92.1053,72.1362,1,2,1
2011-02-18,2392.4700,16.4300,1.1778,62.0000,1.3333,🔴中度高估,29.4664,91.2606,72.1578,1,2,1
2011-02-22,2322.8600,20.8000,1.1422,48.0000,0.3333,🟠轻度高估,48.5317,84.8532,55.3323,0,1,0
2011-02-23,2300.9400,22.1300,1.1304,42.0000,0.3333,🟠轻度高估,54.5174,80.9266,46.1004,0,1,0
2011-02-24,2313.3100,21.3200,1.1354,48.0000,0.3333,🟠轻度高估,50.9259,82.9475,55.4012,0,1,0
2011-02-25,2346.2900,19.2200,1.1506,55.0000,0.6667,🟠轻度高估,42.0200,87.3554,63.0686,0,2,0
2011-02-28,2350.9900,18.3500,1.1517,55.0000,0.6667,🟠轻度高估,38.4438,87.5193,63.0971,0,2,0
2011-03-01,2315.2600,21.0100,1.1331,48.0000,0.3333,🟠轻度高估,49.3457,81.9092,55.3503,0,1,0
2011-03-02,2326.7700,20.7000,1.1376,48.0000,0.3333,🟠轻度高估,47.7692,83.6154,55.3846,0,1,0
2011-03-03,2371.7600,18.6000,1.1582,55.0000,0.6667,🟠轻度高估,39.8155,88.8547,63.1822,0,2,0
2011-03-04,2359.9600,19.0600,1.1511,55.0000,0.6667,🟠轻度高估,41.6283,87.3272,63.2104,0,2,0
2011-03-07,2328.0700,20.6600,1.1341,48.0000,0.3333,🟠轻度高估,47.7360,81.9647,55.3338,0,1,0
2011-03-08,2337.5500,19.8200,1.1373,55.0000,0.3333,🟠轻度高估,44.1718,83.2055,63.2669,0,1,0
2011-03-09,2322.6900,20.2200,1.1286,48.0000,0.3333,🟠轻度高估,45.7471,79.7701,55.3257,0,1,0
2011-03-10,2284.2900,21.8800,1.1087,48.0000,0.3333,🟠轻度高估,53.9051,74.4257,55.3599,0,1,0
2011-03-11,2299.2600,20.0800,1.1146,48.0000,0.3333,🟠轻度高估,45.2181,76.0520,55.3940,0,1,0
2011-03-14,2290.7200,21.1300,1.1093,48.0000,0.3333,🟠轻度高估,49.9235,74.4648,55.4281,0,1,0
2011-03-15,2259.6200,24.3200,1.0932,42.0000,0.0000,⚪中性,66.9213,68.4492,45.6837,0,0,0
2011-03-16,2202.9700,29.4000,1.0648,28.0000,-0.6667,🟡轻度低估,82.6718,54.9618,20.0000,-1,0,-1
2011-03-17,2225.2400,26.3700,1.0747,35.0000,-0.6667,🟡轻度低估,77.0404,59.4203,29.9008,-1,0,-1
2011-03-18,2221.0700,24.4400,1.0719,42.0000,0.0000,⚪中性,67.3780,58.0793,45.8079,0,0,0
2011-03-21,2262.7000,20.6100,1.0908,48.0000,0.0000,⚪中性,47.2201,67.4029,55.5979,0,0,0
2011-03-22,2257.9600,20.2100,1.0873,48.0000,0.0000,⚪中性,45.4338,64.9163,55.6317,0,0,0
2011-03-23,2270.5000,19.1700,1.0921,55.0000,0.0000,⚪中性,41.6730,68.1369,63.5741,0,0,0
2011-03-24,2312.0900,18.0000,1.1107,62.0000,0.6667,🟠轻度高估,36.4742,75.0760,72.6444,0,1,1
2011-03-25,2316.3600,17.9100,1.1114,62.0000,0.6667,🟠轻度高估,35.9150,75.6264,72.6651,0,1,1
2011-03-28,2303.1000,19.4400,1.1039,55.0000,0.3333,🟠轻度高估,42.5645,72.6100,63.5053,0,1,0
2011-03-29,2325.5400,18.1600,1.1134,55.0000,0.3333,🟠轻度高估,37.3768,75.6634,63.5330,0,1,0
2011-03-30,2336.5200,17.7100,1.1174,62.0000,0.6667,🟠轻度高估,34.6970,77.1212,72.7273,0,1,1
2011-03-31,2338.9900,17.7400,1.1175,62.0000,0.6667,🟠轻度高估,35.0492,77.1385,72.7479,0,1,1
2011-04-01,2342.9200,17.4000,1.1182,62.0000,0.6667,🟠轻度高估,32.6021,77.3828,72.7685,0,1,1
2011-04-04,2334.5400,17.5000,1.1131,62.0000,0.6667,🟠轻度高估,32.9554,75.4346,72.7891,0,1,1
2011-04-05,2327.8700,17.2500,1.1087,62.0000,0.6667,🟠轻度高估,31.7221,74.0937,72.8097,0,1,1
2011-04-06,2332.3400,16.9000,1.1097,62.0000,0.6667,🟠轻度高估,30.5660,74.4151,72.8302,0,1,1
2011-04-07,2332.8800,17.1100,1.1087,62.0000,0.6667,🟠轻度高估,31.3725,73.9065,72.8507,0,1,1
2011-04-08,2321.1800,17.8700,1.1019,62.0000,0.6667,🟠轻度高估,36.0965,71.5147,72.8711,0,1,1
2011-04-11,2314.5000,16.5900,1.0975,62.0000,0.6667,🟠轻度高估,29.2922,69.6536,72.8916,1,0,1
2011-04-12,2298.3000,17.0900,1.0886,62.0000,0.3333,🟠轻度高估,31.3770,65.2370,72.9120,0,0,1
2011-04-13,2316.6300,16.9200,1.0959,62.0000,0.3333,🟠轻度高估,30.7519,69.0226,72.9323,0,0,1
2011-04-14,2311.2500,16.2700,1.0919,62.0000,0.6667,🟠轻度高估,27.9489,67.2427,72.9527,1,0,1
2011-04-15,2307.5800,15.3200,1.0886,70.0000,0.6667,🟠轻度高估,24.6997,65.1652,78.8288,1,0,1
2011-04-18,2292.3400,16.9600,1.0800,62.0000,0.3333,🟠轻度高估,30.9827,61.1403,72.9182,0,0,1
2011-04-19,2306.7700,15.8300,1.0854,70.0000,0.6667,🟠轻度高估,26.3868,63.1934,78.8606,1,0,1
2011-04-20,2357.7600,15.0700,1.1079,70.0000,1.0000,🟠轻度高估,24.0449,73.7828,78.8764,1,1,1
2011-04-21,2377.3000,14.6900,1.1155,70.0000,1.0000,🟠轻度高估,23.1287,76.6467,78.8922,1,1,1
2011-04-25,2383.7200,15.7700,1.1170,70.0000,1.0000,🟠轻度高估,26.2528,76.9634,78.9080,1,1,1
2011-04-26,2396.0300,15.6200,1.1213,70.0000,1.0000,🟠轻度高估,25.9342,78.6248,78.9238,1,1,1
2011-04-27,2413.5900,15.3500,1.1280,70.0000,1.0000,🟠轻度高估,24.7946,80.1344,78.9395,1,1,1
2011-04-28,2409.9000,14.6200,1.1248,70.0000,1.0000,🟠轻度高估,22.9104,79.2537,78.9552,1,1,1
2011-04-29,2404.0800,14.7500,1.1207,70.0000,1.0000,🟠轻度高估,23.4154,78.0761,78.9709,1,1,1
2011-05-02,2404.2400,15.9900,1.1192,70.0000,1.0000,🟠轻度高估,27.4963,77.8689,78.9866,1,1,1
2011-05-03,2392.8000,16.7000,1.1124,62.0000,0.6667,🟠轻度高估,30.6776,75.2048,72.4497,0,1,1
2011-05-04,2387.5100,17.0800,1.1085,62.0000,0.6667,🟠轻度高估,32.0685,73.4375,72.4702,0,1,1
2011-05-05,2375.2100,18.2000,1.1014,55.0000,0.3333,🟠轻度高估,38.6617,70.8550,62.3792,0,1,0
2011-05-06,2383.1800,18.4000,1.1037,55.0000,0.3333,🟠轻度高估,39.5245,71.5453,62.4071,0,1,0
2011-05-09,2390.9700,17.1600,1.1060,62.0000,0.6667,🟠轻度高估,32.3682,72.7543,72.5316,0,1,1
2011-05-10,2411.3500,15.9100,1.1141,70.0000,1.0000,🟠轻度高估,27.1513,75.8902,79.0801,1,1,1
2011-05-11,2393.0800,16.9500,1.1044,62.0000,0.6667,🟠轻度高估,31.4307,72.0534,72.4981,0,1,1
2011-05-12,2407.8900,16.0300,1.1099,62.0000,1.0000,🟠轻度高估,27.5556,74.2222,72.5185,1,1,1
2011-05-13,2379.2400,17.0700,1.0953,62.0000,0.3333,🟠轻度高估,32.1244,67.8016,72.5389,0,0,1
2011-05-16,2337.8500,18.2400,1.0751,55.0000,0.0000,⚪中性,38.9793,58.0621,62.2041,0,0,0
2011-05-17,2343.5100,17.5500,1.0766,62.0000,0.3333,🟠轻度高估,34.5898,58.6844,72.5795,0,0,1
2011-05-18,2362.9500,16.2300,1.0844,62.0000,0.6667,🟠轻度高估,28.2127,62.1861,72.5997,1,0,1
2011-05-19,2369.6700,15.5200,1.0863,70.0000,0.6667,🟠轻度高估,25.2399,62.8782,79.1882,1,0,1
2011-05-20,2351.4300,17.4300,1.0768,62.0000,0.3333,🟠轻度高估,33.9233,58.7758,72.5664,0,0,1
2011-05-23,2316.7800,18.2700,1.0600,55.0000,0.0000,⚪中性,39.4252,50.9211,62.0486,0,0,0
2011-05-24,2303.5500,17.8200,1.0530,62.0000,0.3333,🟠轻度高估,36.8925,48.7482,72.6068,0,0,1
2011-05-25,2310.9500,17.0700,1.0554,62.0000,0.3333,🟠轻度高估,32.1560,49.8160,72.6269,0,0,1
2011-05-26,2325.9300,16.0900,1.0610,62.0000,0.6667,🟠轻度高估,27.5735,51.3971,72.6471,1,0,1
2011-05-27,2336.0900,15.9800,1.0645,70.0000,0.6667,🟠轻度高估,27.2594,53.1227,79.2799,1,0,1
2011-05-31,2372.5400,15.4500,1.0797,70.0000,0.6667,🟠轻度高估,24.8164,60.2790,79.2952,1,0,1
2011-06-01,2322.4800,18.3000,1.0557,55.0000,0.0000,⚪中性,39.7652,49.8899,61.8489,0,0,0
2011-06-02,2326.7000,18.0900,1.0565,55.0000,0.0000,⚪中性,38.6364,50.1466,61.8768,0,0,0
2011-06-03,2292.3100,17.9500,1.0398,62.0000,0.3333,🟠轻度高估,37.7289,42.9304,72.6007,0,0,1
2011-06-06,2274.4800,18.4900,1.0307,55.0000,0.0000,⚪中性,40.8492,39.8243,61.8594,0,0,0
2011-06-07,2268.9600,18.0700,1.0271,55.0000,0.0000,⚪中性,38.6247,38.3321,61.8873,0,0,0
2011-06-08,2252.8900,18.7900,1.0188,55.0000,0.0000,⚪中性,42.3977,35.7456,61.9152,0,0,0
2011-06-09,2256.6500,17.7700,1.0194,62.0000,0.3333,🟠轻度高估,36.5961,35.9386,72.6808,0,0,1
2011-06-10,2221.0900,18.8600,1.0024,55.0000,0.0000,⚪中性,42.7007,31.4599,61.8978,0,0,0
2011-06-13,2222.2800,19.6100,1.0019,55.0000,0.0000,⚪中性,45.5142,31.2910,61.9256,0,0,0
2011-06-14,2250.3400,18.2600,1.0135,55.0000,0.0000,⚪中性,39.6501,35.0583,61.9534,0,0,0
2011-06-15,2209.0100,21.3200,0.9939,48.0000,-0.3333,🟡轻度低估,53.3139,29.6431,53.3139,0,-1,0
2011-06-16,2199.9300,22.7300,0.9889,42.0000,-0.3333,🟡轻度低估,59.9709,28.7482,43.8137,0,-1,0
2011-06-17,2192.9600,21.8500,0.9849,48.0000,-0.3333,🟡轻度低估,55.7818,28.0000,53.3818,0,-1,0
2011-06-20,2204.3600,19.9900,0.9892,55.0000,-0.3333,🟡轻度低估,46.6570,28.8517,62.0640,0,-1,0
2011-06-21,2251.8200,18.8600,1.0097,55.0000,0.0000,⚪中性,42.6289,33.9869,62.0915,0,0,0
2011-06-22,2235.7500,18.5200,1.0016,55.0000,0.0000,⚪中性,40.9289,31.2772,62.1190,0,0,0
2011-06-23,2255.0500,19.2900,1.0094,55.0000,0.0000,⚪中性,44.2350,33.9376,62.1465,0,0,0
2011-06-24,2217.0600,21.1000,0.9917,48.0000,-0.3333,🟡轻度低估,51.8116,29.3478,53.2609,0,-1,0
2011-06-27,2252.2400,20.5600,1.0066,48.0000,0.0000,⚪中性,49.3121,33.1644,53.2947,0,0,0
2011-06-28,2285.7500,19.1700,1.0207,55.0000,0.0000,⚪中性,43.8495,36.6136,62.2287,0,0,0
2011-06-29,2294.4300,17.2700,1.0238,62.0000,0.3333,🟠轻度高估,32.6826,37.9610,72.9573,0,0,1
2011-06-30,2325.0700,16.5200,1.0366,62.0000,0.6667,🟠轻度高估,29.3353,42.4133,72.9769,1,0,1
2011-07-01,2361.3900,15.8700,1.0518,70.0000,0.6667,🟠轻度高估,26.2816,48.8809,79.6390,1,0,1
2011-07-05,2371.2100,16.0600,1.0552,62.0000,0.6667,🟠轻度高估,27.2006,50.2886,72.9437,1,0,1
2011-07-06,2378.5800,16.3400,1.0575,62.0000,0.6667,🟠轻度高估,28.4787,51.1175,72.9632,1,0,1
2011-07-07,2412.8900,15.9500,1.0718,70.0000,0.6667,🟠轻度高估,26.8012,57.0605,79.6830,1,0,1
2011-07-08,2405.8900,15.9500,1.0677,70.0000,0.6667,🟠轻度高估,26.8539,55.0756,79.6976,1,0,1
2011-07-11,2362.0000,18.3900,1.0473,55.0000,0.0000,⚪中性,40.2878,46.9065,61.9424,0,0,0
2011-07-12,2343.7900,19.8700,1.0385,55.0000,0.0000,⚪中性,46.7290,42.7750,61.9698,0,0,0
2011-07-13,2352.4300,19.9100,1.0415,55.0000,0.0000,⚪中性,46.8391,44.3247,61.9971,0,0,0
2011-07-14,2325.0600,20.8000,1.0287,48.0000,0.0000,⚪中性,51.2563,39.0524,52.9074,0,0,0
2011-07-15,2356.6700,19.5300,1.0419,55.0000,0.0000,⚪中性,45.1937,44.4763,62.0516,0,0,0
2011-07-18,2344.0100,20.9500,1.0355,48.0000,0.0000,⚪中性,51.7563,41.8638,52.9032,0,0,0
2011-07-19,2398.1700,19.2100,1.0585,55.0000,0.0000,⚪中性,44.0544,51.4327,62.1060,0,0,0
2011-07-20,2387.8000,19.0900,1.0530,55.0000,0.0000,⚪中性,43.8082,49.3200,62.1331,0,0,0
2011-07-21,2404.2400,17.5600,1.0593,62.0000,0.3333,🟠轻度高估,34.5494,51.7167,73.0329,0,0,1
2011-07-22,2429.5000,17.5200,1.0695,62.0000,0.3333,🟠轻度高估,34.1673,56.2545,73.0522,0,0,1
2011-07-25,2424.1500,19.3500,1.0661,55.0000,0.0000,⚪中性,44.6429,54.6429,62.0714,0,0,0
2011-07-26,2429.4500,20.2300,1.0675,48.0000,0.0000,⚪中性,48.5368,55.1749,52.7480,0,0,0
2011-07-27,2367.1600,22.9800,1.0394,42.0000,0.0000,⚪中性,61.9116,43.0813,43.0100,0,0,0
2011-07-28,2371.7700,23.7400,1.0406,42.0000,0.0000,⚪中性,65.8589,43.6921,43.0506,0,0,0
2011-07-29,2362.8100,25.2500,1.0360,35.0000,-0.6667,🟡轻度低估,73.2194,41.8091,27.9915,-1,0,-1
2011-08-01,2354.0500,23.6600,1.0315,42.0000,0.0000,⚪中性,65.3381,40.1423,43.1317,0,0,0
2011-08-02,2292.8500,24.7900,1.0043,42.0000,-0.3333,🟡轻度低估,70.9104,31.9346,43.1721,-1,0,0
2011-08-03,2312.7800,23.3800,1.0125,42.0000,0.0000,⚪中性,63.6816,34.7548,43.2125,0,0,0
2011-08-04,2207.2000,31.6600,0.9660,22.0000,-1.3333,🟢中度低估,86.5057,24.0057,15.4119,-2,-1,-1
2011-08-05,2194.3800,32.0000,0.9602,22.0000,-1.3333,🟢中度低估,86.7282,22.9241,15.4720,-2,-1,-1
2011-08-08,2060.2900,48.0000,0.9016,5.0000,-2.3333,🔥极度低估,95.5319,12.5532,9.0780,-3,-2,-2
2011-08-09,2160.7900,35.0600,0.9454,15.0000,-1.6667,🟢中度低估,88.6605,19.7732,11.4812,-2,-1,-2
2011-08-10,2073.0900,42.9900,0.9071,5.0000,-2.0000,🟢中度低估,92.4221,13.5269,9.1360,-2,-2,-2
2011-08-11,2167.0700,39.0000,0.9481,15.0000,-1.6667,🟢中度低估,90.3043,20.5237,11.6065,-2,-1,-2
2011-08-12,2182.0500,36.3600,0.9546,15.0000,-1.6667,🟢中度低估,89.2504,21.9943,11.6690,-2,-1,-2
2011-08-15,2214.1200,31.8700,0.9684,22.0000,-1.3333,🟢中度低估,86.3604,24.5230,15.8304,-2,-1,-1
2011-08-16,2194.2700,32.8500,0.9596,22.0000,-1.3333,🟢中度低估,87.1469,22.9520,15.8898,-2,-1,-1
2011-08-17,2181.6200,31.5800,0.9540,22.0000,-1.3333,🟢中度低估,85.9562,21.8066,15.9492,-2,-1,-1
2011-08-18,2073.0300,42.6700,0.9066,5.0000,-2.0000,🟢中度低估,92.1721,13.1876,9.1678,-2,-2,-2
2011-08-19,2038.2200,43.0500,0.8916,5.0000,-2.0000,🟢中度低估,92.4595,10.9232,9.2319,-2,-2,-2
2011-08-22,2044.7300,42.4400,0.8948,5.0000,-2.0000,🟢中度低估,91.9014,11.4789,9.2958,-2,-2,-2
2011-08-23,2129.2700,36.2700,0.9319,15.0000,-1.6667,🟢中度低估,89.0218,17.3821,11.8930,-2,-1,-2
2011-08-24,2145.0400,35.9000,0.9389,15.0000,-1.6667,🟢中度低估,88.7482,18.4248,11.9550,-2,-1,-2
2011-08-25,2108.2100,39.7600,0.9229,15.0000,-1.6667,🟢中度低估,90.5833,15.8819,12.0169,-2,-1,-2
2011-08-26,2161.9700,35.5900,0.9465,15.0000,-1.6667,🟢中度低估,88.4831,20.3652,12.0787,-2,-1,-2
2011-08-29,2223.9600,32.2800,0.9735,22.0000,-1.3333,🟢中度低估,86.2456,25.8947,16.4211,-2,-1,-1
2011-08-30,2237.6900,32.8900,0.9793,22.0000,-1.3333,🟢中度低估,86.8864,26.8583,16.4797,-2,-1,-1
2011-08-31,2241.0100,31.6200,0.9805,22.0000,-1.3333,🟢中度低估,85.4240,27.4702,16.5382,-2,-1,-1
2011-09-01,2219.0500,31.8200,0.9707,22.0000,-1.3333,🟢中度低估,85.7143,25.3501,16.5966,-2,-1,-1
2011-09-02,2167.8300,33.9200,0.9481,22.0000,-1.3333,🟢中度低估,87.5437,20.7838,16.6550,-2,-1,-1
2011-09-06,2167.6000,37.0000,0.9479,15.0000,-1.6667,🟢中度低估,89.3706,20.7692,12.0979,-2,-1,-2
2011-09-07,2223.7500,33.3800,0.9723,22.0000,-1.3333,🟢中度低估,87.0021,25.7163,16.7715,-2,-1,-1
2011-09-08,2214.2900,34.3200,0.9680,22.0000,-1.3333,🟢中度低估,87.6397,24.9302,16.8296,-2,-1,-1
2011-09-09,2163.6600,38.5200,0.9458,15.0000,-1.6667,🟢中度低估,89.9512,20.0279,12.1424,-2,-1,-2
2011-09-12,2191.8400,38.5900,0.9581,15.0000,-1.6667,🟢中度低估,90.0279,23.1520,12.2036,-2,-1,-2
2011-09-13,2220.5800,36.9100,0.9705,15.0000,-1.6667,🟢中度低估,89.1986,25.5749,12.2648,-2,-1,-2
2011-09-14,2252.7500,34.6000,0.9843,22.0000,-1.3333,🟢中度低估,87.6045,28.6212,17.0613,-2,-1,-1
2011-09-15,2286.5600,31.9700,0.9987,22.0000,-1.0000,🟡轻度低估,85.3166,31.5936,17.1190,-2,0,-1
2011-09-16,2306.0900,30.9800,1.0069,22.0000,-0.6667,🟡轻度低估,84.0056,34.2142,17.1766,-1,0,-1
2011-09-19,2308.7600,32.7300,1.0078,22.0000,-1.0000,🟡轻度低估,86.0320,34.5379,17.2342,-2,0,-1
2011-09-20,2295.8900,32.8600,1.0020,22.0000,-1.0000,🟡轻度低估,86.3194,32.3611,17.2917,-2,0,-1
2011-09-21,2258.3000,37.3200,0.9854,15.0000,-1.6667,🟢中度低估,89.4518,28.8688,12.2831,-2,-1,-2
2011-09-22,2184.5900,41.3500,0.9533,5.0000,-1.6667,🟢中度低估,91.5395,21.9140,9.2233,-2,-1,-2
2011-09-23,2206.8600,41.2500,0.9630,5.0000,-1.6667,🟢中度低估,91.4761,24.4629,9.2862,-2,-1,-2
2011-09-26,2234.2800,39.0200,0.9749,15.0000,-1.6667,🟢中度低估,90.0970,26.3850,12.4654,-2,-1,-2
2011-09-27,2253.5500,37.7100,0.9832,15.0000,-1.6667,🟢中度低估,89.3426,28.5121,12.5260,-2,-1,-2
2011-09-28,2220.8400,41.0800,0.9689,5.0000,-1.6667,🟢中度低估,91.2863,25.3112,9.3361,-2,-1,-2
2011-09-29,2197.6800,38.8400,0.9588,15.0000,-1.6667,🟢中度低估,89.8411,23.1513,12.6469,-2,-1,-2
2011-09-30,2139.1800,42.9600,0.9334,5.0000,-1.6667,🟢中度低估,92.4724,17.2652,9.3923,-2,-1,-2
2011-10-03,2085.0400,45.4500,0.9101,5.0000,-2.0000,🟢中度低估,94.3409,13.8026,9.4548,-2,-2,-2
2011-10-04,2129.2100,40.8200,0.9295,5.0000,-1.6667,🟢中度低估,90.8966,16.6207,9.5172,-2,-1,-2
2011-10-05,2182.7700,37.8100,0.9530,15.0000,-1.6667,🟢中度低估,89.1110,21.9159,12.8877,-2,-1,-2
2011-10-06,2217.9900,36.2700,0.9684,15.0000,-1.6667,🟢中度低估,88.1543,25.3444,12.9477,-2,-1,-2
2011-10-07,2202.7600,36.2000,0.9618,15.0000,-1.6667,🟢中度低估,87.9560,24.4322,13.0076,-2,-1,-2
2011-10-10,2278.6500,33.0200,0.9949,22.0000,-1.0000,🟡轻度低估,85.6946,31.2930,18.0880,-2,0,-1
2011-10-11,2294.9200,32.8600,1.0018,22.0000,-1.0000,🟡轻度低估,85.4983,32.9210,18.1443,-2,0,-1
2011-10-12,2307.1800,31.2600,1.0070,22.0000,-0.6667,🟡轻度低估,83.4478,34.9588,18.2005,-1,0,-1
2011-10-13,2326.8800,30.7000,1.0154,22.0000,-0.6667,🟡轻度低估,82.6356,37.4743,18.2567,-1,0,-1
2011-10-14,2371.9400,28.2400,1.0347,28.0000,-0.6667,🟡轻度低估,78.9438,43.2785,21.4678,-1,0,-1
2011-10-17,2334.3800,33.3900,1.0181,22.0000,-1.0000,🟡轻度低估,86.0178,37.7656,18.3002,-2,0,-1
2011-10-18,2364.8700,31.5600,1.0311,22.0000,-0.6667,🟡轻度低估,83.6986,42.2603,18.3562,-1,0,-1
2011-10-19,2316.8100,34.4400,1.0100,22.0000,-1.0000,🟡轻度低估,86.7214,35.9343,18.4120,-2,0,-1
2011-10-20,2306.2900,34.7800,1.0054,22.0000,-1.0000,🟡轻度低估,87.0725,34.1997,18.4679,-2,0,-1
2011-10-21,2335.9300,31.3200,1.0181,22.0000,-0.6667,🟡轻度低估,83.3219,37.8674,18.5236,-1,0,-1
2011-10-24,2384.4200,29.2600,1.0390,28.0000,-0.6667,🟡轻度低估,80.6011,45.1503,21.7896,-1,0,-1
2011-10-25,2335.8700,32.2200,1.0178,22.0000,-0.6667,🟡轻度低估,84.5051,37.7474,18.5666,-1,0,-1
2011-10-26,2334.7900,29.8600,1.0172,28.0000,-0.6667,🟡轻度低估,81.3779,37.5853,21.8963,-1,0,-1
2011-10-27,2399.8300,25.4600,1.0453,35.0000,-0.3333,🟡轻度低估,71.0975,48.6708,30.8793,-1,0,0
2011-10-28,2401.2900,24.5300,1.0457,42.0000,0.0000,⚪中性,66.8937,48.7738,45.5722,0,0,0
2011-10-31,2360.0800,29.9600,1.0277,28.0000,-0.6667,🟡轻度低估,81.4159,40.9122,21.9197,-1,0,-1
2011-11-01,2298.3700,34.7700,1.0009,22.0000,-1.0000,🟡轻度低估,87.0748,32.2449,18.5714,-2,0,-1
2011-11-02,2318.3200,32.7400,1.0095,22.0000,-0.6667,🟡轻度低估,84.9762,35.5540,18.6268,-1,0,-1
2011-11-03,2367.7100,30.5000,1.0309,22.0000,-0.6667,🟡轻度低估,81.8614,42.3913,18.6821,-1,0,-1
2011-11-04,2356.3200,30.1600,1.0257,22.0000,-0.6667,🟡轻度低估,81.5343,40.3259,18.7373,-1,0,-1
2011-11-07,2371.0400,29.8500,1.0320,28.0000,-0.6667,🟡轻度低估,81.0719,42.7408,22.1845,-1,0,-1
2011-11-08,2400.0100,27.4800,1.0444,35.0000,-0.3333,🟡轻度低估,76.8814,48.0000,31.1864,-1,0,0
2011-11-09,2314.1000,36.1600,1.0070,15.0000,-1.3333,🟢中度低估,88.0081,34.6206,12.8726,-2,0,-2
2011-11-10,2312.0700,32.8100,1.0061,22.0000,-1.0000,🟡轻度低估,85.0372,34.1909,18.8219,-2,0,-1
2011-11-11,2355.7800,30.0400,1.0250,22.0000,-0.6667,🟡轻度低估,81.3261,40.1218,18.8769,-1,0,-1
2011-11-14,2341.3200,31.1300,1.0185,22.0000,-0.6667,🟡轻度低估,82.7586,38.0663,18.9317,-1,0,-1
2011-11-15,2366.2400,31.2200,1.0293,22.0000,-0.6667,🟡轻度低估,82.9054,41.4865,18.9865,-1,0,-1
2011-11-16,2324.3700,33.5100,1.0111,22.0000,-1.0000,🟡轻度低估,86.0230,36.2593,19.0412,-2,0,-1
2011-11-17,2272.0900,34.5100,0.9884,22.0000,-1.3333,🟢中度低估,86.7072,29.5547,19.0958,-2,-1,-1
2011-11-18,2253.9500,32.0000,0.9807,22.0000,-1.0000,🟡轻度低估,84.0189,27.7815,19.1504,-1,-1,-1
2011-11-21,2211.1400,32.9100,0.9624,22.0000,-1.3333,🟢中度低估,85.4447,24.0566,19.2049,-2,-1,-1
2011-11-22,2216.3300,31.9700,0.9650,22.0000,-1.0000,🟡轻度低估,83.8384,24.5791,19.2593,-1,-1,-1
2011-11-23,2166.5400,33.9800,0.9437,22.0000,-1.3333,🟢中度低估,86.4738,19.3136,19.3136,-2,-1,-1
2011-11-25,2150.8800,34.4700,0.9373,22.0000,-1.3333,🟢中度低估,86.6846,17.5521,19.3679,-2,-1,-1
2011-11-28,2224.2200,32.1300,0.9696,22.0000,-1.0000,🟡轻度低估,84.0726,25.4032,19.4220,-1,-1,-1
2011-11-29,2211.3900,30.6400,0.9644,22.0000,-1.0000,🟡轻度低估,81.4641,24.6474,19.4762,-1,-1,-1
2011-11-30,2295.2000,27.8000,1.0011,35.0000,-0.3333,🟡轻度低估,76.8456,32.4832,31.8792,-1,0,0
2011-12-01,2309.2000,27.4100,1.0074,35.0000,-0.3333,🟡轻度低估,75.9893,35.1442,31.9249,-1,0,0
2011-12-02,2302.0400,27.5200,1.0045,35.0000,-0.3333,🟡轻度低估,76.2735,33.9812,31.9705,-1,0,0
2011-12-05,2326.9500,27.8400,1.0155,35.0000,-0.3333,🟡轻度低估,76.8922,37.8433,32.0161,-1,0,0
2011-12-06,2321.4900,28.1300,1.0131,28.0000,-0.6667,🟡轻度低估,77.3762,37.4163,22.8916,-1,0,-1
2011-12-07,2320.5400,28.6700,1.0127,28.0000,-0.6667,🟡轻度低估,78.3278,37.3244,22.9431,-1,0,-1
2011-12-08,2282.5900,30.5900,0.9962,22.0000,-0.6667,🟡轻度低估,81.4171,31.2166,19.4519,-1,0,-1
2011-12-09,2318.6800,26.3800,1.0120,35.0000,-0.3333,🟡轻度低估,74.0815,36.9405,32.1977,-1,0,0
2011-12-12,2292.2400,25.6700,1.0006,35.0000,-0.3333,🟡轻度低估,71.0280,32.1095,32.2430,-1,0,0
2011-12-13,2268.3700,25.4100,0.9902,35.0000,0.0000,⚪中性,69.3796,30.0200,32.2882,0,0,0
2011-12-14,2233.0300,26.0400,0.9750,35.0000,-0.6667,🟡轻度低估,72.5333,26.4667,32.3333,-1,-1,0
2011-12-15,2226.7100,25.1100,0.9726,35.0000,-0.3333,🟡轻度低估,68.2878,25.9827,32.3784,0,-1,0
2011-12-16,2238.1800,24.2900,0.9778,42.0000,-0.3333,🟡轻度低估,64.3142,27.0972,46.8043,0,-1,0
2011-12-19,2215.2700,24.9200,0.9681,42.0000,-0.3333,🟡轻度低估,67.3320,24.8170,46.8397,0,-1,0
2011-12-20,2281.9400,23.2200,0.9973,42.0000,0.0000,⚪中性,59.1090,31.6489,46.8750,0,0,0
2011-12-21,2249.0300,21.4300,0.9831,48.0000,-0.3333,🟡轻度低估,50.7641,28.6379,56.0133,0,-1,0
2011-12-22,2266.7700,21.1600,0.9909,48.0000,0.0000,⚪中性,49.4688,30.3453,56.0425,0,0,0
2011-12-23,2287.5700,20.7300,1.0000,48.0000,0.0000,⚪中性,47.3789,32.3822,56.0717,0,0,0
2011-12-27,2293.1200,21.9100,1.0024,48.0000,0.0000,⚪中性,52.9841,33.6207,56.1008,0,0,0
2011-12-28,2267.0800,23.5200,0.9910,42.0000,0.0000,⚪中性,60.6362,30.4175,46.7860,0,0,0
2011-12-29,2285.0700,22.6500,0.9987,42.0000,0.0000,⚪中性,56.2252,32.1854,46.8212,0,0,0
2011-12-30,2277.8300,23.4000,0.9954,42.0000,0.0000,⚪中性,59.7617,31.3700,46.8564,0,0,0
2012-01-03,2321.9600,22.9700,1.0145,42.0000,0.0000,⚪中性,57.7381,38.3598,46.8915,0,0,0
2012-01-04,2329.7100,22.2200,1.0177,42.0000,0.0000,⚪中性,53.9987,38.9954,46.9266,0,0,0
2012-01-05,2348.9800,21.4800,1.0259,48.0000,0.0000,⚪中性,50.8587,41.8098,56.2748,0,0,0
2012-01-06,2356.1700,20.6300,1.0289,48.0000,0.0000,⚪中性,46.6007,42.6403,56.3036,0,0,0
2012-01-09,2350.6500,21.0700,1.0264,48.0000,0.0000,⚪中性,48.6148,41.9525,56.3325,0,0,0
2012-01-10,2367.3800,20.6900,1.0336,48.0000,0.0000,⚪中性,46.8688,44.6935,56.3612,0,0,0
2012-01-11,2372.2500,21.0500,1.0356,48.0000,0.0000,⚪中性,48.5507,45.7839,56.3900,0,0,0
2012-01-12,2381.9900,20.4700,1.0397,48.0000,0.0000,⚪中性,45.6221,47.3996,56.4187,0,0,0
2012-01-13,2371.9800,20.9100,1.0352,48.0000,0.0000,⚪中性,48.0921,45.5263,56.4474,0,0,0
2012-01-17,2393.2400,22.2000,1.0444,42.0000,0.0000,⚪中性,53.9776,49.5726,46.7456,0,0,0
2012-01-18,2425.9600,20.8900,1.0585,48.0000,0.0000,⚪中性,47.9632,55.1248,56.5046,0,0,0
2012-01-19,2441.7000,19.8700,1.0651,55.0000,0.0000,⚪中性,43.1385,57.8464,65.1346,0,0,0
2012-01-20,2437.0200,18.2800,1.0628,55.0000,0.0000,⚪中性,36.4173,56.7585,65.1575,0,0,0
2012-01-23,2437.2200,18.6700,1.0626,55.0000,0.0000,⚪中性,38.6885,56.7213,65.1803,0,0,0
2012-01-24,2433.9600,18.9100,1.0610,55.0000,0.0000,⚪中性,39.6461,55.9633,65.2031,0,0,0
2012-01-25,2465.6600,18.3100,1.0745,55.0000,0.0000,⚪中性,36.6077,62.1480,65.2259,0,0,0
2012-01-26,2454.6300,18.5700,1.0693,55.0000,0.0000,⚪中性,38.0236,59.7513,65.2487,0,0,0
2012-01-27,2461.7700,18.5300,1.0721,55.0000,0.0000,⚪中性,37.8025,61.0857,65.2714,0,0,0
2012-01-30,2465.3200,19.4000,1.0733,55.0000,0.0000,⚪中性,41.5033,61.6993,65.2941,0,0,0
2012-01-31,2467.9500,19.4400,1.0740,55.0000,0.0000,⚪中性,41.7374,62.0509,65.3168,0,0,0
2012-02-01,2488.1800,18.5500,1.0824,55.0000,0.0000,⚪中性,37.9243,65.4700,65.3394,0,0,0
2012-02-02,2495.8300,17.9800,1.0853,62.0000,0.3333,🟠轻度高估,34.3770,66.7319,75.4077,0,0,1
2012-02-03,2529.1700,17.1000,1.0992,62.0000,1.0000,🟠轻度高估,29.2699,73.2073,75.4237,1,1,1
2012-02-06,2528.3000,17.7600,1.0984,62.0000,0.6667,🟠轻度高估,33.2248,72.8339,75.4397,0,1,1
2012-02-07,2532.0600,17.6500,1.0997,62.0000,0.6667,🟠轻度高估,32.5521,73.3724,75.4557,0,1,1
2012-02-08,2545.7200,18.1600,1.1052,55.0000,0.3333,🟠轻度高估,35.7840,75.7319,65.1919,0,1,0
2012-02-09,2563.9300,18.6300,1.1127,55.0000,0.3333,🟠轻度高估,38.6866,78.2835,65.2146,0,1,0
2012-02-10,2547.3200,20.7900,1.1052,48.0000,0.3333,🟠轻度高估,47.9532,75.6335,55.9454,0,1,0
2012-02-13,2569.4900,19.0400,1.1145,55.0000,0.3333,🟠轻度高估,40.2597,78.8961,65.2597,0,1,0
2012-02-14,2575.2400,19.5400,1.1165,55.0000,0.3333,🟠轻度高估,42.3751,79.5587,65.2823,0,1,0
2012-02-15,2556.0100,21.1400,1.1078,48.0000,0.3333,🟠轻度高估,49.8703,76.2646,55.9014,0,1,0
2012-02-16,2592.2900,19.2200,1.1231,55.0000,0.3333,🟠轻度高估,41.0888,81.6591,65.3273,0,1,0
2012-02-17,2584.2400,17.7800,1.1191,62.0000,0.6667,🟠轻度高估,33.2902,80.6347,75.5829,0,1,1
2012-02-21,2590.2400,18.1900,1.1212,55.0000,0.3333,🟠轻度高估,35.7929,81.1003,65.3074,0,1,0
2012-02-22,2579.7800,18.1900,1.1162,55.0000,0.3333,🟠轻度高估,35.8344,79.1721,65.3299,0,1,0
2012-02-23,2594.9300,16.8000,1.1222,62.0000,1.0000,🟠轻度高估,27.6665,81.4480,75.6303,1,1,1
2012-02-24,2604.2100,17.3100,1.1258,62.0000,1.0000,🟠轻度高估,29.9742,82.1059,75.6460,1,1,1
2012-02-27,2606.7600,18.1900,1.1264,55.0000,0.3333,🟠轻度高估,35.9587,82.3757,65.2679,0,1,0
2012-02-28,2633.4600,17.9600,1.1373,62.0000,1.0000,🟠轻度高估,34.3226,85.8710,75.6774,0,2,1
2012-02-29,2623.1000,18.4300,1.1323,55.0000,0.3333,🟠轻度高估,37.3308,84.2037,65.2482,0,1,0
2012-03-01,2643.5400,17.2600,1.1403,62.0000,1.3333,🔴中度高估,29.5747,86.7912,75.7088,1,2,1
2012-03-02,2641.5800,17.2900,1.1388,62.0000,1.3333,🔴中度高估,29.8133,86.1558,75.7244,1,2,1
2012-03-05,2614.9200,18.0500,1.1267,55.0000,0.3333,🟠轻度高估,35.1995,82.1750,65.1866,0,1,0
2012-03-06,2588.9500,20.8700,1.1149,48.0000,0.3333,🟠轻度高估,48.8746,78.3923,55.4984,0,1,0
2012-03-07,2607.8500,19.0700,1.1225,55.0000,0.3333,🟠轻度高估,40.9383,81.1054,65.2314,0,1,0
2012-03-08,2637.1800,17.9500,1.1343,62.0000,0.6667,🟠轻度高估,34.2967,84.6500,75.7868,0,1,1
2012-03-09,2646.8500,17.1100,1.1376,62.0000,1.3333,🔴中度高估,29.0116,86.0719,75.8023,1,2,1
2012-03-12,2646.8500,15.6400,1.1368,70.0000,1.3333,🔴中度高估,22.7069,85.4394,81.9115,1,2,1
2012-03-13,2697.4300,14.8000,1.1576,70.0000,1.3333,🔴中度高估,20.1923,90.5769,81.9231,1,2,1
2012-03-14,2708.4100,15.3100,1.1614,70.0000,1.3333,🔴中度高估,21.3965,91.0314,81.9347,1,2,1
2012-03-15,2714.7900,15.4200,1.1633,70.0000,1.3333,🔴中度高估,21.7029,91.2292,81.9462,1,2,1
2012-03-16,2712.7800,14.4700,1.1614,70.0000,1.3333,🔴中度高估,19.2578,90.9789,81.9578,1,2,1
2012-03-19,2733.2600,15.0400,1.1692,70.0000,1.3333,🔴中度高估,20.7801,91.8159,81.9693,1,2,1
2012-03-20,2737.6300,15.5800,1.1699,70.0000,1.3333,🔴中度高估,22.6198,91.8850,81.9808,1,2,1
2012-03-21,2736.8800,15.1300,1.1685,70.0000,1.3333,🔴中度高估,20.9451,91.6986,81.9923,1,2,1
2012-03-22,2731.5000,15.5700,1.1650,70.0000,1.3333,🔴中度高估,22.5909,91.1934,82.0038,1,2,1
2012-03-23,2728.5500,14.8200,1.1626,70.0000,1.3333,🔴中度高估,20.2168,90.8163,82.0153,1,2,1
2012-03-26,2778.0200,14.2600,1.1824,70.0000,1.3333,🔴中度高估,18.6743,93.5628,82.0268,1,2,1
2012-03-27,2782.1200,15.5900,1.1827,70.0000,1.3333,🔴中度高估,22.9936,93.5669,82.0382,1,2,1
2012-03-28,2770.9700,15.4700,1.1766,70.0000,1.3333,🔴中度高估,22.1515,92.4252,82.0496,1,2,1
2012-03-29,2762.0500,15.4800,1.1715,70.0000,1.3333,🔴中度高估,22.2646,91.9211,82.0611,1,2,1
2012-03-30,2755.2700,15.5000,1.1673,70.0000,1.3333,🔴中度高估,22.3776,91.2270,82.0725,1,2,1
2012-04-02,2784.4200,15.6400,1.1782,70.0000,1.3333,🔴中度高估,23.4435,92.8208,82.0839,1,2,1
2012-04-03,2782.7800,15.6600,1.1760,70.0000,1.3333,🔴中度高估,23.4921,92.1270,82.0952,1,2,1
2012-04-04,2745.0000,16.4400,1.1587,62.0000,1.3333,🔴中度高估,26.8401,89.9112,75.0000,1,2,1
2012-04-05,2762.5000,16.7000,1.1649,62.0000,1.3333,🔴中度高估,28.1547,90.7419,75.0159,1,2,1
2012-04-09,2739.9800,18.8100,1.1541,55.0000,0.6667,🟠轻度高估,40.5577,88.8466,64.3853,0,2,0
2012-04-10,2695.1200,20.3900,1.1342,48.0000,0.3333,🟠轻度高估,46.9918,83.4706,54.7182,0,1,0
2012-04-11,2708.1300,20.0200,1.1385,48.0000,0.6667,🟠轻度高估,45.5063,85.1266,54.7468,0,2,0
2012-04-12,2740.2600,17.2000,1.1508,62.0000,1.0000,🟠轻度高估,30.1075,88.2353,75.0791,0,2,1
2012-04-13,2698.9900,19.5500,1.1325,55.0000,0.3333,🟠轻度高估,43.6789,82.9962,64.4121,0,1,0
2012-04-16,2670.1000,19.5500,1.1195,55.0000,0.3333,🟠轻度高估,43.7145,78.9008,64.4346,0,1,0
2012-04-17,2723.5800,18.4600,1.1410,55.0000,0.6667,🟠轻度高估,38.3207,85.9217,64.4571,0,2,0
2012-04-18,2716.1400,18.6400,1.1370,55.0000,0.3333,🟠轻度高估,39.8738,84.3533,64.4795,0,1,0
2012-04-19,2686.8200,18.3600,1.1240,55.0000,0.3333,🟠轻度高估,37.8310,80.0126,64.5019,0,1,0
2012-04-20,2676.0400,17.4400,1.1188,62.0000,0.6667,🟠轻度高估,31.3800,78.5129,75.1733,0,1,1
2012-04-23,2653.5000,18.9700,1.1088,55.0000,0.3333,🟠轻度高估,41.3098,74.6851,64.4836,0,1,0
2012-04-24,2638.7300,18.1000,1.1021,55.0000,0.3333,🟠轻度高估,36.1863,72.0579,64.5060,0,1,0
2012-04-25,2709.6200,16.8200,1.1309,62.0000,1.0000,🟠轻度高估,28.2390,82.1384,75.2201,1,1,1
2012-04-26,2725.2300,16.2400,1.1365,62.0000,1.0000,🟠轻度高估,25.7071,84.0981,75.2357,1,1,1
2012-04-27,2741.3400,16.3200,1.1423,62.0000,1.3333,🔴中度高估,26.0678,86.1809,75.2513,1,2,1
2012-04-30,2723.6800,17.1500,1.1340,62.0000,1.0000,🟠轻度高估,29.9435,83.1136,75.2668,1,1,1
2012-05-01,2726.9200,16.6000,1.1345,62.0000,1.0000,🟠轻度高估,27.2271,83.3124,75.2823,1,1,1
2012-05-02,2734.7700,16.8800,1.1368,62.0000,1.0000,🟠轻度高估,28.4639,84.2006,75.2978,1,1,1
2012-05-03,2704.5900,17.5600,1.1235,62.0000,0.6667,🟠轻度高估,32.4561,79.6992,75.3133,0,1,1
2012-05-04,2637.9200,19.1600,1.0953,55.0000,0.0000,⚪中性,42.4546,68.7539,64.2455,0,0,0
2012-05-07,2639.2800,18.9400,1.0953,55.0000,0.0000,⚪中性,41.4894,68.7735,64.2678,0,0,0
2012-05-08,2629.8700,19.0500,1.0909,55.0000,0.0000,⚪中性,41.8386,67.1670,64.2902,0,0,0
2012-05-09,2621.3500,20.0800,1.0870,48.0000,0.0000,⚪中性,46.5000,64.6875,54.1250,0,0,0
2012-05-10,2616.2400,18.8300,1.0844,55.0000,0.0000,⚪中性,40.9119,63.7102,64.3348,0,0,0
2012-05-11,2615.9800,19.8900,1.0838,55.0000,0.0000,⚪中性,45.6305,63.4207,64.3571,0,0,0
2012-05-14,2590.2800,21.8700,1.0726,48.0000,0.0000,⚪中性,55.2090,58.5777,54.0861,0,0,0
2012-05-15,2580.7500,21.9700,1.0682,48.0000,0.0000,⚪中性,55.4863,56.4838,54.1147,0,0,0
2012-05-16,2561.5600,22.2700,1.0598,42.0000,0.0000,⚪中性,56.8847,52.7726,44.3614,0,0,0
2012-05-17,2509.0500,24.4900,1.0376,42.0000,0.0000,⚪中性,67.3724,43.9601,44.3960,0,0,0
2012-05-18,2478.5300,25.1000,1.0246,35.0000,-0.3333,🟡轻度低估,70.3174,38.8301,30.3049,-1,0,0
2012-05-21,2545.4300,22.0100,1.0516,42.0000,0.0000,⚪中性,55.7214,49.7512,44.4652,0,0,0
2012-05-22,2539.2000,22.4800,1.0482,42.0000,0.0000,⚪中性,57.4891,48.6638,44.4997,0,0,0
2012-05-23,2547.0800,22.3300,1.0504,42.0000,0.0000,⚪中性,56.8944,49.2547,44.5342,0,0,0
2012-05-24,2531.3500,21.5400,1.0432,48.0000,0.0000,⚪中性,53.5692,46.3687,54.3141,0,0,0
2012-05-25,2527.0500,21.7600,1.0404,48.0000,0.0000,⚪中性,54.8387,45.2233,54.3424,0,0,0
2012-05-29,2558.9700,21.0300,1.0527,48.0000,0.0000,⚪中性,50.7750,50.4030,54.3707,0,0,0
2012-05-30,2537.4000,24.1400,1.0431,42.0000,0.0000,⚪中性,65.9851,46.3445,44.4857,0,0,0
2012-05-31,2524.8700,24.0600,1.0372,42.0000,0.0000,⚪中性,65.6347,43.7152,44.5201,0,0,0
2012-06-01,2458.8300,26.6600,1.0096,35.0000,-0.3333,🟡轻度低估,76.4851,34.1584,30.1980,-1,0,0
2012-06-04,2478.1300,26.1200,1.0169,35.0000,-0.3333,🟡轻度低估,74.7681,36.3636,30.2412,-1,0,0
2012-06-05,2487.5000,24.6800,1.0199,42.0000,0.0000,⚪中性,68.2324,37.3300,44.6230,0,0,0
2012-06-06,2546.3200,22.1600,1.0429,42.0000,0.0000,⚪中性,56.0222,46.3249,44.6572,0,0,0
2012-06-07,2535.4100,21.7200,1.0374,48.0000,0.0000,⚪中性,54.4444,43.8272,54.5679,0,0,0
2012-06-08,2559.2100,21.2300,1.0462,48.0000,0.0000,⚪中性,52.0049,48.2418,54.5959,0,0,0
2012-06-11,2517.1800,23.5600,1.0282,42.0000,0.0000,⚪中性,63.2552,40.0123,44.6363,0,0,0
2012-06-12,2546.2000,22.0900,1.0392,42.0000,0.0000,⚪中性,55.6993,44.6087,44.6704,0,0,0
2012-06-13,2527.4400,24.2700,1.0307,42.0000,0.0000,⚪中性,66.5025,41.3177,44.7044,0,0,0
2012-06-14,2539.9700,21.6800,1.0352,48.0000,0.0000,⚪中性,54.0923,42.8308,54.7077,0,0,0
2012-06-15,2571.2300,21.1100,1.0472,48.0000,0.0000,⚪中性,50.7380,48.7700,54.7355,0,0,0
2012-06-18,2592.5200,18.3200,1.0551,55.0000,0.0000,⚪中性,37.2465,51.9361,64.9047,0,0,0
2012-06-19,2620.8300,18.3800,1.0658,55.0000,0.0000,⚪中性,37.5921,55.8968,64.9263,0,0,0
2012-06-20,2623.3300,17.2400,1.0658,62.0000,0.6667,🟠轻度高估,29.6501,55.9239,75.8134,1,0,1
2012-06-21,2556.9600,20.0800,1.0380,48.0000,0.0000,⚪中性,46.0123,44.0491,54.6626,0,0,0
2012-06-22,2585.5300,18.1100,1.0488,55.0000,0.0000,⚪中性,35.8063,49.1723,64.9295,0,0,0
2012-06-25,2533.5400,20.3800,1.0271,48.0000,0.0000,⚪中性,47.1814,39.3995,54.6569,0,0,0
2012-06-26,2549.8400,19.7200,1.0329,55.0000,0.0000,⚪中性,44.3356,41.8861,64.9724,0,0,0
2012-06-27,2565.5300,19.4500,1.0384,55.0000,0.0000,⚪中性,43.1457,44.1860,64.9939,0,0,0
2012-06-28,2536.6500,19.7100,1.0261,55.0000,0.0000,⚪中性,44.3425,39.0214,65.0153,0,0,0
2012-06-29,2615.7200,17.0800,1.0573,62.0000,0.6667,🟠轻度高估,28.9120,52.8117,75.9169,1,0,1
2012-07-02,2625.0300,16.8000,1.0603,62.0000,0.6667,🟠轻度高估,27.5504,53.8180,75.9316,1,0,1
2012-07-03,2645.8400,16.6600,1.0680,62.0000,0.6667,🟠轻度高估,26.9841,57.3260,75.9463,1,0,1
2012-07-05,2647.4700,17.5000,1.0680,62.0000,0.3333,🟠轻度高估,31.2996,57.2910,75.9610,0,0,1
2012-07-06,2612.2900,17.1000,1.0531,62.0000,0.6667,🟠轻度高估,29.1463,51.0976,75.9756,1,0,1
2012-07-09,2610.3100,17.9800,1.0515,62.0000,0.3333,🟠轻度高估,34.9177,50.1523,75.9902,0,0,1
2012-07-10,2585.5200,18.7200,1.0407,55.0000,0.0000,⚪中性,40.0731,45.3715,64.7990,0,0,0
2012-07-11,2570.9900,17.9500,1.0341,62.0000,0.3333,🟠轻度高估,34.6926,42.1181,76.0195,0,0,1
2012-07-12,2545.3000,18.3300,1.0231,55.0000,0.0000,⚪中性,37.4696,37.7129,64.7810,0,0,0
2012-07-13,2584.9700,16.7400,1.0384,62.0000,0.6667,🟠轻度高估,27.3556,44.0729,76.0486,1,0,1
2012-07-16,2577.0500,17.1100,1.0345,62.0000,0.6667,🟠轻度高估,29.2831,42.2843,76.0632,1,0,1
2012-07-17,2591.6500,16.4800,1.0395,62.0000,0.6667,🟠轻度高估,26.1081,44.8695,76.0777,1,0,1
2012-07-18,2625.8700,16.1600,1.0522,62.0000,0.6667,🟠轻度高估,24.4539,50.9102,76.0922,1,0,1
2012-07-19,2655.8100,15.4500,1.0630,70.0000,0.6667,🟠轻度高估,21.0431,55.1243,82.8987,1,0,1
2012-07-20,2618.0400,16.2700,1.0468,62.0000,0.6667,🟠轻度高估,25.0909,48.4848,76.0606,1,0,1
2012-07-23,2589.9300,18.6200,1.0348,55.0000,0.0000,⚪中性,39.7335,42.3380,64.5669,0,0,0
2012-07-24,2567.4600,20.4700,1.0251,48.0000,0.0000,⚪中性,48.1840,38.3777,54.0557,0,0,0
2012-07-25,2549.2000,19.3400,1.0171,55.0000,0.0000,⚪中性,43.0127,35.6322,64.6098,0,0,0
2012-07-26,2584.8500,17.5300,1.0307,62.0000,0.3333,🟠轻度高估,31.6808,40.8102,76.1185,0,0,1
2012-07-27,2647.0300,16.7000,1.0547,62.0000,0.6667,🟠轻度高估,27.3716,52.2054,76.1329,1,0,1
2012-07-30,2642.1200,18.0300,1.0521,55.0000,0.0000,⚪中性,35.6280,50.9662,64.5531,0,0,0
2012-07-31,2642.5300,18.9300,1.0516,55.0000,0.0000,⚪中性,41.4605,50.5130,64.5745,0,0,0
2012-08-01,2635.1300,18.9600,1.0481,55.0000,0.0000,⚪中性,41.6164,49.0953,64.5959,0,0,0
2012-08-02,2625.5200,17.5700,1.0436,62.0000,0.3333,🟠轻度高估,32.1881,46.8354,76.1905,0,0,1
2012-08-03,2676.0000,15.6400,1.0631,70.0000,0.6667,🟠轻度高估,22.3494,55.4217,83.0120,1,0,1
2012-08-06,2694.0900,15.9500,1.0694,70.0000,0.6667,🟠轻度高估,23.6604,58.5190,83.0223,1,0,1
2012-08-07,2717.1600,15.9900,1.0777,70.0000,0.6667,🟠轻度高估,23.8869,62.3947,83.0325,1,0,1
2012-08-08,2714.0200,15.3200,1.0757,70.0000,0.6667,🟠轻度高估,20.5051,61.4552,83.0427,1,0,1
2012-08-09,2719.6100,15.2800,1.0772,70.0000,0.6667,🟠轻度高估,20.3726,62.1995,83.0529,1,0,1
2012-08-10,2722.9600,14.7400,1.0777,70.0000,0.6667,🟠轻度高估,18.9790,62.4024,83.0631,1,0,1
2012-08-13,2728.6800,13.7000,1.0791,78.0000,1.0000,🟠轻度高估,16.5666,63.0252,90.2761,1,0,2
2012-08-14,2727.7900,14.8500,1.0780,70.0000,0.6667,🟠轻度高估,19.3761,62.6875,83.0234,1,0,1
2012-08-15,2735.4700,14.6300,1.0804,70.0000,0.6667,🟠轻度高估,18.6451,63.6691,83.0336,1,0,1
2012-08-16,2768.0900,14.2900,1.0924,70.0000,0.6667,🟠轻度高估,17.7352,69.1432,83.0437,1,0,1
2012-08-17,2780.3000,13.4500,1.0961,78.0000,1.3333,🔴中度高估,15.7485,70.7186,90.2994,1,1,2
2012-08-20,2784.3300,14.0200,1.0967,70.0000,1.0000,🟠轻度高估,17.1753,70.8558,83.0042,1,1,1
2012-08-21,2772.2000,15.0200,1.0911,70.0000,0.6667,🟠轻度高估,19.9761,68.4211,83.0144,1,0,1
2012-08-22,2783.4200,15.1100,1.0946,70.0000,0.6667,🟠轻度高估,20.2032,69.6952,83.0245,1,0,1
2012-08-23,2762.0200,15.9600,1.0853,70.0000,0.6667,🟠轻度高估,24.2533,65.2330,83.0346,1,0,1
2012-08-24,2778.0500,15.1800,1.0908,70.0000,0.6667,🟠轻度高估,20.4776,68.1791,83.0448,1,0,1
2012-08-27,2782.5500,16.3500,1.0916,62.0000,0.6667,🟠轻度高估,26.0740,68.5561,75.4773,1,0,1
2012-08-28,2782.6900,16.4900,1.0906,62.0000,0.6667,🟠轻度高估,26.9529,68.0978,75.4919,1,0,1
2012-08-29,2784.0000,17.0600,1.0902,62.0000,0.6667,🟠轻度高估,29.5590,67.9380,75.5066,1,0,1
2012-08-30,2753.7400,17.8300,1.0775,62.0000,0.3333,🟠轻度高估,35.0804,61.8225,75.5211,0,0,1
2012-08-31,2772.2400,17.4700,1.0839,62.0000,0.3333,🟠轻度高估,32.0833,64.5238,75.5357,0,0,1
2012-09-04,2772.0300,17.9800,1.0828,62.0000,0.3333,🟠轻度高估,35.9905,64.0095,75.5503,0,0,1
2012-09-05,2766.9500,17.7400,1.0798,62.0000,0.3333,🟠轻度高估,34.3639,62.8419,75.5648,0,0,1
2012-09-06,2829.7100,15.6000,1.1031,70.0000,1.0000,🟠轻度高估,22.4599,73.4403,83.1254,1,1,1
2012-09-07,2825.1100,14.3800,1.1000,70.0000,1.0000,🟠轻度高估,18.0523,72.1496,83.1354,1,1,1
2012-09-10,2788.3500,16.2800,1.0844,62.0000,0.6667,🟠轻度高估,25.7567,64.8071,75.4896,1,0,1
2012-09-11,2784.8900,16.4100,1.0818,62.0000,0.6667,🟠轻度高估,26.3938,63.5231,75.5042,1,0,1
2012-09-12,2791.6800,15.8000,1.0831,70.0000,0.6667,🟠轻度高估,23.2365,64.0190,83.1654,1,0,1
2012-09-13,2831.3500,14.0500,1.0972,70.0000,1.0000,🟠轻度高估,17.0616,71.2678,83.1754,1,1,1
2012-09-14,2855.2300,14.5100,1.1051,70.0000,1.0000,🟠轻度高估,18.3541,74.2451,83.1853,1,1,1
2012-09-17,2856.4400,14.5900,1.1043,70.0000,1.0000,🟠轻度高估,18.6391,74.0237,83.1953,1,1,1
2012-09-18,2857.3800,14.1800,1.1035,70.0000,1.0000,🟠轻度高估,17.2679,73.4477,83.2052,1,1,1
2012-09-19,2864.0300,13.8800,1.1049,78.0000,1.3333,🔴中度高估,16.5485,74.2317,90.4255,1,1,2
2012-09-20,2861.7000,14.0700,1.1029,70.0000,1.0000,🟠轻度高估,17.1294,73.3018,83.1660,1,1,1
2012-09-21,2861.6400,13.9800,1.1017,78.0000,1.3333,🔴中度高估,16.8241,72.7273,90.4368,1,1,2
2012-09-24,2843.9800,14.1500,1.0938,70.0000,0.6667,🟠轻度高估,17.4041,69.2625,83.1268,1,0,1
2012-09-25,2804.5300,15.4300,1.0775,70.0000,0.6667,🟠轻度高估,21.5802,61.2618,83.1368,1,0,1
2012-09-26,2781.6300,16.8100,1.0678,62.0000,0.6667,🟠轻度高估,28.9923,56.3936,75.0737,1,0,1
2012-09-27,2821.6000,14.8400,1.0820,70.0000,0.6667,🟠轻度高估,19.7291,63.2509,83.1567,1,0,1
2012-09-28,2799.1900,15.7300,1.0723,70.0000,0.6667,🟠轻度高估,23.4844,58.5639,83.1666,1,0,1
2012-10-01,2794.2800,16.3200,1.0693,62.0000,0.6667,🟠轻度高估,26.4706,57.1176,75.0000,1,0,1
2012-10-02,2799.2900,15.7100,1.0701,70.0000,0.6667,🟠轻度高估,23.3980,57.4956,83.1864,1,0,1
2012-10-03,2818.8400,15.4300,1.0763,70.0000,0.6667,🟠轻度高估,21.6216,60.5758,83.1962,1,0,1
2012-10-04,2828.6000,14.5500,1.0788,70.0000,0.6667,🟠轻度高估,18.6729,62.1257,83.2061,1,0,1
2012-10-05,2811.9400,14.3300,1.0714,70.0000,0.6667,🟠轻度高估,18.0751,57.9812,83.2160,1,0,1
2012-10-08,2786.9200,15.1100,1.0607,70.0000,0.6667,🟠轻度高估,20.5865,52.9619,83.2258,1,0,1
2012-10-09,2741.9200,16.3700,1.0427,62.0000,0.6667,🟠轻度高估,26.9637,45.0762,74.7948,1,0,1
2012-10-10,2728.5400,16.2900,1.0367,62.0000,0.6667,🟠轻度高估,26.4792,42.1793,74.8096,1,0,1
2012-10-11,2719.2100,15.5900,1.0323,70.0000,0.6667,🟠轻度高估,23.0094,40.1639,83.2553,1,0,1
2012-10-12,2720.1400,16.1400,1.0318,62.0000,0.6667,🟠轻度高估,25.6875,39.9064,74.7806,1,0,1
2012-10-15,2739.8700,15.2700,1.0384,70.0000,0.6667,🟠轻度高估,21.1696,42.8655,83.2749,1,0,1
2012-10-16,2778.3800,15.2200,1.0520,70.0000,0.6667,🟠轻度高估,20.9234,49.7370,83.2846,1,0,1
2012-10-17,2775.6200,15.0700,1.0500,70.0000,0.6667,🟠轻度高估,20.4439,48.4813,83.2944,1,0,1
2012-10-18,2744.1700,15.0300,1.0373,70.0000,0.6667,🟠轻度高估,20.2569,42.3818,83.3041,1,0,1
2012-10-19,2678.3200,17.0600,1.0118,62.0000,0.3333,🟠轻度高估,30.8051,33.0805,74.6208,0,0,1
2012-10-22,2694.5600,16.6200,1.0173,62.0000,0.6667,🟠轻度高估,28.5714,34.5773,74.6356,1,0,1
2012-10-23,2666.0200,18.8300,1.0059,55.0000,0.0000,⚪中性,42.8904,30.8858,62.4709,0,0,0
2012-10-24,2655.5500,18.3300,1.0014,55.0000,-0.3333,🟡轻度低估,39.7787,29.1206,62.4927,0,-1,0
2012-10-25,2657.6600,18.1200,1.0017,55.0000,-0.3333,🟡轻度低估,38.3586,29.2782,62.5146,0,-1,0
2012-10-26,2665.8300,17.8100,1.0042,62.0000,0.3333,🟠轻度高估,36.1257,30.3665,74.6946,0,0,1
2012-10-31,2647.9200,18.6000,0.9970,55.0000,-0.3333,🟡轻度低估,41.7442,27.9070,62.5000,0,-1,0
2012-11-01,2687.5200,16.6900,1.0113,62.0000,0.6667,🟠轻度高估,29.0529,33.1203,74.7240,1,0,1
2012-11-02,2656.2800,17.5900,0.9991,62.0000,0.0000,⚪中性,34.5528,28.5134,74.7387,0,-1,1
2012-11-05,2672.9100,18.4200,1.0049,55.0000,0.0000,⚪中性,40.4527,30.8183,62.4492,0,0,0
2012-11-06,2681.0500,17.5800,1.0075,62.0000,0.3333,🟠轻度高估,34.3387,31.8445,74.7680,0,0,1
2012-11-07,2612.6900,19.0800,0.9815,55.0000,-0.3333,🟡轻度低估,44.5797,24.6377,62.4348,0,-1,0
2012-11-08,2572.5700,18.4900,0.9662,55.0000,-0.3333,🟡轻度低估,41.0197,21.4948,62.4565,0,-1,0
2012-11-09,2584.1000,18.6100,0.9703,55.0000,-0.3333,🟡轻度低估,41.9803,22.2930,62.4783,0,-1,0
2012-11-12,2582.7700,16.6800,0.9696,62.0000,0.3333,🟠轻度高估,28.8194,22.1065,74.8264,1,-1,1
2012-11-13,2561.8600,16.6500,0.9615,62.0000,0.3333,🟠轻度高估,28.6293,20.5321,74.8409,1,-1,1
2012-11-14,2531.8700,17.9200,0.9502,62.0000,0.0000,⚪中性,36.8208,17.9191,74.8555,0,-1,1
2012-11-15,2524.3600,17.9900,0.9473,62.0000,0.0000,⚪中性,37.4928,17.3888,74.8700,0,-1,1
2012-11-16,2534.1600,16.4100,0.9509,62.0000,0.3333,🟠轻度高估,27.2517,18.1293,74.8845,1,-1,1
2012-11-19,2595.8300,15.2400,0.9738,70.0000,0.3333,🟠轻度高估,21.0617,23.3122,83.4968,1,-1,1
2012-11-20,2594.6600,15.0800,0.9732,70.0000,0.3333,🟠轻度高估,20.2999,23.1834,83.5063,1,-1,1
2012-11-21,2600.4800,15.3100,0.9753,70.0000,0.3333,🟠轻度高估,21.3256,23.5735,83.5159,1,-1,1
2012-11-23,2639.5900,15.1400,0.9898,70.0000,0.3333,🟠轻度高估,20.5645,26.7857,83.5253,1,-1,1
2012-11-26,2651.6700,15.5000,0.9941,70.0000,0.3333,🟠轻度高估,22.3949,27.7490,83.5348,1,-1,1
2012-11-27,2641.4200,15.9200,0.9901,70.0000,0.3333,🟠轻度高估,24.7411,26.8700,83.5443,1,-1,1
2012-11-28,2665.2700,15.5100,0.9988,70.0000,0.3333,🟠轻度高估,22.4267,28.9822,83.5538,1,-1,1
2012-11-29,2680.0300,15.0600,1.0042,70.0000,0.6667,🟠轻度高估,20.1149,30.9770,83.5632,1,0,1
2012-11-30,2677.8800,15.8700,1.0032,70.0000,0.6667,🟠轻度高估,24.5261,30.6146,83.5727,1,0,1
2012-12-03,2671.8400,16.6400,1.0007,62.0000,0.3333,🟠轻度高估,28.8749,29.3915,74.5121,1,-1,1
2012-12-04,2667.8900,17.1200,0.9991,62.0000,0.0000,⚪中性,31.7843,29.0304,74.5267,0,-1,1
2012-12-05,2637.8900,16.4600,0.9877,62.0000,0.3333,🟠轻度高估,27.8670,26.3188,74.5413,1,-1,1
2012-12-06,2656.3000,16.5800,0.9945,62.0000,0.3333,🟠轻度高估,28.3668,27.8510,74.5559,1,-1,1
2012-12-07,2640.5400,15.9000,0.9885,70.0000,0.3333,🟠轻度高估,24.7423,26.5178,83.6197,1,-1,1
2012-12-10,2647.5700,16.0500,0.9910,62.0000,0.3333,🟠轻度高估,25.5867,27.1322,74.5278,1,-1,1
2012-12-11,2682.0700,15.5700,1.0038,70.0000,0.6667,🟠轻度高估,22.8261,31.1213,83.6384,1,0,1
2012-12-12,2674.5700,15.9500,1.0008,70.0000,0.3333,🟠轻度高估,25.2144,29.6741,83.6478,1,-1,1
2012-12-13,2654.0100,16.5600,0.9931,62.0000,0.3333,🟠轻度高估,28.5143,27.6000,74.4571,1,-1,1
2012-12-14,2628.0900,17.0000,0.9834,62.0000,0.0000,⚪中性,31.1251,25.3569,74.4717,0,-1,1
2012-12-17,2664.2600,16.3400,0.9969,62.0000,0.3333,🟠轻度高估,27.2260,28.5388,74.4863,1,-1,1
2012-12-18,2705.3900,15.5700,1.0122,70.0000,0.6667,🟠轻度高估,22.8180,34.6264,83.6851,1,0,1
2012-12-19,2690.9900,17.3600,1.0066,62.0000,0.3333,🟠轻度高估,33.4094,32.4401,74.4584,0,0,1
2012-12-20,2693.5500,17.6700,1.0074,62.0000,0.3333,🟠轻度高估,36.0114,32.8775,74.4729,0,0,1
2012-12-21,2664.6700,17.8400,0.9965,62.0000,0.0000,⚪中性,37.3576,28.3599,74.4875,0,-1,1
2012-12-24,2658.0500,17.8400,0.9940,62.0000,0.0000,⚪中性,37.3933,27.7746,74.5020,0,-1,1
2012-12-26,2637.1800,19.4800,0.9862,55.0000,-0.3333,🟡轻度低估,47.0990,25.8817,61.4334,0,-1,0
2012-12-27,2632.9400,19.4700,0.9846,55.0000,-0.3333,🟡轻度低估,47.0722,25.4690,61.4554,0,-1,0
2012-12-28,2606.3600,22.7200,0.9749,42.0000,-0.3333,🟡轻度低估,62.0455,23.0682,41.3068,0,-1,0
2012-12-31,2660.9300,18.0200,0.9954,55.0000,-0.3333,🟡轻度低估,38.6712,28.2226,61.4991,0,-1,0
2013-01-02,2746.4700,14.6800,1.0273,70.0000,0.6667,🟠轻度高估,18.6152,39.7276,83.7684,1,0,1
2013-01-03,2732.2600,14.5600,1.0219,70.0000,0.6667,🟠轻度高估,18.2076,37.7765,83.7777,1,0,1
2013-01-04,2724.4900,13.8300,1.0191,78.0000,1.0000,🟠轻度高估,15.8163,36.8481,90.8163,1,0,2
2013-01-07,2724.2200,13.7900,1.0190,78.0000,1.0000,🟠轻度高估,15.8074,36.7705,90.8215,1,0,2
2013-01-08,2718.7200,13.6200,1.0170,78.0000,1.0000,🟠轻度高估,15.5153,36.0136,90.8267,1,0,2
2013-01-09,2727.6500,13.8100,1.0203,78.0000,1.0000,🟠轻度高估,15.9027,37.1817,90.8319,1,0,2
2013-01-10,2744.1800,13.4900,1.0265,78.0000,1.0000,🟠轻度高估,15.1018,39.4796,90.8371,1,0,2
2013-01-11,2748.2600,13.3600,1.0280,78.0000,1.3333,🔴中度高估,14.7541,40.0791,90.8423,2,0,2
2013-01-14,2735.7000,13.5200,1.0234,78.0000,1.0000,🟠轻度高估,15.3672,38.2486,90.8475,1,0,2
2013-01-15,2722.9800,13.5500,1.0188,78.0000,1.0000,🟠轻度高估,15.4715,36.6460,90.8526,1,0,2
2013-01-16,2734.7300,13.4200,1.0232,78.0000,1.3333,🔴中度高估,14.8984,38.2619,90.8578,2,0,2
2013-01-17,2747.1500,13.5700,1.0279,78.0000,1.0000,🟠轻度高估,15.6232,40.1579,90.8629,1,0,2
2013-01-18,2743.2400,12.4600,1.0265,78.0000,1.3333,🔴中度高估,11.3303,39.5716,90.8681,2,0,2
2013-01-22,2746.1900,12.4300,1.0277,78.0000,1.3333,🔴中度高估,11.2676,40.0563,90.8732,2,0,2
2013-01-23,2762.1700,12.4600,1.0336,78.0000,1.3333,🔴中度高估,11.4302,42.6239,90.8784,2,0,2
2013-01-24,2723.5300,12.6900,1.0192,78.0000,1.3333,🔴中度高估,12.0990,36.8036,90.8835,2,0,2
2013-01-25,2736.7300,12.8900,1.0242,78.0000,1.3333,🔴中度高估,12.8234,38.5827,90.8886,2,0,2
2013-01-28,2742.4300,13.5700,1.0262,78.0000,1.0000,🟠轻度高估,15.9078,39.3479,90.8938,1,0,2
2013-01-29,2743.5800,13.3100,1.0266,78.0000,1.3333,🔴中度高估,14.7753,39.6629,90.8989,2,0,2
2013-01-30,2738.7100,14.3200,1.0248,70.0000,0.6667,🟠轻度高估,18.1920,38.6861,82.9871,1,0,1
2013-01-31,2731.5300,14.2800,1.0220,70.0000,0.6667,🟠轻度高估,17.9574,37.7666,82.9966,1,0,1
2013-02-01,2763.9600,12.9000,1.0340,78.0000,1.3333,🔴中度高估,12.8435,43.0174,90.9142,2,0,2
2013-02-04,2715.6800,14.6700,1.0159,70.0000,0.6667,🟠轻度高估,19.5628,35.5381,82.9596,1,0,1
2013-02-05,2754.9900,13.7200,1.0305,78.0000,1.0000,🟠轻度高估,16.4146,41.4566,90.9244,1,0,2
2013-02-06,2746.3500,13.4100,1.0272,78.0000,1.0000,🟠轻度高估,15.0616,40.0896,90.9295,1,0,2
2013-02-07,2746.5000,13.5000,1.0271,78.0000,1.0000,🟠轻度高估,15.6128,39.9552,90.9345,1,0,2
2013-02-08,2775.5600,13.0200,1.0378,78.0000,1.3333,🔴中度高估,13.3110,44.9664,90.9396,2,0,2
2013-02-11,2774.6400,12.9400,1.0371,78.0000,1.3333,🔴中度高估,12.9681,44.5500,90.9447,2,0,2
2013-02-12,2762.6200,12.6400,1.0326,78.0000,1.3333,🔴中度高估,11.7877,42.5698,90.9497,2,0,2
2013-02-13,2773.7700,12.9800,1.0366,78.0000,1.3333,🔴中度高估,13.2887,44.4444,90.9548,2,0,2
2013-02-14,2771.4300,12.6600,1.0357,78.0000,1.3333,🔴中度高估,11.8862,44.1406,90.9598,2,0,2
2013-02-15,2764.6700,12.4600,1.0331,78.0000,1.3333,🔴中度高估,11.3776,42.7217,90.9649,2,0,2
2013-02-19,2782.8600,12.3100,1.0398,78.0000,1.3333,🔴中度高估,10.5351,46.4326,90.9699,2,0,2
2013-02-20,2739.9900,14.6800,1.0237,70.0000,0.6667,🟠轻度高估,20.1114,38.1616,82.5070,1,0,1
2013-02-21,2711.5100,15.2200,1.0131,70.0000,0.6667,🟠轻度高估,22.1604,34.7439,82.5167,1,0,1
2013-02-22,2737.2800,14.1700,1.0225,70.0000,0.6667,🟠轻度高估,18.0301,37.6739,82.5264,1,0,1
2013-02-25,2700.9700,18.9900,1.0089,55.0000,0.0000,⚪中性,45.9956,32.9255,60.2892,0,0,0
2013-02-26,2713.0200,16.8700,1.0132,62.0000,0.3333,🟠轻度高估,31.7399,34.8527,73.0962,0,0,1
2013-02-27,2741.2600,14.7300,1.0235,70.0000,0.6667,🟠轻度高估,20.3889,38.2222,82.5556,1,0,1
2013-02-28,2738.5800,15.5100,1.0223,70.0000,0.6667,🟠轻度高估,23.8201,37.6458,82.5652,1,0,1
2013-03-01,2747.7500,15.3600,1.0254,70.0000,0.6667,🟠轻度高估,22.9190,39.1232,82.5749,1,0,1
2013-03-04,2759.5300,14.0100,1.0295,70.0000,0.6667,🟠轻度高估,17.5263,41.0427,82.5846,1,0,1
2013-03-05,2799.2500,13.4800,1.0439,78.0000,1.0000,🟠轻度高估,15.6874,48.5033,91.0200,1,0,2
2013-03-06,2792.5600,13.5300,1.0410,78.0000,1.0000,🟠轻度高估,16.1773,47.3130,91.0249,1,0,2
2013-03-07,2799.4900,13.0600,1.0430,78.0000,1.3333,🔴中度高估,13.8981,48.1174,91.0299,2,0,2
2013-03-08,2804.1100,12.5900,1.0441,78.0000,1.3333,🔴中度高估,11.7322,48.6995,91.0349,2,0,2
2013-03-11,2811.8600,11.5600,1.0464,88.0000,1.6667,🔴中度高估,6.3053,49.9447,100.0000,2,0,3
2013-03-12,2800.8100,12.2700,1.0418,78.0000,1.3333,🔴中度高估,10.2266,47.5401,90.9895,2,0,2
2013-03-13,2798.6800,11.8300,1.0405,88.0000,1.6667,🔴中度高估,7.7901,46.8508,100.0000,2,0,3
2013-03-14,2807.3000,11.3000,1.0432,88.0000,2.0000,🔴中度高估,4.8592,48.3711,100.0000,3,0,3
2013-03-15,2799.4100,11.3000,1.0398,88.0000,2.0000,🔴中度高估,4.9117,46.4680,100.0000,3,0,3
2013-03-18,2792.3000,13.3600,1.0367,78.0000,1.0000,🟠轻度高估,15.6095,44.6222,90.8439,1,0,2
2013-03-19,2787.2700,14.3900,1.0343,70.0000,0.6667,🟠轻度高估,19.5149,43.2745,82.1389,1,0,1
2013-03-20,2805.9100,12.6700,1.0407,78.0000,1.3333,🔴中度高估,12.2865,46.9972,90.8540,2,0,2
2013-03-21,2774.8500,13.9900,1.0286,78.0000,1.0000,🟠轻度高估,17.9515,40.4185,90.8590,1,0,2
2013-03-22,2800.8100,13.5700,1.0376,78.0000,1.0000,🟠轻度高估,16.8409,45.1293,90.8641,1,0,2
2013-03-25,2789.4500,13.7400,1.0328,78.0000,1.0000,🟠轻度高估,17.3817,42.5743,90.8691,1,0,2
2013-03-26,2806.5000,12.7700,1.0386,78.0000,1.3333,🔴中度高估,12.6993,45.7394,90.8741,2,0,2
2013-03-27,2809.9800,13.1500,1.0394,78.0000,1.3333,🔴中度高估,14.7253,46.2088,90.8791,2,0,2
2013-03-28,2818.6900,12.7000,1.0421,78.0000,1.3333,🔴中度高估,12.4657,47.8858,90.8841,2,0,2
2013-04-01,2797.0700,13.5800,1.0336,78.0000,1.0000,🟠轻度高估,17.0143,42.7003,90.8891,1,0,2
2013-04-02,2820.6200,12.7800,1.0417,78.0000,1.3333,🔴中度高估,12.8360,47.7784,90.8941,2,0,2
2013-04-03,2795.0400,14.2100,1.0318,70.0000,0.6667,🟠轻度高估,19.0789,41.8860,81.7434,1,0,1
2013-04-04,2794.9200,13.8900,1.0312,78.0000,1.0000,🟠轻度高估,17.9178,41.8082,90.9041,1,0,2
2013-04-05,2771.7500,13.9200,1.0223,78.0000,1.0000,🟠轻度高估,17.9628,37.1851,90.9091,1,0,2
2013-04-08,2786.1300,13.1900,1.0272,78.0000,1.3333,🔴中度高估,14.9425,39.7920,90.9141,2,0,2
2013-04-09,2804.6700,12.8400,1.0337,78.0000,1.3333,🔴中度高估,13.0197,43.1072,90.9190,2,0,2
2013-04-10,2859.2100,12.3600,1.0534,78.0000,1.3333,🔴中度高估,10.8256,53.5812,90.9240,2,0,2
2013-04-11,2859.0700,12.2400,1.0527,78.0000,1.3333,🔴中度高估,10.0546,53.1694,90.9290,2,0,2
2013-04-12,2856.4800,12.0600,1.0513,78.0000,1.3333,🔴中度高估,9.2299,52.2665,90.9339,2,0,2
2013-04-15,2797.4700,17.2700,1.0290,62.0000,0.3333,🟠轻度高估,35.3166,40.5022,71.8341,0,0,1
2013-04-16,2838.4100,13.9600,1.0436,78.0000,1.0000,🟠轻度高估,18.3852,48.8816,90.9438,1,0,2
2013-04-17,2781.9800,16.5100,1.0224,62.0000,0.3333,🟠轻度高估,31.0251,37.1320,71.8103,0,0,1
2013-04-18,2741.9500,17.5600,1.0073,62.0000,0.3333,🟠轻度高估,37.2752,31.6621,71.8256,0,0,1
2013-04-19,2780.4600,14.9700,1.0211,70.0000,0.6667,🟠轻度高估,22.3312,36.4924,81.4270,1,0,1
2013-04-22,2810.0700,14.3900,1.0317,70.0000,0.6667,🟠轻度高估,20.3048,41.9706,81.4371,1,0,1
2013-04-23,2835.3700,13.4800,1.0406,78.0000,1.0000,🟠轻度高估,16.4309,47.2252,90.9684,1,0,2
2013-04-24,2834.1200,13.6100,1.0398,78.0000,1.0000,🟠轻度高估,17.4008,46.8733,90.9734,1,0,2
2013-04-25,2848.6600,13.6200,1.0447,78.0000,1.0000,🟠轻度高估,17.5000,49.8370,90.9783,1,0,2
2013-04-26,2840.5500,13.6100,1.0412,78.0000,1.0000,🟠轻度高估,17.4362,47.7458,90.9832,1,0,2
2013-04-29,2866.9500,13.7100,1.0504,78.0000,1.0000,🟠轻度高估,17.8067,52.0630,90.9881,1,0,2
2013-04-30,2887.4400,13.5200,1.0573,78.0000,1.0000,🟠轻度高估,16.8204,55.3445,90.9929,1,0,2
2013-05-01,2873.3500,14.4900,1.0515,70.0000,0.6667,🟠轻度高估,20.8243,52.6030,81.1822,1,0,1
2013-05-02,2911.1400,13.5900,1.0647,78.0000,1.0000,🟠轻度高估,17.3442,58.2656,91.0027,1,0,2
2013-05-03,2944.5900,12.8500,1.0762,78.0000,1.3333,🔴中度高估,13.1636,63.3803,91.0076,2,0,2
2013-05-06,2955.3600,12.6600,1.0794,78.0000,1.3333,🔴中度高估,12.1819,65.2409,91.0125,2,0,2
2013-05-07,2952.8800,12.8300,1.0779,78.0000,1.3333,🔴中度高估,13.0952,64.6104,91.0173,2,0,2
2013-05-08,2968.2400,12.6600,1.0829,78.0000,1.3333,🔴中度高估,12.2228,66.6306,91.0222,2,0,2
2013-05-09,2961.1200,13.1300,1.0796,78.0000,1.3333,🔴中度高估,14.8649,65.2432,91.0270,2,0,2
2013-05-10,2981.0200,12.5900,1.0861,78.0000,1.3333,🔴中度高估,11.9395,68.0713,91.0319,2,0,2
2013-05-13,2982.0900,12.5500,1.0856,78.0000,1.3333,🔴中度高估,11.7171,67.8186,91.0367,2,0,2
2013-05-14,2996.0500,12.7700,1.0898,78.0000,1.6667,🔴中度高估,12.9520,70.1565,91.0416,2,1,2
2013-05-15,3002.6200,12.8100,1.0914,78.0000,1.6667,🔴中度高估,13.1607,70.8738,91.0464,2,1,2
2013-05-16,2999.3400,13.0700,1.0895,78.0000,1.3333,🔴中度高估,14.7709,69.9191,91.0512,2,0,2
2013-05-17,3028.9600,12.4500,1.0995,78.0000,1.6667,🔴中度高估,11.3685,74.1918,91.0560,2,1,2
2013-05-20,3020.9700,13.0200,1.0958,78.0000,1.6667,🔴中度高估,14.4319,72.8056,91.0609,2,1,2
2013-05-21,3026.4500,13.3700,1.0970,78.0000,1.3333,🔴中度高估,16.4693,73.3584,91.0657,1,1,2
2013-05-22,2999.1300,13.8200,1.0864,78.0000,1.0000,🟠轻度高估,18.7735,68.0473,91.0705,1,0,2
2013-05-23,2991.4500,14.0700,1.0830,70.0000,0.6667,🟠轻度高估,19.8387,66.3978,80.5376,1,0,1
2013-05-24,2991.0200,13.9900,1.0823,78.0000,1.0000,🟠轻度高估,19.5056,65.8786,91.0801,1,0,2
2013-05-28,3011.9400,14.4800,1.0892,70.0000,0.6667,🟠轻度高估,21.4823,69.7637,80.5048,1,0,1
2013-05-29,2994.8200,14.8300,1.0825,70.0000,0.6667,🟠轻度高估,22.9737,65.9152,80.5153,1,0,1
2013-05-30,3011.8300,14.5300,1.0881,70.0000,0.6667,🟠轻度高估,21.7811,68.7768,80.5258,1,0,1
2013-05-31,2981.7600,16.3000,1.0767,62.0000,0.3333,🟠轻度高估,30.6702,63.2172,70.7239,0,0,1
2013-06-03,2990.7900,16.2800,1.0795,62.0000,0.3333,🟠轻度高估,30.5466,64.7374,70.7395,0,0,1
2013-06-04,2973.6900,16.2700,1.0728,62.0000,0.3333,🟠轻度高估,30.4231,61.3283,70.7552,0,0,1
2013-06-05,2937.1400,17.5000,1.0592,62.0000,0.3333,🟠轻度高估,37.7409,55.1927,70.7709,0,0,1
2013-06-06,2950.3000,16.6300,1.0636,62.0000,0.3333,🟠轻度高估,32.7448,56.9823,70.7865,0,0,1
2013-06-07,2990.8700,15.1400,1.0779,70.0000,0.6667,🟠轻度高估,24.2781,64.0642,80.5882,1,0,1
2013-06-10,2990.4900,15.4400,1.0773,70.0000,0.6667,🟠轻度高估,25.6013,63.5489,80.5986,1,0,1
2013-06-11,2959.8400,17.0700,1.0659,62.0000,0.3333,🟠轻度高估,35.3632,57.9060,70.7265,0,0,1
2013-06-12,2926.1400,18.5900,1.0535,55.0000,0.0000,⚪中性,45.9690,53.1233,57.9285,0,0,0
2013-06-13,2962.9000,16.4100,1.0664,62.0000,0.3333,🟠轻度高估,31.5368,58.2177,70.7577,0,0,1
2013-06-14,2943.8600,17.1500,1.0592,62.0000,0.3333,🟠轻度高估,36.0533,55.0400,70.7733,0,0,1
2013-06-17,2971.2600,16.8000,1.0687,62.0000,0.3333,🟠轻度高估,33.9552,59.4883,70.7889,0,0,1
2013-06-18,2996.0900,16.6100,1.0772,62.0000,0.3333,🟠轻度高估,32.5519,63.6121,70.8045,0,0,1
2013-06-19,2959.5000,16.6400,1.0637,62.0000,0.3333,🟠轻度高估,33.0138,56.9223,70.8200,0,0,1
2013-06-20,2890.3300,20.4900,1.0386,48.0000,0.0000,⚪中性,54.5503,44.9175,47.6317,0,0,0
2013-06-21,2877.9400,18.9000,1.0340,55.0000,0.0000,⚪中性,47.8723,42.2872,57.8191,0,0,0
2013-06-24,2848.2000,20.1100,1.0231,48.0000,0.0000,⚪中性,53.0569,36.5231,47.6342,0,0,0
2013-06-25,2866.5000,18.4700,1.0295,55.0000,0.0000,⚪中性,45.2710,39.7450,57.8640,0,0,0
2013-06-26,2893.8500,17.2100,1.0392,62.0000,0.3333,🟠轻度高估,36.2719,45.4063,70.8975,0,0,1
2013-06-27,2906.8400,16.8600,1.0437,62.0000,0.3333,🟠轻度高估,34.1295,48.3546,70.9130,0,0,1
2013-06-28,2909.6000,16.8600,1.0445,62.0000,0.3333,🟠轻度高估,34.1645,48.9655,70.9284,0,0,1
2013-07-01,2927.3500,16.3700,1.0506,62.0000,0.3333,🟠轻度高估,31.0710,51.3256,70.9438,0,0,1
2013-07-02,2929.6300,16.4400,1.0512,62.0000,0.3333,🟠轻度高估,31.6375,51.6693,70.9592,0,0,1
2013-07-03,2941.4100,16.2000,1.0552,62.0000,0.6667,🟠轻度高估,29.7140,53.9725,70.9746,1,0,1
2013-07-05,2963.2200,14.8900,1.0628,70.0000,0.6667,🟠轻度高估,23.0281,56.6967,80.7835,1,0,1
2013-07-08,2966.1300,14.7800,1.0636,70.0000,0.6667,🟠轻度高估,22.5926,57.0370,80.7937,1,0,1
2013-07-09,2984.3200,14.3500,1.0699,70.0000,0.6667,🟠轻度高估,20.8355,60.2327,80.8038,1,0,1
2013-07-10,3000.6600,14.2100,1.0755,70.0000,0.6667,🟠轻度高估,20.0846,62.8436,80.8140,1,0,1
2013-07-11,3059.4600,14.0100,1.0962,70.0000,1.0000,🟠轻度高估,19.3344,73.5341,80.8241,1,1,1
2013-07-12,3079.0700,13.8400,1.1028,78.0000,1.3333,🔴中度高估,18.5322,76.0824,91.2355,1,1,2
2013-07-15,3079.8500,13.7900,1.1026,78.0000,1.3333,🔴中度高估,18.3641,75.9367,91.2401,1,1,2
2013-07-16,3077.4700,14.4200,1.1012,70.0000,1.0000,🟠轻度高估,21.2025,75.3692,80.7489,1,1,1
2013-07-17,3085.2800,13.7800,1.1034,78.0000,1.3333,🔴中度高估,18.2920,76.2256,91.2493,1,1,2
2013-07-18,3077.8200,13.7700,1.1002,78.0000,1.3333,🔴中度高估,18.2824,74.9210,91.2540,1,1,2
2013-07-19,3044.9300,12.5400,1.0880,78.0000,1.3333,🔴中度高估,11.4797,68.9837,91.2586,2,0,2
2013-07-22,3055.2300,12.2900,1.0912,78.0000,1.6667,🔴中度高估,10.1053,71.0526,91.2632,2,1,2
2013-07-23,3031.4000,12.6600,1.0822,78.0000,1.3333,🔴中度高估,12.2041,65.9653,91.2678,2,0,2
2013-07-24,3041.1600,13.1800,1.0853,78.0000,1.0000,🟠轻度高估,15.3523,67.6130,91.2723,1,0,2
2013-07-25,3061.6700,12.9700,1.0921,78.0000,1.6667,🔴中度高估,14.0305,71.7288,91.2769,2,1,2
2013-07-26,3076.2300,12.7200,1.0968,78.0000,1.6667,🔴中度高估,12.6050,73.6345,91.2815,2,1,2
2013-07-29,3068.9500,13.3900,1.0937,78.0000,1.3333,🔴中度高估,16.4304,72.0735,91.2861,1,1,2
2013-07-30,3085.3300,13.3900,1.0988,78.0000,1.3333,🔴中度高估,16.4743,74.3442,91.2907,1,1,2
2013-07-31,3090.1900,13.4500,1.0998,78.0000,1.3333,🔴中度高估,16.7803,74.7771,91.2952,1,1,2
2013-08-01,3126.3000,12.9400,1.1119,78.0000,1.6667,🔴中度高估,13.8365,79.5597,91.2998,2,1,2
2013-08-02,3143.5200,11.9800,1.1172,88.0000,2.0000,🔴中度高估,8.4861,81.0372,100.0000,2,1,3
2013-08-05,3143.1900,11.8400,1.1163,88.0000,2.0000,🔴中度高估,7.5916,80.6283,100.0000,2,1,3
2013-08-06,3122.2000,12.7200,1.1081,78.0000,1.6667,🔴中度高估,12.7159,78.0220,91.2088,2,1,2
2013-08-07,3118.6900,12.9800,1.1062,78.0000,1.6667,🔴中度高估,14.3305,77.5105,91.2134,2,1,2
2013-08-08,3130.1300,12.7300,1.1095,78.0000,1.6667,🔴中度高估,12.7548,78.6722,91.2180,2,1,2
2013-08-09,3118.5700,13.4100,1.1045,78.0000,1.3333,🔴中度高估,16.8234,76.7503,91.2226,1,1,2
2013-08-12,3125.9300,12.8100,1.1063,78.0000,1.6667,🔴中度高估,13.2637,77.4935,91.2272,2,1,2
2013-08-13,3141.0600,12.3100,1.1107,78.0000,1.6667,🔴中度高估,10.4384,79.1754,91.2317,2,1,2
2013-08-14,3129.4500,13.0400,1.1057,78.0000,1.6667,🔴中度高估,14.8670,77.3083,91.2363,2,1,2
2013-08-15,3076.2300,14.7300,1.0861,70.0000,0.6667,🟠轻度高估,23.5662,67.5182,79.8749,1,0,1
2013-08-16,3073.9100,14.3700,1.0845,70.0000,0.6667,🟠轻度高估,21.8864,66.8056,79.8854,1,0,1
2013-08-19,3069.7600,15.1000,1.0822,70.0000,0.6667,🟠轻度高估,25.0000,65.3646,79.8958,1,0,1
2013-08-20,3082.1700,14.9100,1.0858,70.0000,0.6667,🟠轻度高估,24.2582,67.4128,79.9063,1,0,1
2013-08-21,3071.4700,15.9400,1.0813,70.0000,0.6667,🟠轻度高估,29.7086,65.0364,79.9168,1,0,1
2013-08-22,3101.8200,14.7600,1.0911,70.0000,1.0000,🟠轻度高估,23.7129,70.5668,79.9272,1,1,1
2013-08-23,3124.2700,13.9800,1.0982,78.0000,1.3333,🔴中度高估,19.9584,73.7526,91.2682,1,1,2
2013-08-26,3122.6700,14.9900,1.0966,70.0000,1.0000,🟠轻度高估,24.6753,73.0390,79.8961,1,1,1
2013-08-27,3059.5800,16.7700,1.0736,62.0000,0.0000,⚪中性,35.0987,60.9553,69.6262,0,0,0
2013-08-28,3072.1700,16.4900,1.0771,62.0000,0.0000,⚪中性,33.4198,62.6362,69.6419,0,0,0
2013-08-29,3093.3600,16.8100,1.0835,62.0000,0.0000,⚪中性,35.4772,66.1826,69.6577,0,0,0
2013-08-30,3073.8100,17.0100,1.0757,62.0000,0.0000,⚪中性,36.4956,61.8455,69.6734,0,0,0
2013-09-03,3091.7600,16.6100,1.0809,62.0000,0.0000,⚪中性,33.8342,64.8187,69.6891,0,0,0
2013-09-04,3124.5400,15.8800,1.0912,70.0000,1.0000,🟠轻度高估,29.3630,70.6370,79.9586,1,1,1
2013-09-05,3129.9400,15.7700,1.0920,70.0000,1.0000,🟠轻度高估,28.8302,71.1698,79.9689,1,1,1
2013-09-06,3133.3800,15.8500,1.0922,70.0000,1.0000,🟠轻度高估,29.1257,71.3399,79.9793,1,1,1
2013-09-09,3169.9300,15.6300,1.1038,70.0000,1.0000,🟠轻度高估,28.2834,76.2668,79.9897,1,1,1
2013-09-10,3185.0700,14.5300,1.1079,70.0000,1.0000,🟠轻度高估,22.5323,78.1395,80.0000,1,1,1
2013-09-11,3179.8600,13.8200,1.1051,78.0000,1.3333,🔴中度高估,19.2149,77.0145,91.3223,1,1,2
2013-09-12,3175.5700,14.2900,1.1026,70.0000,1.0000,🟠轻度高估,21.3733,75.7873,79.9690,1,1,1
2013-09-13,3178.2800,14.1600,1.1025,70.0000,1.0000,🟠轻度高估,20.6914,75.6450,79.9794,1,1,1
2013-09-16,3168.6900,14.3800,1.0982,70.0000,1.0000,🟠轻度高估,21.9701,73.6978,79.9897,1,1,1
2013-09-17,3190.8300,14.5300,1.1049,70.0000,1.0000,🟠轻度高估,22.7320,76.9588,80.0000,1,1,1
2013-09-18,3231.3100,13.5900,1.1179,78.0000,1.3333,🔴中度高估,18.1865,81.6589,91.3447,1,1,2
2013-09-19,3237.6100,13.1600,1.1190,78.0000,1.3333,🔴中度高估,15.6025,82.1318,91.3491,1,1,2
2013-09-20,3224.7300,13.1200,1.1134,78.0000,1.3333,🔴中度高估,15.2342,79.9279,91.3536,1,1,2
2013-09-23,3219.3400,14.3100,1.1105,70.0000,1.0000,🟠轻度高估,21.6049,79.0123,79.8868,1,1,1
2013-09-24,3218.6600,14.0800,1.1091,70.0000,1.0000,🟠轻度高估,20.6170,78.5604,79.8972,1,1,1
2013-09-25,3208.5500,14.0100,1.1046,70.0000,1.0000,🟠轻度高估,20.2980,76.5673,79.9075,1,1,1
2013-09-26,3234.0400,14.0600,1.1122,70.0000,1.0000,🟠轻度高估,20.4931,79.7124,79.9178,1,1,1
2013-09-27,3230.3000,15.4600,1.1099,70.0000,1.0000,🟠轻度高估,27.3614,78.8501,79.9281,1,1,1
2013-09-30,3218.2000,16.6000,1.1047,62.0000,0.3333,🟠轻度高估,34.3766,76.5521,69.0611,0,1,0
2013-10-01,3253.0500,15.5400,1.1155,70.0000,1.0000,🟠轻度高估,28.0513,80.7692,79.9487,1,1,1
2013-10-02,3253.2600,16.6000,1.1144,62.0000,0.3333,🟠轻度高估,34.4439,80.3178,69.0415,0,1,0
2013-10-03,3213.8300,17.6700,1.0999,62.0000,0.3333,🟠轻度高估,41.8545,73.9754,69.0574,0,1,0
2013-10-04,3242.5700,16.7400,1.1087,62.0000,0.3333,🟠轻度高估,35.7911,78.1362,69.0732,0,1,0
2013-10-07,3215.6900,19.4100,1.0985,55.0000,0.3333,🟠轻度高估,51.8936,73.2344,55.7830,0,1,0
2013-10-08,3153.8700,20.3400,1.0765,48.0000,0.0000,⚪中性,55.6010,61.3811,45.8824,0,0,0
2013-10-09,3142.5400,19.6000,1.0718,55.0000,0.0000,⚪中性,52.9141,59.1002,55.8282,0,0,0
2013-10-10,3210.8400,16.4800,1.0941,62.0000,0.3333,🟠轻度高估,33.7762,71.1804,69.1364,0,1,0
2013-10-11,3233.8300,15.7200,1.1008,70.0000,1.0000,🟠轻度高估,29.0603,74.4637,80.0306,1,1,1
2013-10-14,3256.0200,16.0700,1.1072,62.0000,0.3333,🟠轻度高估,31.0873,77.5396,69.1169,0,1,0
2013-10-15,3244.6600,18.6600,1.1021,55.0000,0.3333,🟠轻度高估,48.7755,75.0510,55.7653,0,1,0
2013-10-16,3281.6700,14.7100,1.1135,70.0000,1.0000,🟠轻度高估,23.6614,80.1122,80.0612,1,1,1
2013-10-17,3301.2800,13.4800,1.1191,78.0000,1.3333,🔴中度高估,17.1764,82.3140,91.4373,1,1,2
2013-10-18,3353.8800,13.0400,1.1357,78.0000,2.0000,🔴中度高估,14.5695,86.8569,91.4417,2,2,2
2013-10-21,3361.1800,13.1600,1.1370,78.0000,1.6667,🔴中度高估,15.5804,87.2709,91.4460,1,2,2
2013-10-22,3366.9300,13.3300,1.1377,78.0000,1.6667,🔴中度高估,16.2850,87.7863,91.4504,1,2,2
2013-10-23,3346.0500,13.4200,1.1294,78.0000,1.3333,🔴中度高估,16.9888,84.5880,91.4547,1,1,2
2013-10-24,3362.3800,13.2000,1.1337,78.0000,1.6667,🔴中度高估,15.7092,85.9685,91.4591,1,2,2
2013-10-25,3383.8300,13.0900,1.1397,78.0000,2.0000,🔴中度高估,14.9898,88.3638,91.4634,2,2,2
2013-10-28,3382.6800,13.3100,1.1381,78.0000,1.6667,🔴中度高估,16.3535,87.8111,91.4678,1,2,2
2013-10-29,3391.7500,13.4100,1.1399,78.0000,1.6667,🔴中度高估,16.9543,88.3756,91.4721,1,2,2
2013-10-30,3385.3800,13.6500,1.1365,78.0000,1.6667,🔴中度高估,18.9244,86.8087,91.4764,1,2,2
2013-10-31,3377.7300,13.7500,1.1327,78.0000,1.6667,🔴中度高估,19.2191,85.5984,91.4807,1,2,2
2013-11-01,3379.7600,13.2800,1.1322,78.0000,1.6667,🔴中度高估,16.1176,85.3016,91.4850,1,2,2
2013-11-04,3384.7500,12.9300,1.1327,78.0000,2.0000,🔴中度高估,13.6272,85.5623,91.4894,2,2,2
2013-11-05,3388.8200,13.2700,1.1328,78.0000,1.6667,🔴中度高估,16.1519,85.6203,91.4937,1,2,2
2013-11-06,3385.3800,12.6700,1.1305,78.0000,1.6667,🔴中度高估,12.0445,84.5142,91.4980,2,1,2
2013-11-07,3321.4100,13.9100,1.1080,78.0000,1.3333,🔴中度高估,20.0303,77.2888,91.5023,1,1,2
2013-11-08,3366.8400,12.9000,1.1220,78.0000,1.6667,🔴中度高估,13.5490,82.5076,91.5066,2,1,2
2013-11-11,3362.9800,12.5300,1.1195,78.0000,1.6667,🔴中度高估,11.1167,81.9101,91.5109,2,1,2
2013-11-12,3365.2300,12.8200,1.1191,78.0000,1.6667,🔴中度高估,13.0303,81.7172,91.5152,2,1,2
2013-11-13,3405.5600,12.5200,1.1313,78.0000,2.0000,🔴中度高估,11.1055,85.0076,91.5194,2,2,2
2013-11-14,3415.1400,12.3700,1.1332,78.0000,2.0000,🔴中度高估,10.3431,85.7215,91.5237,2,2,2
2013-11-15,3422.5800,12.1900,1.1344,78.0000,2.0000,🔴中度高估,9.1780,86.1321,91.5280,2,2,2
2013-11-18,3388.8700,13.1000,1.1220,78.0000,1.3333,🔴中度高估,15.3226,82.4093,91.5323,1,1,2
2013-11-19,3378.1300,13.3900,1.1173,78.0000,1.3333,🔴中度高估,17.2796,80.5542,91.5365,1,1,2
2013-11-20,3367.1700,13.4000,1.1125,78.0000,1.3333,🔴中度高估,17.3212,78.8520,91.5408,1,1,2
2013-11-21,3402.7400,12.6600,1.1230,78.0000,1.6667,🔴中度高估,12.0785,82.6875,91.5450,2,1,2
2013-11-22,3422.0200,12.2600,1.1282,78.0000,1.6667,🔴中度高估,9.7082,83.8531,91.5493,2,1,2
2013-11-25,3427.4900,12.7900,1.1288,78.0000,1.6667,🔴中度高估,13.1222,84.0121,91.5535,2,1,2
2013-11-26,3445.7600,12.8100,1.1335,78.0000,2.0000,🔴中度高估,13.2663,85.7789,91.5578,2,2,2
2013-11-27,3470.4800,12.9800,1.1404,78.0000,2.0000,🔴中度高估,14.5655,88.6489,91.5620,2,2,2
2013-11-29,3487.8200,13.7000,1.1447,78.0000,1.6667,🔴中度高估,19.7289,89.3072,91.5663,1,2,2
2013-12-02,3481.1500,14.2300,1.1412,70.0000,1.3333,🔴中度高估,22.3783,88.7105,78.8259,1,2,1
2013-12-03,3479.3400,14.5500,1.1393,70.0000,1.3333,🔴中度高估,24.1725,88.1143,78.8365,1,2,1
2013-12-04,3483.0100,14.7000,1.1391,70.0000,1.3333,🔴中度高估,24.8622,88.0201,78.8471,1,2,1
2013-12-05,3477.7300,15.0800,1.1360,70.0000,1.3333,🔴中度高估,26.6533,86.5731,78.8577,1,2,1
2013-12-06,3504.2600,13.7900,1.1432,78.0000,1.6667,🔴中度高估,20.1803,89.0336,91.5874,1,2,2
2013-12-09,3516.1700,13.4900,1.1456,78.0000,1.6667,🔴中度高估,18.3183,89.4895,91.5916,1,2,2
2013-12-10,3514.2000,13.9100,1.1434,78.0000,1.6667,🔴中度高估,20.7104,89.0445,91.5958,1,2,2
2013-12-11,3468.9900,15.4200,1.1274,70.0000,1.0000,🟠轻度高估,28.2500,83.1000,78.7500,1,1,1
2013-12-12,3460.2900,15.5400,1.1232,70.0000,1.0000,🟠轻度高估,29.3853,82.2589,78.7606,1,1,1
2013-12-13,3456.4000,15.7600,1.1207,70.0000,0.6667,🟠轻度高估,30.6693,81.2188,78.7712,0,1,1
2013-12-16,3475.7900,16.0300,1.1257,62.0000,0.3333,🟠轻度高估,32.4014,82.6261,67.6985,0,1,0
2013-12-17,3469.3200,16.2100,1.1223,62.0000,0.3333,🟠轻度高估,33.1337,81.8363,67.7146,0,1,0
2013-12-18,3509.6300,13.8000,1.1341,78.0000,1.6667,🔴中度高估,20.1995,85.6359,91.6209,1,2,2
2013-12-19,3498.6300,14.1500,1.1292,70.0000,1.0000,🟠轻度高估,22.0339,83.5992,78.7637,1,1,1
2013-12-20,3531.1900,13.7900,1.1384,78.0000,1.6667,🔴中度高估,20.1794,87.5934,91.6293,1,2,2
2013-12-23,3569.4000,13.0400,1.1493,78.0000,2.0000,🔴中度高估,14.9402,90.3884,91.6335,2,2,2
2013-12-24,3572.8000,12.4800,1.1490,78.0000,2.0000,🔴中度高估,11.0503,90.2439,91.6376,2,2,2
2013-12-26,3584.5800,12.3300,1.1513,78.0000,2.0000,🔴中度高估,10.1493,90.8458,91.6418,2,2,2
2013-12-27,3574.0200,12.4600,1.1465,78.0000,2.0000,🔴中度高估,11.0890,89.7066,91.6459,2,2,2
2013-12-30,3570.0800,13.5600,1.1438,78.0000,1.6667,🔴中度高估,18.8867,88.9662,91.6501,1,2,2
2013-12-31,3592.0000,13.7200,1.1494,78.0000,1.6667,🔴中度高估,19.9702,90.3626,91.6542,1,2,2
2014-01-02,3563.5700,14.2300,1.1389,70.0000,1.3333,🔴中度高估,22.7905,87.4876,78.5005,1,2,1
2014-01-03,3538.7300,13.7600,1.1296,78.0000,1.3333,🔴中度高估,20.1489,83.5236,91.6625,1,1,2
2014-01-06,3526.9600,13.5500,1.1245,78.0000,1.3333,🔴中度高估,18.8492,81.9444,91.6667,1,1,2
2014-01-07,3557.8500,12.9200,1.1330,78.0000,1.6667,🔴中度高估,13.9812,84.8785,91.6708,2,1,2
2014-01-08,3567.5400,12.8700,1.1347,78.0000,2.0000,🔴中度高估,13.7265,85.7284,91.6749,2,2,2
2014-01-09,3552.5800,12.8900,1.1286,78.0000,1.6667,🔴中度高估,13.8683,82.9619,91.6790,2,1,2
2014-01-10,3565.0800,12.1400,1.1312,78.0000,1.6667,🔴中度高估,8.8119,84.1089,91.6832,2,1,2
2014-01-13,3512.8000,13.2800,1.1134,78.0000,1.3333,🔴中度高估,16.9223,77.6843,91.6873,1,1,2
2014-01-14,3580.6500,12.2800,1.1335,78.0000,2.0000,🔴中度高估,9.7428,85.0148,91.6914,2,2,2
2014-01-15,3609.8400,12.2800,1.1413,78.0000,2.0000,🔴中度高估,9.7874,88.4330,91.6955,2,2,2
2014-01-16,3611.2900,12.5300,1.1403,78.0000,2.0000,🔴中度高估,11.4130,88.0435,91.6996,2,2,2
2014-01-17,3591.2500,12.4400,1.1325,78.0000,1.6667,🔴中度高估,10.9136,84.5432,91.7037,2,1,2
2014-01-21,3617.7000,12.8700,1.1393,78.0000,2.0000,🔴中度高估,13.9684,87.7591,91.7078,2,2,2
2014-01-22,3627.7200,12.8400,1.1410,78.0000,2.0000,🔴中度高估,13.7148,88.3572,91.7119,2,2,2
2014-01-23,3613.7600,13.7700,1.1352,78.0000,1.6667,🔴中度高估,20.7101,85.7002,91.7160,1,2,2
2014-01-24,3541.4800,18.1400,1.1113,55.0000,0.3333,🟠轻度高估,47.0675,76.9345,53.9182,0,1,0
2014-01-27,3509.0200,17.4200,1.1000,62.0000,0.3333,🟠轻度高估,41.7241,71.3793,66.9458,0,1,0
2014-01-28,3505.7200,15.8000,1.0978,70.0000,0.6667,🟠轻度高估,31.6593,70.4087,77.9911,0,1,1
2014-01-29,3467.8200,17.3500,1.0848,62.0000,0.0000,⚪中性,41.3386,63.6319,66.9291,0,0,0
2014-01-30,3532.4100,17.2900,1.1038,62.0000,0.3333,🟠轻度高估,41.0723,73.2415,66.9454,0,1,0
2014-01-31,3521.9200,18.4100,1.0993,55.0000,0.3333,🟠轻度高估,48.7217,70.9931,53.8348,0,1,0
2014-02-03,3440.5000,21.4400,1.0727,48.0000,0.0000,⚪中性,62.1130,57.2973,44.1278,0,0,0
2014-02-04,3470.2000,19.1100,1.0808,55.0000,0.0000,⚪中性,52.7014,61.5914,53.8802,0,0,0
2014-02-05,3454.9000,19.9500,1.0749,55.0000,0.0000,⚪中性,55.8174,58.2229,53.9028,0,0,0
2014-02-06,3497.6000,17.2300,1.0871,62.0000,0.0000,⚪中性,40.4809,64.7203,67.0265,0,0,0
2014-02-07,3561.9100,15.2900,1.1058,70.0000,1.0000,🟠轻度高估,28.4453,74.6935,78.0775,1,1,1
2014-02-10,3582.1100,15.2600,1.1108,70.0000,1.0000,🟠轻度高估,28.3333,76.8627,78.0882,1,1,1
2014-02-11,3621.7200,14.5100,1.1218,70.0000,1.0000,🟠轻度高估,24.6448,80.8427,78.0990,1,1,1
2014-02-12,3627.3600,14.3000,1.1222,70.0000,1.0000,🟠轻度高估,23.6043,80.9500,78.1097,1,1,1
2014-02-13,3659.5600,14.1400,1.1308,70.0000,1.0000,🟠轻度高估,22.5649,83.6515,78.1204,1,1,1
2014-02-14,3663.8800,13.5700,1.1307,78.0000,1.3333,🔴中度高估,19.4227,83.5616,91.7808,1,1,2
2014-02-18,3679.4300,13.8700,1.1342,78.0000,1.6667,🔴中度高估,21.1736,85.3301,91.7848,1,2,2
2014-02-19,3652.8500,15.5000,1.1248,70.0000,1.0000,🟠轻度高估,29.8631,81.6227,78.0547,1,1,1
2014-02-20,3671.9300,14.7900,1.1294,70.0000,1.0000,🟠轻度高估,26.3312,82.9018,78.0655,1,1,1
2014-02-21,3662.6000,14.6800,1.1253,70.0000,1.0000,🟠轻度高估,25.7324,81.6895,78.0762,1,1,1
2014-02-24,3685.8100,14.2300,1.1312,70.0000,1.0000,🟠轻度高估,23.2796,83.9434,78.0869,1,1,1
2014-02-25,3679.1400,13.6700,1.1279,78.0000,1.3333,🔴中度高估,20.0488,82.3415,91.8049,1,1,2
2014-02-26,3676.6000,14.3500,1.1259,70.0000,1.0000,🟠轻度高估,24.1833,81.7650,78.0595,1,1,1
2014-02-27,3699.8000,14.0400,1.1318,70.0000,1.0000,🟠轻度高估,22.2710,84.0643,78.0702,1,1,1
2014-02-28,3696.1000,14.0000,1.1294,78.0000,1.3333,🔴中度高估,21.9679,82.9031,91.8169,1,1,2
2014-03-03,3668.3700,16.0000,1.1198,70.0000,0.6667,🟠轻度高估,33.4956,79.7468,78.0428,0,1,1
2014-03-04,3719.9300,14.1000,1.1343,70.0000,1.3333,🔴中度高估,22.6764,85.4501,78.0535,1,2,1
2014-03-05,3727.1900,13.8900,1.1353,78.0000,1.6667,🔴中度高估,21.3035,86.0409,91.8288,1,2,2
2014-03-06,3720.9300,14.2100,1.1322,70.0000,1.0000,🟠轻度高估,23.2863,84.2003,78.0263,1,1,1
2014-03-07,3703.4000,14.1100,1.1257,70.0000,1.0000,🟠轻度高估,22.7405,81.4383,78.0369,1,1,1
2014-03-10,3706.3400,14.2000,1.1254,70.0000,1.0000,🟠轻度高估,23.1666,81.3502,78.0476,1,1,1
2014-03-11,3691.5000,14.8000,1.1197,70.0000,1.0000,🟠轻度高估,26.7961,79.5146,78.0583,1,1,1
2014-03-12,3707.0600,14.4700,1.1232,70.0000,1.0000,🟠轻度高估,24.8908,80.7860,78.0689,1,1,1
2014-03-13,3651.4900,16.2200,1.1053,62.0000,0.3333,🟠轻度高估,34.5781,73.7148,66.2949,0,1,0
2014-03-14,3627.8700,17.8200,1.0971,62.0000,0.0000,⚪中性,45.4678,69.2681,66.3112,0,0,0
2014-03-17,3662.5100,15.6400,1.1065,70.0000,0.6667,🟠轻度高估,31.6376,74.0795,78.1008,0,1,1
2014-03-18,3706.6200,14.5200,1.1186,70.0000,1.0000,🟠轻度高估,25.1816,78.9346,78.1114,1,1,1
2014-03-19,3682.7400,15.1200,1.1102,70.0000,1.0000,🟠轻度高估,28.2188,75.6050,78.1220,1,1,1
2014-03-20,3693.9700,14.5200,1.1124,70.0000,1.0000,🟠轻度高估,25.2056,76.5360,78.1326,1,1,1
2014-03-21,3653.0700,15.0000,1.0989,70.0000,0.6667,🟠轻度高估,27.6596,69.9226,78.1431,1,0,1
2014-03-24,3617.3900,15.0900,1.0871,70.0000,0.6667,🟠轻度高估,28.1295,63.7506,78.1537,1,0,1
2014-03-25,3629.7300,14.0200,1.0897,70.0000,0.6667,🟠轻度高估,22.1739,65.5072,78.1643,1,0,1
2014-03-26,3582.8900,14.9300,1.0747,70.0000,0.6667,🟠轻度高估,27.3781,57.2187,78.1748,1,0,1
2014-03-27,3563.1300,14.6200,1.0678,70.0000,0.6667,🟠轻度高估,25.8205,54.0058,78.1853,1,0,1
2014-03-28,3571.4900,14.4100,1.0693,70.0000,0.6667,🟠轻度高估,24.6020,54.6551,78.1959,1,0,1
2014-03-31,3595.7400,13.8800,1.0755,78.0000,1.0000,🟠轻度高估,21.0704,57.7146,91.8997,1,0,2
2014-04-01,3658.4000,13.1000,1.0931,78.0000,1.0000,🟠轻度高估,15.6145,67.3735,91.9036,1,0,2
2014-04-02,3665.9900,13.0900,1.0942,78.0000,1.0000,🟠轻度高估,15.5588,67.7746,91.9075,1,0,2
2014-04-03,3637.5800,13.3700,1.0847,78.0000,1.0000,🟠轻度高估,17.4771,62.5903,91.9114,1,0,2
2014-04-04,3539.3800,13.9600,1.0545,78.0000,1.0000,🟠轻度高估,21.6554,48.8932,91.9153,1,0,2
2014-04-07,3507.7500,15.5700,1.0442,70.0000,0.3333,🟠轻度高估,31.4093,44.0596,78.0183,0,0,1
2014-04-08,3538.2300,14.8900,1.0522,70.0000,0.6667,🟠轻度高估,27.5000,47.7885,78.0288,1,0,1
2014-04-09,3600.4400,13.8200,1.0695,78.0000,1.0000,🟠轻度高估,20.9034,54.8775,91.9270,1,0,2
2014-04-10,3487.7600,15.8900,1.0351,70.0000,0.3333,🟠轻度高估,33.4294,38.8569,78.0019,0,0,1
2014-04-11,3446.8500,17.0300,1.0221,62.0000,0.0000,⚪中性,40.5665,32.6452,65.7225,0,0,0
2014-04-14,3474.6300,16.1100,1.0295,62.0000,0.0000,⚪中性,34.6929,35.9405,65.7390,0,0,0
2014-04-15,3487.8500,15.6100,1.0325,70.0000,0.3333,🟠轻度高估,31.7986,37.6499,78.0336,0,0,1
2014-04-16,3533.0900,14.1800,1.0449,70.0000,0.6667,🟠轻度高估,23.1544,44.7747,78.0441,1,0,1
2014-04-17,3534.5300,13.3600,1.0444,78.0000,1.0000,🟠轻度高估,17.3455,44.4178,91.9502,1,0,2
2014-04-21,3559.9500,13.2500,1.0510,78.0000,1.0000,🟠轻度高估,16.6188,46.9349,91.9540,1,0,2
2014-04-22,3588.8100,13.1900,1.0585,78.0000,1.0000,🟠轻度高估,16.2757,50.2633,91.9579,1,0,2
2014-04-23,3557.0400,13.2700,1.0482,78.0000,1.0000,🟠轻度高估,16.7943,46.0287,91.9617,1,0,2
2014-04-24,3591.0300,13.3200,1.0573,78.0000,1.0000,🟠轻度高估,17.1688,49.9761,91.9656,1,0,2
2014-04-25,3533.1000,14.0600,1.0394,70.0000,0.6667,🟠轻度高估,22.6577,41.3002,77.8681,1,0,1
2014-04-28,3545.0300,13.9700,1.0422,78.0000,1.0000,🟠轻度高估,21.8825,42.9527,91.9732,1,0,2
2014-04-29,3573.9900,13.7100,1.0500,78.0000,1.0000,🟠轻度高估,20.2006,46.4183,91.9771,1,0,2
2014-04-30,3582.0200,13.4100,1.0515,78.0000,1.0000,🟠轻度高估,17.9475,47.3986,91.9809,1,0,2
2014-05-01,3594.3600,13.2500,1.0544,78.0000,1.0000,🟠轻度高估,16.6508,49.1412,91.9847,1,0,2
2014-05-02,3587.6400,12.9100,1.0516,78.0000,1.3333,🔴中度高估,13.8770,47.5918,91.9886,2,0,2
2014-05-05,3605.0900,13.2900,1.0559,78.0000,1.0000,🟠轻度高估,17.0162,49.7140,91.9924,1,0,2
2014-05-06,3556.5100,13.8000,1.0409,78.0000,1.0000,🟠轻度高估,21.0576,42.2106,91.9962,1,0,2
2014-05-07,3546.4700,13.4000,1.0372,78.0000,1.0000,🟠轻度高估,17.9048,39.7143,92.0000,1,0,2
2014-05-08,3540.4200,13.4300,1.0347,78.0000,1.0000,🟠轻度高估,18.3246,38.4579,92.0038,1,0,2
2014-05-09,3555.7000,12.9200,1.0384,78.0000,1.3333,🔴中度高估,13.9391,40.3425,92.0076,2,0,2
2014-05-12,3612.7300,12.2300,1.0542,78.0000,1.3333,🔴中度高估,8.8921,49.0728,92.0114,2,0,2
2014-05-13,3611.1300,12.1300,1.0529,78.0000,1.3333,🔴中度高估,8.3650,48.3840,92.0152,2,0,2
2014-05-14,3593.2500,12.1700,1.0469,78.0000,1.3333,🔴中度高估,8.5511,45.4632,92.0190,2,0,2
2014-05-15,3565.1700,13.1700,1.0380,78.0000,1.0000,🟠轻度高估,16.2868,40.1709,92.0228,1,0,2
2014-05-16,3587.2000,12.4400,1.0436,78.0000,1.3333,🔴中度高估,10.6787,43.6640,92.0266,2,0,2
2014-05-19,3615.6200,12.4200,1.0512,78.0000,1.3333,🔴中度高估,10.5787,47.1537,92.0304,2,0,2
2014-05-20,3600.3100,12.9600,1.0460,78.0000,1.3333,🔴中度高估,14.5567,45.2347,92.0341,2,0,2
2014-05-21,3635.6100,11.9100,1.0555,88.0000,1.6667,🔴中度高估,7.2512,49.8104,100.0000,2,0,3
2014-05-22,3650.8600,12.0300,1.0591,78.0000,1.3333,🔴中度高估,8.1004,50.8764,91.9943,2,0,2
2014-05-23,3677.3300,11.3600,1.0659,88.0000,2.0000,🔴中度高估,4.5455,53.6458,100.0000,3,0,3
2014-05-27,3723.0700,11.5100,1.0783,88.0000,1.6667,🔴中度高估,5.2532,60.2934,100.0000,2,0,3
2014-05-28,3712.2600,11.6800,1.0742,88.0000,1.6667,🔴中度高估,6.3860,57.6632,100.0000,2,0,3
2014-05-29,3735.7200,11.5700,1.0800,88.0000,1.6667,🔴中度高估,5.7210,60.9929,100.0000,2,0,3
2014-05-30,3736.8200,11.4000,1.0794,88.0000,2.0000,🔴中度高估,4.8204,60.5860,100.0000,3,0,3
2014-06-02,3732.9600,11.5800,1.0774,88.0000,1.6667,🔴中度高估,5.9046,59.4237,100.0000,2,0,3
2014-06-03,3730.0700,11.8700,1.0755,88.0000,1.6667,🔴中度高估,7.3654,58.2153,100.0000,2,0,3
2014-06-04,3743.5900,12.0800,1.0784,78.0000,1.3333,🔴中度高估,8.6361,60.3115,91.6942,2,0,2
2014-06-05,3776.9500,11.6800,1.0869,88.0000,1.6667,🔴中度高估,6.5566,64.3868,100.0000,2,0,3
2014-06-06,3794.5700,10.7300,1.0908,88.0000,2.0000,🔴中度高估,1.9802,66.7610,100.0000,3,0,3
2014-06-09,3795.7400,11.1500,1.0900,88.0000,2.0000,🔴中度高估,3.5815,66.3525,100.0000,3,0,3
2014-06-10,3800.8600,10.9900,1.0904,88.0000,2.0000,🔴中度高估,2.9204,66.5568,100.0000,3,0,3
2014-06-11,3797.8500,11.6000,1.0885,88.0000,1.6667,🔴中度高估,6.2147,65.2072,100.0000,2,0,3
2014-06-12,3763.8000,12.5600,1.0778,78.0000,1.3333,🔴中度高估,12.0941,59.5765,91.4824,2,0,2
2014-06-13,3775.5600,12.1800,1.0800,78.0000,1.3333,🔴中度高估,9.2662,60.9125,91.4864,2,0,2
2014-06-16,3779.9300,12.6500,1.0802,78.0000,1.3333,🔴中度高估,12.5059,61.0719,91.4904,2,0,2
2014-06-17,3781.3200,12.0600,1.0795,78.0000,1.3333,🔴中度高估,8.7406,60.5263,91.4944,2,0,2
2014-06-18,3804.6100,10.6100,1.0850,88.0000,2.0000,🔴中度高估,1.6440,63.3631,100.0000,3,0,3
2014-06-19,3800.8000,10.6200,1.0828,88.0000,2.0000,🔴中度高估,1.6901,62.1596,100.0000,3,0,3
2014-06-20,3802.6400,10.8500,1.0823,88.0000,2.0000,🔴中度高估,2.5809,61.8020,100.0000,3,0,3
2014-06-23,3805.3100,10.9800,1.0820,88.0000,2.0000,🔴中度高估,3.0019,61.6323,100.0000,3,0,3
2014-06-24,3799.5300,12.1300,1.0794,78.0000,1.3333,🔴中度高估,9.2358,60.2438,91.3268,2,0,2
2014-06-25,3827.3300,11.5900,1.0863,88.0000,1.6667,🔴中度高估,6.3730,64.0581,100.0000,2,0,3
2014-06-26,3826.9100,11.6300,1.0852,88.0000,1.6667,🔴中度高估,6.6979,63.4192,100.0000,2,0,3
2014-06-27,3844.4400,11.2600,1.0891,88.0000,2.0000,🔴中度高估,4.4007,65.9176,100.0000,3,0,3
2014-06-30,3849.4800,11.5700,1.0895,88.0000,1.6667,🔴中度高估,6.1301,66.1207,100.0000,2,0,3
2014-07-01,3894.3300,11.1500,1.1011,88.0000,2.3333,💀严重高估,3.8354,72.0299,100.0000,3,1,3
2014-07-02,3899.2700,10.8200,1.1013,88.0000,2.3333,💀严重高估,2.4778,72.1365,100.0000,3,1,3
2014-07-03,3923.0100,10.3200,1.1069,88.0000,2.3333,💀严重高估,1.0748,75.0000,100.0000,3,1,3
2014-07-07,3910.7100,11.3300,1.1024,88.0000,2.3333,💀严重高估,4.8575,72.5829,100.0000,3,1,3
2014-07-08,3864.0700,11.9800,1.0883,88.0000,1.6667,🔴中度高估,8.8235,65.0327,100.0000,2,0,3
2014-07-09,3892.9100,11.6500,1.0953,88.0000,1.6667,🔴中度高估,7.0929,69.0154,100.0000,2,0,3
2014-07-10,3880.0400,12.5900,1.0907,78.0000,1.3333,🔴中度高估,13.0597,66.7444,90.9049,2,0,2
2014-07-11,3904.5800,12.0800,1.0966,78.0000,1.3333,🔴中度高估,9.5105,69.6037,90.9091,2,0,2
2014-07-14,3929.4600,11.8200,1.1024,88.0000,2.0000,🔴中度高估,7.7819,72.6934,100.0000,2,1,3
2014-07-15,3914.4600,11.9600,1.0972,88.0000,2.0000,🔴中度高估,8.5235,70.0978,100.0000,2,1,3
2014-07-16,3932.3300,11.0000,1.1011,88.0000,2.3333,💀严重高估,3.2588,71.9739,100.0000,3,1,3
2014-07-17,3878.0100,14.5400,1.0849,70.0000,0.6667,🟠轻度高估,27.7804,62.9595,75.8492,1,0,1
2014-07-18,3939.8900,12.0600,1.1011,78.0000,1.6667,🔴中度高估,9.4884,72.0465,90.7907,2,1,2
2014-07-21,3934.1400,12.8100,1.0985,78.0000,1.6667,🔴中度高估,14.7838,70.4788,90.7950,2,1,2
2014-07-22,3961.6200,12.2400,1.1050,78.0000,1.6667,🔴中度高估,10.6877,74.1636,90.7993,2,1,2
2014-07-23,3986.1900,11.5200,1.1107,88.0000,2.0000,🔴中度高估,5.8987,76.8230,100.0000,2,1,3
2014-07-24,3983.1900,11.8400,1.1087,88.0000,2.0000,🔴中度高估,8.0316,75.8124,100.0000,2,1,3
2014-07-25,3965.1700,12.6900,1.1024,78.0000,1.6667,🔴中度高估,14.1067,72.6218,90.7193,2,1,2
2014-07-28,3967.2400,12.5600,1.1017,78.0000,1.6667,🔴中度高估,13.1262,72.1707,90.7236,2,1,2
2014-07-29,3959.0300,13.2800,1.0983,78.0000,1.3333,🔴中度高估,19.0079,70.2364,90.7279,1,1,2
2014-07-30,3976.0700,13.3300,1.1019,78.0000,1.3333,🔴中度高估,19.4161,72.2892,90.7322,1,1,2
2014-07-31,3892.5000,16.9500,1.0778,62.0000,0.0000,⚪中性,42.1955,58.7309,63.5016,0,0,0
2014-08-01,3879.6700,17.0300,1.0733,62.0000,0.0000,⚪中性,42.6852,56.0648,63.5185,0,0,0
2014-08-04,3908.7700,15.1200,1.0804,70.0000,0.3333,🟠轻度高估,31.0504,60.4350,75.5669,0,0,1
2014-08-05,3874.9400,16.8700,1.0702,62.0000,0.0000,⚪中性,41.8131,54.4866,63.5060,0,0,0
2014-08-06,3874.2700,16.3700,1.0693,62.0000,0.0000,⚪中性,38.5576,53.9528,63.5229,0,0,0
2014-08-07,3857.9400,16.6600,1.0640,62.0000,0.0000,⚪中性,40.6654,51.7560,63.5397,0,0,0
2014-08-08,3888.0900,15.7700,1.0716,70.0000,0.3333,🟠轻度高估,34.9192,55.1039,75.6120,0,0,1
2014-08-11,3910.4600,14.2300,1.0769,70.0000,0.6667,🟠轻度高估,26.0849,58.0332,75.6233,1,0,1
2014-08-12,3905.2300,14.1300,1.0747,70.0000,0.6667,🟠轻度高估,25.2423,56.6221,75.6345,1,0,1
2014-08-13,3949.2000,12.9000,1.0859,78.0000,1.0000,🟠轻度高估,15.7288,63.4225,90.7749,1,0,2
2014-08-14,3969.1100,12.4200,1.0905,78.0000,1.3333,🔴中度高估,12.1715,66.4361,90.7792,2,0,2
2014-08-15,3987.5100,13.1500,1.0947,78.0000,1.0000,🟠轻度高估,17.9724,68.4793,90.7834,1,0,2
2014-08-18,4020.5000,12.3200,1.1028,78.0000,1.6667,🔴中度高估,11.5154,73.1000,90.7877,2,1,2
2014-08-19,4040.1300,12.2100,1.1071,78.0000,1.6667,🔴中度高估,10.4052,75.2762,90.7919,2,1,2
2014-08-20,4040.7100,11.7800,1.1063,88.0000,2.0000,🔴中度高估,7.7312,74.9655,100.0000,2,1,3
2014-08-21,4047.0300,11.7600,1.1070,88.0000,2.0000,🔴中度高估,7.6357,75.2530,100.0000,2,1,3
2014-08-22,4052.7500,11.4700,1.1076,88.0000,2.0000,🔴中度高估,5.6092,75.4483,100.0000,2,1,3
2014-08-25,4067.4800,11.7000,1.1106,88.0000,2.0000,🔴中度高估,7.3529,76.8842,100.0000,2,1,3
2014-08-26,4071.6700,11.6300,1.1106,88.0000,2.0000,🔴中度高估,7.0280,76.8948,100.0000,2,1,3
2014-08-27,4073.1800,11.7800,1.1099,88.0000,2.0000,🔴中度高估,7.9431,76.5840,100.0000,2,1,3
2014-08-28,4066.2700,12.0500,1.1070,78.0000,1.6667,🔴中度高估,9.6374,75.0803,90.5461,2,1,2
2014-08-29,4082.5600,12.0900,1.1103,78.0000,1.6667,🔴中度高估,10.0000,76.6972,90.5505,2,1,2
2014-09-02,4095.8100,12.2500,1.1129,78.0000,1.6667,🔴中度高估,11.2334,77.8542,90.5548,2,1,2
2014-09-03,4070.9600,12.3600,1.1051,78.0000,1.6667,🔴中度高估,12.1448,74.1063,90.5591,2,1,2
2014-09-04,4066.1300,12.6400,1.1029,78.0000,1.6667,🔴中度高估,13.9716,72.8355,90.5634,2,1,2
2014-09-05,4089.9200,12.0900,1.1083,78.0000,1.6667,🔴中度高估,10.0275,75.6410,90.5678,2,1,2
2014-09-08,4095.4700,12.6600,1.1087,78.0000,1.6667,🔴中度高估,14.3707,75.9268,90.5721,2,1,2
2014-09-09,4061.8800,13.5000,1.0986,78.0000,1.3333,🔴中度高估,21.5919,70.0366,90.5764,1,1,2
2014-09-10,4094.9700,12.8800,1.1065,78.0000,1.3333,🔴中度高估,16.1408,74.7142,90.5807,1,1,2
2014-09-11,4092.6500,12.8000,1.1049,78.0000,1.3333,🔴中度高估,15.3565,73.7203,90.5850,1,1,2
2014-09-12,4069.2300,13.3100,1.0976,78.0000,1.0000,🟠轻度高估,19.9635,69.5295,90.5893,1,0,2
2014-09-15,4029.8900,14.1200,1.0861,70.0000,0.6667,🟠轻度高估,25.9817,62.9680,74.8858,1,0,1
2014-09-16,4067.2700,12.7300,1.0953,78.0000,1.3333,🔴中度高估,14.9247,68.1424,90.5979,2,0,2
2014-09-17,4073.5700,12.6500,1.0961,78.0000,1.3333,🔴中度高估,14.0511,68.7044,90.6022,2,0,2
2014-09-18,4103.0800,12.0300,1.1032,78.0000,1.6667,🔴中度高估,9.5303,72.8226,90.6065,2,1,2
2014-09-19,4100.0900,12.1100,1.1014,78.0000,1.6667,🔴中度高估,10.0729,71.6500,90.6108,2,1,2
2014-09-22,4061.2300,13.6900,1.0901,78.0000,1.0000,🟠轻度高估,23.1435,65.4670,90.6150,1,0,2
2014-09-23,4051.5700,14.9300,1.0867,70.0000,0.3333,🟠轻度高估,30.9654,63.0692,74.7268,0,0,1
2014-09-24,4094.3100,13.2700,1.0973,78.0000,1.0000,🟠轻度高估,19.6632,69.4128,90.6236,1,0,2
2014-09-25,4007.8200,15.6400,1.0734,70.0000,0.3333,🟠轻度高估,35.3958,55.3685,74.7043,0,0,1
2014-09-26,4053.7200,14.8500,1.0849,70.0000,0.3333,🟠轻度高估,30.6958,62.0282,74.7158,0,0,1
2014-09-29,4047.1800,15.9800,1.0823,70.0000,0.3333,🟠轻度高估,37.3182,60.4545,74.7273,0,0,1
2014-09-30,4049.4500,16.3100,1.0821,62.0000,0.0000,⚪中性,39.0731,60.2453,62.5170,0,0,0
2014-10-01,3984.7400,16.7100,1.0641,62.0000,0.0000,⚪中性,42.0981,50.9083,62.5341,0,0,0
2014-10-02,3985.8700,16.1600,1.0636,62.0000,0.0000,⚪中性,38.1298,50.4766,62.5511,0,0,0
2014-10-03,4027.3100,14.5500,1.0739,70.0000,0.6667,🟠轻度高估,29.0381,55.5354,74.7731,1,0,1
2014-10-06,4016.2700,15.4600,1.0702,70.0000,0.3333,🟠轻度高估,33.6961,53.6508,74.7846,0,0,1
2014-10-07,3958.5900,17.2000,1.0542,62.0000,0.0000,⚪中性,44.8776,47.0988,62.5113,0,0,0
2014-10-08,4041.1200,15.1100,1.0755,70.0000,0.3333,🟠轻度高估,31.8985,56.3661,74.8074,0,0,1
2014-10-09,3969.3200,18.7600,1.0558,55.0000,0.0000,⚪中性,54.6196,47.8261,49.7736,0,0,0
2014-10-10,3870.8600,21.2400,1.0292,48.0000,0.0000,⚪中性,64.5088,33.8615,40.6971,0,0,0
2014-10-13,3808.0000,24.6400,1.0122,42.0000,-0.6667,🟡轻度低估,76.6063,27.9638,32.9412,-1,-1,0
2014-10-14,3810.4500,22.7900,1.0125,42.0000,-0.3333,🟡轻度低估,69.9683,28.1773,32.9715,0,-1,0
2014-10-15,3785.9700,25.2700,1.0057,35.0000,-1.0000,🟡轻度低估,78.8427,25.7685,22.1519,-1,-1,-1
2014-10-16,3765.2800,25.2000,1.0000,35.0000,-1.0000,🟡轻度低估,78.5811,23.5879,22.1871,-1,-1,-1
2014-10-17,3815.4700,21.9900,1.0130,48.0000,-0.3333,🟡轻度低估,66.9828,28.4553,40.8311,0,-1,0
2014-10-20,3870.0800,18.5700,1.0270,55.0000,0.0000,⚪中性,53.4537,33.0023,49.9323,0,0,0
2014-10-21,3971.3900,16.0800,1.0533,62.0000,0.0000,⚪中性,37.6354,46.6606,62.6354,0,0,0
2014-10-22,3949.5900,17.8700,1.0470,62.0000,0.0000,⚪中性,49.2558,43.7077,62.6522,0,0,0
2014-10-23,4012.2700,16.5300,1.0630,62.0000,0.0000,⚪中性,40.5771,50.3607,62.6691,0,0,0
2014-10-24,4042.0200,16.1100,1.0701,62.0000,0.0000,⚪中性,37.8098,53.8080,62.6859,0,0,0
2014-10-27,4046.0200,16.0400,1.0705,62.0000,0.0000,⚪中性,37.4324,54.0541,62.7027,0,0,0
2014-10-28,4106.6300,14.3900,1.0857,70.0000,0.6667,🟠轻度高估,27.8703,62.8095,74.9662,1,0,1
2014-10-29,4090.5500,15.1500,1.0807,70.0000,0.3333,🟠轻度高估,32.0882,60.0360,74.9775,0,0,1
2014-10-30,4100.6400,14.5200,1.0827,70.0000,0.6667,🟠轻度高估,28.5200,61.0886,74.9888,1,0,1
2014-10-31,4158.2100,14.0300,1.0971,70.0000,0.6667,🟠轻度高估,25.3597,69.5144,75.0000,1,0,1
2014-11-03,4169.2800,14.7300,1.0992,70.0000,1.0000,🟠轻度高估,29.9326,70.6966,75.0112,1,1,1
2014-11-04,4156.2300,14.8900,1.0950,70.0000,0.3333,🟠轻度高估,30.7278,68.1941,75.0225,0,0,1
2014-11-05,4153.2700,14.1700,1.0934,70.0000,0.6667,🟠轻度高估,26.2236,67.5797,75.0337,1,0,1
2014-11-06,4164.0800,13.6700,1.0955,78.0000,1.0000,🟠轻度高估,22.8456,68.5368,90.7540,1,0,2
2014-11-07,4160.5000,13.1200,1.0936,78.0000,1.0000,🟠轻度高估,18.2144,67.5639,90.7582,1,0,2
2014-11-10,4175.9500,12.6700,1.0967,78.0000,1.3333,🔴中度高估,14.3946,69.3722,90.7623,2,0,2
2014-11-11,4187.1600,12.9200,1.0987,78.0000,1.3333,🔴中度高估,16.5397,70.4169,90.7665,1,1,2
2014-11-12,4195.4000,13.0200,1.0998,78.0000,1.3333,🔴中度高估,17.3387,71.1022,90.7706,1,1,2
2014-11-13,4213.4800,13.7900,1.1036,78.0000,1.3333,🔴中度高估,23.8245,73.3990,90.7747,1,1,2
2014-11-14,4224.9900,13.3100,1.1056,78.0000,1.3333,🔴中度高估,20.0090,74.9329,90.7789,1,1,2
2014-11-17,4213.7900,13.9900,1.1015,78.0000,1.3333,🔴中度高估,25.1902,72.1253,90.7830,1,1,2
2014-11-18,4242.1900,13.8600,1.1078,78.0000,1.3333,🔴中度高估,24.2397,75.8945,90.7871,1,1,2
2014-11-19,4222.6600,13.9600,1.1016,78.0000,1.3333,🔴中度高估,24.8994,72.1055,90.7912,1,1,2
2014-11-20,4242.0900,13.5800,1.1056,78.0000,1.3333,🔴中度高估,22.3861,74.9330,90.7954,1,1,2
2014-11-21,4251.3200,12.9000,1.1070,78.0000,1.3333,🔴中度高估,16.3019,75.5695,90.7995,1,1,2
2014-11-24,4284.3200,12.6200,1.1146,78.0000,1.6667,🔴中度高估,13.6607,79.1071,90.8036,2,1,2
2014-11-25,4288.2300,12.2500,1.1147,78.0000,1.6667,🔴中度高估,11.1111,79.1611,90.8077,2,1,2
2014-11-26,4317.9900,12.0700,1.1214,78.0000,1.6667,🔴中度高估,9.6789,81.6236,90.8118,2,1,2
2014-11-28,4337.7900,13.3300,1.1255,78.0000,1.3333,🔴中度高估,20.2853,82.8801,90.8159,1,1,2
2014-12-01,4287.8100,14.1600,1.1117,70.0000,1.0000,🟠轻度高估,26.6934,77.9857,74.5098,1,1,1
2014-12-02,4305.9600,12.8500,1.1155,78.0000,1.3333,🔴中度高估,15.9020,79.3318,90.8241,1,1,2
2014-12-03,4312.9300,12.5000,1.1163,78.0000,1.6667,🔴中度高估,13.0454,79.5637,90.8281,2,1,2
2014-12-04,4311.9300,12.3800,1.1151,78.0000,1.6667,🔴中度高估,12.1495,79.0832,90.8322,2,1,2
2014-12-05,4311.5700,11.8900,1.1141,88.0000,2.0000,🔴中度高估,8.2740,78.6922,100.0000,2,1,3
2014-12-08,4278.3400,14.2100,1.1047,70.0000,1.0000,🟠轻度高估,27.3010,73.7217,74.3886,1,1,1
2014-12-09,4294.6700,15.3500,1.1080,70.0000,0.6667,🟠轻度高估,33.7778,75.8222,74.4000,0,1,1
2014-12-10,4224.8700,18.5300,1.0892,55.0000,0.0000,⚪中性,53.9316,64.4602,49.1781,0,0,0
2014-12-11,4246.4800,20.0800,1.0940,48.0000,0.0000,⚪中性,60.3464,67.1403,40.1865,0,0,0
2014-12-12,4199.2800,21.0800,1.0812,48.0000,0.0000,⚪中性,64.0036,59.4763,40.2130,0,0,0
2014-12-15,4157.4100,20.4200,1.0697,48.0000,0.0000,⚪中性,61.4020,52.8838,40.2396,0,0,0
2014-12-16,4089.6000,23.5700,1.0518,42.0000,-0.3333,🟡轻度低估,73.3925,45.1885,32.4612,-1,0,0
2014-12-17,4165.1000,19.4400,1.0706,55.0000,0.0000,⚪中性,57.8457,53.3688,49.2908,0,0,0
2014-12-18,4267.7700,16.8100,1.0962,62.0000,0.0000,⚪中性,43.2875,68.5423,61.9849,0,0,0
2014-12-19,4281.7800,16.4900,1.0990,62.0000,0.3333,🟠轻度高估,41.1869,70.2391,62.0018,0,1,0
2014-12-22,4293.6700,15.2500,1.1012,70.0000,0.6667,🟠轻度高估,33.2448,71.5361,74.5020,0,1,1
2014-12-23,4279.3000,14.8000,1.0967,70.0000,0.3333,🟠轻度高估,30.8407,68.6726,74.5133,0,0,1
2014-12-24,4283.1000,14.3700,1.0969,70.0000,0.6667,🟠轻度高估,28.2618,68.8633,74.5245,1,0,1
2014-12-26,4314.0900,14.5000,1.1039,70.0000,1.0000,🟠轻度高估,28.9125,73.3422,74.5358,1,1,1
2014-12-29,4312.6400,15.0600,1.1025,70.0000,0.6667,🟠轻度高估,32.1255,72.4702,74.5471,0,1,1
2014-12-30,4282.3500,15.9200,1.0939,70.0000,0.3333,🟠轻度高估,37.5000,66.9170,74.5583,0,0,1
2014-12-31,4236.2800,19.2000,1.0814,55.0000,0.0000,⚪中性,57.1302,59.3819,49.1391,0,0,0
2015-01-02,4230.2400,17.7900,1.0791,62.0000,0.0000,⚪中性,49.4704,57.9876,61.8711,0,0,0
2015-01-05,4160.9600,19.9200,1.0608,55.0000,0.0000,⚪中性,59.7265,48.5664,49.1398,0,0,0
2015-01-06,4110.8300,21.1200,1.0474,48.0000,0.0000,⚪中性,64.3298,42.9894,40.0794,0,0,0
2015-01-07,4160.0000,19.3100,1.0592,55.0000,0.0000,⚪中性,57.4262,47.9947,49.1847,0,0,0
2015-01-08,4240.5500,17.0100,1.0789,62.0000,0.0000,⚪中性,44.3612,57.9736,61.9383,0,0,0
2015-01-09,4213.2800,17.5500,1.0711,62.0000,0.0000,⚪中性,47.6002,53.3686,61.9551,0,0,0
2015-01-12,4169.9700,19.6000,1.0593,55.0000,0.0000,⚪中性,58.8468,48.0194,49.1637,0,0,0
2015-01-13,4166.2000,20.5600,1.0575,48.0000,0.0000,⚪中性,62.1645,47.4263,40.0352,0,0,0
2015-01-14,4145.8400,21.4800,1.0516,48.0000,0.0000,⚪中性,66.0070,44.6350,40.0616,0,0,0
2015-01-15,4089.6500,22.3900,1.0368,42.0000,0.0000,⚪中性,69.0549,36.9231,32.2198,0,0,0
2015-01-16,4142.1400,20.9500,1.0495,48.0000,0.0000,⚪中性,63.7083,43.4534,40.1142,0,0,0
2015-01-20,4171.2100,19.8900,1.0561,55.0000,0.0000,⚪中性,59.5960,47.1234,49.2754,0,0,0
2015-01-21,4192.0900,18.8500,1.0605,55.0000,0.0000,⚪中性,55.4434,48.5514,49.2976,0,0,0
2015-01-22,4270.3600,16.4000,1.0793,62.0000,0.0000,⚪中性,40.2369,58.2712,62.0886,0,0,0
2015-01-23,4278.1400,16.6600,1.0802,62.0000,0.0000,⚪中性,42.2807,59.0789,62.1053,0,0,0
2015-01-26,4275.7200,15.5200,1.0787,70.0000,0.3333,🟠轻度高估,34.6778,58.0009,74.7479,0,0,1
2015-01-27,4165.5000,17.2200,1.0500,62.0000,0.0000,⚪中性,45.5302,43.5145,62.0947,0,0,0
2015-01-28,4140.3800,20.4400,1.0428,48.0000,0.0000,⚪中性,61.6294,40.1664,40.0350,0,0,0
2015-01-29,4181.3500,18.7600,1.0521,55.0000,0.0000,⚪中性,55.1226,45.1401,49.2557,0,0,0
2015-01-30,4148.4300,20.9700,1.0430,48.0000,0.0000,⚪中性,63.9825,40.3501,40.0438,0,0,0
2015-02-02,4188.5900,19.4300,1.0522,55.0000,0.0000,⚪中性,57.8303,45.2756,49.3001,0,0,0
2015-02-03,4229.1500,17.3300,1.0615,62.0000,0.0000,⚪中性,46.1303,49.1036,62.1775,0,0,0
2015-02-04,4221.2000,18.3300,1.0586,55.0000,0.0000,⚪中性,52.5787,47.9021,49.3007,0,0,0
2015-02-05,4256.1800,16.8500,1.0665,62.0000,0.0000,⚪中性,43.2066,51.3761,62.2106,0,0,0
2015-02-06,4228.6800,17.2900,1.0587,62.0000,0.0000,⚪中性,45.9825,47.9039,62.2271,0,0,0
2015-02-09,4216.0900,18.5500,1.0547,55.0000,0.0000,⚪中性,53.9939,46.4863,49.2798,0,0,0
2015-02-10,4281.1600,17.2300,1.0700,62.0000,0.0000,⚪中性,45.4625,53.0105,62.2600,0,0,0
2015-02-11,4297.2800,16.9600,1.0730,62.0000,0.0000,⚪中性,43.8290,54.6882,62.2765,0,0,0
2015-02-12,4347.9700,15.3400,1.0846,70.0000,0.3333,🟠轻度高估,33.3043,61.7262,74.8910,0,0,1
2015-02-13,4384.0300,14.6900,1.0925,70.0000,0.6667,🟠轻度高估,29.8039,66.8845,74.9020,1,0,1
2015-02-17,4385.3400,15.8000,1.0918,70.0000,0.3333,🟠轻度高估,36.3676,66.4199,74.9129,0,0,1
2015-02-18,4390.9100,15.4500,1.0921,70.0000,0.3333,🟠轻度高估,33.9138,66.6086,74.9238,0,0,1
2015-02-19,4411.8600,15.2900,1.0962,70.0000,0.3333,🟠轻度高估,33.1158,68.7990,74.9347,0,0,1
2015-02-20,4443.0500,14.3000,1.1027,70.0000,1.0000,🟠轻度高估,27.3597,73.0753,74.9456,1,1,1
2015-02-23,4449.4900,14.5600,1.1031,70.0000,1.0000,🟠轻度高估,29.2174,73.3043,74.9565,1,1,1
2015-02-24,4451.0300,13.6900,1.1022,78.0000,1.3333,🔴中度高估,22.8596,72.5771,91.0039,1,1,2
2015-02-25,4440.5900,13.8400,1.0984,78.0000,1.3333,🔴中度高估,24.0226,70.0261,91.0078,1,1,2
2015-02-26,4462.2700,13.9100,1.1026,78.0000,1.3333,🔴中度高估,24.4464,73.0352,91.0117,1,1,2
2015-02-27,4440.6700,13.3400,1.0962,78.0000,1.0000,🟠轻度高估,20.0087,68.6198,91.0156,1,0,2
2015-03-02,4483.0500,13.0400,1.1054,78.0000,1.3333,🔴中度高估,17.4403,75.0542,91.0195,1,1,2
2015-03-03,4458.7800,13.8600,1.0982,78.0000,1.0000,🟠轻度高估,24.1544,69.8612,91.0234,1,0,2
2015-03-04,4445.3600,14.2300,1.0938,70.0000,0.6667,🟠轻度高估,27.1348,67.0134,74.7724,1,0,1
2015-03-05,4452.0600,14.0400,1.0943,70.0000,0.6667,🟠轻度高估,25.6499,67.3744,74.7834,1,0,1
2015-03-06,4399.2300,15.2000,1.0803,70.0000,0.3333,🟠轻度高估,32.8714,58.9433,74.7943,0,0,1
2015-03-09,4412.9900,15.0600,1.0826,70.0000,0.3333,🟠轻度高估,31.9913,60.1299,74.8052,0,0,1
2015-03-10,4329.0800,16.6900,1.0611,62.0000,0.0000,⚪中性,42.7953,48.5937,61.8347,0,0,0
2015-03-11,4305.3800,16.8700,1.0545,62.0000,0.0000,⚪中性,43.8149,45.9775,61.8512,0,0,0
2015-03-12,4336.2300,15.4200,1.0613,70.0000,0.3333,🟠轻度高估,33.9818,48.6381,74.8379,0,0,1
2015-03-13,4314.9000,16.0000,1.0553,70.0000,0.3333,🟠轻度高估,38.2022,46.3267,74.8487,0,0,1
2015-03-16,4370.4700,15.6100,1.0680,70.0000,0.3333,🟠轻度高估,35.7235,51.7495,74.8596,0,0,1
2015-03-17,4375.6300,15.6600,1.0685,70.0000,0.3333,🟠轻度高估,36.1831,51.9862,74.8705,0,0,1
2015-03-18,4422.5000,13.9700,1.0790,78.0000,1.0000,🟠轻度高估,24.8597,58.0060,91.0660,1,0,2
2015-03-19,4426.8200,14.0700,1.0791,70.0000,0.6667,🟠轻度高估,25.8412,58.1104,74.8490,1,0,1
2015-03-20,4458.5400,13.0200,1.0859,78.0000,1.0000,🟠轻度高估,17.0763,62.3545,91.0737,1,0,2
2015-03-23,4445.5400,13.4100,1.0819,78.0000,1.0000,🟠轻度高估,20.6897,59.7414,91.0776,1,0,2
2015-03-24,4430.9900,13.6200,1.0775,78.0000,1.0000,🟠轻度高估,22.5334,56.8720,91.0814,1,0,2
2015-03-25,4329.2900,15.4400,1.0521,70.0000,0.3333,🟠轻度高估,34.2377,44.4444,74.7631,0,0,1
2015-03-26,4315.2600,15.8000,1.0480,70.0000,0.3333,🟠轻度高估,36.9780,42.2299,74.7740,0,0,1
2015-03-27,4332.8600,15.0700,1.0516,70.0000,0.3333,🟠轻度高估,32.1429,44.0189,74.7849,0,0,1
2015-03-30,4382.8200,14.5100,1.0629,70.0000,0.6667,🟠轻度高估,28.8602,49.2043,74.7957,1,0,1
2015-03-31,4333.6900,15.2900,1.0503,70.0000,0.3333,🟠轻度高估,33.5770,42.9493,74.8065,0,0,1
2015-04-01,4311.2600,15.1100,1.0442,70.0000,0.3333,🟠轻度高估,32.4882,40.3954,74.8174,0,0,1
2015-04-02,4316.0100,14.6700,1.0447,70.0000,0.6667,🟠轻度高估,29.8969,40.8505,74.8282,1,0,1
2015-04-06,4350.9800,14.7400,1.0524,70.0000,0.3333,🟠轻度高估,30.5281,44.7402,74.8390,0,0,1
2015-04-07,4344.0800,14.7800,1.0501,70.0000,0.3333,🟠轻度高估,30.6867,42.9185,74.8498,0,0,1
2015-04-08,4375.9600,13.9800,1.0571,78.0000,1.0000,🟠轻度高估,24.9678,46.9326,91.1197,1,0,2
2015-04-09,4403.9500,13.0900,1.0631,78.0000,1.0000,🟠轻度高估,17.7530,49.4425,91.1235,1,0,2
2015-04-10,4422.0200,12.5800,1.0666,78.0000,1.3333,🔴中度高估,13.1590,51.2216,91.1273,2,0,2
2015-04-13,4409.2100,13.9400,1.0628,78.0000,1.0000,🟠轻度高估,24.6358,49.1431,91.1311,1,0,2
2015-04-14,4397.6400,13.6700,1.0593,78.0000,1.0000,🟠轻度高估,22.7837,47.7516,91.1349,1,0,2
2015-04-15,4424.5300,12.8400,1.0650,78.0000,1.0000,🟠轻度高估,15.3682,50.4709,91.1387,1,0,2
2015-04-16,4418.8300,12.6000,1.0629,78.0000,1.3333,🔴中度高估,13.3504,49.2940,91.1425,2,0,2
2015-04-17,4351.8000,13.8900,1.0462,78.0000,1.0000,🟠轻度高估,24.4654,41.4029,91.1463,1,0,2
2015-04-20,4417.4000,13.3000,1.0613,78.0000,1.0000,🟠轻度高估,19.5383,48.6533,91.1501,1,0,2
2015-04-21,4435.9800,13.2500,1.0651,78.0000,1.0000,🟠轻度高估,19.1026,50.6410,91.1538,1,0,2
2015-04-22,4460.8100,12.7100,1.0704,78.0000,1.3333,🔴中度高估,14.3528,53.2251,91.1576,2,0,2
2015-04-23,4477.0700,12.4800,1.0735,78.0000,1.3333,🔴中度高估,12.5534,54.9530,91.1614,2,0,2
2015-04-24,4536.7800,12.2900,1.0870,78.0000,1.3333,🔴中度高估,11.0542,63.3376,91.1652,2,0,2
2015-04-27,4525.0400,13.1200,1.0833,78.0000,1.0000,🟠轻度高估,18.2167,61.1775,91.1689,1,0,2
2015-04-28,4515.2700,12.4100,1.0802,78.0000,1.3333,🔴中度高估,11.9829,59.2751,91.1727,2,0,2
2015-04-29,4488.1500,13.3900,1.0730,78.0000,1.0000,🟠轻度高估,20.6735,54.5183,91.1765,1,0,2
2015-04-30,4414.2500,14.5500,1.0547,70.0000,0.6667,🟠轻度高估,29.8253,45.7605,74.3502,1,0,1
2015-05-01,4479.0600,12.7000,1.0695,78.0000,1.3333,🔴中度高估,14.3952,52.6405,91.1840,2,0,2
2015-05-04,4482.6100,12.8500,1.0695,78.0000,1.0000,🟠轻度高估,15.7088,52.7033,91.1877,1,0,2
2015-05-05,4409.3900,14.3100,1.0515,70.0000,0.6667,🟠轻度高估,28.1702,43.4043,74.2979,1,0,1
2015-05-06,4379.7500,15.1500,1.0439,70.0000,0.3333,🟠轻度高估,33.5177,39.7278,74.3088,0,0,1
2015-05-07,4401.5500,15.1300,1.0485,70.0000,0.3333,🟠轻度高估,33.2908,42.1344,74.3197,0,0,1
2015-05-08,4458.6500,12.8600,1.0615,78.0000,1.0000,🟠轻度高估,15.7246,48.7888,91.2027,1,0,2
2015-05-11,4438.6400,13.8500,1.0562,78.0000,1.0000,🟠轻度高估,24.4265,46.5590,91.2065,1,0,2
2015-05-12,4420.6500,13.8600,1.0513,78.0000,1.0000,🟠轻度高估,24.5435,43.3546,91.2102,1,0,2
2015-05-13,4426.5600,13.7600,1.0522,78.0000,1.0000,🟠轻度高估,23.6842,44.3548,91.2139,1,0,2
2015-05-14,4495.0400,12.7400,1.0677,78.0000,1.3333,🔴中度高估,14.6797,51.6334,91.2176,2,0,2
2015-05-15,4494.2900,12.3800,1.0669,78.0000,1.3333,🔴中度高估,11.7048,51.3995,91.2214,2,0,2
2015-05-18,4512.9500,12.7300,1.0706,78.0000,1.3333,🔴中度高估,14.6672,53.5396,91.2251,2,0,2
2015-05-19,4503.7200,12.8500,1.0676,78.0000,1.0000,🟠轻度高估,15.8051,51.5254,91.2288,1,0,2
2015-05-20,4505.3000,12.8800,1.0672,78.0000,1.0000,🟠轻度高估,16.1372,51.4189,91.2325,1,0,2
2015-05-21,4529.4700,12.1100,1.0721,78.0000,1.3333,🔴中度高估,9.4835,54.3607,91.2362,2,0,2
2015-05-22,4527.1600,12.1300,1.0707,78.0000,1.3333,🔴中度高估,9.6911,53.7029,91.2399,2,0,2
2015-05-26,4472.9600,14.0600,1.0571,70.0000,0.6667,🟠轻度高估,26.6074,46.7005,73.9848,1,0,1
2015-05-27,4546.0600,13.2700,1.0736,78.0000,1.0000,🟠轻度高估,19.7463,55.3488,91.2474,1,0,2
2015-05-28,4535.6600,13.3100,1.0703,78.0000,1.0000,🟠轻度高估,20.2874,53.2544,91.2511,1,0,2
2015-05-29,4508.2500,13.8400,1.0631,78.0000,1.0000,🟠轻度高估,24.7148,49.3874,91.2548,1,0,2
2015-06-01,4521.8500,13.9700,1.0656,78.0000,1.0000,🟠轻度高估,25.8024,50.5490,91.2584,1,0,2
2015-06-02,4508.8900,14.2400,1.0619,70.0000,0.6667,🟠轻度高估,28.1553,48.7125,73.8708,1,0,1
2015-06-03,4519.8600,13.6600,1.0638,78.0000,1.0000,🟠轻度高估,23.2911,49.7890,91.2658,1,0,2
2015-06-04,4487.0300,14.7100,1.0555,70.0000,0.3333,🟠轻度高估,31.3370,45.9300,73.8507,0,0,1
2015-06-05,4477.1900,14.2100,1.0526,70.0000,0.6667,🟠轻度高估,27.9089,44.2664,73.8617,1,0,1
2015-06-08,4431.5100,15.2900,1.0414,70.0000,0.3333,🟠轻度高估,34.8925,38.0952,73.8727,0,0,1
2015-06-09,4427.6100,14.4700,1.0400,70.0000,0.6667,🟠轻度高估,29.6125,37.4052,73.8837,1,0,1
2015-06-10,4485.4600,13.2200,1.0531,78.0000,1.0000,🟠轻度高估,19.2000,44.6737,91.2842,1,0,2
2015-06-11,4488.4700,12.8500,1.0533,78.0000,1.0000,🟠轻度高估,15.8249,44.7391,91.2879,1,0,2
2015-06-12,4453.7900,13.7800,1.0446,78.0000,1.0000,🟠轻度高估,24.1481,40.0926,91.2915,1,0,2
2015-06-15,4432.9200,15.3900,1.0393,70.0000,0.3333,🟠轻度高估,35.3659,36.7115,73.8015,0,0,1
2015-06-16,4455.9000,14.8100,1.0442,70.0000,0.3333,🟠轻度高估,32.1143,39.7226,73.8125,0,0,1
2015-06-17,4468.9800,14.5000,1.0468,70.0000,0.6667,🟠轻度高估,29.8739,41.0924,73.8235,1,0,1
2015-06-18,4531.8500,13.1900,1.0610,78.0000,1.0000,🟠轻度高估,19.0676,48.3830,91.3062,1,0,2
2015-06-19,4513.4200,13.9600,1.0561,78.0000,1.0000,🟠轻度高估,25.7347,46.4736,91.3098,1,0,2
2015-06-22,4544.0400,12.7400,1.0627,78.0000,1.3333,🔴中度高估,14.7293,49.1817,91.3135,2,0,2
2015-06-23,4548.7400,12.1100,1.0632,78.0000,1.3333,🔴中度高估,9.4379,49.7064,91.3171,2,0,2
2015-06-24,4524.6000,13.2600,1.0571,78.0000,1.0000,🟠轻度高估,19.6226,46.7086,91.3208,1,0,2
2015-06-25,4514.0100,14.0100,1.0540,70.0000,0.6667,🟠轻度高估,26.5298,45.1802,73.6798,1,0,1
2015-06-26,4484.2800,14.0200,1.0466,70.0000,0.6667,🟠轻度高估,26.6862,40.8881,73.6908,1,0,1
2015-06-29,4379.8700,18.8500,1.0219,55.0000,-0.3333,🟡轻度低估,57.3702,28.5595,47.3199,0,-1,0
2015-06-30,4396.7600,18.2300,1.0255,55.0000,0.0000,⚪中性,53.8719,30.0544,47.3420,0,0,0
2015-07-01,4429.2300,16.0900,1.0325,62.0000,0.0000,⚪中性,40.4603,33.2636,59.9582,0,0,0
2015-07-02,4433.3900,16.7900,1.0331,62.0000,0.0000,⚪中性,44.9603,33.5006,59.9749,0,0,0
2015-07-06,4418.6600,17.0100,1.0292,62.0000,0.0000,⚪中性,46.3629,31.6472,59.9916,0,0,0
2015-07-07,4429.0600,16.0900,1.0313,62.0000,0.0000,⚪中性,40.4513,32.7622,60.0084,0,0,0
2015-07-08,4351.5800,19.6600,1.0129,55.0000,-0.3333,🟡轻度低估,60.8187,26.3158,47.2849,0,-1,0
2015-07-09,4352.0300,19.9700,1.0127,55.0000,-0.3333,🟡轻度低估,61.7537,26.2630,47.3069,0,-1,0
2015-07-10,4420.1500,16.8300,1.0281,62.0000,0.0000,⚪中性,45.2838,31.3022,60.0584,0,0,0
2015-07-13,4494.4700,13.9000,1.0449,78.0000,1.0000,🟠轻度高估,25.2399,40.3838,91.3642,1,0,2
2015-07-14,4523.4700,13.3700,1.0510,78.0000,1.0000,🟠轻度高估,20.8507,43.0359,91.3678,1,0,2
2015-07-15,4528.3600,13.2300,1.0516,78.0000,1.0000,🟠轻度高估,19.2997,43.6015,91.3714,1,0,2
2015-07-16,4594.9000,12.1100,1.0663,78.0000,1.3333,🔴中度高估,9.4167,51.5833,91.3750,2,0,2
2015-07-17,4661.6000,11.9500,1.0810,88.0000,1.6667,🔴中度高估,7.9550,60.6830,100.0000,2,0,3
2015-07-20,4679.6800,12.2500,1.0844,78.0000,1.3333,🔴中度高估,10.6994,62.5312,91.3405,2,0,2
2015-07-21,4674.4100,12.2200,1.0823,78.0000,1.3333,🔴中度高估,10.2788,61.2568,91.3442,2,0,2
2015-07-22,4623.2400,12.1200,1.0697,78.0000,1.3333,🔴中度高估,9.5674,53.5358,91.3478,2,0,2
2015-07-23,4602.8300,12.6400,1.0643,78.0000,1.3333,🔴中度高估,13.6798,50.6445,91.3514,2,0,2
2015-07-24,4557.3700,13.7400,1.0530,78.0000,1.0000,🟠轻度高估,24.1064,44.8047,91.3549,1,0,2
2015-07-27,4519.0900,15.6000,1.0436,70.0000,0.3333,🟠轻度高估,37.6402,39.1359,73.4940,0,0,1
2015-07-28,4560.2300,13.4400,1.0524,78.0000,1.0000,🟠轻度高估,21.7608,44.3937,91.3621,1,0,2
2015-07-29,4581.6000,12.5000,1.0564,78.0000,1.3333,🔴中度高估,12.7854,46.8244,91.3657,2,0,2
2015-07-30,4598.5900,12.1300,1.0594,78.0000,1.3333,🔴中度高估,9.7095,48.0083,91.3693,2,0,2
2015-07-31,4588.9100,12.1200,1.0562,78.0000,1.3333,🔴中度高估,9.5811,46.7441,91.3729,2,0,2
2015-08-03,4580.4600,12.5600,1.0533,78.0000,1.3333,🔴中度高估,13.2670,45.0249,91.3765,2,0,2
2015-08-04,4567.4700,13.0000,1.0494,78.0000,1.0000,🟠轻度高估,17.5300,42.0638,91.3800,1,0,2
2015-08-05,4602.2400,12.5100,1.0564,78.0000,1.3333,🔴中度高估,12.8832,46.8517,91.3836,2,0,2
2015-08-06,4528.5100,13.7700,1.0387,78.0000,1.0000,🟠轻度高估,24.5549,36.1491,91.3872,1,0,2
2015-08-07,4520.0800,13.3900,1.0361,78.0000,1.0000,🟠轻度高估,21.4404,34.8510,91.3907,1,0,2
2015-08-10,4573.1100,12.2300,1.0475,78.0000,1.3333,🔴中度高估,10.4261,41.5805,91.3943,2,0,2
2015-08-11,4513.9900,13.7100,1.0334,78.0000,1.0000,🟠轻度高估,24.1935,33.4160,91.3978,1,0,2
2015-08-12,4528.1900,13.6100,1.0360,78.0000,1.0000,🟠轻度高估,23.4808,34.8491,91.4014,1,0,2
2015-08-13,4519.3200,13.4900,1.0334,78.0000,1.0000,🟠轻度高估,22.4380,33.4298,91.4050,1,0,2
2015-08-14,4530.7400,12.8300,1.0356,78.0000,1.0000,🟠轻度高估,15.7786,34.7377,91.4085,1,0,2
2015-08-17,4566.3700,13.0200,1.0431,78.0000,1.0000,🟠轻度高估,17.7952,38.9348,91.4121,1,0,2
2015-08-18,4542.0700,13.7900,1.0371,78.0000,1.0000,🟠轻度高估,25.0929,35.2868,91.4156,1,0,2
2015-08-19,4510.9000,15.2500,1.0295,70.0000,0.3333,🟠轻度高估,35.5198,31.5594,73.0198,0,0,1
2015-08-20,4385.1300,19.1400,1.0006,55.0000,-0.3333,🟡轻度低估,59.1753,21.7320,46.7629,0,-1,0
2015-08-21,4197.2700,28.0300,0.9577,28.0000,-2.0000,🟢中度低估,85.8615,14.0148,14.2209,-2,-2,-2
2015-08-24,4038.6000,40.7400,0.9216,5.0000,-2.0000,🟢中度低估,94.4788,9.1883,5.7272,-2,-2,-2
2015-08-25,4016.3200,36.0200,0.9167,15.0000,-2.0000,🟢中度低估,92.5865,8.8550,7.9077,-2,-2,-2
2015-08-26,4219.6000,30.3200,0.9630,22.0000,-1.6667,🟢中度低估,88.3079,15.2738,12.1037,-2,-1,-2
2015-08-27,4324.8200,26.1000,0.9868,35.0000,-1.0000,🟡轻度低估,82.9630,19.0535,20.4115,-1,-1,-1
2015-08-28,4329.1200,26.0500,0.9877,35.0000,-1.0000,🟡轻度低估,82.8054,19.2513,20.4443,-1,-1,-1
2015-08-31,4274.5800,28.4300,0.9751,28.0000,-1.6667,🟢中度低估,86.1842,17.0230,14.3503,-2,-1,-2
2015-09-01,4142.6300,31.4000,0.9451,22.0000,-2.0000,🟢中度低估,89.4369,12.0016,12.1249,-2,-2,-2
2015-09-02,4256.2300,26.0900,0.9710,35.0000,-1.0000,🟡轻度低估,82.8266,16.3517,20.5423,-1,-1,-1
2015-09-03,4234.6500,25.6100,0.9660,35.0000,-1.0000,🟡轻度低估,81.4374,15.6057,20.5749,-1,-1,-1
2015-09-04,4184.7200,27.8000,0.9547,35.0000,-1.6667,🟢中度低估,85.4269,13.7931,20.6076,-2,-2,-1
2015-09-08,4303.5300,24.9000,0.9817,42.0000,-0.6667,🟡轻度低估,79.0316,18.3833,30.5704,-1,-1,0
2015-09-09,4253.4500,26.2300,0.9703,35.0000,-1.0000,🟡轻度低估,83.1829,16.2838,20.6317,-1,-1,-1
2015-09-10,4296.3000,24.3700,0.9800,42.0000,-0.6667,🟡轻度低估,77.3678,17.9582,30.6273,-1,-1,0
2015-09-11,4323.2300,23.2000,0.9861,42.0000,-0.6667,🟡轻度低估,73.4836,19.2213,30.6557,-1,-1,0
2015-09-14,4308.7600,24.2500,0.9828,42.0000,-0.6667,🟡轻度低估,76.9357,18.6399,30.6841,-1,-1,0
2015-09-15,4360.2800,22.5400,0.9945,42.0000,-0.6667,🟡轻度低估,71.0893,20.8845,30.7125,-1,-1,0
2015-09-16,4383.6700,21.3500,0.9998,48.0000,-0.3333,🟡轻度低估,67.1306,22.0630,38.1907,0,-1,0
2015-09-17,4384.9600,21.1400,1.0000,48.0000,-0.3333,🟡轻度低估,66.2848,22.0949,38.2160,0,-1,0
2015-09-18,4323.8600,22.2800,0.9860,42.0000,-0.6667,🟡轻度低估,70.2658,19.2229,30.7157,-1,-1,0
2015-09-21,4336.1300,20.1400,0.9888,48.0000,-0.3333,🟡轻度低估,62.4285,19.8283,38.2666,0,-1,0
2015-09-22,4274.1000,22.4400,0.9747,42.0000,-0.6667,🟡轻度低估,70.6579,16.9595,30.7315,-1,-1,0
2015-09-23,4273.5300,22.1300,0.9746,42.0000,-0.3333,🟡轻度低估,69.6895,16.9526,30.7598,0,-1,0
2015-09-24,4261.1000,23.4700,0.9718,42.0000,-0.6667,🟡轻度低估,74.3977,16.5374,30.7881,-1,-1,0
2015-09-25,4224.7400,23.6200,0.9635,42.0000,-0.6667,🟡轻度低估,74.9796,15.3469,30.8163,-1,-1,0
2015-09-28,4103.4700,27.6300,0.9360,35.0000,-1.6667,🟢中度低估,85.2305,10.5671,20.5630,-2,-2,-1
2015-09-29,4083.3700,26.8300,0.9316,35.0000,-1.3333,🟢中度低估,84.2577,10.2365,20.5954,-1,-2,-1
2015-09-30,4181.0600,24.5000,0.9539,42.0000,-1.0000,🟡轻度低估,77.7415,13.5344,30.9009,-1,-2,0
2015-10-01,4192.9600,22.5500,0.9566,42.0000,-1.0000,🟡轻度低估,71.0269,14.0179,30.9291,-1,-2,0
2015-10-02,4267.4500,20.9400,0.9734,48.0000,-0.3333,🟡轻度低估,65.0509,17.0265,38.4929,0,-1,0
2015-10-05,4331.4300,19.5400,0.9878,55.0000,-0.3333,🟡轻度低估,59.9349,19.9511,47.4349,0,-1,0
2015-10-06,4306.7000,19.4000,0.9821,55.0000,-0.3333,🟡轻度低估,59.2593,18.8441,47.4562,0,-1,0
2015-10-07,4333.4600,18.4000,0.9882,55.0000,-0.3333,🟡轻度低估,54.7193,20.0570,47.4776,0,-1,0
2015-10-08,4350.1500,17.4200,0.9919,62.0000,-0.3333,🟡轻度低估,48.7597,20.9028,59.9431,0,-1,0
2015-10-09,4370.0100,17.0800,0.9963,62.0000,-0.3333,🟡轻度低估,46.8293,21.7480,59.9593,0,-1,0
2015-10-12,4382.5600,16.1700,0.9991,62.0000,-0.3333,🟡轻度低估,40.8777,22.4705,59.9756,0,-1,0
2015-10-13,4352.9400,17.6700,0.9923,62.0000,-0.3333,🟡轻度低估,50.6093,20.9180,59.9919,0,-1,0
2015-10-14,4346.9200,18.0300,0.9909,55.0000,-0.3333,🟡轻度低估,52.7812,20.5441,47.4218,0,-1,0
2015-10-15,4418.2200,16.0500,1.0070,62.0000,-0.3333,🟡轻度低估,40.1786,25.1623,60.0244,0,-1,0
2015-10-16,4438.6200,15.0500,1.0114,70.0000,0.0000,⚪中性,33.4686,26.5720,73.4686,0,-1,1
2015-10-19,4462.0700,14.9800,1.0165,70.0000,0.0000,⚪中性,33.2117,27.8589,73.4793,0,-1,1
2015-10-20,4438.1800,15.7500,1.0107,70.0000,0.0000,⚪中性,38.3056,26.2262,73.4901,0,-1,1
2015-10-21,4413.5200,16.7000,1.0047,62.0000,-0.3333,🟡轻度低估,44.6921,24.5138,59.9676,0,-1,0
2015-10-22,4503.2200,14.4500,1.0247,70.0000,0.6667,🟠轻度高估,29.7691,30.6197,73.5115,1,0,1
2015-10-23,4624.0900,14.4600,1.0518,70.0000,0.6667,🟠轻度高估,29.8785,45.1417,73.5223,1,0,1
2015-10-26,4630.8500,15.2900,1.0528,70.0000,0.3333,🟠轻度高估,35.3298,45.8924,73.5330,0,0,1
2015-10-27,4639.2300,15.4300,1.0542,70.0000,0.3333,🟠轻度高估,36.0032,46.7638,73.5437,0,0,1
2015-10-28,4678.5800,14.3300,1.0625,70.0000,0.6667,🟠轻度高估,29.1953,50.6268,73.5544,1,0,1
2015-10-29,4670.7600,14.6100,1.0601,70.0000,0.3333,🟠轻度高估,31.0833,49.5554,73.5651,0,0,1
2015-10-30,4648.8300,15.0700,1.0544,70.0000,0.3333,🟠轻度高估,33.8182,46.9899,73.5758,0,0,1
2015-11-02,4703.9200,14.1500,1.0663,70.0000,0.6667,🟠轻度高估,27.6656,52.8675,73.5864,1,0,1
2015-11-03,4719.0500,14.5400,1.0690,70.0000,0.3333,🟠轻度高估,30.7226,54.3803,73.5971,0,0,1
2015-11-04,4717.5500,15.5100,1.0680,70.0000,0.3333,🟠轻度高估,36.8846,53.9548,73.6077,0,0,1
2015-11-05,4702.9000,15.0500,1.0642,70.0000,0.3333,🟠轻度高估,33.6023,51.9564,73.6184,0,0,1
2015-11-06,4707.2300,14.3300,1.0647,70.0000,0.6667,🟠轻度高估,29.1935,52.1371,73.6290,1,0,1
2015-11-09,4655.5200,16.5200,1.0525,62.0000,0.0000,⚪中性,43.5308,45.4655,59.6937,0,0,0
2015-11-10,4641.7300,15.2900,1.0488,70.0000,0.3333,🟠轻度高估,35.4956,42.9895,73.6503,0,0,1
2015-11-11,4636.9400,16.0600,1.0472,62.0000,0.0000,⚪中性,40.5961,42.3681,59.6859,0,0,0
2015-11-12,4588.9300,18.3700,1.0359,55.0000,0.0000,⚪中性,54.9919,35.8293,47.0612,0,0,0
2015-11-13,4502.1400,20.0800,1.0159,48.0000,-0.3333,🟡轻度低估,62.4547,27.6861,38.0684,0,-1,0
2015-11-16,4565.4700,18.1600,1.0297,55.0000,0.0000,⚪中性,53.8616,32.7031,47.1038,0,0,0
2015-11-17,4565.8200,18.8400,1.0294,55.0000,0.0000,⚪中性,57.5392,32.4889,47.1251,0,0,0
2015-11-18,4653.4400,16.8500,1.0486,62.0000,0.0000,⚪中性,45.6592,43.0466,59.7669,0,0,0
2015-11-19,4655.3500,16.9900,1.0486,62.0000,0.0000,⚪中性,46.4444,43.0293,59.7830,0,0,0
2015-11-20,4686.3600,15.4700,1.0550,70.0000,0.3333,🟠轻度高估,36.5060,47.3494,73.7349,0,0,1
2015-11-23,4674.7900,15.6200,1.0519,70.0000,0.3333,🟠轻度高估,37.8964,45.1224,73.7455,0,0,1
2015-11-24,4669.4100,15.9300,1.0502,70.0000,0.3333,🟠轻度高估,39.6870,43.6196,73.7560,0,0,1
2015-11-25,4672.8800,15.1900,1.0506,70.0000,0.3333,🟠轻度高估,34.5768,43.8026,73.7665,0,0,1
2015-11-27,4680.4700,15.1200,1.0519,70.0000,0.3333,🟠轻度高估,34.1620,45.1484,73.7771,0,0,1
2015-11-30,4664.5100,16.1300,1.0480,62.0000,0.0000,⚪中性,41.0421,42.6052,59.6794,0,0,0
2015-12-01,4716.1600,14.6700,1.0592,70.0000,0.3333,🟠轻度高估,31.2901,49.2388,73.7981,0,0,1
2015-12-02,4686.2200,15.9100,1.0521,70.0000,0.3333,🟠轻度高估,39.6075,45.4145,73.8086,0,0,1
2015-12-03,4606.7500,18.1100,1.0340,55.0000,0.0000,⚪中性,53.6829,34.7878,46.9576,0,0,0
2015-12-04,4716.1200,14.8100,1.0583,70.0000,0.3333,🟠轻度高估,32.2929,48.8996,73.8295,0,0,1
2015-12-07,4693.6200,15.8400,1.0529,70.0000,0.3333,🟠轻度高估,39.0800,46.0800,73.8400,0,0,1
2015-12-08,4694.7700,17.6000,1.0529,62.0000,0.0000,⚪中性,50.6198,46.0216,59.6162,0,0,0
2015-12-09,4622.1400,19.6100,1.0364,55.0000,0.0000,⚪中性,61.0711,35.8913,46.9225,0,0,0
2015-12-10,4643.0500,19.3400,1.0409,55.0000,0.0000,⚪中性,59.6484,38.5537,46.9437,0,0,0
2015-12-11,4537.5600,24.3900,1.0171,42.0000,-0.6667,🟡轻度低估,77.9153,27.7556,30.3514,-1,-1,0
2015-12-14,4570.1600,22.7300,1.0243,42.0000,-0.3333,🟡轻度低估,72.3752,30.1796,30.3792,-1,0,0
2015-12-15,4597.3300,20.9500,1.0302,48.0000,0.0000,⚪中性,65.8021,32.7614,37.8691,0,0,0
2015-12-16,4664.5600,17.8600,1.0451,62.0000,0.0000,⚪中性,52.1739,41.4838,59.7128,0,0,0
2015-12-17,4598.1400,18.9400,1.0300,55.0000,0.0000,⚪中性,58.2137,32.6156,47.0096,0,0,0
2015-12-18,4514.8300,20.7000,1.0112,48.0000,-0.3333,🟡轻度低估,64.8067,26.1060,37.8637,0,-1,0
2015-12-21,4560.5500,18.7000,1.0213,55.0000,-0.3333,🟡轻度低估,57.0916,28.9243,47.0518,0,-1,0
2015-12-22,4589.2600,16.6000,1.0274,62.0000,0.0000,⚪中性,43.8471,31.6607,59.7770,0,0,0
2015-12-23,4624.5900,15.5700,1.0349,70.0000,0.3333,🟠轻度高估,37.2611,35.3503,73.9650,0,0,1
2015-12-24,4622.7700,15.7400,1.0342,70.0000,0.3333,🟠轻度高估,38.3605,34.9781,73.9753,0,0,1
2015-12-28,4621.3500,16.9100,1.0335,62.0000,0.0000,⚪中性,46.1814,34.4471,59.7454,0,0,0
2015-12-29,4691.0800,16.0800,1.0488,62.0000,0.0000,⚪中性,40.6362,43.2604,59.7614,0,0,0
2015-12-30,4652.0100,17.2900,1.0397,62.0000,0.0000,⚪中性,48.5692,38.1558,59.7774,0,0,0
2015-12-31,4593.2700,18.2100,1.0264,55.0000,0.0000,⚪中性,54.3107,30.9495,46.9607,0,0,0
2016-01-04,4497.8600,20.7000,1.0050,48.0000,-0.3333,🟡轻度低估,64.9325,24.1064,37.7681,0,-1,0
2016-01-05,4484.1800,19.3400,1.0019,55.0000,-0.3333,🟡轻度低估,59.7062,22.9853,47.0028,0,-1,0
2016-01-06,4443.9900,20.5900,0.9929,48.0000,-0.3333,🟡轻度低估,64.4048,20.5556,37.7778,0,-1,0
2016-01-07,4305.7200,24.9900,0.9622,42.0000,-1.0000,🟡轻度低估,79.9683,14.7560,30.2261,-1,-2,0
2016-01-08,4270.7800,27.0100,0.9544,35.0000,-1.3333,🟢中度低估,84.8533,13.3624,20.0634,-1,-2,-1
2016-01-11,4283.5500,24.3000,0.9573,42.0000,-1.0000,🟡轻度低估,77.6060,13.7931,30.2814,-1,-2,0
2016-01-12,4333.7200,22.4700,0.9685,42.0000,-0.6667,🟡轻度低估,71.2361,15.7290,30.3090,-1,-1,0
2016-01-13,4183.1200,25.2200,0.9351,35.0000,-1.3333,🟢中度低估,80.6337,10.2970,20.0792,-1,-2,-1
2016-01-14,4272.9700,23.9500,0.9552,42.0000,-1.0000,🟡轻度低估,76.4846,13.5788,30.3642,-1,-2,0
2016-01-15,4141.0800,27.0200,0.9259,35.0000,-1.3333,🟢中度低估,84.8833,9.2600,20.1029,-1,-2,-1
2016-01-19,4147.0700,26.0500,0.9274,35.0000,-1.3333,🟢中度低估,83.1092,9.4541,20.1345,-1,-2,-1
2016-01-20,4136.2800,27.5900,0.9252,35.0000,-1.6667,🟢中度低估,85.5674,9.2527,20.1661,-2,-2,-1
2016-01-21,4142.6000,26.6900,0.9269,35.0000,-1.3333,🟢中度低估,84.5455,9.4466,20.1976,-1,-2,-1
2016-01-22,4259.7700,22.3400,0.9532,42.0000,-1.0000,🟡轻度低估,70.6045,13.1964,30.5018,-1,-2,0
2016-01-25,4196.5300,24.1500,0.9393,42.0000,-1.0000,🟡轻度低估,77.0142,10.9795,30.5292,-1,-2,0
2016-01-26,4233.8500,22.5000,0.9478,42.0000,-1.0000,🟡轻度低估,71.2199,12.4358,30.5567,-1,-2,0
2016-01-27,4128.8600,23.1100,0.9246,42.0000,-1.0000,🟡轻度低估,73.4017,9.1949,30.5841,-1,-2,0
2016-01-28,4186.0600,22.4200,0.9376,42.0000,-1.0000,🟡轻度低估,70.8087,10.8481,30.6114,-1,-2,0
2016-01-29,4279.1700,20.2000,0.9586,48.0000,-0.6667,🟡轻度低估,62.6577,14.3927,38.1703,0,-2,0
2016-02-01,4286.5600,19.9800,0.9604,55.0000,-0.6667,🟡轻度低估,61.8053,14.8601,47.3788,0,-2,0
2016-02-02,4193.1000,21.9800,0.9397,48.0000,-0.6667,🟡轻度低估,69.3065,11.1899,38.1797,0,-2,0
2016-02-03,4171.9700,21.6500,0.9352,48.0000,-0.6667,🟡轻度低估,68.4128,10.4766,38.2040,0,-2,0
2016-02-04,4167.7700,21.8400,0.9345,48.0000,-0.6667,🟡轻度低估,68.9764,10.4331,38.2283,0,-2,0
2016-02-05,4024.4700,23.3800,0.9028,42.0000,-1.0000,🟡轻度低估,74.3015,7.1625,30.5785,-1,-2,0
2016-02-08,3960.6700,26.0000,0.8890,35.0000,-1.3333,🟢中度低估,82.8875,6.0189,20.1416,-1,-2,-1
2016-02-09,3947.8000,26.5400,0.8867,35.0000,-1.3333,🟢中度低估,84.4278,5.8592,20.1730,-1,-2,-1
2016-02-10,3966.2800,26.2900,0.8914,35.0000,-1.3333,🟢中度低估,83.8050,6.1714,20.2044,-1,-2,-1
2016-02-11,3962.2200,28.1400,0.8911,28.0000,-2.0000,🟢中度低估,86.4440,6.1690,13.7917,-2,-2,-2
2016-02-12,4019.1900,25.4000,0.9044,35.0000,-1.3333,🟢中度低估,80.8720,7.4627,20.2671,-1,-2,-1
2016-02-16,4104.3300,24.1100,0.9239,42.0000,-1.0000,🟡轻度低估,76.7177,9.2658,30.7420,-1,-2,0
2016-02-17,4199.1000,22.3100,0.9455,42.0000,-1.0000,🟡轻度低估,70.2512,12.3626,30.7692,-1,-2,0
2016-02-18,4151.4900,21.6400,0.9351,48.0000,-0.6667,🟡轻度低估,68.1444,10.7493,38.4464,0,-2,0
2016-02-19,4164.0900,20.5300,0.9382,48.0000,-0.6667,🟡轻度低估,63.5686,11.2549,38.4706,0,-2,0
2016-02-22,4231.2700,19.3800,0.9535,55.0000,-0.6667,🟡轻度低估,59.1141,13.8769,47.6676,0,-2,0
2016-02-23,4162.5400,20.9800,0.9383,48.0000,-0.6667,🟡轻度低估,65.5564,11.2853,38.4796,0,-2,0
2016-02-24,4200.6600,20.7200,0.9471,48.0000,-0.6667,🟡轻度低估,64.4340,12.8476,38.5037,0,-2,0
2016-02-25,4241.0600,19.1100,0.9565,55.0000,-0.6667,🟡轻度低估,58.2616,14.5654,47.7291,0,-2,0
2016-02-26,4235.6200,19.8100,0.9554,55.0000,-0.6667,🟡轻度低估,60.7828,14.4423,47.7495,0,-2,0
2016-02-29,4201.1200,20.5500,0.9479,48.0000,-0.6667,🟡轻度低估,63.6150,13.0282,38.4977,0,-2,0
2016-03-01,4333.6100,17.7000,0.9780,62.0000,-0.3333,🟡轻度低估,50.3324,18.5765,60.4224,0,-1,0
2016-03-02,4334.3900,17.0900,0.9783,62.0000,-0.3333,🟡轻度低估,46.5989,18.6083,60.4378,0,-1,0
2016-03-03,4325.8600,16.7000,0.9766,62.0000,-0.3333,🟡轻度低估,44.2751,18.2884,60.4533,0,-1,0
2016-03-04,4329.0000,16.8600,0.9775,62.0000,-0.3333,🟡轻度低估,45.0781,18.3984,60.4688,0,-1,0
2016-03-07,4303.3300,17.3500,0.9719,62.0000,-0.3333,🟡轻度低估,48.1453,17.4541,60.4842,0,-1,0
2016-03-08,4265.5100,18.6700,0.9637,55.0000,-0.3333,🟡轻度低估,56.3622,16.2373,47.6971,0,-1,0
2016-03-09,4293.2300,18.3400,0.9702,55.0000,-0.3333,🟡轻度低估,54.1943,17.0503,47.7175,0,-1,0
2016-03-10,4286.9700,18.0500,0.9690,55.0000,-0.3333,🟡轻度低估,52.6521,16.9267,47.7379,0,-1,0
2016-03-11,4361.8300,16.5000,0.9861,62.0000,-0.3333,🟡轻度低估,42.6121,20.4678,60.5458,0,-1,0
2016-03-14,4367.3300,16.9200,0.9875,62.0000,-0.3333,🟡轻度低估,45.4793,20.7716,60.5612,0,-1,0
2016-03-15,4367.0800,16.8400,0.9876,62.0000,-0.3333,🟡轻度低估,44.8383,20.8414,60.5765,0,-1,0
2016-03-16,4404.2000,14.9900,0.9962,70.0000,0.0000,⚪中性,32.3209,22.7414,74.5327,0,-1,1
2016-03-17,4400.2600,14.4400,0.9954,70.0000,0.3333,🟠轻度高估,28.7271,22.5769,74.5426,1,-1,1
2016-03-18,4410.8300,14.0200,0.9979,70.0000,0.3333,🟠轻度高估,25.8366,23.2296,74.5525,1,-1,1
2016-03-21,4426.9800,13.7900,1.0016,78.0000,0.6667,🟠轻度高估,23.6873,24.3485,91.9098,1,-1,2
2016-03-22,4437.6200,14.1700,1.0041,70.0000,0.3333,🟠轻度高估,26.9051,25.2333,74.5334,1,-1,1
2016-03-23,4402.5600,14.9400,0.9962,70.0000,0.0000,⚪中性,32.1803,22.7750,74.5433,0,-1,1
2016-03-24,4405.5300,14.7400,0.9969,70.0000,0.0000,⚪中性,31.1577,22.9992,74.5532,0,-1,1
2016-03-28,4398.0700,15.2400,0.9953,70.0000,0.0000,⚪中性,34.2524,22.4854,74.5631,0,-1,1
2016-03-29,4467.7200,13.8200,1.0111,78.0000,0.6667,🟠轻度高估,23.9130,27.6786,91.9255,1,-1,2
2016-03-30,4490.8800,13.5600,1.0163,78.0000,0.6667,🟠轻度高估,21.6531,29.1036,91.9286,1,-1,2
2016-03-31,4483.6600,13.9500,1.0146,78.0000,0.6667,🟠轻度高估,24.8642,28.8208,91.9317,1,-1,2
2016-04-01,4532.0800,13.1000,1.0254,78.0000,1.0000,🟠轻度高估,17.5262,32.2218,91.9349,1,0,2
2016-04-04,4511.7000,14.1200,1.0208,70.0000,0.6667,🟠轻度高估,26.5891,30.2713,74.4574,1,0,1
2016-04-05,4470.7500,15.4200,1.0116,70.0000,0.0000,⚪中性,35.3739,27.8187,74.4673,0,-1,1
2016-04-06,4543.7800,14.0900,1.0281,70.0000,0.6667,🟠轻度高估,26.4524,33.5399,74.4771,1,0,1
2016-04-07,4475.2900,16.1600,1.0127,62.0000,-0.3333,🟡轻度低估,40.7278,28.3779,60.2400,0,-1,0
2016-04-08,4474.9300,15.3600,1.0127,70.0000,0.0000,⚪中性,35.1393,28.4056,74.4969,0,-1,1
2016-04-11,4458.7100,16.2600,1.0091,62.0000,-0.3333,🟡轻度低估,41.2379,26.9246,60.2321,0,-1,0
2016-04-12,4496.0400,14.8500,1.0175,70.0000,0.0000,⚪中性,31.9412,29.6210,74.5166,0,-1,1
2016-04-13,4554.7200,13.8400,1.0307,78.0000,1.0000,🟠轻度高估,24.0819,35.1372,91.9598,1,0,2
2016-04-14,4554.6300,13.7200,1.0305,78.0000,1.0000,🟠轻度高估,22.9521,34.7372,91.9629,1,0,2
2016-04-15,4543.1600,13.6200,1.0278,78.0000,1.0000,🟠轻度高估,22.2866,33.4878,91.9660,1,0,2
2016-04-18,4569.3100,13.3500,1.0335,78.0000,1.0000,🟠轻度高估,19.7683,36.2548,91.9691,1,0,2
2016-04-19,4537.0900,13.2400,1.0261,78.0000,1.0000,🟠轻度高估,18.6029,32.5357,91.9722,1,0,2
2016-04-20,4540.4400,13.2800,1.0267,78.0000,1.0000,🟠轻度高估,19.0972,32.9090,91.9753,1,0,2
2016-04-21,4540.8000,13.9500,1.0267,78.0000,1.0000,🟠轻度高估,25.0289,32.8963,91.9784,1,0,2
2016-04-22,4474.1900,13.2200,1.0115,78.0000,0.6667,🟠轻度高估,18.3886,27.7178,91.9815,1,-1,2
2016-04-25,4474.1300,14.0800,1.0113,70.0000,0.3333,🟠轻度高估,26.5896,27.6301,74.2967,1,-1,1
2016-04-26,4452.9700,13.9600,1.0065,78.0000,0.6667,🟠轻度高估,25.2696,25.9630,91.9877,1,-1,2
2016-04-27,4416.6300,13.7700,0.9984,78.0000,0.6667,🟠轻度高估,23.4501,23.2191,91.9908,1,-1,2
2016-04-28,4363.9900,15.2200,0.9866,70.0000,0.0000,⚪中性,34.4496,20.3618,74.2494,0,-1,1
2016-04-29,4341.3000,15.7000,0.9817,70.0000,0.0000,⚪中性,38.0531,19.3921,74.2593,0,-1,1
2016-05-02,4381.3000,14.6800,0.9910,70.0000,0.0000,⚪中性,31.0000,21.4615,74.2692,0,-1,1
2016-05-03,4341.3900,15.6000,0.9823,70.0000,0.0000,⚪中性,37.4856,19.5694,74.2791,0,-1,1
2016-05-04,4312.0100,16.0500,0.9761,62.0000,-0.3333,🟡轻度低估,40.3536,18.1015,59.8770,0,-1,0
2016-05-05,4309.4800,15.9100,0.9759,70.0000,0.0000,⚪中性,39.4161,18.0945,74.2989,0,-1,1
2016-05-06,4330.1700,14.7200,0.9809,70.0000,0.0000,⚪中性,31.2596,19.2012,74.3088,0,-1,1
2016-05-09,4341.2300,14.5700,0.9837,70.0000,0.0000,⚪中性,30.3647,19.9232,74.3186,0,-1,1
2016-05-10,4402.0400,13.6300,0.9977,78.0000,0.6667,🟠轻度高估,22.3715,23.3308,92.0184,1,-1,2
2016-05-11,4361.0300,14.6900,0.9886,70.0000,0.0000,⚪中性,31.1086,21.1354,74.3000,0,-1,1
2016-05-12,4342.8100,14.4100,0.9847,70.0000,0.3333,🟠轻度高估,29.0644,20.0920,74.3098,1,-1,1
2016-05-13,4326.5300,15.0400,0.9813,70.0000,0.0000,⚪中性,33.1545,19.2794,74.3197,0,-1,1
2016-05-16,4380.4800,14.6800,0.9938,70.0000,0.0000,⚪中性,31.0345,22.2605,74.3295,0,-1,1
2016-05-17,4322.5600,15.5700,0.9809,70.0000,0.0000,⚪中性,37.3037,19.1498,74.3393,0,-1,1
2016-05-18,4338.2300,15.9500,0.9847,70.0000,0.0000,⚪中性,40.0077,20.1761,74.3492,0,-1,1
2016-05-19,4315.5800,16.3300,0.9799,62.0000,-0.3333,🟡轻度低估,42.3651,18.8289,59.6632,0,-1,0
2016-05-20,4362.9000,15.2000,0.9909,70.0000,0.0000,⚪中性,34.4682,21.7292,74.3688,0,-1,1
2016-05-23,4355.1000,15.8200,0.9893,70.0000,0.0000,⚪中性,38.9675,21.4149,74.3786,0,-1,1
2016-05-24,4444.3000,14.4200,1.0097,70.0000,0.3333,🟠轻度高估,29.0520,27.5994,74.3884,1,-1,1
2016-05-25,4476.4300,13.9000,1.0171,78.0000,0.6667,🟠轻度高估,24.6083,29.9198,92.0520,1,-1,2
2016-05-26,4487.9600,13.4300,1.0197,78.0000,1.0000,🟠轻度高估,20.5882,30.7869,92.0550,1,0,2
2016-05-27,4512.5400,13.1200,1.0253,78.0000,1.0000,🟠轻度高估,17.4876,32.8370,92.0580,1,0,2
2016-05-31,4523.8900,14.1900,1.0279,70.0000,0.6667,🟠轻度高估,27.3664,34.3130,74.3130,1,0,1
2016-06-01,4520.0700,14.2000,1.0270,70.0000,0.6667,🟠轻度高估,27.4323,33.7276,74.3228,1,0,1
2016-06-02,4531.3500,13.6300,1.0296,78.0000,1.0000,🟠轻度高估,22.3494,35.1259,92.0671,1,0,2
2016-06-03,4509.7900,13.4700,1.0248,78.0000,1.0000,🟠轻度高估,20.7777,32.5963,92.0701,1,0,2
2016-06-06,4523.6300,13.6500,1.0279,78.0000,1.0000,🟠轻度高估,22.5229,34.3750,92.0732,1,0,2
2016-06-07,4513.0900,14.0500,1.0254,70.0000,0.6667,🟠轻度高估,26.3238,32.8762,74.2476,1,0,1
2016-06-08,4520.6300,14.0800,1.0267,70.0000,0.6667,🟠轻度高估,26.6946,33.5872,74.2574,1,0,1
2016-06-09,4512.6900,14.6400,1.0244,70.0000,0.3333,🟠轻度高估,30.9478,32.3944,74.2672,0,0,1
2016-06-10,4461.0500,17.0300,1.0121,62.0000,-0.3333,🟡轻度低估,47.4505,28.4247,59.3607,0,-1,0
2016-06-13,4422.7600,20.9700,1.0032,48.0000,-0.3333,🟡轻度低估,66.4892,25.2948,37.4667,0,-1,0
2016-06-14,4424.9100,20.5000,1.0036,48.0000,-0.3333,🟡轻度低估,64.4487,25.3992,37.4905,0,-1,0
2016-06-15,4409.5100,20.1400,1.0000,48.0000,-0.3333,🟡轻度低估,63.2079,24.0593,37.5143,0,-1,0
2016-06-16,4424.2300,19.3700,1.0032,55.0000,-0.3333,🟡轻度低估,60.0684,25.3040,46.6565,0,-1,0
2016-06-17,4374.3800,19.4100,0.9916,55.0000,-0.3333,🟡轻度低估,60.3494,21.9142,46.6768,0,-1,0
2016-06-20,4400.1600,18.3700,0.9973,55.0000,-0.3333,🟡轻度低估,55.4670,23.3106,46.6970,0,-1,0
2016-06-21,4413.4000,18.4800,1.0001,55.0000,-0.3333,🟡轻度低估,56.0531,24.2125,46.7173,0,-1,0
2016-06-22,4404.7300,21.1700,0.9979,48.0000,-0.3333,🟡轻度低估,67.5266,23.5205,37.4810,0,-1,0
2016-06-23,4467.4800,17.2500,1.0119,62.0000,-0.3333,🟡轻度低估,48.5779,28.5931,59.4994,0,-1,0
2016-06-24,4285.7000,25.7600,0.9707,35.0000,-1.0000,🟡轻度低估,82.8279,16.8688,19.5982,-1,-1,-1
2016-06-27,4201.0500,23.8500,0.9516,42.0000,-1.3333,🟢中度低估,76.6199,13.1868,29.7840,-1,-2,-1
2016-06-28,4290.4700,18.7500,0.9719,55.0000,-0.3333,🟡轻度低估,57.5379,17.1212,46.7803,0,-1,0
2016-06-29,4364.7400,16.6400,0.9887,62.0000,-0.3333,🟡轻度低估,44.5665,21.2041,59.5608,0,-1,0
2016-06-30,4417.7000,15.6300,1.0006,70.0000,0.0000,⚪中性,38.0015,24.5269,74.4133,0,-1,1
2016-07-01,4437.4500,14.7700,1.0050,70.0000,0.0000,⚪中性,31.8199,26.3715,74.4230,0,-1,1
2016-07-05,4410.7500,15.5800,0.9989,70.0000,0.0000,⚪中性,37.4811,23.9410,74.4327,0,-1,1
2016-07-06,4444.7000,14.9600,1.0065,70.0000,0.0000,⚪中性,32.8544,26.7675,74.4423,0,-1,1
2016-07-07,4459.5800,14.7600,1.0097,70.0000,0.0000,⚪中性,31.7838,27.9667,74.4520,0,-1,1
2016-07-08,4528.3600,13.2000,1.0250,78.0000,1.0000,🟠轻度高估,17.9448,33.2074,92.1420,1,0,2
2016-07-11,4554.7100,13.5400,1.0306,78.0000,1.0000,🟠轻度高估,21.2991,36.4048,92.1450,1,0,2
2016-07-12,4577.6100,13.5500,1.0354,78.0000,1.0000,🟠轻度高估,21.4043,38.8448,92.1480,1,0,2
2016-07-13,4565.7700,13.0400,1.0324,78.0000,1.0000,🟠轻度高估,16.5660,37.1321,92.1509,1,0,2
2016-07-14,4596.4900,12.8200,1.0387,78.0000,1.3333,🔴中度高估,14.2965,40.6639,92.1539,2,0,2
2016-07-15,4589.8300,12.6700,1.0366,78.0000,1.3333,🔴中度高估,13.1599,39.4796,92.1569,2,0,2
2016-07-18,4619.6800,12.4400,1.0429,78.0000,1.3333,🔴中度高估,11.3456,42.8948,92.1598,2,0,2
2016-07-19,4603.2800,11.9700,1.0387,88.0000,1.6667,🔴中度高估,7.3851,40.5426,100.0000,2,0,3
2016-07-20,4657.2000,11.7700,1.0504,88.0000,1.6667,🔴中度高估,6.4030,46.8927,100.0000,2,0,3
2016-07-21,4647.0200,12.7400,1.0477,78.0000,1.3333,🔴中度高估,13.8931,45.7831,92.0934,2,0,2
2016-07-22,4666.0700,12.0200,1.0516,78.0000,1.3333,🔴中度高估,7.9789,47.9112,92.0963,2,0,2
2016-07-25,4665.9300,12.8700,1.0511,78.0000,1.0000,🟠轻度高估,15.1994,47.3664,92.0993,1,0,2
2016-07-26,4672.1100,13.0500,1.0522,78.0000,1.0000,🟠轻度高估,16.9237,48.7025,92.1023,1,0,2
2016-07-27,4702.8800,12.8300,1.0587,78.0000,1.3333,🔴中度高估,14.6617,52.2180,92.1053,2,0,2
2016-07-28,4721.4100,12.7200,1.0625,78.0000,1.3333,🔴中度高估,13.6791,53.8519,92.1082,2,0,2
2016-07-29,4730.2300,11.8700,1.0640,88.0000,1.6667,🔴中度高估,6.9872,55.0338,100.0000,2,0,3
2016-08-01,4756.0400,12.4400,1.0693,78.0000,1.3333,🔴中度高估,11.4908,57.6418,92.0766,2,0,2
2016-08-02,4719.2100,13.3700,1.0607,78.0000,1.0000,🟠轻度高估,20.1952,52.9655,92.0796,1,0,2
2016-08-03,4734.3300,12.8600,1.0637,78.0000,1.0000,🟠轻度高估,15.1595,54.7467,92.0826,1,0,2
2016-08-04,4743.8100,12.4200,1.0655,78.0000,1.3333,🔴中度高估,11.3278,55.6639,92.0855,2,0,2
2016-08-05,4791.2100,11.3900,1.0757,88.0000,2.0000,🔴中度高估,4.2745,61.3048,100.0000,3,0,3
2016-08-08,4784.7400,11.5000,1.0738,88.0000,2.0000,🔴中度高估,4.6852,60.3448,100.0000,3,0,3
2016-08-09,4795.7500,11.6600,1.0759,88.0000,1.6667,🔴中度高估,5.9948,61.3338,100.0000,2,0,3
2016-08-10,4783.3900,12.0500,1.0730,78.0000,1.3333,🔴中度高估,8.2772,59.7753,91.9850,2,0,2
2016-08-11,4803.3100,11.6800,1.0772,88.0000,1.6667,🔴中度高估,6.1400,62.1490,100.0000,2,0,3
2016-08-12,4807.0800,11.5500,1.0779,88.0000,1.6667,🔴中度高估,5.0150,62.7620,100.0000,2,0,3
2016-08-15,4827.1200,11.8100,1.0822,88.0000,1.6667,🔴中度高估,6.7714,65.0206,100.0000,2,0,3
2016-08-16,4797.1900,12.6400,1.0753,78.0000,1.3333,🔴中度高估,13.0890,60.9200,91.8848,2,0,2
2016-08-17,4805.4500,12.1900,1.0770,78.0000,1.3333,🔴中度高估,9.6075,61.9065,91.8879,2,0,2
2016-08-18,4808.6800,11.4300,1.0776,88.0000,2.0000,🔴中度高估,4.4096,62.4066,100.0000,3,0,3
2016-08-19,4806.1400,11.3400,1.0769,88.0000,2.0000,🔴中度高估,3.9970,61.8229,100.0000,3,0,3
2016-08-22,4808.5600,12.2700,1.0773,78.0000,1.3333,🔴中度高估,10.4556,62.1733,91.8223,2,0,2
2016-08-23,4818.4800,12.3800,1.0794,78.0000,1.3333,🔴中度高估,11.3102,63.6058,91.8253,2,0,2
2016-08-24,4783.4900,13.4500,1.0715,78.0000,1.0000,🟠轻度高估,21.4552,58.8060,91.8284,1,0,2
2016-08-25,4775.4300,13.6300,1.0696,78.0000,1.0000,🟠轻度高估,23.2003,57.7023,91.8314,1,0,2
2016-08-26,4783.6900,13.6500,1.0712,78.0000,1.0000,🟠轻度高估,23.3781,58.6503,91.8345,1,0,2
2016-08-29,4791.0900,12.9400,1.0727,78.0000,1.0000,🟠轻度高估,16.4741,59.4484,91.8375,1,0,2
2016-08-30,4775.9900,13.1200,1.0691,78.0000,1.0000,🟠轻度高估,18.2191,57.2280,91.8405,1,0,2
2016-08-31,4771.0500,13.4200,1.0677,78.0000,1.0000,🟠轻度高估,21.3035,56.3501,91.8436,1,0,2
2016-09-01,4783.9400,13.4800,1.0703,78.0000,1.0000,🟠轻度高估,21.7796,58.0789,91.8466,1,0,2
2016-09-02,4798.7400,11.9800,1.0733,88.0000,1.6667,🔴中度高估,8.0015,59.9181,100.0000,2,0,3
2016-09-06,4829.5100,12.0200,1.0800,78.0000,1.3333,🔴中度高估,8.2961,64.0625,91.8155,2,0,2
2016-09-07,4831.8600,11.9400,1.0803,88.0000,1.6667,🔴中度高估,7.4749,64.4478,100.0000,2,0,3
2016-09-08,4804.0000,12.5100,1.0739,78.0000,1.3333,🔴中度高估,12.4535,60.2602,91.7844,2,0,2
2016-09-09,4681.5400,17.5000,1.0466,62.0000,0.0000,⚪中性,50.8361,44.5188,58.4913,0,0,0
2016-09-12,4764.6500,15.1600,1.0650,70.0000,0.3333,🟠轻度高估,35.5126,55.0520,73.2541,0,0,1
2016-09-13,4722.8500,17.8500,1.0556,62.0000,0.0000,⚪中性,53.3234,50.3528,58.4850,0,0,0
2016-09-14,4746.0600,18.1400,1.0607,55.0000,0.0000,⚪中性,55.0111,52.5612,45.8797,0,0,0
2016-09-15,4819.9000,16.3000,1.0770,62.0000,0.0000,⚪中性,43.3024,62.0037,58.5158,0,0,0
2016-09-16,4818.0500,15.3700,1.0765,70.0000,0.3333,🟠轻度高估,36.7582,61.5356,73.2938,0,0,1
2016-09-19,4796.0700,15.5300,1.0715,70.0000,0.3333,🟠轻度高估,38.0423,58.7690,73.3037,0,0,1
2016-09-20,4805.2200,15.9200,1.0733,70.0000,0.3333,🟠轻度高估,40.8821,59.8221,73.3136,0,0,1
2016-09-21,4853.7500,13.3000,1.0839,78.0000,1.0000,🟠轻度高估,19.9333,66.5061,91.8118,1,0,2
2016-09-22,4891.3600,12.0200,1.0921,78.0000,1.6667,🔴中度高估,8.3333,71.1852,91.8148,2,1,2
2016-09-23,4858.9100,12.2900,1.0847,78.0000,1.3333,🔴中度高估,10.7368,66.8641,91.8178,2,0,2
2016-09-26,4817.1700,14.5000,1.0751,70.0000,0.3333,🟠轻度高估,30.7550,60.7698,73.2420,0,0,1
2016-09-27,4866.7100,13.1000,1.0859,78.0000,1.0000,🟠轻度高估,18.0910,67.5546,91.8239,1,0,2
2016-09-28,4875.2700,12.3900,1.0874,78.0000,1.3333,🔴中度高估,11.4645,68.4172,91.8269,2,0,2
2016-09-29,4838.3000,14.0200,1.0788,70.0000,0.6667,🟠轻度高估,27.2089,63.2902,73.1978,1,0,1
2016-09-30,4875.7000,13.2900,1.0868,78.0000,1.0000,🟠轻度高估,19.9557,68.0710,91.8330,1,0,2
2016-10-03,4866.6300,13.5700,1.0846,78.0000,1.0000,🟠轻度高估,22.9036,66.7529,91.8360,1,0,2
2016-10-04,4859.4700,13.6300,1.0826,78.0000,1.0000,🟠轻度高估,23.5598,65.6204,91.8390,1,0,2
2016-10-05,4877.7500,12.9900,1.0863,78.0000,1.0000,🟠轻度高估,16.9804,67.8479,91.8420,1,0,2
2016-10-06,4873.9200,12.8400,1.0851,78.0000,1.0000,🟠轻度高估,15.4244,67.0480,91.8450,1,0,2
2016-10-07,4864.5200,13.4800,1.0826,78.0000,1.0000,🟠轻度高估,22.0583,65.5109,91.8480,1,0,2
2016-10-10,4893.7700,13.3800,1.0888,78.0000,1.0000,🟠轻度高估,20.9440,69.2478,91.8510,1,0,2
2016-10-11,4821.9100,15.3600,1.0726,70.0000,0.3333,🟠轻度高估,37.0439,58.9753,73.0188,0,0,1
2016-10-12,4819.6400,15.9100,1.0718,70.0000,0.3333,🟠轻度高估,41.1201,58.6588,73.0287,0,0,1
2016-10-13,4803.1000,16.6900,1.0680,62.0000,0.0000,⚪中性,46.4457,56.2799,58.1215,0,0,0
2016-10-14,4808.4800,16.1200,1.0690,62.0000,0.0000,⚪中性,42.5994,56.7747,58.1370,0,0,0
2016-10-17,4796.1700,16.2100,1.0661,62.0000,0.0000,⚪中性,43.0622,55.0975,58.1524,0,0,0
2016-10-18,4839.7200,15.2800,1.0753,70.0000,0.3333,🟠轻度高估,36.4238,60.7432,73.0684,0,0,1
2016-10-19,4836.6100,14.4100,1.0742,70.0000,0.3333,🟠轻度高估,30.3788,60.2060,73.0783,0,0,1
2016-10-20,4832.7100,13.7500,1.0729,78.0000,1.0000,🟠轻度高估,24.4853,59.2279,91.8750,1,0,2
2016-10-21,4851.8600,13.3400,1.0765,78.0000,1.0000,🟠轻度高估,20.5072,61.3745,91.8780,1,0,2
2016-10-24,4909.9700,13.0200,1.0886,78.0000,1.0000,🟠轻度高估,17.2300,69.2138,91.8810,1,0,2
2016-10-25,4891.4500,13.4600,1.0838,78.0000,1.0000,🟠轻度高估,21.8509,66.3606,91.8840,1,0,2
2016-10-26,4860.5900,14.2400,1.0763,70.0000,0.6667,🟠轻度高估,29.3319,61.2335,72.9809,1,0,1
2016-10-27,4836.4500,15.3600,1.0702,70.0000,0.3333,🟠轻度高估,37.1743,57.4312,72.9908,0,0,1
2016-10-28,4805.5900,16.1900,1.0627,62.0000,0.0000,⚪中性,43.0668,52.9347,57.9971,0,0,0
2016-10-31,4801.2700,17.0600,1.0610,62.0000,0.0000,⚪中性,48.9182,52.1452,58.0125,0,0,0
2016-11-01,4766.9400,18.5600,1.0527,55.0000,0.0000,⚪中性,57.8812,47.8372,45.3446,0,0,0
2016-11-02,4726.9100,19.3200,1.0432,55.0000,0.0000,⚪中性,61.0846,42.0667,45.3646,0,0,0
2016-11-03,4679.1000,22.0800,1.0320,42.0000,-0.6667,🟡轻度低估,71.3919,35.9341,28.8278,-1,0,-1
2016-11-04,4660.4600,22.5100,1.0275,42.0000,-0.6667,🟡轻度低估,73.0135,33.6507,28.8539,-1,0,-1
2016-11-07,4773.7300,18.7100,1.0518,55.0000,0.0000,⚪中性,58.7116,47.0717,45.4246,0,0,0
2016-11-08,4804.9200,18.7400,1.0580,55.0000,0.0000,⚪中性,58.7999,50.8233,45.4446,0,0,0
2016-11-09,4825.1800,14.3800,1.0616,70.0000,0.3333,🟠轻度高估,30.2121,52.7067,73.0797,0,0,1
2016-11-10,4747.0300,14.7400,1.0438,70.0000,0.3333,🟠轻度高估,33.0530,42.4132,73.0896,0,0,1
2016-11-11,4751.9500,14.1700,1.0443,70.0000,0.6667,🟠轻度高估,28.5088,42.7997,73.0994,1,0,1
2016-11-14,4702.0400,14.4800,1.0329,70.0000,0.3333,🟠轻度高估,30.8732,36.3171,73.1092,0,0,1
2016-11-15,4764.4700,13.3700,1.0459,78.0000,1.0000,🟠轻度高估,20.8181,43.7911,91.9284,1,0,2
2016-11-16,4792.2700,13.7200,1.0513,78.0000,1.0000,🟠轻度高估,24.3154,46.4403,91.9314,1,0,2
2016-11-17,4826.5900,13.3500,1.0581,78.0000,1.0000,🟠轻度高估,20.5474,50.9124,91.9343,1,0,2
2016-11-18,4808.0400,12.8500,1.0531,78.0000,1.0000,🟠轻度高估,15.5053,48.4495,91.9372,1,0,2
2016-11-21,4859.0000,12.4200,1.0632,78.0000,1.3333,🔴中度高估,11.7068,53.6470,91.9402,2,0,2
2016-11-22,4873.8400,12.4100,1.0654,78.0000,1.3333,🔴中度高估,11.5202,54.8669,91.9431,2,0,2
2016-11-23,4853.8600,12.4300,1.0600,78.0000,1.3333,🔴中度高估,11.8076,51.7857,91.9461,2,0,2
2016-11-25,4870.0200,12.3400,1.0625,78.0000,1.3333,🔴中度高估,10.9654,53.0055,91.9490,2,0,2
2016-11-28,4857.0200,13.1500,1.0587,78.0000,1.0000,🟠轻度高估,18.6453,51.1289,91.9519,1,0,2
2016-11-29,4873.2100,12.9000,1.0613,78.0000,1.0000,🟠轻度高估,16.2359,52.5300,91.9549,1,0,2
2016-11-30,4810.8100,13.3300,1.0470,78.0000,1.0000,🟠轻度高估,20.5240,44.1776,91.9578,1,0,2
2016-12-01,4734.1000,14.0700,1.0297,70.0000,0.6667,🟠轻度高估,28.0102,34.4853,72.8265,1,0,1
2016-12-02,4739.3700,14.1200,1.0302,70.0000,0.6667,🟠轻度高估,28.4000,34.7273,72.8364,1,0,1
2016-12-05,4778.1400,12.1400,1.0380,78.0000,1.3333,🔴中度高估,9.3057,38.9676,91.9666,2,0,2
2016-12-06,4788.6700,11.7900,1.0396,88.0000,1.6667,🔴中度高估,6.6497,39.9709,100.0000,2,0,3
2016-12-07,4851.9400,12.2200,1.0526,78.0000,1.3333,🔴中度高估,9.8438,47.8387,91.9361,2,0,2
2016-12-08,4859.1900,12.6400,1.0534,78.0000,1.3333,🔴中度高估,13.4350,48.6565,91.9390,2,0,2
2016-12-09,4895.9000,11.7500,1.0606,88.0000,1.6667,🔴中度高估,6.3158,52.0871,100.0000,2,0,3
2016-12-12,4874.3000,12.6400,1.0552,78.0000,1.3333,🔴中度高估,13.4978,49.6009,91.9086,2,0,2
2016-12-13,4935.8400,12.7200,1.0678,78.0000,1.3333,🔴中度高估,14.4360,56.3656,91.9115,2,0,2
2016-12-14,4921.2200,13.1900,1.0640,78.0000,1.0000,🟠轻度高估,19.2168,54.3510,91.9144,1,0,2
2016-12-15,4933.4100,12.7900,1.0659,78.0000,1.0000,🟠轻度高估,15.0054,55.2736,91.9174,1,0,2
2016-12-16,4914.8600,12.2000,1.0612,78.0000,1.3333,🔴中度高估,9.7101,52.5362,91.9203,2,0,2
2016-12-19,4934.8500,11.7100,1.0648,88.0000,1.6667,🔴中度高估,6.1210,54.8352,100.0000,2,0,3
2016-12-20,4953.8000,11.4500,1.0681,88.0000,2.0000,🔴中度高估,4.4171,56.7705,100.0000,3,0,3
2016-12-21,4948.9100,11.2700,1.0663,88.0000,2.0000,🔴中度高估,3.6193,55.6279,100.0000,3,0,3
2016-12-22,4934.3900,11.4300,1.0624,88.0000,2.0000,🔴中度高估,4.3777,53.0029,100.0000,3,0,3
2016-12-23,4940.0200,11.4400,1.0630,88.0000,2.0000,🔴中度高估,4.4123,53.5624,100.0000,3,0,3
2016-12-27,4965.8100,11.9900,1.0678,88.0000,1.6667,🔴中度高估,8.2068,56.5437,100.0000,2,0,3
2016-12-28,4926.2900,12.9500,1.0587,78.0000,1.0000,🟠轻度高估,17.1666,51.1023,91.7239,1,0,2
2016-12-29,4918.2800,13.3700,1.0564,78.0000,1.0000,🟠轻度高估,21.5679,50.1806,91.7269,1,0,2
2016-12-30,4863.6200,14.0400,1.0441,70.0000,0.6667,🟠轻度高估,28.1690,42.2896,72.3727,1,0,1
2017-01-03,4911.3300,12.8500,1.0538,78.0000,1.0000,🟠轻度高估,16.0650,48.5199,91.7329,1,0,2
2017-01-04,4937.2100,11.8500,1.0588,88.0000,1.6667,🔴中度高估,7.1093,51.2450,100.0000,2,0,3
2017-01-05,4964.9500,11.6700,1.0641,88.0000,1.6667,🔴中度高估,6.0606,54.6176,100.0000,2,0,3
2017-01-06,5007.0800,11.3200,1.0725,88.0000,2.0000,🔴中度高估,3.7865,59.5745,100.0000,3,0,3
2017-01-09,5024.9000,11.5600,1.0756,88.0000,1.6667,🔴中度高估,5.2271,61.5717,100.0000,2,0,3
2017-01-10,5035.1700,11.4900,1.0770,88.0000,2.0000,🔴中度高估,4.7568,62.5225,100.0000,3,0,3
2017-01-11,5050.2100,11.2600,1.0796,88.0000,2.0000,🔴中度高估,3.5663,64.4452,100.0000,3,0,3
2017-01-12,5041.4300,11.5400,1.0771,88.0000,1.6667,🔴中度高估,5.1134,62.5855,100.0000,2,0,3
2017-01-13,5059.5100,11.2300,1.0803,88.0000,2.0000,🔴中度高估,3.4917,65.0468,100.0000,3,0,3
2017-01-17,5044.6500,11.8700,1.0765,88.0000,1.6667,🔴中度高估,7.5567,61.9647,100.0000,2,0,3
2017-01-18,5055.8500,12.4800,1.0783,78.0000,1.3333,🔴中度高估,12.8777,63.7050,91.4388,2,0,2
2017-01-19,5051.1700,12.7800,1.0766,78.0000,1.0000,🟠轻度高估,15.4261,62.0280,91.4419,1,0,2
2017-01-20,5063.2000,11.5400,1.0786,88.0000,1.6667,🔴中度高估,5.1761,63.8030,100.0000,2,0,3
2017-01-23,5065.7000,11.7700,1.0784,88.0000,1.6667,🔴中度高估,6.8990,63.7442,100.0000,2,0,3
2017-01-24,5101.0600,11.0700,1.0852,88.0000,2.0000,🔴中度高估,2.5862,67.9239,100.0000,3,0,3
2017-01-25,5151.4700,10.8100,1.0951,88.0000,2.3333,💀严重高估,1.9390,73.2136,100.0000,3,1,3
2017-01-26,5156.9200,10.6300,1.0955,88.0000,2.3333,💀严重高估,1.3999,73.5822,100.0000,3,1,3
2017-01-27,5168.0600,10.5800,1.0972,88.0000,2.3333,💀严重高估,1.2199,74.7040,100.0000,3,1,3
2017-01-30,5129.3300,11.8800,1.0883,88.0000,1.6667,🔴中度高估,7.8192,69.6198,100.0000,2,0,3
2017-01-31,5116.7700,11.9900,1.0850,88.0000,1.6667,🔴中度高估,8.7487,67.6587,100.0000,2,0,3
2017-02-01,5152.6900,11.8100,1.0919,88.0000,2.0000,🔴中度高估,7.3118,71.8280,100.0000,2,1,3
2017-02-02,5147.7000,11.9300,1.0902,88.0000,2.0000,🔴中度高估,8.0616,70.8348,100.0000,2,1,3
2017-02-03,5161.6000,10.9700,1.0924,88.0000,2.3333,💀严重高估,2.4713,72.1705,100.0000,3,1,3
2017-02-06,5167.9600,11.3700,1.0930,88.0000,2.3333,💀严重高估,4.3681,72.3595,100.0000,3,1,3
2017-02-07,5185.8800,11.2900,1.0960,88.0000,2.3333,💀严重高估,3.8654,73.8010,100.0000,3,1,3
2017-02-08,5196.5800,11.4500,1.0974,88.0000,2.3333,💀严重高估,4.8658,74.8122,100.0000,3,1,3
2017-02-09,5212.1600,10.8800,1.0998,88.0000,2.3333,💀严重高估,2.2890,75.9657,100.0000,3,1,3
2017-02-10,5226.6900,10.8500,1.1019,88.0000,2.3333,💀严重高估,2.1809,77.1898,100.0000,3,1,3
2017-02-13,5256.8200,11.0700,1.1072,88.0000,2.3333,💀严重高估,2.8234,80.1644,100.0000,3,1,3
2017-02-14,5271.0700,10.7400,1.1091,88.0000,2.3333,💀严重高估,1.7864,81.1004,100.0000,3,1,3
2017-02-15,5302.3900,11.9700,1.1147,88.0000,2.0000,🔴中度高估,8.6071,83.1071,100.0000,2,1,3
2017-02-16,5300.6400,11.7600,1.1132,88.0000,2.0000,🔴中度高估,7.2474,82.4705,100.0000,2,1,3
2017-02-17,5324.7200,11.4900,1.1170,88.0000,2.0000,🔴中度高估,5.2463,83.7616,100.0000,2,1,3
2017-02-21,5350.7300,11.5700,1.1213,88.0000,2.3333,💀严重高估,5.9936,85.1588,100.0000,2,2,3
2017-02-22,5352.1300,11.7400,1.1204,88.0000,2.0000,🔴中度高估,7.0970,84.8431,100.0000,2,1,3
2017-02-23,5332.3700,11.7100,1.1151,88.0000,2.0000,🔴中度高估,6.9875,83.1016,100.0000,2,1,3
2017-02-24,5343.3100,11.4700,1.1163,88.0000,2.0000,🔴中度高估,5.1675,83.4640,100.0000,2,1,3
2017-02-27,5347.5500,12.0900,1.1160,78.0000,1.6667,🔴中度高估,10.0819,83.3630,90.6306,2,1,2
2017-02-28,5330.3100,12.9200,1.1113,78.0000,1.3333,🔴中度高估,17.9843,81.8376,90.6339,1,1,2
2017-03-01,5390.9900,12.5400,1.1227,78.0000,2.0000,🔴中度高估,14.0975,85.6533,90.6372,2,2,2
2017-03-02,5363.2600,11.8100,1.1157,88.0000,2.0000,🔴中度高估,7.7936,83.3096,100.0000,2,1,3
2017-03-03,5373.4800,10.9600,1.1166,88.0000,2.3333,💀严重高估,2.5614,83.6357,100.0000,3,1,3
2017-03-06,5360.3100,11.2400,1.1127,88.0000,2.3333,💀严重高估,3.8407,82.0768,100.0000,3,1,3
2017-03-07,5351.2800,11.4500,1.1097,88.0000,2.0000,🔴中度高估,5.0835,80.8745,100.0000,2,1,3
2017-03-08,5359.8100,11.8600,1.1103,88.0000,2.0000,🔴中度高估,8.2445,81.0945,100.0000,2,1,3
2017-03-09,5363.9800,12.3000,1.1100,78.0000,1.6667,🔴中度高估,12.1847,80.9947,90.4796,2,1,2
2017-03-10,5385.9000,11.6600,1.1134,88.0000,2.0000,🔴中度高估,6.8537,82.3509,100.0000,2,1,3
2017-03-13,5394.5700,11.3500,1.1142,88.0000,2.3333,💀严重高估,4.4373,82.6766,100.0000,3,1,3
2017-03-14,5382.1700,12.3000,1.1106,78.0000,1.6667,🔴中度高估,12.2782,81.2633,90.4187,2,1,2
2017-03-15,5416.2500,11.6300,1.1166,88.0000,2.0000,🔴中度高估,6.7045,83.6467,100.0000,2,1,3
2017-03-16,5412.0800,11.2100,1.1147,88.0000,2.3333,💀严重高估,3.6879,82.9078,100.0000,3,1,3
2017-03-17,5408.7600,11.2800,1.1130,88.0000,2.3333,💀严重高估,4.0766,82.0631,100.0000,3,1,3
2017-03-20,5413.3100,11.3400,1.1129,88.0000,2.3333,💀严重高估,4.4649,82.0340,100.0000,3,1,3
2017-03-21,5332.5300,12.4700,1.0954,78.0000,1.6667,🔴中度高估,13.9922,72.6886,90.2940,2,1,2
2017-03-22,5367.5500,12.8100,1.1016,78.0000,1.3333,🔴中度高估,16.9618,76.2394,90.2975,1,1,2
2017-03-23,5355.1400,13.1200,1.0981,78.0000,1.3333,🔴中度高估,20.4602,74.3009,90.3009,1,1,2
2017-03-24,5364.0000,12.9600,1.0990,78.0000,1.3333,🔴中度高估,18.8606,74.9469,90.3043,1,1,2
2017-03-27,5374.2700,12.5000,1.1001,78.0000,1.6667,🔴中度高估,14.2200,75.4510,90.3077,2,1,2
2017-03-28,5407.2100,11.5300,1.1058,88.0000,2.0000,🔴中度高估,5.7638,78.9250,100.0000,2,1,3
2017-03-29,5430.2700,11.4200,1.1094,88.0000,2.3333,💀严重高估,4.9487,80.5232,100.0000,3,1,3
2017-03-30,5439.7400,11.5400,1.1102,88.0000,2.0000,🔴中度高估,5.9364,80.8834,100.0000,2,1,3
2017-03-31,5436.2300,12.3700,1.1083,78.0000,1.6667,🔴中度高估,12.9989,79.9364,90.2155,2,1,2
2017-04-03,5432.2000,12.3800,1.1063,78.0000,1.6667,🔴中度高估,13.1709,79.0254,90.2189,2,1,2
2017-04-04,5440.4100,11.7900,1.1068,88.0000,2.0000,🔴中度高估,8.0833,79.1740,100.0000,2,1,3
2017-04-05,5418.5200,12.8900,1.1012,78.0000,1.3333,🔴中度高估,18.2781,75.8292,90.1905,1,1,2
2017-04-06,5420.8800,12.3900,1.1006,78.0000,1.6667,🔴中度高估,13.2981,75.5203,90.1940,2,1,2
2017-04-07,5418.3700,12.8700,1.0989,78.0000,1.3333,🔴中度高估,18.1241,74.5769,90.1975,1,1,2
2017-04-10,5421.6800,14.0500,1.0985,70.0000,1.0000,🟠轻度高估,29.9612,74.3038,70.6732,1,1,1
2017-04-11,5398.4000,15.0700,1.0926,70.0000,0.6667,🟠轻度高估,37.3502,71.1416,70.6836,0,1,1
2017-04-12,5377.0300,15.7700,1.0870,70.0000,0.3333,🟠轻度高估,42.4093,67.6999,70.6939,0,0,1
2017-04-13,5353.5900,15.9600,1.0811,70.0000,0.3333,🟠轻度高估,43.8380,64.1901,70.7042,0,0,1
2017-04-17,5399.2000,14.6600,1.0891,70.0000,0.3333,🟠轻度高估,34.5301,69.0602,70.7145,0,0,1
2017-04-18,5391.6600,14.4200,1.0865,70.0000,0.3333,🟠轻度高估,32.9346,67.4525,70.7248,0,0,1
2017-04-19,5399.6400,14.9300,1.0871,70.0000,0.3333,🟠轻度高估,36.4756,67.8509,70.7351,0,0,1
2017-04-20,5443.5300,14.1500,1.0948,70.0000,0.6667,🟠轻度高估,30.7665,72.0816,70.7454,0,1,1
2017-04-21,5442.0500,14.6300,1.0934,70.0000,0.6667,🟠轻度高估,34.4815,71.3884,70.7557,0,1,1
2017-04-24,5508.0300,10.8400,1.1055,88.0000,2.3333,💀严重高估,2.1082,78.7421,100.0000,3,1,3
2017-04-25,5548.1900,10.7600,1.1124,88.0000,2.3333,💀严重高估,1.8616,82.0162,100.0000,3,1,3
2017-04-26,5541.0900,10.8500,1.1099,88.0000,2.3333,💀严重高估,2.2823,80.7935,100.0000,3,1,3
2017-04-27,5571.2800,10.3600,1.1148,88.0000,2.3333,💀严重高估,0.9126,83.0818,100.0000,3,1,3
2017-04-28,5583.5300,10.8200,1.1161,88.0000,2.3333,💀严重高估,2.1404,83.5088,100.0000,3,1,3
2017-05-01,5629.6300,10.1100,1.1242,88.0000,2.6667,💀严重高估,0.3157,86.1803,100.0000,3,2,3
2017-05-02,5644.0700,10.5900,1.1259,88.0000,2.6667,💀严重高估,1.3324,86.6760,100.0000,3,2,3
2017-05-03,5625.1600,10.6800,1.1210,88.0000,2.6667,💀严重高估,1.6824,85.1735,100.0000,3,2,3
2017-05-04,5626.3200,10.4600,1.1201,88.0000,2.3333,💀严重高估,1.0862,84.9334,100.0000,3,1,3
2017-05-05,5646.0900,10.5700,1.1229,88.0000,2.6667,💀严重高估,1.2609,85.8844,100.0000,3,2,3
2017-05-08,5659.0700,9.7700,1.1244,88.0000,2.6667,💀严重高估,0.0350,86.2045,100.0000,3,2,3
2017-05-09,5678.3100,9.9600,1.1271,88.0000,2.6667,💀严重高估,0.1400,86.9793,100.0000,3,2,3
2017-05-10,5681.6800,10.2100,1.1266,88.0000,2.6667,💀严重高估,0.6298,86.8439,100.0000,3,2,3
2017-05-11,5674.2200,10.6000,1.1240,88.0000,2.6667,💀严重高估,1.5740,86.0441,100.0000,3,2,3
2017-05-12,5686.8100,10.4000,1.1254,88.0000,2.6667,💀严重高估,1.1189,86.3986,100.0000,3,2,3
2017-05-15,5704.4800,10.4200,1.1278,88.0000,2.6667,💀严重高估,1.1884,87.1024,100.0000,3,2,3
2017-05-16,5724.4400,10.6500,1.1306,88.0000,2.6667,💀严重高估,1.9217,88.0154,100.0000,3,2,3
2017-05-17,5580.5500,15.5900,1.1013,70.0000,0.6667,🟠轻度高估,41.7394,75.5501,70.3458,0,1,1
2017-05-18,5626.3100,14.6600,1.1093,70.0000,0.6667,🟠轻度高估,34.9860,80.1327,70.3561,0,1,1
2017-05-19,5651.5600,12.0400,1.1133,78.0000,1.6667,🔴中度高估,10.5759,81.9197,89.7033,2,1,2
2017-05-22,5699.4000,10.9300,1.1217,88.0000,2.6667,💀严重高估,3.0007,85.2408,100.0000,3,2,3
2017-05-23,5703.3500,10.7200,1.1215,88.0000,2.6667,💀严重高估,2.0579,85.1761,100.0000,3,2,3
2017-05-24,5730.3000,10.0200,1.1257,88.0000,2.6667,💀严重高估,0.2789,86.4714,100.0000,3,2,3
2017-05-25,5778.3700,9.9900,1.1341,88.0000,2.6667,💀严重高估,0.2440,89.3343,100.0000,3,2,3
2017-05-26,5788.3600,9.8100,1.1349,88.0000,2.6667,💀严重高估,0.0697,89.7909,100.0000,3,2,3
2017-05-30,5794.6300,10.3800,1.1350,88.0000,2.6667,💀严重高估,1.1843,89.8293,100.0000,3,2,3
2017-05-31,5788.8000,10.4100,1.1328,88.0000,2.6667,💀严重高估,1.2883,88.8579,100.0000,3,2,3
2017-06-01,5816.5100,9.8900,1.1371,88.0000,2.6667,💀严重高估,0.1392,90.4977,100.0000,3,2,3
2017-06-02,5881.4600,9.7500,1.1486,88.0000,2.6667,💀严重高估,0.0348,92.9715,100.0000,3,2,3
2017-06-05,5878.1200,10.0700,1.1467,88.0000,2.6667,💀严重高估,0.5217,92.7304,100.0000,3,2,3
2017-06-06,5856.7700,10.4500,1.1414,88.0000,2.6667,💀严重高估,1.5299,91.7942,100.0000,3,2,3
2017-06-07,5877.5900,10.3900,1.1443,88.0000,2.6667,💀严重高估,1.3208,92.2141,100.0000,3,2,3
2017-06-08,5885.3000,10.1600,1.1446,88.0000,2.6667,💀严重高估,0.7297,92.2168,100.0000,3,2,3
2017-06-09,5741.9400,10.7000,1.1157,88.0000,2.3333,💀严重高估,2.3967,82.7023,100.0000,3,1,3
2017-06-12,5708.1800,11.4600,1.1081,88.0000,2.0000,🔴中度高估,6.3194,79.0972,100.0000,2,1,3
2017-06-13,5751.8200,10.4200,1.1156,88.0000,2.3333,💀严重高估,1.5620,82.6796,100.0000,3,1,3
2017-06-14,5727.0700,10.6400,1.1097,88.0000,2.3333,💀严重高估,2.2554,79.9098,100.0000,3,1,3
2017-06-15,5700.8900,10.9000,1.1037,88.0000,2.3333,💀严重高估,3.4686,76.4828,100.0000,3,1,3
2017-06-16,5681.4800,10.3800,1.0990,88.0000,2.3333,💀严重高估,1.3523,73.7517,100.0000,3,1,3
2017-06-19,5772.2200,10.3700,1.1154,88.0000,2.3333,💀严重高估,1.3172,82.5303,100.0000,3,1,3
2017-06-20,5726.3100,10.8600,1.1056,88.0000,2.3333,💀严重高估,3.4304,77.7893,100.0000,3,1,3
2017-06-21,5782.3900,10.7500,1.1153,88.0000,2.3333,💀严重高估,2.8750,82.4385,100.0000,3,1,3
2017-06-22,5779.8700,10.4800,1.1138,88.0000,2.3333,💀严重高估,1.7659,81.8213,100.0000,3,1,3
2017-06-23,5803.1100,10.0200,1.1173,88.0000,2.3333,💀严重高估,0.4500,83.3853,100.0000,3,1,3
2017-06-26,5777.5900,9.9000,1.1113,88.0000,2.3333,💀严重高估,0.2422,80.8304,100.0000,3,1,3
2017-06-27,5671.6000,11.0600,1.0899,88.0000,2.0000,🔴中度高估,4.1854,68.3846,100.0000,3,0,3
2017-06-28,5753.0300,10.0300,1.1045,88.0000,2.3333,💀严重高估,0.5187,76.8326,100.0000,3,1,3
2017-06-29,5653.0200,11.4400,1.0843,88.0000,1.6667,🔴中度高估,6.4639,64.7425,100.0000,2,0,3
2017-06-30,5646.9200,11.1800,1.0822,88.0000,2.0000,🔴中度高估,4.9413,63.4416,100.0000,3,0,3
2017-07-03,5596.9600,11.2200,1.0718,88.0000,1.6667,🔴中度高估,5.1813,56.7530,100.0000,2,0,3
2017-07-05,5648.8200,11.0700,1.0809,88.0000,2.0000,🔴中度高估,4.3163,62.8798,100.0000,3,0,3
2017-07-06,5597.9000,12.5400,1.0703,78.0000,1.0000,🟠轻度高估,16.1546,55.8164,88.7470,1,0,2
2017-07-07,5656.4700,11.1900,1.0807,88.0000,1.6667,🔴中度高估,5.0380,62.7674,100.0000,2,0,3
2017-07-10,5694.1500,11.1100,1.0870,88.0000,2.0000,🔴中度高估,4.5533,66.6782,100.0000,3,0,3
2017-07-11,5709.8000,10.8900,1.0891,88.0000,2.0000,🔴中度高估,3.6897,67.9655,100.0000,3,0,3
2017-07-12,5778.9500,10.3000,1.1013,88.0000,2.3333,💀严重高估,1.1720,74.9741,100.0000,3,1,3
2017-07-13,5793.3600,9.9000,1.1031,88.0000,2.3333,💀严重高估,0.2757,76.1544,100.0000,3,1,3
2017-07-14,5838.0800,9.5100,1.1106,88.0000,2.3333,💀严重高估,0.0344,80.3307,100.0000,3,1,3
2017-07-17,5839.7400,9.8200,1.1099,88.0000,2.3333,💀严重高估,0.1722,79.8554,100.0000,3,1,3
2017-07-18,5880.1000,9.8900,1.1164,88.0000,2.3333,💀严重高估,0.2754,83.1325,100.0000,3,1,3
2017-07-19,5916.1600,9.7900,1.1222,88.0000,2.6667,💀严重高估,0.1376,85.2030,100.0000,3,2,3
2017-07-20,5921.2200,9.5800,1.1220,88.0000,2.6667,💀严重高估,0.0688,85.1737,100.0000,3,2,3
2017-07-21,5921.5300,9.3600,1.1209,88.0000,2.3333,💀严重高估,0.0344,84.5942,100.0000,3,1,3
2017-07-24,5941.3700,9.4300,1.1235,88.0000,2.6667,💀严重高估,0.0688,85.7339,100.0000,3,2,3
2017-07-25,5930.6500,9.4300,1.1204,88.0000,2.3333,💀严重高估,0.1031,84.4330,100.0000,3,1,3
2017-07-26,5950.7300,9.6000,1.1230,88.0000,2.6667,💀严重高估,0.2061,85.5033,100.0000,3,2,3
2017-07-27,5917.0300,10.1100,1.1156,88.0000,2.3333,💀严重高估,1.0646,82.5893,100.0000,3,1,3
2017-07-28,5908.9200,10.2900,1.1129,88.0000,2.3333,💀严重高估,1.5105,81.1535,100.0000,3,1,3
2017-07-31,5880.3300,10.2600,1.1064,88.0000,2.3333,💀严重高估,1.5100,77.8312,100.0000,3,1,3
2017-08-01,5895.1700,10.0900,1.1081,88.0000,2.3333,💀严重高估,1.0292,78.6621,100.0000,3,1,3
2017-08-02,5914.2300,10.2800,1.1105,88.0000,2.3333,💀严重高估,1.5775,80.0412,100.0000,3,1,3
2017-08-03,5891.2000,10.4400,1.1051,88.0000,2.3333,💀严重高估,2.3312,76.9284,100.0000,3,1,3
2017-08-04,5899.9100,10.0300,1.1056,88.0000,2.3333,💀严重高估,0.8910,77.4503,100.0000,3,1,3
2017-08-07,5934.7300,9.9300,1.1110,88.0000,2.3333,💀严重高估,0.6166,80.5755,100.0000,3,1,3
2017-08-08,5926.3500,10.9600,1.1083,88.0000,2.3333,💀严重高估,4.6233,78.7329,100.0000,3,1,3
2017-08-09,5919.3900,11.1100,1.1059,88.0000,2.0000,🔴中度高估,5.2722,77.5419,100.0000,2,1,3
2017-08-10,5788.1900,16.0400,1.0805,62.0000,0.0000,⚪中性,45.7563,62.2177,54.3806,0,0,0
2017-08-11,5831.5300,15.5100,1.0876,70.0000,0.0000,⚪中性,42.0801,66.5070,69.0044,0,0,0
2017-08-14,5908.1700,12.3300,1.1008,78.0000,1.6667,🔴中度高估,14.9111,74.1108,88.0301,2,1,2
2017-08-15,5907.7300,12.0400,1.0997,78.0000,1.6667,🔴中度高估,12.2735,73.3675,88.0342,2,1,2
2017-08-16,5917.4200,11.7400,1.1003,88.0000,2.0000,🔴中度高估,9.7744,73.8551,100.0000,2,1,3
2017-08-17,5796.3200,15.5500,1.0768,70.0000,0.0000,⚪中性,42.5009,59.2074,68.9443,0,0,0
2017-08-18,5790.9100,14.2600,1.0748,70.0000,0.0000,⚪中性,33.5383,57.8893,68.9549,0,0,0
2017-08-21,5786.5400,13.1900,1.0729,78.0000,1.0000,🟠轻度高估,23.3527,56.7771,88.0164,1,0,2
2017-08-22,5873.3300,11.3500,1.0878,88.0000,1.6667,🔴中度高估,6.7918,66.5870,100.0000,2,0,3
2017-08-23,5851.7800,12.2500,1.0826,78.0000,1.3333,🔴中度高估,14.2613,63.2890,87.9904,2,0,2
2017-08-24,5834.4400,12.2300,1.0783,78.0000,1.3333,🔴中度高估,13.9154,60.6412,87.9945,2,0,2
2017-08-25,5822.5300,11.2800,1.0751,88.0000,1.6667,🔴中度高估,6.3416,58.0975,100.0000,2,0,3
2017-08-28,5838.0800,11.3200,1.0770,88.0000,1.6667,🔴中度高估,6.5781,59.4070,100.0000,2,0,3
2017-08-29,5862.1400,11.7000,1.0803,88.0000,1.6667,🔴中度高估,9.6422,62.0784,100.0000,2,0,3
2017-08-30,5932.9000,11.2200,1.0922,88.0000,1.6667,🔴中度高估,5.9946,69.4482,100.0000,2,0,3
2017-08-31,5988.6000,10.5900,1.1011,88.0000,2.3333,💀严重高估,2.8260,74.3616,100.0000,3,1,3
2017-09-01,5987.9000,10.1300,1.0998,88.0000,2.3333,💀严重高估,1.1913,73.5194,100.0000,3,1,3
2017-09-05,5932.7300,12.2300,1.0885,78.0000,1.3333,🔴中度高估,14.1204,66.8935,87.8190,2,0,2
2017-09-06,5951.1300,11.6300,1.0907,88.0000,1.6667,🔴中度高估,9.3197,68.4354,100.0000,2,0,3
2017-09-07,5964.3100,11.5500,1.0920,88.0000,1.6667,🔴中度高估,8.4665,69.1942,100.0000,2,0,3
2017-09-08,5913.3700,12.1200,1.0816,78.0000,1.3333,🔴中度高估,13.2903,62.6105,87.7634,2,0,2
2017-09-11,5980.5300,10.7300,1.0928,88.0000,2.0000,🔴中度高估,3.4998,69.6908,100.0000,3,0,3
2017-09-12,5995.6400,10.5800,1.0944,88.0000,2.3333,💀严重高估,2.7853,70.3804,100.0000,3,1,3
2017-09-13,6004.3800,10.5000,1.0949,88.0000,2.3333,💀严重高估,2.5806,70.5942,100.0000,3,1,3
2017-09-14,5968.8200,10.4400,1.0873,88.0000,2.0000,🔴中度高估,2.4440,66.1575,100.0000,3,0,3
2017-09-15,5988.0000,10.1700,1.0897,88.0000,2.0000,🔴中度高估,1.3573,67.7299,100.0000,3,0,3
2017-09-18,5981.1200,10.1500,1.0873,88.0000,2.0000,🔴中度高估,1.2890,66.1126,100.0000,3,0,3
2017-09-19,5991.0800,10.1800,1.0878,88.0000,2.0000,🔴中度高估,1.4920,66.4971,100.0000,3,0,3
2017-09-20,5973.6100,9.7800,1.0835,88.0000,2.0000,🔴中度高估,0.3051,63.6949,100.0000,3,0,3
2017-09-21,5934.9100,9.6700,1.0753,88.0000,2.0000,🔴中度高估,0.2372,57.8109,100.0000,3,0,3
2017-09-22,5932.3200,9.5900,1.0737,88.0000,2.0000,🔴中度高估,0.2033,57.0122,100.0000,3,0,3
2017-09-25,5867.3500,10.2100,1.0610,88.0000,2.0000,🔴中度高估,1.6932,49.1026,100.0000,3,0,3
2017-09-26,5881.3400,10.1700,1.0625,88.0000,2.0000,🔴中度高估,1.5234,49.9661,100.0000,3,0,3
2017-09-27,5937.7900,9.8700,1.0717,88.0000,2.0000,🔴中度高估,0.5076,55.6345,100.0000,3,0,3
2017-09-28,5933.0700,9.5500,1.0699,88.0000,2.0000,🔴中度高估,0.1691,54.4655,100.0000,3,0,3
2017-09-29,5979.3000,9.5100,1.0772,88.0000,2.0000,🔴中度高估,0.1691,59.3845,100.0000,3,0,3
2017-10-02,5981.9200,9.4500,1.0766,88.0000,2.0000,🔴中度高估,0.1352,58.7897,100.0000,3,0,3
2017-10-03,5995.0600,9.5100,1.0780,88.0000,2.0000,🔴中度高估,0.2366,60.1555,100.0000,3,0,3
2017-10-04,5998.8400,9.6300,1.0776,88.0000,2.0000,🔴中度高估,0.4054,59.7973,100.0000,3,0,3
2017-10-05,6057.1400,9.1900,1.0870,88.0000,2.0000,🔴中度高估,0.0338,65.9912,100.0000,3,0,3
2017-10-06,6064.5700,9.6500,1.0872,88.0000,2.0000,🔴中度高估,0.4727,66.2053,100.0000,3,0,3
2017-10-09,6058.5300,10.3300,1.0851,88.0000,2.0000,🔴中度高估,2.4637,64.7317,100.0000,3,0,3
2017-10-10,6063.5200,10.0800,1.0849,88.0000,2.0000,🔴中度高估,1.4507,64.5412,100.0000,3,0,3
2017-10-11,6081.2500,9.8500,1.0869,88.0000,2.0000,🔴中度高估,0.7420,65.8685,100.0000,3,0,3
2017-10-12,6069.9900,9.9100,1.0838,88.0000,2.0000,🔴中度高估,1.0115,63.8908,100.0000,3,0,3
2017-10-13,6092.4500,9.6100,1.0867,88.0000,2.0000,🔴中度高估,0.4382,65.6555,100.0000,3,0,3
2017-10-16,6114.5300,9.9100,1.0895,88.0000,2.0000,🔴中度高估,1.0782,67.7898,100.0000,3,0,3
2017-10-17,6122.6100,10.3100,1.0897,88.0000,2.0000,🔴中度高估,2.5598,68.0027,100.0000,3,0,3
2017-10-18,6114.3500,10.0700,1.0871,88.0000,2.0000,🔴中度高估,1.5488,66.0269,100.0000,3,0,3
2017-10-19,6092.6200,10.0500,1.0821,88.0000,2.0000,🔴中度高估,1.5146,62.5042,100.0000,3,0,3
2017-10-20,6108.8200,9.9700,1.0839,88.0000,2.0000,🔴中度高估,1.2450,63.8291,100.0000,3,0,3
2017-10-23,6067.8300,11.0700,1.0756,88.0000,1.6667,🔴中度高估,6.0209,57.8540,100.0000,2,0,3
2017-10-24,6080.2200,11.1600,1.0768,88.0000,1.6667,🔴中度高估,6.6577,58.6416,100.0000,2,0,3
2017-10-25,6055.0400,11.2300,1.0713,88.0000,1.6667,🔴中度高估,7.1933,54.9916,100.0000,2,0,3
2017-10-26,6037.8700,11.3000,1.0674,88.0000,1.6667,🔴中度高估,7.5941,52.4194,100.0000,2,0,3
2017-10-27,6213.4700,9.8000,1.0973,88.0000,2.3333,💀严重高估,0.7054,72.4891,100.0000,3,1,3
2017-10-30,6227.5900,10.5000,1.0986,88.0000,2.3333,💀严重高估,3.5259,73.1363,100.0000,3,1,3
2017-10-31,6248.5600,10.1800,1.1012,88.0000,2.3333,💀严重高估,2.2155,74.7566,100.0000,3,1,3
2017-11-01,6248.6500,10.2000,1.1000,88.0000,2.3333,💀严重高估,2.2819,74.0604,100.0000,3,1,3
2017-11-02,6236.3900,9.9300,1.0967,88.0000,2.3333,💀严重高估,1.1741,71.9893,100.0000,3,1,3
2017-11-03,6295.5800,9.1400,1.1059,88.0000,2.3333,💀严重高估,0.0335,78.0013,100.0000,3,1,3
2017-11-06,6313.6100,9.4000,1.1079,88.0000,2.3333,💀严重高估,0.1341,78.9138,100.0000,3,1,3
2017-11-07,6320.7800,9.8900,1.1080,88.0000,2.3333,💀严重高估,1.0389,78.9544,100.0000,3,1,3
2017-11-08,6345.8100,9.7800,1.1112,88.0000,2.3333,💀严重高估,0.7370,81.0385,100.0000,3,1,3
2017-11-09,6312.2100,10.5000,1.1042,88.0000,2.3333,💀严重高估,3.7843,76.6242,100.0000,3,1,3
2017-11-10,6309.0700,11.2900,1.1025,88.0000,2.0000,🔴中度高估,7.8339,75.6612,100.0000,2,1,3
2017-11-13,6316.1800,11.5000,1.1026,88.0000,2.0000,🔴中度高估,9.4043,75.8032,100.0000,2,1,3
2017-11-14,6293.6400,11.5900,1.0976,88.0000,2.0000,🔴中度高估,10.4383,72.3988,100.0000,2,1,3
2017-11-15,6258.3600,13.1300,1.0904,78.0000,1.0000,🟠轻度高估,24.3478,68.1940,86.3880,1,0,2
2017-11-16,6339.1400,11.7600,1.1033,88.0000,2.0000,🔴中度高估,11.7018,76.1618,100.0000,2,1,3
2017-11-17,6314.5100,11.4300,1.0979,88.0000,2.0000,🔴中度高估,8.8235,72.4933,100.0000,2,1,3
2017-11-20,6308.6100,10.6500,1.0958,88.0000,2.3333,💀严重高估,4.5105,71.0992,100.0000,3,1,3
2017-11-21,6378.6300,9.7300,1.1068,88.0000,2.3333,💀严重高估,0.6346,78.3567,100.0000,3,1,3
2017-11-22,6386.1200,9.8800,1.1070,88.0000,2.3333,💀严重高估,1.0017,78.4641,100.0000,3,1,3
2017-11-24,6409.2900,9.6700,1.1098,88.0000,2.3333,💀严重高估,0.6342,80.0401,100.0000,3,1,3
2017-11-27,6405.9700,9.8700,1.1081,88.0000,2.3333,💀严重高估,1.0344,79.1124,100.0000,3,1,3
2017-11-28,6422.5600,10.0300,1.1099,88.0000,2.3333,💀严重高估,1.8012,80.1201,100.0000,3,1,3
2017-11-29,6311.3800,10.7000,1.0897,88.0000,2.0000,🔴中度高估,4.8016,67.5225,100.0000,3,0,3
2017-11-30,6365.5600,11.2800,1.0980,88.0000,2.0000,🔴中度高估,8.0000,72.4000,100.0000,2,1,3
2017-12-01,6337.8700,11.4300,1.0923,88.0000,1.6667,🔴中度高估,9.0970,69.2103,100.0000,2,0,3
2017-12-04,6263.7000,11.6800,1.0786,88.0000,1.6667,🔴中度高估,11.4590,59.9267,100.0000,2,0,3
2017-12-05,6265.1100,11.3300,1.0780,88.0000,1.6667,🔴中度高估,8.3916,59.5072,100.0000,2,0,3
2017-12-06,6293.0500,11.0200,1.0820,88.0000,1.6667,🔴中度高估,6.3915,61.9507,100.0000,2,0,3
2017-12-07,6316.2800,10.1600,1.0850,88.0000,2.0000,🔴中度高估,2.3627,64.1597,100.0000,3,0,3
2017-12-08,6344.5700,9.5800,1.0890,88.0000,2.0000,🔴中度高估,0.4325,66.9993,100.0000,3,0,3
2017-12-11,6393.8900,9.3400,1.0964,88.0000,2.3333,💀严重高估,0.0998,71.4333,100.0000,3,1,3
2017-12-12,6383.6500,9.9200,1.0937,88.0000,2.0000,🔴中度高估,1.4628,69.8138,100.0000,3,0,3
2017-12-13,6394.6700,10.1800,1.0946,88.0000,2.3333,💀严重高估,2.6919,70.2559,100.0000,3,1,3
2017-12-14,6389.9100,10.4900,1.0929,88.0000,2.0000,🔴中度高估,3.9867,69.4684,100.0000,3,0,3
2017-12-15,6466.3200,9.4200,1.1049,88.0000,2.3333,💀严重高估,0.1993,77.0840,100.0000,3,1,3
2017-12-18,6513.2700,9.5300,1.1118,88.0000,2.3333,💀严重高估,0.4316,81.4077,100.0000,3,1,3
2017-12-19,6480.6700,10.0300,1.1052,88.0000,2.3333,💀严重高估,1.9914,77.3648,100.0000,3,1,3
2017-12-20,6472.4800,9.7200,1.1028,88.0000,2.3333,💀严重高估,0.7963,75.7797,100.0000,3,1,3
2017-12-21,6472.6900,9.6200,1.1017,88.0000,2.3333,💀严重高估,0.6633,74.9585,100.0000,3,1,3
2017-12-22,6465.1700,9.9000,1.0995,88.0000,2.3333,💀严重高估,1.5252,73.3422,100.0000,3,1,3
2017-12-26,6433.1600,10.2500,1.0931,88.0000,2.0000,🔴中度高估,3.1488,69.4067,100.0000,3,0,3
2017-12-27,6435.1500,10.4700,1.0924,88.0000,2.0000,🔴中度高估,4.1750,69.0855,100.0000,3,0,3
2017-12-28,6441.4200,10.1800,1.0925,88.0000,2.0000,🔴中度高估,2.9149,69.1620,100.0000,3,0,3
2017-12-29,6396.4200,11.0400,1.0840,88.0000,1.6667,🔴中度高估,6.8874,63.1788,100.0000,2,0,3
2018-01-02,6511.3400,9.7700,1.1024,88.0000,2.3333,💀严重高估,0.9599,75.4717,100.0000,3,1,3
2018-01-03,6575.8000,9.1500,1.1123,88.0000,2.3333,💀严重高估,0.0662,81.5354,100.0000,3,1,3
2018-01-04,6584.5800,9.2200,1.1126,88.0000,2.3333,💀严重高估,0.1323,81.6738,100.0000,3,1,3
2018-01-05,6653.2900,9.2200,1.1229,88.0000,2.6667,💀严重高估,0.1653,86.0119,100.0000,3,2,3
2018-01-08,6676.6300,9.5200,1.1256,88.0000,2.6667,💀严重高估,0.5289,86.7769,100.0000,3,2,3
2018-01-09,6677.9400,10.0800,1.1246,88.0000,2.6667,💀严重高估,2.5116,86.4508,100.0000,3,2,3
2018-01-10,6662.6600,9.8200,1.1208,88.0000,2.6667,💀严重高估,1.3214,85.0017,100.0000,3,2,3
2018-01-11,6708.4900,9.8800,1.1273,88.0000,2.6667,💀严重高估,1.4861,87.3184,100.0000,3,2,3
2018-01-12,6758.5400,10.1600,1.1344,88.0000,2.6667,💀严重高估,2.9383,89.8646,100.0000,3,2,3
2018-01-16,6737.1400,11.6600,1.1296,88.0000,2.3333,💀严重高估,12.0792,88.0198,100.0000,2,2,3
2018-01-17,6810.2800,11.9100,1.1406,88.0000,2.3333,💀严重高估,13.9228,91.9499,100.0000,2,2,3
2018-01-18,6811.3800,12.2200,1.1394,78.0000,1.6667,🔴中度高估,16.5897,91.6227,85.2243,1,2,2
2018-01-19,6834.3300,11.2700,1.1419,88.0000,2.3333,💀严重高估,8.7043,92.1860,100.0000,2,2,3
2018-01-22,6906.2800,11.0300,1.1525,88.0000,2.3333,💀严重高估,7.1523,94.0672,100.0000,2,2,3
2018-01-23,6963.4600,11.1000,1.1606,88.0000,2.3333,💀严重高估,7.5783,94.8270,100.0000,2,2,3
2018-01-24,6919.3500,11.4700,1.1518,88.0000,2.3333,💀严重高估,10.4414,93.9394,100.0000,2,2,3
2018-01-25,6916.3000,11.5800,1.1499,88.0000,2.3333,💀严重高估,11.4916,93.5463,100.0000,2,2,3
2018-01-26,7022.9700,11.0800,1.1660,88.0000,2.6667,💀严重高估,7.4062,95.2600,100.0000,2,3,3
2018-01-29,6988.3200,13.8400,1.1587,78.0000,1.3333,🔴中度高估,32.2474,94.6364,85.0609,0,2,2
2018-01-30,6930.7300,14.7900,1.1477,70.0000,0.6667,🟠轻度高估,39.7368,93.0592,66.4474,0,2,0
2018-01-31,6949.9900,13.5400,1.1494,78.0000,1.6667,🔴中度高估,29.5626,93.3903,85.0707,1,2,2
2018-02-01,6901.5000,13.4700,1.1399,78.0000,1.6667,🔴中度高估,28.8955,91.4859,85.0756,1,2,2
2018-02-02,6760.2900,17.3100,1.1154,62.0000,0.3333,🟠轻度高估,55.4387,82.4844,52.2511,0,1,0
2018-02-05,6495.9200,37.3200,1.0708,15.0000,-1.3333,🟢中度低估,94.6452,53.6465,6.3403,-2,0,-2
2018-02-06,6665.9800,29.9800,1.0977,28.0000,-1.0000,🟡轻度低估,90.2463,71.7570,11.5928,-2,1,-2
2018-02-07,6582.0200,27.7300,1.0829,35.0000,-1.0000,🟡轻度低估,88.1156,62.0814,17.0716,-2,0,-1
2018-02-08,6306.1000,33.4600,1.0369,22.0000,-1.3333,🟢中度低估,92.9767,34.6899,9.7473,-2,0,-2
2018-02-09,6412.6800,29.0600,1.0537,28.0000,-1.3333,🟢中度低估,89.5997,44.0945,11.6470,-2,0,-2
2018-02-12,6523.8500,25.6100,1.0711,35.0000,-0.6667,🟡轻度低估,84.5523,53.7553,17.1532,-1,0,-1
2018-02-13,6553.8600,24.9700,1.0752,42.0000,-0.6667,🟡轻度低估,82.7541,56.2623,26.0656,-1,0,-1
2018-02-14,6675.0300,19.2600,1.0941,55.0000,0.0000,⚪中性,64.7657,69.4854,40.9702,0,0,0
2018-02-15,6794.9200,19.1300,1.1127,55.0000,0.3333,🟠轻度高估,64.3840,81.1927,40.9895,0,1,0
2018-02-16,6770.6600,19.4600,1.1077,55.0000,0.3333,🟠轻度高估,65.6076,78.2509,41.0088,0,1,0
2018-02-20,6779.6900,20.6000,1.1081,48.0000,0.3333,🟠轻度高估,69.2534,78.6509,32.7439,0,1,0
2018-02-21,6759.2600,20.0200,1.1038,48.0000,0.3333,🟠轻度高估,67.3977,75.7447,32.7660,0,1,0
2018-02-22,6761.8500,18.7200,1.1032,55.0000,0.3333,🟠轻度高估,62.7291,75.5236,41.0668,0,1,0
2018-02-23,6896.6000,16.4900,1.1241,62.0000,0.6667,🟠轻度高估,50.4743,85.9339,52.4697,0,2,0
2018-02-26,6989.1000,15.8000,1.1380,70.0000,0.6667,🟠轻度高估,46.1413,90.8437,66.5795,0,2,0
2018-02-27,6900.3500,18.5900,1.1224,55.0000,0.6667,🟠轻度高估,62.0137,85.3220,41.0592,0,2,0
2018-02-28,6854.4200,19.8500,1.1139,55.0000,0.3333,🟠轻度高估,66.7974,81.7974,41.0784,0,1,0
2018-03-01,6750.5400,22.4700,1.0960,42.0000,-0.3333,🟡轻度低估,75.4329,70.4018,26.0046,-1,1,-1
2018-03-02,6811.0400,19.5900,1.1049,55.0000,0.3333,🟠轻度高估,66.1332,76.3880,41.1169,0,1,0
2018-03-05,6881.2800,18.7300,1.1151,55.0000,0.3333,🟠轻度高估,62.7163,82.3049,41.1361,0,1,0
2018-03-06,6913.0200,18.3600,1.1191,55.0000,0.3333,🟠轻度高估,60.6723,84.0405,41.1554,0,1,0
2018-03-07,6929.3900,17.7600,1.1206,62.0000,0.3333,🟠轻度高估,57.5204,84.4698,52.5612,0,1,0
2018-03-08,6966.4300,16.5400,1.1254,62.0000,0.6667,🟠轻度高估,50.5545,86.3666,52.5766,0,2,0
2018-03-09,7101.1800,14.6400,1.1459,70.0000,0.6667,🟠轻度高估,38.3111,92.7617,66.6775,0,2,0
2018-03-12,7131.1200,15.7800,1.1494,70.0000,0.6667,🟠轻度高估,45.8605,93.4811,66.6884,0,2,0
2018-03-13,7046.5100,16.3500,1.1346,62.0000,0.6667,🟠轻度高估,49.4949,89.6057,52.5578,0,2,0
2018-03-14,7040.9800,17.2300,1.1326,62.0000,0.6667,🟠轻度高估,54.5928,88.7296,52.5733,0,2,0
2018-03-15,7030.9700,16.5900,1.1299,62.0000,0.6667,🟠轻度高估,50.7327,87.6587,52.5887,0,2,0
2018-03-16,7019.9500,15.8000,1.1270,70.0000,0.6667,🟠轻度高估,46.0286,86.7839,66.7318,0,2,0
2018-03-19,6864.8800,19.0200,1.1011,55.0000,0.3333,🟠轻度高估,63.9115,73.5112,41.0674,0,1,0
2018-03-20,6885.9200,18.2000,1.1036,55.0000,0.3333,🟠轻度高估,59.9870,75.3090,41.0865,0,1,0
2018-03-21,6853.4500,17.8600,1.0976,62.0000,0.3333,🟠轻度高估,58.2439,71.1870,52.6179,0,1,0
2018-03-22,6682.2600,23.3400,1.0694,42.0000,-0.6667,🟡轻度低估,78.1534,52.1456,25.9103,-1,0,-1
2018-03-23,6508.0900,24.8700,1.0410,42.0000,-0.6667,🟡轻度低估,82.3854,36.6916,25.9344,-1,0,-1
2018-03-26,6753.8300,21.0300,1.0796,48.0000,-0.3333,🟡轻度低估,71.0201,59.3567,32.6511,-1,0,0
2018-03-27,6529.8400,22.5000,1.0431,42.0000,-0.6667,🟡轻度低估,75.6739,37.5447,25.9500,-1,0,-1
2018-03-28,6460.8100,22.8700,1.0315,42.0000,-0.6667,🟡轻度低估,76.9156,31.7857,25.9740,-1,0,-1
2018-03-29,6581.1300,19.9700,1.0500,55.0000,0.0000,⚪中性,67.2509,40.8309,41.1879,0,0,0
2018-04-02,6390.8400,23.6200,1.0191,42.0000,-1.0000,🟡轻度低估,79.1369,26.6710,25.9896,-1,-1,-1
2018-04-03,6458.8300,21.1000,1.0293,48.0000,-0.3333,🟡轻度低估,71.1645,30.5547,32.7279,-1,0,0
2018-04-04,6560.0600,20.0600,1.0447,48.0000,0.0000,⚪中性,67.5746,38.7484,32.7497,0,0,0
2018-04-05,6594.8400,18.9400,1.0496,55.0000,0.0000,⚪中性,63.5656,40.7780,41.2642,0,0,0
2018-04-06,6433.2100,21.4900,1.0233,48.0000,-0.6667,🟡轻度低估,72.6831,27.9002,32.7609,-1,-1,0
2018-04-09,6472.3400,21.7700,1.0289,48.0000,-0.3333,🟡轻度低估,73.5990,30.3531,32.7826,-1,0,0
2018-04-10,6615.8700,20.4700,1.0511,48.0000,0.0000,⚪中性,68.7824,41.5479,32.8044,0,0,0
2018-04-11,6583.4400,20.2400,1.0453,48.0000,0.0000,⚪中性,68.2098,39.1713,32.8262,0,0,0
2018-04-12,6656.2600,18.4900,1.0561,55.0000,0.0000,⚪中性,61.2298,45.2427,41.3592,0,0,0
2018-04-13,6628.3400,17.4100,1.0509,62.0000,0.0000,⚪中性,55.2896,41.4429,52.8632,0,0,0
2018-04-16,6675.1800,16.5600,1.0575,62.0000,0.0000,⚪中性,50.3234,45.8926,52.8784,0,0,0
2018-04-17,6816.3700,15.2500,1.0789,70.0000,0.0000,⚪中性,41.9334,59.0042,66.9576,0,0,0
2018-04-18,6833.2100,15.6000,1.0805,70.0000,0.0000,⚪中性,44.5701,60.3103,66.9683,0,0,0
2018-04-19,6774.8900,15.9600,1.0703,70.0000,0.0000,⚪中性,46.9467,52.9241,66.9790,0,0,0
2018-04-20,6667.7500,16.8800,1.0525,62.0000,0.0000,⚪中性,52.5194,43.0233,52.8424,0,0,0
2018-04-23,6648.8000,16.3400,1.0487,62.0000,0.0000,⚪中性,49.1120,40.4262,52.8576,0,0,0
2018-04-24,6509.0500,18.0200,1.0260,55.0000,-0.3333,🟡轻度低估,58.8444,28.8573,41.2847,0,-1,0
2018-04-25,6513.9400,17.8400,1.0261,62.0000,-0.3333,🟡轻度低估,57.9219,28.8803,52.8880,0,-1,0
2018-04-26,6649.6500,16.2400,1.0467,62.0000,0.0000,⚪中性,48.4516,39.4839,52.9032,0,0,0
2018-04-27,6656.3500,15.4100,1.0470,70.0000,0.0000,⚪中性,42.6314,39.7291,67.0429,0,0,0
2018-04-30,6605.5700,15.9300,1.0383,70.0000,0.0000,⚪中性,46.5506,34.9130,67.0535,0,0,0
2018-05-01,6681.9600,15.4900,1.0497,70.0000,0.0000,⚪中性,43.3129,40.8637,67.0641,0,0,0
2018-05-02,6644.4800,15.9700,1.0431,70.0000,0.0000,⚪中性,46.9394,37.4678,67.0747,0,0,0
2018-05-03,6643.4800,15.9000,1.0423,70.0000,0.0000,⚪中性,46.2480,37.0692,67.0853,0,0,0
2018-05-04,6769.1200,14.7700,1.0613,70.0000,0.0000,⚪中性,38.8925,47.8751,67.0959,0,0,0
2018-05-07,6821.8700,14.7500,1.0688,70.0000,0.0000,⚪中性,38.7834,52.0760,67.1065,0,0,0
2018-05-08,6815.4800,14.7100,1.0671,70.0000,0.0000,⚪中性,38.4170,51.0618,67.1171,0,0,0
2018-05-09,6893.2100,13.4200,1.0785,78.0000,1.0000,🟠轻度高估,27.9833,58.9900,85.3972,1,0,2
2018-05-10,6963.5500,13.2300,1.0886,78.0000,1.0000,🟠轻度高估,25.8199,65.7556,85.4019,1,0,2
2018-05-11,6952.5600,12.6500,1.0860,78.0000,1.0000,🟠轻度高估,20.1221,63.9344,85.4066,1,0,2
2018-05-14,6964.3700,12.9300,1.0870,78.0000,1.0000,🟠轻度高估,23.1362,64.6530,85.4113,1,0,2
2018-05-15,6888.5400,14.6300,1.0743,70.0000,0.0000,⚪中性,37.8092,55.6376,67.0414,0,0,0
2018-05-16,6929.9700,13.4200,1.0799,78.0000,1.0000,🟠轻度高估,28.0668,59.7945,85.4207,1,0,2
2018-05-17,6901.6300,13.4300,1.0746,78.0000,1.0000,🟠轻度高估,28.1541,55.6982,85.4254,1,0,2
2018-05-18,6866.2500,13.4200,1.0683,78.0000,1.0000,🟠轻度高估,28.0809,51.8293,85.4300,1,0,2
2018-05-21,6905.5300,13.0800,1.0736,78.0000,1.0000,🟠轻度高估,24.4145,55.2454,85.4347,1,0,2
2018-05-22,6893.6200,13.2200,1.0709,78.0000,1.0000,🟠轻度高估,25.7537,53.4958,85.4394,1,0,2
2018-05-23,6953.6300,12.5800,1.0794,78.0000,1.0000,🟠轻度高估,19.5896,59.4742,85.4441,1,0,2
2018-05-24,6949.7000,12.5300,1.0779,78.0000,1.0000,🟠轻度高估,19.1987,58.4936,85.4487,1,0,2
2018-05-25,6960.9200,13.2200,1.0788,78.0000,1.0000,🟠轻度高估,25.8251,59.0836,85.4534,1,0,2
2018-05-29,6926.5400,17.0200,1.0725,62.0000,0.0000,⚪中性,53.5874,54.3562,52.5625,0,0,0
2018-05-30,6976.3700,14.9400,1.0793,70.0000,0.0000,⚪中性,40.0897,59.3980,66.8908,0,0,0
2018-05-31,6967.7300,15.4300,1.0771,70.0000,0.0000,⚪中性,43.1498,57.5864,66.9014,0,0,0
2018-06-01,7083.9300,13.4600,1.0940,78.0000,1.0000,🟠轻度高估,28.4800,69.2800,85.4720,1,0,2
2018-06-04,7143.5700,12.7400,1.1022,78.0000,1.3333,🔴中度高估,21.1132,74.7281,85.4766,1,1,2
2018-06-05,7166.7500,12.4000,1.1046,78.0000,1.3333,🔴中度高估,18.0365,76.3671,85.4813,1,1,2
2018-06-06,7210.0800,11.6400,1.1101,88.0000,2.0000,🔴中度高估,11.7647,79.8593,100.0000,2,1,3
2018-06-07,7152.8300,12.1300,1.1001,78.0000,1.3333,🔴中度高估,15.6919,73.1863,85.4586,1,1,2
2018-06-08,7152.6200,12.1800,1.0990,78.0000,1.3333,🔴中度高估,15.9425,72.5240,85.4633,1,1,2
2018-06-11,7168.4800,12.3500,1.1003,78.0000,1.3333,🔴中度高估,17.6302,73.3631,85.4679,1,1,2
2018-06-12,7209.1800,12.3400,1.1054,78.0000,1.3333,🔴中度高估,17.6245,77.1073,85.4725,1,1,2
2018-06-13,7205.2600,12.9400,1.1036,78.0000,1.3333,🔴中度高估,23.3961,75.6463,85.4772,1,1,2
2018-06-14,7279.5900,12.1200,1.1138,78.0000,1.3333,🔴中度高估,15.5392,81.8124,85.4818,1,1,2
2018-06-15,7255.7600,11.9800,1.1089,88.0000,2.0000,🔴中度高估,14.3222,79.2026,100.0000,2,1,3
2018-06-18,7251.4100,12.3100,1.1072,78.0000,1.3333,🔴中度高估,17.4745,78.0931,85.4592,1,1,2
2018-06-19,7228.0400,13.3500,1.1026,78.0000,1.3333,🔴中度高估,27.4785,74.8805,85.4638,1,1,2
2018-06-20,7280.7000,12.7900,1.1095,78.0000,1.3333,🔴中度高估,21.6699,79.4774,85.4685,1,1,2
2018-06-21,7217.4900,14.6400,1.0988,70.0000,0.3333,🟠轻度高估,38.3243,72.0612,66.6136,0,1,0
2018-06-22,7197.5100,13.7700,1.0947,78.0000,0.6667,🟠轻度高估,31.4331,69.4586,85.4777,0,0,2
2018-06-25,7038.1700,17.3300,1.0696,62.0000,0.0000,⚪中性,55.5556,52.1808,52.2763,0,0,0
2018-06-26,7068.2000,15.9200,1.0732,70.0000,0.0000,⚪中性,47.0401,54.5831,66.6136,0,0,0
2018-06-27,6969.6700,17.9100,1.0575,62.0000,0.0000,⚪中性,58.7655,45.4343,52.2749,0,0,0
2018-06-28,7031.6000,16.8500,1.0660,62.0000,0.0000,⚪中性,52.7990,49.9682,52.2901,0,0,0
2018-06-29,7040.8000,16.0900,1.0666,62.0000,0.0000,⚪中性,48.2353,50.3975,52.3052,0,0,0
2018-07-02,7097.8200,15.6000,1.0743,70.0000,0.0000,⚪中性,45.0095,55.3401,66.6561,0,0,0
2018-07-03,7014.5500,16.1400,1.0609,62.0000,0.0000,⚪中性,48.5224,46.9336,52.3038,0,0,0
2018-07-05,7101.0500,14.9700,1.0730,70.0000,0.0000,⚪中性,40.4066,54.5426,66.6773,0,0,0
2018-07-06,7207.3300,13.3700,1.0881,78.0000,1.0000,🟠轻度高估,27.7231,65.2906,85.5192,1,0,2
2018-07-09,7276.0000,12.6900,1.0974,78.0000,1.3333,🔴中度高估,20.7619,71.3016,85.5238,1,1,2
2018-07-10,7282.6000,12.6400,1.0973,78.0000,1.3333,🔴中度高估,20.1523,71.2155,85.5284,1,1,2
2018-07-11,7243.9800,13.6300,1.0904,78.0000,0.6667,🟠轻度高估,30.4251,66.9416,85.5330,0,0,2
2018-07-12,7366.2500,12.5800,1.1075,78.0000,1.3333,🔴中度高估,19.7272,78.2747,85.5376,1,1,2
2018-07-13,7375.8200,12.1800,1.1077,78.0000,1.3333,🔴中度高估,15.9163,78.3450,85.5422,1,1,2
2018-07-16,7357.9000,12.8300,1.1039,78.0000,1.3333,🔴中度高估,22.1236,75.9113,85.5468,1,1,2
2018-07-17,7403.8900,12.0600,1.1095,78.0000,1.6667,🔴中度高估,14.9240,79.6261,85.5513,2,1,2
2018-07-18,7390.1300,12.1000,1.1063,78.0000,1.3333,🔴中度高估,15.2043,77.5420,85.5559,1,1,2
2018-07-19,7352.3600,12.8700,1.0995,78.0000,1.3333,🔴中度高估,22.8309,72.6092,85.5605,1,1,2
2018-07-20,7350.2300,12.8600,1.0981,78.0000,1.3333,🔴中度高估,22.6337,71.5733,85.5651,1,1,2
2018-07-23,7371.7800,12.6200,1.1002,78.0000,1.3333,🔴中度高估,20.0000,73.1329,85.5696,1,1,2
2018-07-24,7406.2500,12.4100,1.1042,78.0000,1.3333,🔴中度高估,18.3486,76.0519,85.5742,1,1,2
2018-07-25,7508.5900,12.2900,1.1183,78.0000,1.3333,🔴中度高估,17.1727,84.0291,85.5787,1,1,2
2018-07-26,7400.7500,12.1400,1.1011,78.0000,1.3333,🔴中度高估,15.8078,73.6010,85.5833,1,1,2
2018-07-27,7296.7800,13.0300,1.0846,78.0000,1.0000,🟠轻度高估,24.4311,62.5474,85.5879,1,0,2
2018-07-30,7193.1000,14.2600,1.0683,70.0000,0.0000,⚪中性,35.9874,51.1848,66.3507,0,0,0
2018-07-31,7231.9800,12.8300,1.0732,78.0000,1.0000,🟠轻度高估,22.2678,54.3588,85.5970,1,0,2
2018-08-01,7272.8900,13.1500,1.0783,78.0000,1.0000,🟠轻度高估,25.7341,58.3518,85.6015,1,0,2
2018-08-02,7372.1500,12.1900,1.0920,78.0000,1.0000,🟠轻度高估,16.1301,67.7399,85.6061,1,0,2
2018-08-03,7395.4900,11.6400,1.0944,88.0000,1.6667,🔴中度高估,11.6441,69.1070,100.0000,2,0,3
2018-08-06,7438.9900,11.2700,1.0998,88.0000,2.0000,🔴中度高估,8.4543,72.7760,100.0000,2,1,3
2018-08-07,7462.6500,10.9300,1.1022,88.0000,2.0000,🔴中度高估,6.4333,74.5506,100.0000,2,1,3
2018-08-08,7469.5500,10.8500,1.1021,88.0000,2.0000,🔴中度高估,6.1160,74.4956,100.0000,2,1,3
2018-08-09,7466.9600,11.2700,1.1006,88.0000,2.0000,🔴中度高估,8.5408,73.3375,100.0000,2,1,3
2018-08-10,7408.3000,13.1600,1.0909,78.0000,1.0000,🟠轻度高估,26.0239,66.9502,85.4757,1,0,2
2018-08-13,7401.1700,14.7800,1.0887,70.0000,0.0000,⚪中性,39.9370,65.4173,66.1732,0,0,0
2018-08-14,7447.1700,13.3100,1.0944,78.0000,1.0000,🟠轻度高估,27.5189,68.9861,85.4849,1,0,2
2018-08-15,7354.6600,14.6400,1.0799,70.0000,0.0000,⚪中性,38.7787,59.2698,66.1630,0,0,0
2018-08-16,7374.2900,13.4500,1.0818,78.0000,1.0000,🟠轻度高估,29.1378,60.5098,85.4940,1,0,2
2018-08-17,7377.5400,12.6400,1.0814,78.0000,1.0000,🟠轻度高估,20.4467,60.3649,85.4986,1,0,2
2018-08-20,7371.4200,12.4900,1.0796,78.0000,1.0000,🟠轻度高估,19.2453,59.1509,85.5031,1,0,2
2018-08-21,7397.2300,12.8600,1.0825,78.0000,1.0000,🟠轻度高估,22.9173,61.0185,85.5077,1,0,2
2018-08-22,7424.6000,12.2500,1.0856,78.0000,1.0000,🟠轻度高估,16.9705,63.1050,85.5123,1,0,2
2018-08-23,7413.8400,12.4100,1.0832,78.0000,1.0000,🟠轻度高估,18.5360,61.5771,85.5168,1,0,2
2018-08-24,7485.4000,11.9900,1.0927,88.0000,1.6667,🔴中度高估,14.4472,68.2161,100.0000,2,0,3
2018-08-27,7559.1300,12.1600,1.1025,78.0000,1.3333,🔴中度高估,15.9184,74.8823,85.4945,1,1,2
2018-08-28,7570.2500,12.5000,1.1031,78.0000,1.3333,🔴中度高估,19.4601,75.4551,85.4991,1,1,2
2018-08-29,7660.1800,12.2500,1.1151,78.0000,1.3333,🔴中度高估,17.0380,82.6483,85.5036,1,1,2
2018-08-30,7642.6700,13.5300,1.1115,78.0000,1.0000,🟠轻度高估,30.1129,81.1167,85.5082,0,1,2
2018-08-31,7654.5500,12.8600,1.1121,78.0000,1.3333,🔴中度高估,23.0793,81.2167,85.5127,1,1,2
2018-09-04,7622.3200,13.1600,1.1063,78.0000,1.3333,🔴中度高估,26.2382,77.6803,85.5172,1,1,2
2018-09-05,7523.2600,13.9100,1.0910,78.0000,0.6667,🟠轻度高估,33.3751,66.9383,85.5218,0,0,2
2018-09-06,7453.1700,14.6500,1.0799,70.0000,0.0000,⚪中性,39.0664,59.0852,65.8835,0,0,0
2018-09-07,7430.2600,14.8800,1.0757,70.0000,0.0000,⚪中性,40.7767,55.6843,65.8941,0,0,0
2018-09-10,7447.6800,14.1600,1.0774,70.0000,0.0000,⚪中性,35.5354,57.0445,65.9048,0,0,0
2018-09-11,7507.8700,13.2200,1.0853,78.0000,1.0000,🟠轻度高估,26.6980,62.9108,85.5399,1,0,2
2018-09-12,7488.0600,13.1400,1.0816,78.0000,1.0000,🟠轻度高估,25.8761,60.2315,85.5444,1,0,2
2018-09-13,7561.6900,12.3700,1.0913,78.0000,1.0000,🟠轻度高估,18.0482,67.1254,85.5490,1,0,2
2018-09-14,7545.5000,12.0700,1.0881,78.0000,1.0000,🟠轻度高估,15.0407,64.7592,85.5535,1,0,2
2018-09-17,7434.7300,13.6800,1.0712,78.0000,0.6667,🟠轻度高估,31.5098,52.4539,85.5580,0,0,2
2018-09-18,7494.4000,12.7900,1.0789,78.0000,1.0000,🟠轻度高估,22.0938,58.2812,85.5625,1,0,2
2018-09-19,7490.3200,11.7500,1.0775,88.0000,1.6667,🔴中度高估,12.4024,56.9822,100.0000,2,0,3
2018-09-20,7569.0300,11.8000,1.0878,88.0000,1.6667,🔴中度高估,12.8670,64.5846,100.0000,2,0,3
2018-09-21,7531.0700,11.6800,1.0813,88.0000,1.6667,🔴中度高估,12.0200,60.0999,100.0000,2,0,3
2018-09-24,7548.7500,12.2000,1.0829,78.0000,1.0000,🟠轻度高估,16.3858,61.3296,85.4869,1,0,2
2018-09-25,7563.1900,12.4200,1.0840,78.0000,1.0000,🟠轻度高估,18.9080,61.9657,85.4914,1,0,2
2018-09-26,7563.0900,12.8900,1.0830,78.0000,1.0000,🟠轻度高估,23.6432,61.3849,85.4959,1,0,2
2018-09-27,7629.5700,12.4100,1.0916,78.0000,1.0000,🟠轻度高估,18.7091,67.3527,85.5005,1,0,2
2018-09-28,7627.6500,12.1200,1.0903,78.0000,1.0000,🟠轻度高估,15.6172,66.5835,85.5050,1,0,2
2018-10-01,7645.4500,12.0000,1.0919,88.0000,1.6667,🔴中度高估,14.5217,67.5600,100.0000,2,0,3
2018-10-02,7628.2800,12.0500,1.0885,78.0000,1.3333,🔴中度高估,14.8910,65.0779,85.4829,2,0,2
2018-10-03,7637.4300,11.6100,1.0889,88.0000,1.6667,🔴中度高估,11.2737,65.4936,100.0000,2,0,3
2018-10-04,7490.0000,14.2200,1.0671,70.0000,0.0000,⚪中性,36.4259,49.5641,65.5666,0,0,0
2018-10-05,7399.0100,14.8200,1.0535,70.0000,0.0000,⚪中性,40.8652,42.5148,65.5773,0,0,0
2018-10-08,7352.8200,15.6900,1.0462,70.0000,0.0000,⚪中性,46.6397,38.0834,65.5881,0,0,0
2018-10-09,7371.6200,15.9500,1.0482,70.0000,0.0000,⚪中性,48.4292,39.0047,65.5988,0,0,0
2018-10-10,7044.5000,22.9600,1.0013,42.0000,-1.0000,🟡轻度低估,78.0784,20.3980,24.9378,-1,-1,-1
2018-10-11,6964.0300,24.9800,0.9895,42.0000,-1.0000,🟡轻度低估,83.6804,17.5629,24.9611,-1,-1,-1
2018-10-12,7157.2100,21.3100,1.0164,48.0000,-0.6667,🟡轻度低估,73.1200,24.8602,31.6035,-1,-1,0
2018-10-15,7068.6700,21.3000,1.0034,48.0000,-0.6667,🟡轻度低估,73.0351,21.1556,31.6247,-1,-1,0
2018-10-16,7276.4300,17.6200,1.0323,62.0000,0.0000,⚪中性,58.1056,30.9938,51.2733,0,0,0
2018-10-17,7278.6300,17.4000,1.0320,62.0000,0.0000,⚪中性,56.8147,30.8910,51.2884,0,0,0
2018-10-18,7116.0900,20.0600,1.0086,48.0000,-0.3333,🟡轻度低估,68.7151,22.7498,31.6263,0,-1,0
2018-10-19,7107.2300,19.8900,1.0069,55.0000,-0.3333,🟡轻度低估,68.0732,22.2774,39.8697,0,-1,0
2018-10-22,7141.2100,19.6400,1.0114,55.0000,-0.3333,🟡轻度低估,67.4628,23.6663,39.8883,0,-1,0
2018-10-23,7118.6700,20.7100,1.0079,48.0000,-0.6667,🟡轻度低估,70.9457,22.6667,31.6279,-1,-1,0
2018-10-24,6789.1500,25.2300,0.9612,35.0000,-1.3333,🟢中度低估,84.3769,12.4303,16.2430,-1,-2,-1
2018-10-25,7016.3900,24.2200,0.9931,42.0000,-1.0000,🟡轻度低估,81.5618,18.3142,24.9458,-1,-1,-1
2018-10-26,6852.4000,24.1600,0.9698,42.0000,-1.3333,🟢中度低估,81.4436,13.6307,24.9690,-1,-2,-1
2018-10-29,6713.9000,24.7000,0.9502,42.0000,-1.3333,🟢中度低估,82.8430,10.5915,24.9923,-1,-2,-1
2018-10-30,6810.1200,23.3500,0.9638,42.0000,-1.3333,🟢中度低估,78.9783,13.0031,25.0155,-1,-2,-1
2018-10-31,6967.1000,21.2300,0.9859,48.0000,-0.6667,🟡轻度低估,72.8567,16.7750,31.7549,-1,-1,0
2018-11-01,7069.1700,19.3400,1.0001,55.0000,-0.3333,🟡轻度低估,65.9344,20.1733,40.0371,0,-1,0
2018-11-02,6965.2900,19.5100,0.9854,55.0000,-0.3333,🟡轻度低估,66.6564,16.6718,40.0557,0,-1,0
2018-11-05,6937.0900,19.9600,0.9814,55.0000,-0.3333,🟡轻度低估,68.1509,15.8627,40.0742,0,-1,0
2018-11-06,6988.8500,19.9100,0.9887,55.0000,-0.3333,🟡轻度低估,67.9753,17.5270,40.0927,0,-1,0
2018-11-07,7203.1300,16.3600,1.0188,62.0000,-0.3333,🟡轻度低估,50.5871,25.8035,51.5142,0,-1,0
2018-11-08,7158.5900,16.7200,1.0123,62.0000,-0.3333,🟡轻度低估,52.9812,24.3126,51.5292,0,-1,0
2018-11-09,7039.1500,17.3600,0.9954,62.0000,-0.3333,🟡轻度低估,56.4237,18.9314,51.5442,0,-1,0
2018-11-12,6829.1000,20.4500,0.9658,48.0000,-0.6667,🟡轻度低估,69.7746,13.1213,31.7073,0,-2,0
2018-11-13,6830.9100,20.0200,0.9661,48.0000,-0.6667,🟡轻度低估,68.4568,13.2099,31.7284,0,-2,0
2018-11-14,6769.8700,21.2500,0.9576,48.0000,-1.0000,🟡轻度低估,73.0022,11.7865,31.7495,-1,-2,0
2018-11-15,6890.4500,19.9800,0.9747,55.0000,-0.6667,🟡轻度低估,68.2295,14.6206,40.1295,0,-2,0
2018-11-16,6867.0200,18.1400,0.9713,55.0000,-0.6667,🟡轻度低估,60.6537,14.0919,40.1480,0,-2,0
2018-11-19,6642.9200,20.1000,0.9395,48.0000,-0.6667,🟡轻度低估,68.8348,9.0937,31.7509,0,-2,0
2018-11-20,6526.9600,22.4800,0.9232,42.0000,-1.3333,🟢中度低估,76.4869,7.2727,24.9307,-1,-2,-1
2018-11-21,6575.6600,20.8000,0.9301,48.0000,-1.0000,🟡轻度低估,71.2569,7.9791,31.7930,-1,-2,0
2018-11-23,6527.3500,21.5200,0.9231,48.0000,-1.0000,🟡轻度低估,73.7912,7.2682,31.8140,-1,-2,0
2018-11-26,6678.3400,18.9000,0.9443,55.0000,-0.6667,🟡轻度低估,64.2857,9.8214,40.2401,0,-2,0
2018-11-27,6701.0400,19.0200,0.9474,55.0000,-0.6667,🟡轻度低估,64.6661,10.3109,40.2585,0,-2,0
2018-11-28,6913.3300,18.4900,0.9771,55.0000,-0.3333,🟡轻度低估,62.2769,15.2000,40.2769,0,-1,0
2018-11-29,6892.4000,18.7900,0.9740,55.0000,-0.6667,🟡轻度低估,63.7650,14.7339,40.2953,0,-2,0
2018-11-30,6949.0100,18.0700,0.9819,55.0000,-0.3333,🟡轻度低估,60.1169,16.3899,40.3137,0,-1,0
2018-12-03,7062.1300,16.4400,0.9977,62.0000,-0.3333,🟡轻度低估,50.8454,19.9508,51.7676,0,-1,0
2018-12-04,6795.2100,20.7400,0.9600,48.0000,-1.0000,🟡轻度低估,71.0817,12.3848,31.7763,-1,-2,0
2018-12-06,6838.8500,21.1900,0.9661,48.0000,-1.0000,🟡轻度低估,72.7496,13.3948,31.7972,-1,-2,0
2018-12-07,6613.2800,23.2300,0.9343,42.0000,-1.3333,🟢中度低估,78.9312,8.4459,24.8771,-1,-2,-1
2018-12-10,6682.7400,22.6400,0.9443,42.0000,-1.3333,🟢中度低估,77.2490,9.8250,24.9002,-1,-2,-1
2018-12-11,6704.2400,21.7600,0.9475,48.0000,-1.0000,🟡轻度低估,74.6470,10.3745,31.8600,-1,-2,0
2018-12-12,6763.9600,21.4600,0.9560,48.0000,-1.0000,🟡轻度低估,73.5195,11.7521,31.8809,-1,-2,0
2018-12-13,6767.9700,20.6500,0.9567,48.0000,-1.0000,🟡轻度低估,70.4601,11.9018,31.9018,-1,-2,0
2018-12-14,6594.9600,21.6300,0.9323,48.0000,-1.0000,🟡轻度低估,74.1490,8.2797,31.9227,-1,-2,0
2018-12-17,6448.3900,24.5200,0.9118,42.0000,-1.3333,🟢中度低估,82.6180,6.4071,24.8927,-1,-2,-1
2018-12-18,6491.5200,25.5800,0.9182,35.0000,-1.6667,🟢中度低估,85.2896,6.9261,16.0895,-2,-2,-1
2018-12-19,6342.9700,25.5800,0.8975,35.0000,-1.6667,🟢中度低估,85.2941,5.2083,16.1152,-2,-2,-1
2018-12-20,6243.1900,28.3800,0.8838,28.0000,-2.3333,🔥极度低估,89.5253,4.4104,10.9035,-2,-3,-2
2018-12-21,6046.5600,30.1100,0.8566,22.0000,-2.3333,🔥极度低估,90.9982,3.8885,9.1243,-2,-3,-2
2018-12-24,5899.3500,36.0700,0.8364,15.0000,-2.3333,🔥极度低估,94.4597,3.6425,5.9382,-2,-3,-2
2018-12-26,6262.7700,30.4100,0.8885,22.0000,-2.3333,🔥极度低估,91.1873,4.7124,9.1799,-2,-3,-2
2018-12-27,6288.3000,29.9600,0.8926,28.0000,-2.0000,🟢中度低估,90.7617,5.0780,11.0125,-2,-2,-2
2018-12-28,6285.2700,28.3400,0.8926,28.0000,-2.0000,🟢中度低估,89.3884,5.1070,11.0398,-2,-2,-2
2018-12-31,6329.9700,25.4200,0.8994,35.0000,-1.3333,🟢中度低估,84.7447,5.6558,16.2947,-1,-2,-1
2019-01-02,6360.8700,23.2200,0.9042,42.0000,-1.3333,🟢中度低估,78.6980,6.0208,25.1222,-1,-2,-1
2019-01-03,6147.1300,25.4500,0.8743,35.0000,-1.6667,🟢中度低估,84.8457,4.2469,16.3153,-1,-3,-1
2019-01-04,6422.6700,21.3800,0.9138,48.0000,-1.0000,🟡轻度低估,72.9994,6.8723,32.1930,-1,-2,0
2019-01-07,6488.2500,21.4000,0.9234,48.0000,-1.0000,🟡轻度低估,73.0382,7.6641,32.2137,-1,-2,0
2019-01-08,6551.8500,20.4700,0.9325,48.0000,-0.6667,🟡轻度低估,69.4444,8.6996,32.2344,0,-2,0
2019-01-09,6600.6900,19.9800,0.9394,55.0000,-0.6667,🟡轻度低估,67.7449,9.5819,40.7385,0,-2,0
2019-01-10,6620.9400,19.5000,0.9424,55.0000,-0.6667,🟡轻度低估,66.0464,10.0061,40.7566,0,-2,0
2019-01-11,6601.4000,18.1900,0.9395,55.0000,-0.6667,🟡轻度低估,60.2928,9.6981,40.7746,0,-2,0
2019-01-14,6541.0400,19.0700,0.9309,55.0000,-0.6667,🟡轻度低估,64.5122,8.4146,40.7927,0,-2,0
2019-01-15,6669.6400,18.6000,0.9491,55.0000,-0.6667,🟡轻度低估,62.4505,11.2161,40.8107,0,-2,0
2019-01-16,6668.5600,19.0400,0.9488,55.0000,-0.6667,🟡轻度低估,64.2901,11.1822,40.8288,0,-2,0
2019-01-17,6718.4500,18.0600,0.9557,55.0000,-0.6667,🟡轻度低估,59.5492,12.3363,40.8468,0,-2,0
2019-01-18,6784.6100,17.8000,0.9650,62.0000,-0.6667,🟡轻度低估,58.0694,14.0073,52.2229,0,-2,0
2019-01-22,6646.8100,20.8000,0.9453,48.0000,-1.0000,🟡轻度低估,70.9589,10.4718,32.1766,-1,-2,0
2019-01-23,6658.7600,19.5200,0.9469,55.0000,-0.6667,🟡轻度低估,66.1290,10.8338,40.8704,0,-2,0
2019-01-24,6702.5500,18.8900,0.9530,55.0000,-0.6667,🟡轻度低估,63.7055,11.8041,40.8883,0,-2,0
2019-01-25,6787.3700,17.4200,0.9649,62.0000,-0.6667,🟡轻度低估,55.9307,14.0511,52.2810,0,-2,0
2019-01-28,6697.0900,18.8700,0.9520,55.0000,-0.6667,🟡轻度低估,63.6060,11.7057,40.8939,0,-2,0
2019-01-29,6632.7900,19.1300,0.9429,55.0000,-0.6667,🟡轻度低估,64.7720,10.0608,40.9119,0,-2,0
2019-01-30,6807.9100,17.6600,0.9676,62.0000,-0.6667,🟡轻度低估,57.2470,14.4333,52.3245,0,-2,0
2019-01-31,6906.8400,16.5700,0.9815,62.0000,-0.3333,🟡轻度低估,50.8809,17.1932,52.3390,0,-1,0
2019-02-01,6875.5200,16.1400,0.9770,62.0000,-0.3333,🟡轻度低估,48.4664,16.1858,52.3535,0,-1,0
2019-02-04,6959.9600,15.7300,0.9890,70.0000,-0.3333,🟡轻度低估,45.6891,18.9739,66.4238,0,-1,0
2019-02-05,7023.5200,15.5700,0.9978,70.0000,-0.3333,🟡轻度低估,44.6131,20.9712,66.4340,0,-1,0
2019-02-06,6997.6200,15.3800,0.9939,70.0000,-0.3333,🟡轻度低估,43.0522,19.9636,66.4442,0,-1,0
2019-02-07,6904.9800,16.3700,0.9806,62.0000,-0.3333,🟡轻度低估,49.9242,16.9548,52.3203,0,-1,0
2019-02-08,6913.1300,15.7200,0.9814,70.0000,-0.3333,🟡轻度低估,45.6337,17.1922,66.4645,0,-1,0
2019-02-11,6909.1800,15.9700,0.9806,70.0000,-0.3333,🟡轻度低估,47.4992,16.9748,66.4747,0,-1,0
2019-02-12,7014.6700,15.4300,0.9953,70.0000,-0.3333,🟡轻度低估,43.3939,20.3333,66.4848,0,-1,0
2019-02-13,7015.8800,15.6500,0.9952,70.0000,-0.3333,🟡轻度低估,45.4105,20.2969,66.4950,0,-1,0
2019-02-14,7022.4200,16.2200,0.9959,62.0000,-0.3333,🟡轻度低估,48.9400,20.5633,52.2714,0,-1,0
2019-02-15,7055.1800,14.9100,1.0002,70.0000,-0.3333,🟡轻度低估,40.1756,21.8286,66.5153,0,-1,0
2019-02-19,7066.6100,14.8800,1.0016,70.0000,-0.3333,🟡轻度低估,40.0424,22.2760,66.5254,0,-1,0
2019-02-20,7062.3400,14.0200,1.0007,70.0000,-0.3333,🟡轻度低估,33.8275,21.9970,66.5356,0,-1,0
2019-02-21,7035.1600,14.4600,0.9966,70.0000,-0.3333,🟡轻度低估,36.9631,20.8106,66.5457,0,-1,0
2019-02-22,7090.6300,13.5100,1.0043,78.0000,0.6667,🟠轻度高估,29.4527,23.3444,85.8784,1,-1,2
2019-02-25,7115.4300,14.8500,1.0076,70.0000,-0.3333,🟡轻度低估,40.0242,24.4861,66.5357,0,-1,0
2019-02-26,7123.2200,15.1700,1.0085,70.0000,-0.3333,🟡轻度低估,41.8858,24.6298,66.5458,0,-1,0
2019-02-27,7117.0000,14.7000,1.0075,70.0000,-0.3333,🟡轻度低估,38.8218,24.4109,66.5559,0,-1,0
2019-02-28,7097.5300,14.7800,1.0047,70.0000,-0.3333,🟡轻度低估,39.5349,23.4672,66.5660,0,-1,0
2019-03-01,7151.5700,13.5700,1.0122,78.0000,0.6667,🟠轻度高估,29.9819,25.9360,85.8998,1,-1,2
2019-03-04,7150.8300,14.6300,1.0119,70.0000,-0.3333,🟡轻度低估,38.1829,25.8074,66.5560,0,-1,0
2019-03-05,7156.7900,14.7400,1.0126,70.0000,-0.3333,🟡轻度低估,39.2879,26.2221,66.5661,0,-1,0
2019-03-06,7112.4700,15.7400,1.0062,70.0000,-0.3333,🟡轻度低估,45.9729,23.8311,66.5762,0,-1,0
2019-03-07,7026.8800,16.5900,0.9939,62.0000,-0.3333,🟡轻度低估,51.3571,19.9940,52.0808,0,-1,0
2019-03-08,7015.6900,16.0500,0.9923,62.0000,-0.3333,🟡轻度低估,48.1459,19.6563,52.0953,0,-1,0
2019-03-11,7164.0200,14.3300,1.0131,70.0000,-0.3333,🟡轻度低估,36.1965,26.5220,66.6064,0,-1,0
2019-03-12,7201.2800,13.7700,1.0182,78.0000,0.3333,🟠轻度高估,31.5155,27.5384,85.9295,0,-1,2
2019-03-13,7256.9800,13.4100,1.0258,78.0000,0.6667,🟠轻度高估,28.2530,29.9398,85.9337,1,-1,2
2019-03-14,7243.0100,13.5000,1.0236,78.0000,0.6667,🟠轻度高估,29.2984,29.1177,85.9380,1,-1,2
2019-03-15,7306.9900,12.8800,1.0324,78.0000,1.0000,🟠轻度高估,22.8778,33.1728,85.9422,1,0,2
2019-03-18,7326.2800,13.1000,1.0349,78.0000,1.0000,🟠轻度高估,24.9774,34.3364,85.9464,1,0,2
2019-03-19,7349.2800,13.5600,1.0378,78.0000,1.0000,🟠轻度高估,29.8135,35.7100,85.9507,1,0,2
2019-03-20,7380.7500,13.9100,1.0421,78.0000,0.6667,🟠轻度高估,32.8120,37.7744,85.9549,0,0,2
2019-03-21,7493.2700,13.6300,1.0577,78.0000,0.6667,🟠轻度高估,30.6073,46.4522,85.9591,0,0,2
2019-03-22,7326.0600,16.4800,1.0340,62.0000,0.0000,⚪中性,50.9468,33.9345,51.9687,0,0,0
2019-03-25,7316.9600,16.3300,1.0326,62.0000,0.0000,⚪中性,49.9700,33.2933,51.9832,0,0,0
2019-03-26,7351.1500,14.6800,1.0373,70.0000,0.0000,⚪中性,38.8105,35.4761,66.4764,0,0,0
2019-03-27,7308.1900,15.1500,1.0311,70.0000,0.0000,⚪中性,42.0120,32.5826,66.4865,0,0,0
2019-03-28,7320.4700,14.4300,1.0327,70.0000,0.0000,⚪中性,36.8658,33.3533,66.4965,0,0,0
2019-03-29,7378.7700,13.7100,1.0408,78.0000,0.6667,🟠轻度高估,31.0924,37.3049,85.9844,0,0,2
2019-04-01,7478.4200,13.4000,1.0547,78.0000,1.0000,🟠轻度高估,28.0528,45.2445,85.9886,1,0,2
2019-04-02,7499.6400,13.3600,1.0575,78.0000,1.0000,🟠轻度高估,27.5945,46.4607,85.9928,1,0,2
2019-04-03,7544.9700,13.7400,1.0637,78.0000,0.6667,🟠轻度高估,31.3643,49.5652,85.9970,0,0,2
2019-04-04,7540.5700,13.5800,1.0628,78.0000,0.6667,🟠轻度高估,30.0659,49.0408,86.0012,0,0,2
2019-04-05,7578.8400,12.8200,1.0680,78.0000,1.0000,🟠轻度高估,21.7561,51.9928,86.0054,1,0,2
2019-04-08,7599.7400,13.1800,1.0707,78.0000,1.0000,🟠轻度高估,25.7040,53.8346,86.0096,1,0,2
2019-04-09,7568.4900,14.2800,1.0660,70.0000,0.0000,⚪中性,35.9988,50.7937,66.3672,0,0,0
2019-04-10,7611.4900,13.3000,1.0718,78.0000,1.0000,🟠轻度高估,26.9162,54.4611,86.0180,1,0,2
2019-04-11,7594.8900,13.0200,1.0690,78.0000,1.0000,🟠轻度高估,24.0946,52.5292,86.0221,1,0,2
2019-04-12,7628.1500,12.0100,1.0733,78.0000,1.3333,🔴中度高估,14.0335,55.5057,86.0263,2,0,2
2019-04-15,7629.1200,12.3200,1.0729,78.0000,1.0000,🟠轻度高估,17.2300,55.1301,86.0305,1,0,2
2019-04-16,7654.7300,12.1800,1.0760,78.0000,1.0000,🟠轻度高估,15.6100,57.2368,86.0347,1,0,2
2019-04-17,7680.7200,12.6000,1.0792,78.0000,1.0000,🟠轻度高估,19.7907,59.9103,86.0389,1,0,2
2019-04-18,7689.7200,12.0900,1.0800,78.0000,1.3333,🔴中度高估,14.7639,60.6396,86.0430,2,0,2
2019-04-22,7713.4900,12.4200,1.0828,78.0000,1.0000,🟠轻度高估,18.4045,62.6232,86.0472,1,0,2
2019-04-23,7810.7100,12.2800,1.0959,78.0000,1.3333,🔴中度高估,16.8160,71.3262,86.0514,1,1,2
2019-04-24,7784.4100,13.1400,1.0918,78.0000,1.0000,🟠轻度高估,25.4703,68.7967,86.0555,1,0,2
2019-04-25,7816.9200,13.2500,1.0959,78.0000,1.3333,🔴中度高估,26.6269,71.3433,86.0597,1,1,2
2019-04-26,7826.6800,12.7300,1.0969,78.0000,1.3333,🔴中度高估,21.1280,72.0084,86.0639,1,1,2
2019-04-29,7839.0400,13.1100,1.0982,78.0000,1.3333,🔴中度高估,25.0895,72.8222,86.0680,1,1,2
2019-04-30,7781.4600,13.1200,1.0898,78.0000,1.0000,🟠轻度高估,25.3504,67.4918,86.0722,1,0,2
2019-05-01,7751.8500,14.8000,1.0853,70.0000,0.0000,⚪中性,40.2803,64.2815,66.1002,0,0,0
2019-05-02,7724.0600,14.4200,1.0812,70.0000,0.0000,⚪中性,37.2578,61.3413,66.1103,0,0,0
2019-05-03,7845.7300,12.8700,1.0979,78.0000,1.3333,🔴中度高估,22.8248,72.6758,86.0846,1,1,2
2019-05-06,7794.0900,15.4400,1.0903,70.0000,0.0000,⚪中性,44.2061,67.8284,66.1007,0,0,0
2019-05-07,7640.1500,19.3200,1.0686,55.0000,0.0000,⚪中性,65.9619,52.1144,40.1132,0,0,0
2019-05-08,7617.5500,19.4000,1.0652,55.0000,0.0000,⚪中性,66.3590,50.1637,40.1310,0,0,0
2019-05-09,7582.7500,19.1000,1.0602,55.0000,0.0000,⚪中性,65.3274,47.2917,40.1488,0,0,0
2019-05-10,7586.5300,16.0400,1.0606,62.0000,0.0000,⚪中性,48.5570,47.3669,51.5918,0,0,0
2019-05-13,7324.1300,20.5500,1.0240,48.0000,-0.6667,🟡轻度低估,70.4938,28.9114,31.4694,-1,-1,0
2019-05-14,7401.8800,18.0600,1.0349,55.0000,0.0000,⚪中性,60.2438,34.1362,40.1725,0,0,0
2019-05-15,7503.2500,16.4400,1.0489,62.0000,0.0000,⚪中性,51.0999,41.1118,51.6350,0,0,0
2019-05-16,7580.1400,15.2900,1.0594,70.0000,0.0000,⚪中性,43.2689,47.0431,66.1813,0,0,0
2019-05-17,7503.6800,15.9600,1.0485,70.0000,0.0000,⚪中性,48.1283,40.8794,66.1913,0,0,0
2019-05-20,7376.7000,16.3100,1.0307,62.0000,0.0000,⚪中性,50.2228,32.1354,51.6187,0,0,0
2019-05-21,7451.0200,14.9500,1.0410,70.0000,0.0000,⚪中性,41.0333,37.2328,66.2114,0,0,0
2019-05-22,7420.6600,14.7500,1.0368,70.0000,0.0000,⚪中性,39.7744,34.9659,66.2214,0,0,0
2019-05-23,7307.9300,16.9200,1.0211,62.0000,-0.3333,🟡轻度低估,54.1246,27.8338,51.6024,0,-1,0
2019-05-24,7300.9600,15.8500,1.0202,70.0000,-0.3333,🟡轻度低估,47.0780,27.6179,66.2415,0,-1,0
2019-05-28,7278.3800,17.5000,1.0172,62.0000,-0.3333,🟡轻度低估,57.0878,26.8683,51.6014,0,-1,0
2019-05-29,7216.8600,17.9000,1.0088,62.0000,-0.3333,🟡轻度低估,59.3537,24.3996,51.6158,0,-1,0
2019-05-30,7245.4000,17.3000,1.0129,62.0000,-0.3333,🟡轻度低估,56.0759,26.0522,51.6301,0,-1,0
2019-05-31,7127.9600,18.7100,0.9967,55.0000,-0.3333,🟡轻度低估,63.6741,20.4741,40.0593,0,-1,0
2019-06-03,6978.0200,18.8600,0.9760,55.0000,-0.3333,🟡轻度低估,64.3661,15.6694,40.0770,0,-1,0
2019-06-04,7166.7500,16.9700,1.0026,62.0000,-0.3333,🟡轻度低估,54.2493,22.4460,51.6731,0,-1,0
2019-06-05,7220.9000,16.0900,1.0103,62.0000,-0.3333,🟡轻度低估,48.9047,24.9260,51.6874,0,-1,0
2019-06-06,7275.9300,15.9300,1.0180,70.0000,-0.3333,🟡轻度低估,47.6768,27.1974,66.3214,0,-1,0
2019-06-07,7417.2900,16.3000,1.0378,62.0000,0.0000,⚪中性,50.1479,35.6213,51.6864,0,0,0
2019-06-10,7501.9300,15.9400,1.0495,70.0000,0.0000,⚪中性,47.7078,41.5262,66.3413,0,0,0
2019-06-11,7513.8500,15.9900,1.0511,70.0000,0.0000,⚪中性,48.2555,42.3714,66.3513,0,0,0
2019-06-12,7472.2900,15.9100,1.0453,70.0000,0.0000,⚪中性,47.4135,39.8463,66.3612,0,0,0
2019-06-13,7510.6800,15.8200,1.0506,70.0000,0.0000,⚪中性,46.8085,42.0804,66.3712,0,0,0
2019-06-14,7479.1100,15.2800,1.0463,70.0000,0.0000,⚪中性,42.8951,40.1182,66.3811,0,0,0
2019-06-17,7526.5200,15.3500,1.0529,70.0000,0.0000,⚪中性,43.3255,44.1524,66.3910,0,0,0
2019-06-18,7635.4000,15.1500,1.0682,70.0000,0.0000,⚪中性,42.1612,52.2586,66.4009,0,0,0
2019-06-19,7667.7400,14.3300,1.0727,70.0000,0.0000,⚪中性,36.3932,55.1653,66.4109,0,0,0
2019-06-20,7738.0500,14.7500,1.0825,70.0000,0.0000,⚪中性,39.5987,62.4373,66.4208,0,0,0
2019-06-21,7728.7800,15.4000,1.0811,70.0000,0.0000,⚪中性,43.6283,61.6224,66.4307,0,0,0
2019-06-24,7723.0200,15.2600,1.0801,70.0000,0.0000,⚪中性,42.8192,60.8965,66.4406,0,0,0
2019-06-25,7591.5400,16.2800,1.0616,62.0000,0.0000,⚪中性,50.1769,48.5554,51.5330,0,0,0
2019-06-26,7627.0500,16.2100,1.0665,62.0000,0.0000,⚪中性,49.6905,51.1936,51.5473,0,0,0
2019-06-27,7657.0500,15.8200,1.0705,70.0000,0.0000,⚪中性,46.9063,53.7419,66.4702,0,0,0
2019-06-28,7671.0800,15.0800,1.0723,70.0000,0.0000,⚪中性,41.5906,54.8748,66.4801,0,0,0
2019-07-01,7768.1400,14.0600,1.0857,70.0000,0.0000,⚪中性,34.1873,64.7821,66.4900,0,0,0
2019-07-02,7799.8200,12.9300,1.0899,78.0000,1.0000,🟠轻度高估,23.2264,67.9129,86.2526,1,0,2
2019-07-03,7857.6900,12.5700,1.0978,78.0000,1.3333,🔴中度高估,19.3055,72.9547,86.2566,1,1,2
2019-07-05,7841.3000,13.2800,1.0952,78.0000,1.3333,🔴中度高估,26.7432,71.0503,86.2607,1,1,2
2019-07-08,7785.7900,13.9600,1.0872,78.0000,0.6667,🟠轻度高估,33.2353,65.8529,86.2647,0,0,2
2019-07-09,7826.8600,14.0900,1.0927,70.0000,0.0000,⚪中性,34.5781,69.8618,66.4216,0,0,0
2019-07-10,7903.4000,13.0300,1.1031,78.0000,1.3333,🔴中度高估,24.0741,76.9253,86.2728,1,1,2
2019-07-11,7896.7800,12.9300,1.1019,78.0000,1.3333,🔴中度高估,23.2442,75.8448,86.2768,1,1,2
2019-07-12,7943.2400,12.3900,1.1081,78.0000,1.3333,🔴中度高估,17.6263,80.0823,86.2808,1,1,2
2019-07-15,7966.9300,12.6800,1.1111,78.0000,1.3333,🔴中度高估,20.4405,82.0852,86.2849,1,1,2
2019-07-16,7927.0800,12.8600,1.1052,78.0000,1.3333,🔴中度高估,22.3723,78.3617,86.2889,1,1,2
2019-07-17,7888.7600,13.9700,1.0997,78.0000,1.0000,🟠轻度高估,33.4605,74.1121,86.2929,0,1,2
2019-07-18,7904.1300,13.5300,1.1016,78.0000,1.3333,🔴中度高估,29.6655,75.5869,86.2969,1,1,2
2019-07-19,7834.9000,14.4500,1.0918,70.0000,0.0000,⚪中性,37.2250,68.9645,66.2951,0,0,0
2019-07-22,7905.1200,13.5300,1.1014,78.0000,1.3333,🔴中度高估,29.6774,75.4252,86.3050,1,1,2
2019-07-23,7954.5600,12.6100,1.1081,78.0000,1.3333,🔴中度高估,19.5837,80.0645,86.3090,1,1,2
2019-07-24,8010.6100,12.0700,1.1155,78.0000,1.6667,🔴中度高估,14.3318,84.0563,86.3130,2,1,2
2019-07-25,7929.8700,12.7400,1.1038,78.0000,1.3333,🔴中度高估,21.0665,77.2341,86.3170,1,1,2
2019-07-26,8016.9500,12.1600,1.1154,78.0000,1.3333,🔴中度高估,15.2021,83.9777,86.3210,1,1,2
2019-07-29,7989.0800,12.8300,1.1111,78.0000,1.3333,🔴中度高估,21.9327,82.0205,86.3250,1,1,2
2019-07-30,7952.4700,13.9400,1.1053,78.0000,1.0000,🟠轻度高估,33.1967,78.3372,86.3290,0,1,2
2019-07-31,7848.7800,16.1200,1.0902,62.0000,0.0000,⚪中性,49.5464,67.7788,51.2145,0,0,0
2019-08-01,7801.1500,17.8700,1.0831,62.0000,0.0000,⚪中性,59.8011,62.7560,51.2288,0,0,0
2019-08-02,7692.8000,17.6100,1.0676,62.0000,0.0000,⚪中性,58.3504,51.2723,51.2431,0,0,0
2019-08-05,7415.6900,24.5900,1.0290,42.0000,-0.6667,🟡轻度低估,83.2749,30.9064,24.0936,-1,0,-1
2019-08-06,7521.3200,20.1700,1.0435,48.0000,0.0000,⚪中性,69.7457,38.1467,30.9851,0,0,0
2019-08-07,7551.9000,19.4900,1.0474,55.0000,0.0000,⚪中性,67.2706,40.3565,39.6259,0,0,0
2019-08-08,7724.8300,16.9100,1.0710,62.0000,0.0000,⚪中性,54.4259,53.7832,51.3000,0,0,0
2019-08-09,7646.2700,17.9700,1.0597,62.0000,0.0000,⚪中性,60.1051,47.0210,51.3143,0,0,0
2019-08-12,7561.6800,21.0900,1.0477,48.0000,-0.3333,🟡轻度低估,72.9343,40.4380,30.9781,-1,0,0
2019-08-13,7728.1500,17.5200,1.0700,62.0000,0.0000,⚪中性,57.5598,53.0648,51.3427,0,0,0
2019-08-14,7490.1300,22.1000,1.0367,42.0000,-0.6667,🟡轻度低估,76.2474,34.6951,24.0735,-1,0,-1
2019-08-15,7484.8900,21.1800,1.0355,48.0000,-0.3333,🟡轻度低估,73.4831,34.1890,31.0093,-1,0,0
2019-08-16,7604.1100,18.4700,1.0514,55.0000,0.0000,⚪中性,62.7297,42.2864,39.6617,0,0,0
2019-08-19,7719.3200,16.8800,1.0667,62.0000,0.0000,⚪中性,54.1691,51.0496,51.3994,0,0,0
2019-08-20,7664.4700,17.5000,1.0586,62.0000,0.0000,⚪中性,57.4177,46.4879,51.4136,0,0,0
2019-08-21,7733.2200,15.8000,1.0676,70.0000,0.0000,⚪中性,46.9114,51.3403,66.3170,0,0,0
2019-08-22,7707.4300,16.6800,1.0635,62.0000,0.0000,⚪中性,52.9857,49.1698,51.4128,0,0,0
2019-08-23,7464.9900,19.8700,1.0296,55.0000,0.0000,⚪中性,68.5207,31.1299,39.6331,0,0,0
2019-08-26,7575.0200,19.3200,1.0444,55.0000,0.0000,⚪中性,66.4629,38.7773,39.6507,0,0,0
2019-08-27,7566.0300,20.3100,1.0429,48.0000,-0.3333,🟡轻度低估,70.1979,37.6892,30.9662,-1,0,0
2019-08-28,7587.9000,19.3500,1.0456,55.0000,0.0000,⚪中性,66.6279,39.5112,39.6858,0,0,0
2019-08-29,7702.3100,17.8800,1.0609,62.0000,0.0000,⚪中性,59.6859,47.7022,51.4834,0,0,0
2019-08-30,7691.0000,18.9800,1.0587,55.0000,0.0000,⚪中性,65.2224,46.5833,39.6918,0,0,0
2019-09-03,7609.5100,19.6600,1.0469,55.0000,0.0000,⚪中性,68.0814,40.0000,39.7093,0,0,0
2019-09-04,7719.2500,17.3300,1.0613,62.0000,0.0000,⚪中性,56.4661,48.0674,51.5257,0,0,0
2019-09-05,7862.5400,16.2700,1.0803,62.0000,0.0000,⚪中性,50.1162,61.0110,51.5398,0,0,0
2019-09-06,7852.5400,15.0000,1.0782,70.0000,0.0000,⚪中性,41.1269,59.2216,66.4246,0,0,0
2019-09-09,7832.4000,15.2700,1.0746,70.0000,0.0000,⚪中性,42.8862,56.3298,66.4344,0,0,0
2019-09-10,7814.7400,15.2000,1.0712,70.0000,0.0000,⚪中性,42.4383,54.0784,66.4441,0,0,0
2019-09-11,7887.5800,14.6100,1.0802,70.0000,0.0000,⚪中性,38.1602,60.9112,66.4539,0,0,0
2019-09-12,7917.3400,14.2200,1.0832,70.0000,0.0000,⚪中性,35.5091,63.0983,66.4636,0,0,0
2019-09-13,7892.9500,13.7400,1.0790,78.0000,0.6667,🟠轻度高估,31.3225,59.8028,86.4559,0,0,2
2019-09-16,7852.4100,14.6700,1.0726,70.0000,0.0000,⚪中性,38.7649,54.9435,66.4540,0,0,0
2019-09-17,7888.7900,14.4400,1.0769,70.0000,0.0000,⚪中性,37.0145,57.8841,66.4638,0,0,0
2019-09-18,7888.5600,13.9500,1.0761,78.0000,0.6667,🟠轻度高估,32.9759,57.2588,86.4677,0,0,2
2019-09-19,7901.7900,14.0500,1.0772,70.0000,0.0000,⚪中性,34.1251,58.3430,66.4542,0,0,0
2019-09-20,7823.5500,15.3200,1.0660,70.0000,0.0000,⚪中性,43.4405,50.4489,66.4639,0,0,0
2019-09-23,7818.6100,14.9100,1.0646,70.0000,0.0000,⚪中性,40.6775,49.8552,66.4737,0,0,0
2019-09-24,7710.0400,17.0500,1.0492,62.0000,0.0000,⚪中性,55.1085,40.8973,51.3748,0,0,0
2019-09-25,7803.5400,15.9600,1.0610,70.0000,0.0000,⚪中性,48.3507,47.6852,66.4931,0,0,0
2019-09-26,7771.9900,16.0700,1.0560,62.0000,0.0000,⚪中性,49.0020,45.2705,51.3740,0,0,0
2019-09-27,7681.5800,17.2200,1.0430,62.0000,0.0000,⚪中性,55.9572,37.5361,51.3881,0,0,0
2019-09-30,7749.4500,16.2400,1.0515,62.0000,0.0000,⚪中性,50.1301,42.2376,51.4021,0,0,0
2019-10-01,7684.1400,18.5600,1.0420,55.0000,0.0000,⚪中性,63.3815,37.0520,39.5087,0,0,0
2019-10-02,7550.7900,20.5600,1.0232,48.0000,-0.6667,🟡轻度低估,71.2800,28.1133,30.7715,-1,-1,0
2019-10-03,7638.3900,19.1200,1.0343,55.0000,0.0000,⚪中性,66.0312,33.2756,39.5436,0,0,0
2019-10-04,7754.1000,17.0400,1.0491,62.0000,0.0000,⚪中性,55.0679,40.9183,51.4583,0,0,0
2019-10-07,7725.1300,17.8600,1.0442,62.0000,0.0000,⚪中性,59.7286,38.3372,51.4723,0,0,0
2019-10-08,7604.2700,20.2800,1.0269,48.0000,-0.6667,🟡轻度低估,70.3896,29.6104,30.7648,-1,-1,0
2019-10-09,7690.5300,18.6400,1.0374,55.0000,0.0000,⚪中性,63.9065,34.8240,39.5557,0,0,0
2019-10-10,7740.3600,17.5700,1.0428,62.0000,0.0000,⚪中性,57.9464,37.4099,51.5143,0,0,0
2019-10-11,7843.8800,15.5800,1.0556,70.0000,0.0000,⚪中性,45.2710,45.2710,66.6090,0,0,0
2019-10-14,7842.3300,14.5700,1.0543,70.0000,0.0000,⚪中性,37.9648,44.6526,66.6186,0,0,0
2019-10-15,7942.8500,13.5400,1.0666,78.0000,1.0000,🟠轻度高估,29.3948,51.2392,86.5418,1,0,2
2019-10-16,7920.2100,13.6800,1.0625,78.0000,0.6667,🟠轻度高估,30.6828,48.5451,86.5457,0,0,2
2019-10-17,7942.1400,13.7900,1.0643,78.0000,0.6667,🟠轻度高估,31.7396,49.9712,86.5495,0,0,2
2019-10-18,7868.4900,14.2500,1.0532,70.0000,0.0000,⚪中性,35.6464,43.9102,66.5707,0,0,0
2019-10-21,7940.3300,14.0000,1.0617,78.0000,0.6667,🟠轻度高估,33.4485,48.3880,86.5573,0,0,2
2019-10-22,7874.6200,14.4600,1.0520,70.0000,0.0000,⚪中性,37.1511,42.8777,66.5612,0,0,0
2019-10-23,7889.4700,14.0100,1.0530,70.0000,0.0000,⚪中性,33.6018,43.7860,66.5708,0,0,0
2019-10-24,7966.7200,13.7100,1.0624,78.0000,0.6667,🟠轻度高估,30.8887,48.4901,86.5689,0,0,2
2019-10-25,8029.2200,12.6500,1.0697,78.0000,1.0000,🟠轻度高估,19.6952,53.2777,86.5727,1,0,2
2019-10-28,8110.6700,13.1100,1.0794,78.0000,1.0000,🟠轻度高估,24.6048,60.5346,86.5766,1,0,2
2019-10-29,8047.5100,13.2000,1.0700,78.0000,1.0000,🟠轻度高估,25.6609,53.3908,86.5805,1,0,2
2019-10-30,8083.1100,12.3300,1.0737,78.0000,1.0000,🟠轻度高估,16.7768,56.1333,86.5843,1,0,2
2019-10-31,8083.8300,13.2200,1.0728,78.0000,1.0000,🟠轻度高估,25.9047,55.3705,86.5882,1,0,2
2019-11-01,8161.1700,12.3000,1.0820,78.0000,1.0000,🟠轻度高估,16.4513,62.3600,86.5920,1,0,2
2019-11-04,8210.6600,12.8300,1.0875,78.0000,1.0000,🟠轻度高估,21.6131,66.4179,86.5959,1,0,2
2019-11-05,8210.1800,13.1000,1.0864,78.0000,1.0000,🟠轻度高估,24.6198,65.5380,86.5997,1,0,2
2019-11-06,8196.0300,12.6200,1.0834,78.0000,1.0000,🟠轻度高估,19.3632,63.5399,86.6036,1,0,2
2019-11-07,8219.6500,12.7300,1.0854,78.0000,1.0000,🟠轻度高估,20.6194,64.9269,86.6074,1,0,2
2019-11-08,8255.8900,12.0700,1.0891,78.0000,1.3333,🔴中度高估,14.0482,67.6606,86.6112,2,0,2
2019-11-11,8241.9100,12.6900,1.0862,78.0000,1.0000,🟠轻度高估,20.2923,65.3769,86.6151,1,0,2
2019-11-12,8263.7900,12.6800,1.0879,78.0000,1.0000,🟠轻度高估,20.2006,66.6762,86.6189,1,0,2
2019-11-13,8259.8100,13.0000,1.0863,78.0000,1.0000,🟠轻度高估,23.7181,65.5113,86.6227,1,0,2
2019-11-14,8257.8300,13.0500,1.0851,78.0000,1.0000,🟠轻度高估,24.3127,64.5762,86.6266,1,0,2
2019-11-15,8315.5200,12.0500,1.0917,78.0000,1.3333,🔴中度高估,13.7704,69.3673,86.6304,2,0,2
2019-11-18,8328.4800,12.4600,1.0924,78.0000,1.3333,🔴中度高估,18.2313,70.0057,86.6342,1,1,2
2019-11-19,8338.7400,12.8600,1.0928,78.0000,1.3333,🔴中度高估,22.2890,70.2718,86.6381,1,1,2
2019-11-20,8283.7500,12.7800,1.0847,78.0000,1.0000,🟠轻度高估,21.1098,64.1876,86.6419,1,0,2
2019-11-21,8265.6200,13.1300,1.0813,78.0000,1.0000,🟠轻度高估,25.2502,61.8244,86.6457,1,0,2
2019-11-22,8272.0500,12.3400,1.0812,78.0000,1.0000,🟠轻度高估,16.8954,61.7496,86.6495,1,0,2
2019-11-25,8371.9300,11.8700,1.0932,88.0000,2.0000,🔴中度高估,12.3464,70.5344,100.0000,2,1,3
2019-11-26,8385.7500,11.5400,1.0941,88.0000,2.0000,🔴中度高估,9.6857,70.8857,100.0000,2,1,3
2019-11-27,8444.7100,11.7500,1.1007,88.0000,2.0000,🔴中度高估,11.4539,75.3213,100.0000,2,1,3
2019-11-29,8403.6800,12.6200,1.0944,78.0000,1.3333,🔴中度高估,19.5031,71.0737,86.5791,1,1,2
2019-12-02,8309.2600,14.9100,1.0812,70.0000,0.0000,⚪中性,41.1076,61.6614,66.0862,0,0,0
2019-12-03,8254.7400,15.9600,1.0733,70.0000,0.0000,⚪中性,48.7443,55.5365,66.0959,0,0,0
2019-12-04,8296.5300,14.8000,1.0778,70.0000,0.0000,⚪中性,40.4850,58.9158,66.1056,0,0,0
2019-12-05,8308.4000,14.5200,1.0785,70.0000,0.0000,⚪中性,38.1061,59.5265,66.1152,0,0,0
2019-12-06,8397.3700,13.6200,1.0891,78.0000,0.6667,🟠轻度高估,30.5960,67.5791,86.5982,0,0,2
2019-12-09,8362.7400,15.8600,1.0838,70.0000,0.0000,⚪中性,47.6340,63.5120,66.1060,0,0,0
2019-12-10,8354.2900,15.6800,1.0818,70.0000,0.0000,⚪中性,46.5945,61.9835,66.1157,0,0,0
2019-12-11,8402.6100,14.9900,1.0872,70.0000,0.0000,⚪中性,41.6239,66.0684,66.1254,0,0,0
2019-12-12,8466.8900,13.9400,1.0945,78.0000,1.0000,🟠轻度高估,33.2099,71.2048,86.6135,0,1,2
2019-12-13,8487.7100,12.6300,1.0962,78.0000,1.3333,🔴中度高估,19.5046,72.4089,86.6173,1,1,2
2019-12-16,8570.3300,12.1400,1.1059,78.0000,1.6667,🔴中度高估,14.8876,79.3624,86.6211,2,1,2
2019-12-17,8575.7000,12.2900,1.1056,78.0000,1.3333,🔴中度高估,16.3916,79.1690,86.6249,1,1,2
2019-12-18,8580.6200,12.5800,1.1052,78.0000,1.3333,🔴中度高估,19.2034,78.6913,86.6287,1,1,2
2019-12-19,8641.2900,12.5000,1.1118,78.0000,1.3333,🔴中度高估,18.6007,82.8214,86.6325,1,1,2
2019-12-20,8678.4900,12.5100,1.1154,78.0000,1.3333,🔴中度高估,18.6807,84.4470,86.6363,1,1,2
2019-12-23,8696.0100,12.6100,1.1166,78.0000,1.6667,🔴中度高估,19.4713,85.0483,86.6401,1,2,2
2019-12-24,8699.5100,12.6700,1.1159,78.0000,1.3333,🔴中度高估,20.3467,84.7116,86.6439,1,1,2
2019-12-26,8778.3100,12.6500,1.1250,78.0000,1.6667,🔴中度高估,20.0000,87.8409,86.6477,1,2,2
2019-12-27,8770.9800,13.4300,1.1229,78.0000,1.6667,🔴中度高估,28.9122,87.1911,86.6515,1,2,2
2019-12-30,8709.7300,14.8200,1.1141,70.0000,0.3333,🟠轻度高估,40.8007,83.6740,65.9284,0,1,0
2019-12-31,8733.0700,13.7800,1.1161,78.0000,1.0000,🟠轻度高估,32.1317,84.7005,86.6591,0,1,2
2020-01-02,8872.2200,12.4700,1.1327,78.0000,1.6667,🔴中度高估,18.3031,90.2384,86.6629,1,2,2
2020-01-03,8793.9000,14.0200,1.1217,70.0000,0.6667,🟠轻度高估,34.4965,86.7234,65.9007,0,2,0
2020-01-06,8848.5200,13.8500,1.1277,78.0000,1.3333,🔴中度高估,32.7850,88.5990,86.6704,0,2,2
2020-01-07,8846.4500,13.7900,1.1264,78.0000,1.3333,🔴中度高估,32.3788,88.2903,86.6742,0,2,2
2020-01-08,8912.3700,13.4500,1.1336,78.0000,1.6667,🔴中度高估,29.0533,90.4762,86.6780,1,2,2
2020-01-09,8989.6300,12.5400,1.1422,78.0000,1.6667,🔴中度高估,18.9289,93.0575,86.6818,1,2,2
2020-01-10,8966.6400,12.5600,1.1381,78.0000,1.6667,🔴中度高估,19.0652,92.0113,86.6856,1,2,2
2020-01-13,9070.6500,12.3200,1.1500,78.0000,1.6667,🔴中度高估,16.7091,94.4208,86.6893,1,2,2
2020-01-14,9033.4200,12.3900,1.1441,78.0000,1.6667,🔴中度高估,17.3839,93.2899,86.6931,1,2,2
2020-01-15,9035.6700,12.4200,1.1433,78.0000,1.6667,🔴中度高估,17.9168,93.1220,86.6969,1,2,2
2020-01-16,9125.0000,12.3200,1.1534,78.0000,1.6667,🔴中度高估,16.7233,94.8783,86.7006,1,2,2
2020-01-17,9173.7300,12.1000,1.1584,78.0000,2.3333,💀严重高估,14.2008,95.3324,86.7044,2,3,2
2020-01-21,9166.6300,12.8500,1.1563,78.0000,2.0000,🔴中度高估,22.5113,95.1357,86.7081,1,3,2
2020-01-22,9188.5800,12.9100,1.1579,78.0000,2.0000,🔴中度高估,23.3814,95.2785,86.7119,1,3,2
2020-01-23,9216.9800,12.9800,1.1603,78.0000,2.0000,🔴中度高估,24.0814,95.5059,86.7157,1,3,2
2020-01-24,9141.4700,14.5600,1.1496,70.0000,0.6667,🟠轻度高估,38.9376,94.2074,65.6683,0,2,0
2020-01-27,8952.1800,18.2300,1.1249,55.0000,0.6667,🟠轻度高估,62.4576,87.4294,38.7571,0,2,0
2020-01-28,9090.9300,16.2800,1.1412,62.0000,0.6667,🟠轻度高估,51.3132,92.6292,50.4942,0,2,0
2020-01-29,9101.6100,16.3900,1.1415,62.0000,0.6667,🟠轻度高估,52.0327,92.6877,50.5082,0,2,0
2020-01-30,9136.0900,15.4900,1.1448,70.0000,0.6667,🟠轻度高估,45.4135,93.2825,65.7070,0,2,0
2020-01-31,8991.5100,18.8400,1.1257,55.0000,0.6667,🟠轻度高估,65.4910,87.6129,38.7415,0,2,0
2020-02-03,9126.2300,17.9700,1.1415,62.0000,0.6667,🟠轻度高估,60.9873,92.6657,50.5219,0,2,0
2020-02-04,9334.0600,16.0500,1.1663,62.0000,1.0000,🟠轻度高估,49.7462,95.9391,50.5358,0,3,0
2020-02-05,9367.4800,15.1500,1.1693,70.0000,1.0000,🟠轻度高估,43.1350,96.2222,65.7457,0,3,0
2020-02-06,9445.9200,14.9600,1.1779,70.0000,1.0000,🟠轻度高估,41.7982,96.7306,65.7554,0,3,0
2020-02-07,9401.1000,15.4700,1.1711,70.0000,1.0000,🟠轻度高估,45.3085,96.3088,65.7650,0,3,0
2020-02-10,9516.8400,15.0400,1.1843,70.0000,1.0000,🟠轻度高估,42.1972,97.2394,65.7746,0,3,0
2020-02-11,9517.8600,15.1800,1.1832,70.0000,1.0000,🟠轻度高估,43.2836,97.1557,65.7843,0,3,0
2020-02-12,9613.2000,13.7400,1.1937,78.0000,1.6667,🔴中度高估,31.8694,97.6351,86.7680,0,3,2
2020-02-13,9595.7000,14.1500,1.1902,70.0000,1.0000,🟠轻度高估,35.6319,97.4951,65.7754,0,3,0
2020-02-14,9623.5800,13.6800,1.1923,78.0000,1.6667,🔴中度高估,31.3450,97.5521,86.7755,0,3,2
2020-02-18,9629.8000,14.8300,1.1916,70.0000,1.0000,🟠轻度高估,41.0408,97.4965,65.7665,0,3,0
2020-02-19,9718.7300,14.3800,1.2012,70.0000,1.0000,🟠轻度高估,37.4016,98.0034,65.7762,0,3,0
2020-02-20,9627.8300,15.5600,1.1887,70.0000,1.0000,🟠轻度高估,46.0782,97.3854,65.7858,0,3,0
2020-02-21,9446.6900,17.0800,1.1650,62.0000,1.0000,🟠轻度高估,56.3800,95.5312,50.3935,0,3,0
2020-02-24,9079.6300,25.0300,1.1187,35.0000,-0.6667,🟡轻度低估,85.1363,84.8834,15.0323,-2,1,-1
2020-02-25,8834.8700,27.8500,1.0877,35.0000,-1.0000,🟡轻度低估,89.7472,65.5337,15.0562,-2,0,-1
2020-02-26,8873.7600,27.5600,1.0917,35.0000,-1.0000,🟡轻度低估,89.3569,68.3797,15.0800,-2,0,-1
2020-02-27,8436.6700,39.1600,1.0372,15.0000,-1.6667,🟢中度低估,95.8731,33.6889,5.4745,-3,0,-2
2020-02-28,8461.8300,40.1100,1.0396,5.0000,-2.0000,🟢中度低估,96.1549,35.0547,3.9293,-3,0,-3
2020-03-02,8877.9800,33.4200,1.0898,22.0000,-1.3333,🟢中度低估,93.8552,67.1998,8.5017,-2,0,-2
2020-03-03,8594.4900,36.8200,1.0543,15.0000,-1.6667,🟢中度低估,95.2034,43.6466,5.5259,-3,0,-2
2020-03-04,8949.2800,31.9900,1.0969,22.0000,-1.0000,🟡轻度低估,92.9333,71.8732,8.5530,-2,1,-2
2020-03-05,8671.6600,39.6200,1.0620,15.0000,-1.6667,🟢中度低估,95.9350,47.3227,5.5509,-3,0,-2
2020-03-06,8530.3400,41.9400,1.0440,5.0000,-2.0000,🟢中度低估,96.5527,37.2478,3.9518,-3,0,-3
2020-03-09,7948.0300,54.4600,0.9724,5.0000,-2.6667,🔥极度低估,98.7672,14.2337,3.9787,-3,-2,-3
2020-03-10,8372.2700,47.3000,1.0237,5.0000,-2.3333,🔥极度低估,98.0952,27.4510,4.0056,-3,-1,-3
2020-03-11,8006.1200,53.9000,0.9785,5.0000,-2.3333,🔥极度低估,98.7118,15.2898,4.0325,-3,-1,-3
2020-03-12,7263.6500,75.4700,0.8878,5.0000,-3.0000,🔥极度低估,99.9160,4.3393,4.0594,-3,-3,-3
2020-03-13,7995.2600,57.8300,0.9767,5.0000,-2.6667,🔥极度低估,99.0484,14.9734,4.0862,-3,-2,-3
2020-03-16,7020.3800,82.6900,0.8577,5.0000,-3.0000,🔥极度低估,100.0000,3.6094,4.1130,-3,-3,-3
2020-03-17,7473.9500,75.9100,0.9130,5.0000,-2.6667,🔥极度低估,99.8881,6.2937,4.1399,-3,-2,-3
2020-03-18,7175.1800,76.4500,0.8764,5.0000,-3.0000,🔥极度低估,99.8881,3.9430,4.1667,-3,-3,-3
2020-03-19,7288.5200,72.0000,0.8901,5.0000,-3.0000,🔥极度低估,99.7484,4.5848,4.1935,-3,-3,-3
2020-03-20,6994.2900,66.0400,0.8543,5.0000,-3.0000,🔥极度低估,99.3572,3.4936,4.2202,-3,-3,-3
2020-03-23,7006.9200,61.5900,0.8560,5.0000,-3.0000,🔥极度低估,99.1618,3.6044,4.2470,-3,-3,-3
2020-03-24,7553.8300,61.6700,0.9227,5.0000,-2.6667,🔥极度低估,99.1620,7.0950,4.2737,-3,-2,-3
2020-03-25,7469.6200,63.9500,0.9125,5.0000,-2.6667,🔥极度低估,99.3019,6.3669,4.3005,-3,-2,-3
2020-03-26,7897.1300,61.0000,0.9645,5.0000,-2.6667,🔥极度低估,99.0508,13.2049,4.3272,-3,-2,-3
2020-03-27,7588.3700,65.5400,0.9267,5.0000,-2.6667,🔥极度低估,99.3302,7.5356,4.3539,-3,-2,-3
2020-03-30,7889.0100,57.0800,0.9632,5.0000,-2.6667,🔥极度低估,98.7165,13.0580,4.3806,-3,-2,-3
2020-03-31,7813.5000,53.5400,0.9538,5.0000,-2.6667,🔥极度低估,98.2706,11.3529,4.4073,-3,-2,-3
2020-04-01,7486.2900,57.0600,0.9138,5.0000,-2.6667,🔥极度低估,98.6893,6.5254,4.4339,-3,-2,-3
2020-04-02,7635.6600,50.9100,0.9321,5.0000,-2.6667,🔥极度低估,97.9928,8.2241,4.4606,-3,-2,-3
2020-04-03,7528.1100,46.8000,0.9190,5.0000,-2.6667,🔥极度低估,97.5195,6.8841,4.4872,-3,-2,-3
2020-04-06,8081.6600,45.2400,0.9864,5.0000,-2.3333,🔥极度低估,97.1023,17.4422,4.5138,-3,-1,-3
2020-04-07,8049.3100,46.7000,0.9823,5.0000,-2.3333,🔥极度低估,97.4652,16.7131,4.5404,-3,-1,-3
2020-04-08,8229.5400,43.3500,1.0039,5.0000,-2.3333,🔥极度低估,96.4634,22.0551,4.5670,-3,-1,-3
2020-04-09,8238.5300,41.6700,1.0046,5.0000,-2.3333,🔥极度低估,95.9076,22.3552,4.5935,-3,-1,-3
2020-04-13,8332.7400,41.1700,1.0157,5.0000,-2.3333,🔥极度低估,95.7417,25.6888,4.6201,-3,-1,-3
2020-04-14,8692.1600,37.7600,1.0588,15.0000,-1.3333,🟢中度低估,94.7134,46.0490,6.2604,-2,0,-2
2020-04-15,8591.9600,40.8400,1.0460,5.0000,-2.0000,🟢中度低估,95.6050,38.9152,4.6453,-3,0,-3
2020-04-16,8757.8300,40.1100,1.0656,5.0000,-2.0000,🟢中度低估,95.4394,49.8053,4.6719,-3,0,-3
2020-04-17,8832.4100,38.1500,1.0740,15.0000,-1.3333,🟢中度低估,94.7734,55.4907,6.3386,-2,0,-2
2020-04-20,8726.5100,43.8300,1.0606,5.0000,-2.0000,🟢中度低估,96.6926,46.6926,4.6971,-3,0,-3
2020-04-21,8403.0000,45.4100,1.0209,5.0000,-2.3333,🔥极度低估,97.1103,26.8964,4.7235,-3,-1,-3
2020-04-22,8664.6400,41.9800,1.0521,5.0000,-2.0000,🟢中度低估,95.8889,42.4167,4.7500,-3,0,-3
2020-04-23,8641.5000,41.3800,1.0488,5.0000,-2.0000,🟢中度低估,95.7790,40.1833,4.7765,-3,0,-3
2020-04-24,8786.6000,35.9300,1.0658,15.0000,-1.3333,🟢中度低估,93.8645,49.9167,6.4686,-2,0,-2
2020-04-27,8837.6600,33.2900,1.0714,22.0000,-1.3333,🟢中度低估,92.7838,53.7052,9.4921,-2,0,-2
2020-04-28,8677.6000,33.5700,1.0515,22.0000,-1.3333,🟢中度低估,93.0078,41.6482,9.5172,-2,0,-2
2020-04-29,8982.7600,31.2300,1.0878,22.0000,-1.3333,🟢中度低估,91.4008,66.0472,9.5423,-2,0,-2
2020-04-30,9000.5100,34.1500,1.0893,22.0000,-1.3333,🟢中度低估,93.2335,67.1936,9.5674,-2,0,-2
2020-05-01,8718.1800,37.1900,1.0546,15.0000,-1.3333,🟢中度低估,94.3998,44.1364,6.4874,-2,0,-2
2020-05-04,8834.1100,35.9700,1.0680,15.0000,-1.3333,🟢中度低估,93.8470,51.3581,6.5133,-2,0,-2
2020-05-05,8930.6200,33.6100,1.0790,22.0000,-1.3333,🟢中度低估,92.9343,59.2962,9.6426,-2,0,-2
2020-05-06,8984.8600,34.1200,1.0848,22.0000,-1.3333,🟢中度低估,93.1302,63.6842,9.6676,-2,0,-2
2020-05-07,9101.8800,31.4400,1.0982,22.0000,-1.0000,🟡轻度低估,91.4705,73.0546,9.6926,-2,1,-2
2020-05-08,9220.3500,27.9800,1.1117,35.0000,-0.6667,🟡轻度低估,88.5936,82.0321,16.2791,-2,1,-1
2020-05-11,9298.9200,27.5700,1.1202,35.0000,-0.3333,🟡轻度低估,88.0985,85.4968,16.3022,-2,2,-1
2020-05-12,9112.4500,33.0400,1.0970,22.0000,-1.0000,🟡轻度低估,92.5567,72.1915,9.7122,-2,1,-2
2020-05-13,9000.0800,35.2800,1.0828,15.0000,-1.3333,🟢中度低估,93.5823,62.2683,6.5284,-2,0,-2
2020-05-14,9094.4200,32.6100,1.0934,22.0000,-1.3333,🟢中度低估,92.0907,69.9668,9.7622,-2,0,-2
2020-05-15,9152.6400,31.8900,1.0996,22.0000,-1.0000,🟡轻度低估,91.6782,73.9287,9.7871,-2,1,-2
2020-05-18,9331.9300,29.3000,1.1201,28.0000,-0.6667,🟡轻度低估,89.7181,85.4616,11.4981,-2,2,-2
2020-05-19,9298.5400,30.5300,1.1150,22.0000,-1.0000,🟡轻度低估,90.5775,83.3932,9.8093,-2,1,-2
2020-05-20,9485.0200,27.9900,1.1360,35.0000,-0.3333,🟡轻度低估,88.4807,90.8011,16.4641,-2,2,-1
2020-05-21,9377.9900,29.5300,1.1219,28.0000,-0.6667,🟡轻度低估,89.7818,86.1640,11.5438,-2,2,-2
2020-05-22,9413.9900,28.1600,1.1249,28.0000,-0.6667,🟡轻度低估,88.6527,87.2170,11.5682,-2,2,-2
2020-05-26,9389.9800,28.0100,1.1210,28.0000,-0.6667,🟡轻度低估,88.4626,85.7025,11.5926,-2,2,-2
2020-05-27,9442.0500,27.6200,1.1260,35.0000,-0.3333,🟡轻度低估,87.9415,87.6380,16.5563,-2,2,-1
2020-05-28,9416.7100,28.5900,1.1217,28.0000,-0.6667,🟡轻度低估,89.1034,86.0414,11.6138,-2,2,-2
2020-05-29,9555.5300,27.5100,1.1370,35.0000,-0.3333,🟡轻度低估,87.6999,91.1197,16.6023,-2,2,-1
2020-06-01,9598.8900,28.2300,1.1407,28.0000,-0.6667,🟡轻度低估,88.6407,92.2526,11.6350,-2,2,-2
2020-06-02,9657.3100,26.8400,1.1462,35.0000,-0.3333,🟡轻度低估,87.1555,93.3021,16.6483,-2,2,-1
2020-06-03,9704.6900,25.6600,1.1504,35.0000,-0.3333,🟡轻度低估,85.0648,94.1031,16.6713,-2,2,-1
2020-06-04,9629.6600,25.8100,1.1402,35.0000,-0.3333,🟡轻度低估,85.3719,91.9835,16.6942,-2,2,-1
2020-06-05,9824.3900,24.5200,1.1618,42.0000,0.3333,🟠轻度高估,82.0986,95.3732,24.7315,-1,3,-1
2020-06-08,9901.5200,25.8100,1.1694,35.0000,0.0000,⚪中性,85.3800,96.0352,16.7126,-2,3,-1
2020-06-09,9967.1700,27.5700,1.1756,35.0000,0.0000,⚪中性,87.8062,96.3116,16.7355,-2,3,-1
2020-06-10,10094.2600,27.5700,1.1887,35.0000,0.0000,⚪中性,87.8096,97.4408,16.7584,-2,3,-1
2020-06-11,9588.4800,40.7900,1.1278,5.0000,-1.3333,🟢中度低估,95.4608,87.8955,4.7593,-3,2,-3
2020-06-12,9663.7800,36.0900,1.1353,15.0000,-0.6667,🟡轻度低估,93.9494,90.3740,6.5457,-2,2,-2
2020-06-15,9776.8900,34.4000,1.1471,22.0000,-0.6667,🟡轻度低估,93.1812,93.4286,9.8433,-2,2,-2
2020-06-16,9949.3700,33.6700,1.1658,22.0000,-0.3333,🟡轻度低估,92.8807,95.6020,9.8681,-2,3,-2
2020-06-17,9982.4800,33.4700,1.1681,22.0000,-0.3333,🟡轻度低估,92.7178,95.8230,9.8928,-2,3,-2
2020-06-18,10012.0500,32.9400,1.1699,22.0000,-0.3333,🟡轻度低估,92.3901,95.9890,9.9176,-2,3,-2
2020-06-19,10008.6400,35.1200,1.1680,15.0000,-0.3333,🟡轻度低估,93.5183,95.7429,6.5641,-2,3,-2
2020-06-22,10130.3300,31.7700,1.1806,22.0000,-0.3333,🟡轻度低估,91.4333,96.8149,9.9671,-2,3,-2
2020-06-23,10209.8200,31.3700,1.1882,22.0000,-0.3333,🟡轻度低估,91.1611,97.3099,9.9918,-2,3,-2
2020-06-24,10002.7000,33.8400,1.1627,22.0000,-0.3333,🟡轻度低估,92.9199,95.1976,10.0165,-2,3,-2
2020-06-25,10101.8300,32.2200,1.1726,22.0000,-0.3333,🟡轻度低估,91.7970,96.1317,10.0412,-2,3,-2
2020-06-26,9849.3600,34.7300,1.1420,22.0000,-0.6667,🟡轻度低估,93.3626,92.1558,10.0658,-2,2,-2
2020-06-29,9961.1600,31.7800,1.1536,22.0000,-0.6667,🟡轻度低估,91.3628,94.2693,10.0905,-2,2,-2
2020-06-30,10156.8500,30.4300,1.1747,22.0000,-0.3333,🟡轻度低估,90.2412,96.1623,10.1151,-2,3,-2
2020-07-01,10279.2500,28.6200,1.1872,28.0000,-0.3333,🟡轻度低估,88.7914,97.2321,11.9759,-2,3,-2
2020-07-02,10341.8900,27.6800,1.1928,35.0000,0.0000,⚪中性,87.6438,97.5890,17.1233,-2,3,-1
2020-07-06,10604.0600,27.9400,1.2211,35.0000,0.0000,⚪中性,87.9211,98.5210,17.1460,-2,3,-1
2020-07-07,10524.0100,29.4300,1.2100,28.0000,-0.3333,🟡轻度低估,89.4304,98.1928,11.9934,-2,3,-2
2020-07-08,10666.7000,28.0800,1.2245,28.0000,-0.3333,🟡轻度低估,88.1194,98.6586,12.0175,-2,3,-2
2020-07-09,10754.5900,29.2600,1.2325,28.0000,-0.3333,🟡轻度低估,89.3268,98.9874,12.0416,-2,3,-2
2020-07-10,10836.3300,27.2900,1.2396,35.0000,0.0000,⚪中性,86.8947,99.5622,17.2367,-2,3,-1
2020-07-13,10602.2100,32.1900,1.2109,22.0000,-0.3333,🟡轻度低估,91.7396,98.1400,10.1204,-2,3,-2
2020-07-14,10689.5200,29.5200,1.2188,28.0000,-0.3333,🟡轻度低估,89.4449,98.3593,12.0864,-2,3,-2
2020-07-15,10701.6800,27.7600,1.2181,35.0000,0.0000,⚪中性,87.5615,98.3051,17.3045,-2,3,-1
2020-07-16,10626.4600,28.0000,1.2076,35.0000,0.0000,⚪中性,87.9202,97.9503,17.3271,-2,3,-1
2020-07-17,10645.2200,25.6800,1.2077,35.0000,0.3333,🟠轻度高估,84.4536,97.9508,17.3497,-1,3,-1
2020-07-20,10952.0800,24.4600,1.2401,42.0000,0.3333,🟠轻度高估,81.2620,99.5903,25.3483,-1,3,-1
2020-07-21,10833.0700,24.8400,1.2244,42.0000,0.3333,🟠轻度高估,82.0863,98.5527,25.3687,-1,3,-1
2020-07-22,10870.7500,24.3200,1.2265,42.0000,0.3333,🟠轻度高估,80.9173,98.7169,25.3890,-1,3,-1
2020-07-23,10580.5900,26.0800,1.1919,35.0000,0.0000,⚪中性,85.3439,97.1616,17.3581,-2,3,-1
2020-07-24,10483.1300,25.8400,1.1790,35.0000,0.3333,🟠轻度高估,84.7476,96.2074,17.3806,-1,3,-1
2020-07-27,10674.3800,24.7400,1.1985,42.0000,0.3333,🟠轻度高估,81.8331,97.5996,25.4501,-1,3,-1
2020-07-28,10532.5000,25.4400,1.1807,35.0000,0.3333,🟠轻度高估,83.6379,96.3458,17.3984,-1,3,-1
2020-07-29,10662.9800,24.1000,1.1934,42.0000,0.3333,🟠轻度高估,80.0981,97.2737,25.4907,-1,3,-1
2020-07-30,10715.5100,24.7600,1.1974,42.0000,0.3333,🟠轻度高估,81.9297,97.5198,25.5110,-1,3,-1
2020-07-31,10905.8800,24.4600,1.2166,42.0000,0.3333,🟠轻度高估,81.1444,98.1471,25.5313,-1,3,-1
2020-08-03,11055.0800,24.2800,1.2311,42.0000,0.3333,🟠轻度高估,80.6047,98.8559,25.5516,-1,3,-1
2020-08-04,11096.5400,23.7600,1.2336,42.0000,0.3333,🟠轻度高估,79.2211,98.9924,25.5719,-1,3,-1
2020-08-05,11125.4400,22.9900,1.2346,42.0000,0.3333,🟠轻度高估,77.2393,99.1288,25.5922,-1,3,-1
2020-08-06,11267.0800,22.6500,1.2480,42.0000,0.3333,🟠轻度高估,76.3745,99.7550,25.6124,-1,3,-1
2020-08-07,11139.3900,22.2100,1.2316,42.0000,0.3333,🟠轻度高估,74.8844,98.7755,25.6327,-1,3,-1
2020-08-10,11085.1700,22.1300,1.2234,42.0000,0.3333,🟠轻度高估,74.7280,98.2862,25.6529,-1,3,-1
2020-08-11,10876.0800,24.0300,1.1984,42.0000,0.3333,🟠轻度高估,79.9021,97.3892,25.6731,-1,3,-1
2020-08-12,11157.7200,22.2800,1.2274,42.0000,0.3333,🟠轻度高估,75.1223,98.6134,25.6933,-1,3,-1
2020-08-13,11178.3700,22.1300,1.2276,42.0000,0.3333,🟠轻度高估,74.6942,98.6138,25.7135,-1,3,-1
2020-08-14,11164.4500,22.0500,1.2239,42.0000,0.3333,🟠轻度高估,74.4293,98.2609,25.7337,-1,3,-1
2020-08-17,11288.5700,21.3500,1.2354,48.0000,0.6667,🟠轻度高估,72.5075,99.1307,32.3010,-1,3,0
2020-08-18,11399.0300,21.5100,1.2452,48.0000,0.6667,🟠轻度高估,73.0581,99.6469,32.3194,-1,3,0
2020-08-19,11318.6400,22.5400,1.2343,42.0000,0.3333,🟠轻度高估,75.9978,98.9954,25.7399,-1,3,-1
2020-08-20,11477.0500,22.7200,1.2493,42.0000,0.3333,🟠轻度高估,76.5472,99.7557,25.7600,-1,3,-1
2020-08-21,11555.1600,22.5400,1.2556,42.0000,0.3333,🟠轻度高估,75.9837,99.8643,25.7802,-1,3,-1
2020-08-24,11626.1700,22.3700,1.2609,42.0000,0.3333,🟠轻度高估,75.2849,99.9186,25.8003,-1,3,-1
2020-08-25,11721.8100,22.0300,1.2689,42.0000,0.3333,🟠轻度高估,74.3152,100.0000,25.8205,-1,3,-1
2020-08-26,11971.9400,23.2700,1.2934,42.0000,0.3333,🟠轻度高估,78.0369,100.0000,25.8406,-1,3,-1
2020-08-27,11926.1600,24.4700,1.2859,42.0000,0.3333,🟠轻度高估,81.2415,99.9729,25.8607,-1,3,-1
2020-08-28,11995.8500,22.9600,1.2908,42.0000,0.3333,🟠轻度高估,77.1545,99.9729,25.8808,-1,3,-1
2020-08-31,12110.7000,26.4100,1.3004,35.0000,0.0000,⚪中性,86.1555,100.0000,17.3124,-2,3,-1
2020-09-01,12292.8600,26.1200,1.3171,35.0000,0.0000,⚪中性,85.5634,100.0000,17.3348,-2,3,-1
2020-09-02,12420.5400,26.5700,1.3279,35.0000,0.0000,⚪中性,86.3796,100.0000,17.3572,-2,3,-1
2020-09-03,11771.3700,33.6000,1.2562,22.0000,-0.3333,🟡轻度低估,92.8262,99.6481,10.0433,-2,3,-2
2020-09-04,11622.1300,30.7500,1.2381,22.0000,-0.3333,🟡轻度低估,90.5819,98.9986,10.0677,-2,3,-2
2020-09-08,11068.2600,31.4600,1.1773,22.0000,-0.3333,🟡轻度低估,91.1797,95.1840,10.0920,-2,3,-2
2020-09-09,11395.8500,28.8100,1.2102,28.0000,-0.3333,🟡轻度低估,88.8829,97.2951,12.0638,-2,3,-2
2020-09-10,11154.1200,29.7100,1.1827,28.0000,-0.3333,🟡轻度低估,89.6160,95.7545,12.0876,-2,3,-2
2020-09-11,11087.4000,26.8700,1.1739,35.0000,-0.3333,🟡轻度低估,86.5369,94.8364,17.4912,-2,2,-1
2020-09-14,11277.7600,25.8500,1.1923,35.0000,0.3333,🟠轻度高估,84.6486,96.4054,17.5135,-1,3,-1
2020-09-15,11438.8700,25.5900,1.2074,35.0000,0.3333,🟠轻度高估,83.8962,97.1359,17.5358,-1,3,-1
2020-09-16,11247.6000,26.0400,1.1854,35.0000,0.0000,⚪中性,85.0891,95.9211,17.5581,-2,3,-1
2020-09-17,11080.9500,26.4600,1.1661,35.0000,-0.3333,🟡轻度低估,86.0383,94.0589,17.5803,-2,2,-1
2020-09-18,10936.9800,25.8300,1.1494,35.0000,0.0000,⚪中性,84.5572,92.1166,17.6026,-1,2,-1
2020-09-21,10980.2200,27.7800,1.1523,35.0000,-0.3333,🟡轻度低估,87.6113,92.6856,17.6248,-2,2,-1
2020-09-22,11186.3700,26.8600,1.1722,35.0000,-0.3333,🟡轻度低估,86.5084,94.6843,17.6471,-2,2,-1
2020-09-23,10833.3300,28.5800,1.1337,28.0000,-0.6667,🟡轻度低估,88.6701,88.0227,12.0852,-2,2,-2
2020-09-24,10896.4700,28.5100,1.1388,28.0000,-0.6667,🟡轻度低估,88.5653,89.7249,12.1090,-2,2,-2
2020-09-25,11151.1300,26.3800,1.1637,35.0000,-0.3333,🟡轻度低估,85.8722,93.7989,17.7137,-2,2,-1
2020-09-28,11364.4500,26.1900,1.1842,35.0000,0.0000,⚪中性,85.3369,95.7951,17.7358,-2,3,-1
2020-09-29,11322.9500,26.2700,1.1781,35.0000,0.0000,⚪中性,85.5295,95.1496,17.7580,-2,3,-1
2020-09-30,11418.0600,26.3700,1.1862,35.0000,0.0000,⚪中性,85.8297,95.9860,17.7802,-2,3,-1
2020-10-01,11583.2000,26.7000,1.2014,35.0000,0.0000,⚪中性,86.3183,97.0105,17.8023,-2,3,-1
2020-10-02,11255.6900,27.6300,1.1659,35.0000,-0.3333,🟡轻度低估,87.3452,93.8880,17.8244,-2,2,-1
2020-10-05,11509.0600,27.9600,1.1903,35.0000,0.0000,⚪中性,87.8062,96.2315,17.8466,-2,3,-1
2020-10-06,11291.2700,29.4800,1.1662,28.0000,-0.6667,🟡轻度低估,89.4779,93.9182,12.1098,-2,2,-2
2020-10-07,11503.1900,28.0600,1.1863,28.0000,-0.3333,🟡轻度低估,88.0011,95.9376,12.1334,-2,3,-2
2020-10-08,11550.9400,26.3600,1.1895,35.0000,0.0000,⚪中性,85.6643,96.1807,17.9129,-2,3,-1
2020-10-09,11725.8500,25.0000,1.2056,42.0000,0.3333,🟠轻度高估,82.0920,97.0960,26.4587,-1,3,-1
2020-10-12,12088.1100,25.0700,1.2408,35.0000,0.3333,🟠轻度高估,82.3118,99.2473,17.9301,-1,3,-1
2020-10-13,12083.1700,26.0700,1.2382,35.0000,0.3333,🟠轻度高估,84.8428,98.9788,17.9522,-1,3,-1
2020-10-14,11985.3600,26.4000,1.2261,35.0000,0.0000,⚪中性,85.7872,98.0387,17.9742,-2,3,-1
2020-10-15,11898.5700,26.9700,1.2152,35.0000,0.0000,⚪中性,86.4625,97.3677,17.9962,-2,3,-1
2020-10-16,11852.1700,27.4100,1.2087,35.0000,0.0000,⚪中性,86.8421,97.0999,18.0183,-2,3,-1
2020-10-19,11634.3500,29.1800,1.1847,28.0000,-0.3333,🟡轻度低估,89.2886,95.5705,12.1342,-2,3,-2
2020-10-20,11677.8400,29.3500,1.1874,28.0000,-0.3333,🟡轻度低估,89.3720,95.7864,12.1578,-2,3,-2
2020-10-21,11665.3700,28.6500,1.1845,28.0000,-0.3333,🟡轻度低估,88.7041,95.5192,12.1814,-2,3,-2
2020-10-22,11662.9100,28.1100,1.1826,28.0000,-0.3333,🟡轻度低估,88.0097,95.2521,12.2049,-2,3,-2
2020-10-23,11692.5700,27.5500,1.1840,35.0000,0.0000,⚪中性,86.9402,95.3875,18.1282,-2,3,-1
2020-10-26,11504.5200,32.4600,1.1634,22.0000,-0.6667,🟡轻度低估,92.0375,93.2708,10.0268,-2,2,-2
2020-10-27,11598.9500,33.3500,1.1715,22.0000,-0.6667,🟡轻度低估,92.6025,94.1571,10.0509,-2,2,-2
2020-10-28,11142.7600,40.2800,1.1242,5.0000,-1.6667,🟢中度低估,95.4716,84.4319,4.6624,-3,1,-3
2020-10-29,11350.7400,37.5900,1.1439,15.0000,-0.6667,🟡轻度低估,94.5888,90.4366,6.4559,-2,2,-2
2020-10-30,11052.9500,38.0200,1.1128,15.0000,-1.0000,🟡轻度低估,94.7509,79.8875,6.4810,-2,1,-2
2020-11-02,11084.7600,37.1300,1.1149,15.0000,-1.0000,🟡轻度低估,94.4043,80.8032,6.5060,-2,1,-2
2020-11-03,11279.9100,35.5500,1.1333,15.0000,-0.6667,🟡轻度低估,93.7366,87.2859,6.5310,-2,2,-2
2020-11-04,11777.0200,29.5700,1.1817,28.0000,-0.3333,🟡轻度低估,89.4033,95.1298,12.3896,-2,3,-2
2020-11-05,12078.0700,27.5800,1.2102,35.0000,0.0000,⚪中性,86.8646,97.2178,18.3253,-2,3,-1
2020-11-06,12091.3500,24.8600,1.2097,42.0000,0.3333,🟠轻度高估,81.0912,97.1383,26.8521,-1,3,-1
2020-11-09,11830.3900,25.7500,1.1819,35.0000,0.3333,🟠轻度高估,83.6898,95.1070,18.3422,-1,3,-1
2020-11-10,11624.2900,24.8000,1.1599,42.0000,0.0000,⚪中性,80.9944,92.8094,26.8912,-1,2,-1
2020-11-11,11892.9300,23.4500,1.1850,42.0000,0.3333,🟠轻度高估,77.3650,95.5371,26.9107,-1,3,-1
2020-11-12,11827.1400,25.3500,1.1769,35.0000,0.0000,⚪中性,82.4205,94.4430,18.3543,-1,2,-1
2020-11-13,11937.8400,23.1000,1.1862,42.0000,0.3333,🟠轻度高估,76.3889,95.6464,26.9498,-1,3,-1
2020-11-16,12013.3800,22.4500,1.1920,42.0000,0.3333,🟠轻度高估,74.3391,96.1282,26.9693,-1,3,-1
2020-11-17,11977.4900,22.7100,1.1868,42.0000,0.3333,🟠轻度高估,75.3337,95.6754,26.9888,-1,3,-1
2020-11-18,11894.7100,23.8400,1.1772,42.0000,0.0000,⚪中性,78.3827,94.3688,27.0083,-1,2,-1
2020-11-19,11985.4300,23.1100,1.1847,42.0000,0.3333,🟠轻度高估,76.4141,95.3842,27.0277,-1,3,-1
2020-11-20,11906.4400,23.7000,1.1754,42.0000,0.0000,⚪中性,78.1008,94.1318,27.0472,-1,2,-1
2020-11-23,11905.9400,22.6600,1.1740,42.0000,0.0000,⚪中性,75.2000,94.0267,27.0667,-1,2,-1
2020-11-24,12079.8100,21.6400,1.1896,48.0000,0.6667,🟠轻度高估,72.1408,95.9744,33.5644,-1,3,0
2020-11-25,12152.2200,21.2500,1.1952,48.0000,0.6667,🟠轻度高估,70.9222,96.4552,33.5821,-1,3,0
2020-11-27,12258.2100,20.8400,1.2041,48.0000,1.0000,🟠轻度高估,69.3046,96.8825,33.5998,0,3,0
2020-11-30,12268.3200,20.5700,1.2035,48.0000,1.0000,🟠轻度高估,68.3271,96.8567,33.6175,0,3,0
2020-12-01,12455.3300,20.7700,1.2202,48.0000,1.0000,🟠轻度高估,69.0812,97.6298,33.6352,0,3,0
2020-12-02,12456.4100,21.1700,1.2186,48.0000,0.6667,🟠轻度高估,70.5804,97.5240,33.6528,-1,3,0
2020-12-03,12467.1300,21.2800,1.2180,48.0000,0.6667,🟠轻度高估,70.9875,97.4714,33.6705,-1,3,0
2020-12-04,12528.4800,20.7900,1.2222,48.0000,1.0000,🟠轻度高估,69.1059,97.7115,33.6881,0,3,0
2020-12-07,12596.4700,21.3000,1.2267,48.0000,0.6667,🟠轻度高估,71.0295,98.1112,33.7058,-1,3,0
2020-12-08,12635.7200,20.6800,1.2282,48.0000,1.0000,🟠轻度高估,68.5904,98.2447,33.7234,0,3,0
2020-12-09,12364.6400,22.2700,1.1998,42.0000,0.3333,🟠轻度高估,73.8367,96.5701,27.0141,-1,3,-1
2020-12-10,12401.7400,22.5200,1.2011,42.0000,0.3333,🟠轻度高估,74.6943,96.5710,27.0335,-1,3,-1
2020-12-11,12375.4100,23.3100,1.1963,42.0000,0.3333,🟠轻度高估,76.9864,96.1998,27.0529,-1,3,-1
2020-12-14,12462.2100,24.7200,1.2026,42.0000,0.3333,🟠轻度高估,80.8183,96.6259,27.0723,-1,3,-1
2020-12-15,12595.9200,22.8900,1.2132,42.0000,0.3333,🟠轻度高估,75.8566,97.1315,27.0916,-1,3,-1
2020-12-16,12668.1600,22.5000,1.2180,42.0000,0.3333,🟠轻度高估,74.5353,97.3712,27.1110,-1,3,-1
2020-12-17,12752.0600,21.9300,1.2236,48.0000,0.6667,🟠轻度高估,72.7369,97.7436,33.8466,-1,3,0
2020-12-18,12738.1800,21.5700,1.2198,48.0000,0.6667,🟠轻度高估,71.8684,97.5053,33.8641,-1,3,0
2020-12-21,12690.2600,25.1600,1.2125,35.0000,0.3333,🟠轻度高估,82.2234,97.0284,18.2542,-1,3,-1
2020-12-22,12717.5600,24.2300,1.2126,42.0000,0.3333,🟠轻度高估,79.4695,97.0292,27.1353,-1,3,-1
2020-12-23,12653.1400,23.3100,1.2038,42.0000,0.3333,🟠轻度高估,76.9557,96.5526,27.1546,-1,3,-1
2020-12-24,12711.0100,21.5300,1.2062,48.0000,0.6667,🟠轻度高估,71.6331,96.6596,33.9343,-1,3,0
2020-12-28,12838.8600,21.7000,1.2155,48.0000,0.6667,🟠轻度高估,72.1707,97.1906,33.9518,-1,3,0
2020-12-29,12843.4900,23.0800,1.2126,42.0000,0.3333,🟠轻度高估,76.3116,97.0058,27.1595,-1,3,-1
2020-12-30,12845.3600,22.7700,1.2097,42.0000,0.3333,🟠轻度高估,75.4437,96.7682,27.1788,-1,3,-1
2020-12-31,12888.2800,22.7500,1.2105,42.0000,0.3333,🟠轻度高估,75.4237,96.9015,27.1981,-1,3,-1
2021-01-04,12694.6600,26.9700,1.1893,35.0000,0.0000,⚪中性,86.2589,95.2873,18.2420,-2,3,-1
2021-01-05,12802.3800,25.3400,1.1961,35.0000,0.3333,🟠轻度高估,82.5040,95.8444,18.2636,-1,3,-1
2021-01-06,12623.3500,25.0700,1.1763,35.0000,0.0000,⚪中性,81.9794,93.5168,18.2853,-1,2,-1
2021-01-07,12939.5700,22.3700,1.2028,42.0000,0.3333,🟠轻度高估,73.8624,96.3228,27.2751,-1,3,-1
2021-01-08,13105.2000,21.5600,1.2150,48.0000,0.6667,🟠轻度高估,71.6213,97.1172,34.0915,-1,3,0
2021-01-11,12902.4900,24.0800,1.1934,42.0000,0.3333,🟠轻度高估,79.0058,95.5843,27.2871,-1,3,-1
2021-01-12,12892.0900,23.3300,1.1895,42.0000,0.3333,🟠轻度高估,76.9495,95.2154,27.3064,-1,3,-1
2021-01-13,12973.6300,22.2100,1.1942,42.0000,0.3333,🟠轻度高估,73.3087,95.6924,27.3256,-1,3,-1
2021-01-14,12898.6900,23.2500,1.1846,42.0000,0.0000,⚪中性,76.8032,94.5310,27.3448,-1,2,-1
2021-01-15,12803.9300,24.3400,1.1730,42.0000,0.0000,⚪中性,79.8996,93.1062,27.3640,-1,2,-1
2021-01-19,12996.5400,23.2400,1.1877,42.0000,0.0000,⚪中性,76.7098,94.9036,27.3832,-1,2,-1
2021-01-20,13296.4500,21.5800,1.2120,48.0000,0.6667,🟠轻度高估,71.5945,96.9113,34.2133,-1,3,0
2021-01-21,13404.9900,21.3200,1.2189,48.0000,0.6667,🟠轻度高估,70.6519,97.4663,34.2307,-1,3,0
2021-01-22,13366.4000,21.9100,1.2125,48.0000,0.6667,🟠轻度高估,72.4274,96.8865,34.2480,-1,3,0
2021-01-25,13483.2900,23.1900,1.2201,42.0000,0.3333,🟠轻度高估,76.5497,97.5204,27.3806,-1,3,-1
2021-01-26,13490.1900,23.0200,1.2179,42.0000,0.3333,🟠轻度高估,76.0285,97.2574,27.3998,-1,3,-1
2021-01-27,13112.6500,37.2100,1.1812,15.0000,-0.6667,🟡轻度低估,94.5689,93.8835,6.4593,-2,2,-2
2021-01-28,13201.5300,30.2100,1.1868,22.0000,-0.6667,🟡轻度低估,90.1687,94.6758,10.0685,-2,2,-2
2021-01-29,12925.3800,33.0900,1.1598,22.0000,-0.6667,🟡轻度低估,92.4638,91.4888,10.0922,-2,2,-2
2021-02-01,13248.9000,30.2400,1.1864,22.0000,-0.6667,🟡轻度低估,90.1739,94.6523,10.1159,-2,2,-2
2021-02-02,13456.1200,25.5600,1.2025,35.0000,0.3333,🟠轻度高估,83.0919,96.1285,18.3303,-1,3,-1
2021-02-03,13402.3700,22.9100,1.1952,42.0000,0.3333,🟠轻度高估,75.6187,95.6029,27.5145,-1,3,-1
2021-02-04,13560.8900,21.7700,1.2065,48.0000,0.6667,🟠轻度高估,72.0716,96.4201,34.4038,-1,3,0
2021-02-05,13603.9600,20.8700,1.2077,48.0000,1.0000,🟠轻度高估,68.6842,96.5000,34.4211,0,3,0
2021-02-08,13695.0200,21.2400,1.2131,48.0000,0.6667,🟠轻度高估,70.1394,96.9219,34.4383,-1,3,0
2021-02-09,13687.0800,21.6300,1.2097,48.0000,0.6667,🟠轻度高估,71.5413,96.5807,34.4555,-1,3,0
2021-02-10,13655.2700,21.9900,1.2044,48.0000,0.6667,🟠轻度高估,72.5217,96.2135,34.4728,-1,3,0
2021-02-11,13734.3500,21.2500,1.2086,48.0000,0.6667,🟠轻度高估,70.1893,96.4511,34.4900,-1,3,0
2021-02-12,13807.7000,19.9700,1.2125,55.0000,1.0000,🟠轻度高估,65.4139,96.8463,42.5756,0,3,0
2021-02-16,13773.7700,21.4600,1.2070,48.0000,0.6667,🟠轻度高估,70.8355,96.2953,34.4982,-1,3,0
2021-02-17,13699.7100,21.5000,1.1979,48.0000,0.6667,🟠轻度高估,71.0533,95.6396,34.5154,-1,3,0
2021-02-18,13637.5100,22.4900,1.1900,42.0000,0.0000,⚪中性,74.1071,94.8267,27.4685,-1,2,-1
2021-02-19,13580.7800,22.0500,1.1826,42.0000,0.0000,⚪中性,72.7225,93.7254,27.4875,-1,2,-1
2021-02-22,13223.7400,23.4500,1.1494,42.0000,0.0000,⚪中性,77.3491,89.7900,27.5066,-1,2,-1
2021-02-23,13194.7100,23.1100,1.1448,42.0000,0.0000,⚪中性,76.2530,88.9006,27.5256,-1,2,-1
2021-02-24,13302.1900,21.3400,1.1521,48.0000,0.3333,🟠轻度高估,70.3568,90.2938,34.6013,-1,2,0
2021-02-25,12828.3100,28.8900,1.1094,28.0000,-1.0000,🟡轻度低估,88.8277,76.4752,12.2738,-2,1,-2
2021-02-26,12909.4400,27.9500,1.1146,35.0000,-0.6667,🟡轻度低估,87.5983,78.9984,18.3010,-2,1,-1
2021-03-01,13282.9500,23.3500,1.1447,42.0000,0.0000,⚪中性,76.9856,88.8073,27.5754,-1,2,-1
2021-03-02,13059.9500,24.1000,1.1236,42.0000,-0.3333,🟡轻度低估,79.0356,82.5734,27.5943,-1,1,-1
2021-03-03,12683.3300,26.6700,1.0895,35.0000,-1.0000,🟡轻度低估,85.8790,63.7412,18.3128,-2,0,-1
2021-03-04,12464.0000,28.5700,1.0692,28.0000,-1.3333,🟢中度低估,88.5018,49.1881,12.2839,-2,0,-2
2021-03-05,12668.5100,24.6600,1.0852,42.0000,-0.6667,🟡轻度低估,80.5970,60.5918,27.6512,-1,0,-1
2021-03-08,12299.0800,25.4700,1.0523,35.0000,-0.6667,🟡轻度低估,82.9058,40.2094,18.3508,-1,0,-1
2021-03-09,12794.4900,24.0300,1.0931,42.0000,-0.6667,🟡轻度低估,78.7490,66.1607,27.6891,-1,0,-1
2021-03-10,12752.0700,22.5600,1.0879,42.0000,-0.6667,🟡轻度低估,74.3328,62.5589,27.7080,-1,0,-1
2021-03-11,13052.9000,21.9100,1.1118,48.0000,0.0000,⚪中性,72.0638,77.8969,34.7894,-1,1,0
2021-03-12,12937.2900,20.6900,1.1004,48.0000,0.3333,🟠轻度高估,67.5471,70.7113,34.8065,0,1,0
2021-03-15,13082.5400,20.0300,1.1110,48.0000,0.3333,🟠轻度高估,65.3856,77.4641,34.8235,0,1,0
2021-03-16,13152.2800,19.7900,1.1152,55.0000,0.3333,🟠轻度高估,64.4276,79.3779,42.8907,0,1,0
2021-03-17,13202.3800,19.2300,1.1177,55.0000,0.3333,🟠轻度高估,62.5294,80.5331,42.9057,0,1,0
2021-03-18,12789.1400,21.5800,1.0813,48.0000,-0.3333,🟡轻度低估,71.1860,57.7847,34.8224,-1,0,0
2021-03-19,12866.9900,20.9500,1.0864,48.0000,0.0000,⚪中性,68.5558,61.3737,34.8394,0,0,0
2021-03-22,13086.5100,18.8800,1.1034,55.0000,0.3333,🟠轻度高估,61.2010,72.7676,42.9504,0,1,0
2021-03-23,13017.7900,20.3000,1.0961,48.0000,0.0000,⚪中性,66.2490,67.7891,34.8473,0,0,0
2021-03-24,12798.8800,21.2000,1.0764,48.0000,0.0000,⚪中性,69.5981,53.7056,34.8643,0,0,0
2021-03-25,12780.5100,19.8100,1.0735,55.0000,0.0000,⚪中性,64.4143,52.1002,42.9950,0,0,0
2021-03-26,12979.1200,18.8600,1.0889,55.0000,0.0000,⚪中性,61.0589,63.1716,43.0099,0,0,0
2021-03-29,12965.7400,20.7400,1.0862,48.0000,0.0000,⚪中性,67.9009,61.1213,34.8631,0,0,0
2021-03-30,12896.5300,19.6100,1.0790,55.0000,0.0000,⚪中性,64.0250,55.9176,43.0396,0,0,0
2021-03-31,13091.4400,19.4000,1.0938,55.0000,0.0000,⚪中性,63.0701,66.3800,43.0545,0,0,0
2021-04-01,13329.5200,17.3300,1.1121,62.0000,0.3333,🟠轻度高估,53.4393,77.9833,54.0125,0,1,0
2021-04-05,13598.1600,17.9100,1.1328,62.0000,0.6667,🟠轻度高估,56.4730,85.4910,54.0245,0,2,0
2021-04-06,13578.4600,18.1200,1.1295,55.0000,0.3333,🟠轻度高估,57.5781,84.3750,43.0469,0,1,0
2021-04-07,13616.7000,17.1600,1.1310,62.0000,0.3333,🟠轻度高估,52.5905,84.8217,54.0484,0,1,0
2021-04-08,13758.5100,16.9500,1.1410,62.0000,0.6667,🟠轻度高估,51.4315,88.1312,54.0604,0,2,0
2021-04-09,13845.0600,16.6900,1.1465,62.0000,0.6667,🟠轻度高估,50.1691,89.2792,54.0723,0,2,0
2021-04-12,13819.3500,16.9100,1.1425,62.0000,0.6667,🟠轻度高估,51.2747,88.4755,54.0843,0,2,0
2021-04-13,13986.4900,16.6500,1.1545,62.0000,0.6667,🟠轻度高估,49.8309,90.6112,54.0962,0,2,0
2021-04-14,13803.9100,16.9900,1.1376,62.0000,0.6667,🟠轻度高估,51.6381,87.0515,54.1082,0,2,0
2021-04-15,14026.1900,16.5700,1.1540,62.0000,0.6667,🟠轻度高估,49.1812,90.5641,54.1201,0,2,0
2021-04-16,14041.9100,16.2500,1.1534,62.0000,0.6667,🟠轻度高估,47.2973,90.4886,54.1320,0,2,0
2021-04-19,13907.6700,17.2900,1.1407,62.0000,0.6667,🟠轻度高估,53.2866,87.9189,54.1439,0,2,0
2021-04-20,13809.3000,18.6800,1.1310,55.0000,0.3333,🟠轻度高估,60.3896,84.6494,42.9610,0,1,0
2021-04-21,13935.1500,17.5000,1.1398,62.0000,0.6667,🟠轻度高估,54.2976,87.6396,54.1677,0,2,0
2021-04-22,13762.3600,18.7100,1.1241,55.0000,0.3333,🟠轻度高估,60.4881,82.4766,42.9647,0,1,0
2021-04-23,13941.4400,17.3300,1.1372,62.0000,0.6667,🟠轻度高估,53.4908,86.8155,54.1915,0,2,0
2021-04-26,14026.1600,17.6400,1.1426,62.0000,0.6667,🟠轻度高估,55.1894,88.4276,54.2034,0,2,0
2021-04-27,13960.2800,17.5600,1.1358,62.0000,0.6667,🟠轻度高估,54.6563,86.3554,54.2153,0,2,0
2021-04-28,13901.6200,17.2800,1.1295,62.0000,0.3333,🟠轻度高估,53.0861,84.1286,54.2272,0,1,0
2021-04-29,13970.2000,17.6100,1.1336,62.0000,0.6667,🟠轻度高估,55.0946,85.4550,54.2390,0,2,0
2021-04-30,13860.7600,18.6100,1.1233,55.0000,0.3333,🟠轻度高估,60.0829,82.1928,42.9238,0,1,0
2021-05-03,13799.7200,18.3100,1.1169,55.0000,0.3333,🟠轻度高估,58.5126,79.8393,42.9386,0,1,0
2021-05-04,13544.6700,19.4800,1.0950,55.0000,0.0000,⚪中性,63.6269,66.7358,42.9534,0,0,0
2021-05-05,13503.3700,19.1500,1.0905,55.0000,0.0000,⚪中性,62.3932,64.0508,42.9681,0,0,0
2021-05-06,13613.7300,18.3900,1.0982,55.0000,0.0000,⚪中性,58.8814,68.8244,42.9829,0,0,0
2021-05-07,13719.6300,16.6900,1.1055,62.0000,0.3333,🟠轻度高估,50.0129,73.9063,54.3101,0,1,0
2021-05-10,13359.0800,19.6600,1.0752,55.0000,0.0000,⚪中性,64.4410,52.6139,42.9865,0,0,0
2021-05-11,13351.2700,21.8400,1.0733,48.0000,-0.3333,🟡轻度低估,72.1863,51.5653,34.6184,-1,0,0
2021-05-12,13001.6300,27.5900,1.0442,35.0000,-1.0000,🟡轻度低估,87.1443,35.2819,18.1583,-2,0,-1
2021-05-13,13109.1500,23.1300,1.0518,42.0000,-0.6667,🟡轻度低估,76.3900,39.3070,27.4373,-1,0,-1
2021-05-14,13393.1200,18.8100,1.0734,55.0000,0.0000,⚪中性,60.8842,51.6287,43.0455,0,0,0
2021-05-17,13312.9100,19.7200,1.0659,55.0000,0.0000,⚪中性,64.4869,46.6270,43.0602,0,0,0
2021-05-18,13217.6800,21.3400,1.0573,48.0000,-0.3333,🟡轻度低估,70.4134,42.2739,34.6512,-1,0,0
2021-05-19,13237.9100,22.1800,1.0580,42.0000,-0.6667,🟡轻度低估,73.1077,42.5730,27.4348,-1,0,-1
2021-05-20,13494.0900,20.6700,1.0774,48.0000,0.0000,⚪中性,67.6136,54.3388,34.6849,0,0,0
2021-05-21,13411.7400,20.1500,1.0698,48.0000,0.0000,⚪中性,65.9695,49.1609,34.7018,0,0,0
2021-05-24,13641.7500,18.4000,1.0872,55.0000,0.0000,⚪中性,58.8281,61.5643,43.1337,0,0,0
2021-05-25,13657.7300,18.8400,1.0873,55.0000,0.0000,⚪中性,60.9548,61.7548,43.1484,0,0,0
2021-05-26,13702.7400,17.3600,1.0898,62.0000,0.0000,⚪中性,53.4314,63.5965,54.4634,0,0,0
2021-05-27,13657.8500,16.7400,1.0850,62.0000,0.0000,⚪中性,50.1161,59.8917,54.4751,0,0,0
2021-05-28,13686.5100,16.7600,1.0862,62.0000,0.0000,⚪中性,50.1289,60.7530,54.4868,0,0,0
2021-06-01,13654.5900,17.9000,1.0826,62.0000,0.0000,⚪中性,56.3032,58.2109,54.4986,0,0,0
2021-06-02,13675.7900,17.4800,1.0832,62.0000,0.0000,⚪中性,53.8918,58.7629,54.5103,0,0,0
2021-06-03,13529.6800,18.0400,1.0707,55.0000,0.0000,⚪中性,57.0987,49.7552,43.1074,0,0,0
2021-06-04,13770.7700,16.4200,1.0887,62.0000,0.0000,⚪中性,48.0165,62.7769,54.5337,0,0,0
2021-06-07,13802.8900,16.4200,1.0902,62.0000,0.0000,⚪中性,48.0299,63.9712,54.5455,0,0,0
2021-06-08,13810.8600,17.0700,1.0898,62.0000,0.0000,⚪中性,51.8795,63.6972,54.5572,0,0,0
2021-06-09,13814.9400,17.8900,1.0892,62.0000,0.0000,⚪中性,56.2934,63.1660,54.5689,0,0,0
2021-06-10,13960.3500,16.1000,1.0996,62.0000,0.0000,⚪中性,46.0113,69.8662,54.5805,0,0,0
2021-06-11,13998.3000,15.6500,1.1016,70.0000,0.3333,🟠轻度高估,43.0924,71.3404,68.6905,0,1,0
2021-06-14,14128.2000,16.3900,1.1109,62.0000,0.3333,🟠轻度高估,47.8395,77.1862,54.5782,0,1,0
2021-06-15,14030.4100,17.0200,1.1023,62.0000,0.3333,🟠轻度高估,51.5814,71.7665,54.5899,0,1,0
2021-06-16,13983.0100,18.1500,1.0977,55.0000,0.0000,⚪中性,57.7892,68.6632,43.0334,0,0,0
2021-06-17,14163.8100,17.7500,1.1110,62.0000,0.3333,🟠轻度高估,55.5384,77.2809,54.6132,0,1,0
2021-06-18,14049.5800,20.7000,1.1013,48.0000,0.3333,🟠轻度高估,67.9599,71.0175,34.5581,0,1,0
2021-06-21,14137.2300,17.8900,1.1074,62.0000,0.3333,🟠轻度高估,56.3319,75.0321,54.6365,0,1,0
2021-06-22,14270.4200,16.6600,1.1168,62.0000,0.3333,🟠轻度高估,49.4864,79.9949,54.6482,0,1,0
2021-06-23,14274.2400,16.3200,1.1159,62.0000,0.3333,🟠轻度高估,47.3427,79.5635,54.6598,0,1,0
2021-06-24,14365.9600,15.9700,1.1217,70.0000,0.3333,🟠轻度高估,45.1489,81.6222,68.7628,0,1,0
2021-06-25,14345.1800,15.6200,1.1187,70.0000,0.3333,🟠轻度高估,42.7508,80.6518,68.7708,0,1,0
2021-06-28,14524.9800,15.7600,1.1313,70.0000,0.3333,🟠轻度高估,43.4582,84.8640,68.7789,0,1,0
2021-06-29,14572.7500,16.0200,1.1335,62.0000,0.6667,🟠轻度高估,45.3963,85.5348,54.6294,0,2,0
2021-06-30,14554.8000,15.8300,1.1306,70.0000,0.3333,🟠轻度高估,43.9487,84.4872,68.7949,0,1,0
2021-07-01,14560.0500,15.4800,1.1297,70.0000,0.3333,🟠轻度高估,41.4765,84.2604,68.8029,0,1,0
2021-07-02,14727.6300,15.0700,1.1411,70.0000,0.6667,🟠轻度高估,38.8262,88.1599,68.8109,0,2,0
2021-07-06,14786.3600,16.4400,1.1440,62.0000,0.6667,🟠轻度高估,48.2706,88.8035,54.5990,0,2,0
2021-07-07,14810.5400,16.2000,1.1442,62.0000,0.6667,🟠轻度高估,46.5164,88.8320,54.6107,0,2,0
2021-07-08,14722.1400,19.0000,1.1357,55.0000,0.6667,🟠轻度高估,61.9206,86.3764,42.9193,0,2,0
2021-07-09,14826.0900,16.1800,1.1421,62.0000,0.6667,🟠轻度高估,46.4158,88.3769,54.6339,0,2,0
2021-07-12,14877.8900,16.1700,1.1443,62.0000,0.6667,🟠轻度高估,46.4039,88.8661,54.6455,0,2,0
2021-07-13,14874.5400,17.1200,1.1423,62.0000,0.6667,🟠轻度高估,52.3286,88.4340,54.6571,0,2,0
2021-07-14,14900.4400,16.3300,1.1427,62.0000,0.6667,🟠轻度高估,47.5058,88.5137,54.6687,0,2,0
2021-07-15,14794.6900,17.0100,1.1331,62.0000,0.6667,🟠轻度高估,51.5857,85.2430,54.6803,0,2,0
2021-07-16,14681.3800,18.4500,1.1230,55.0000,0.3333,🟠轻度高估,59.2687,81.9228,42.8791,0,1,0
2021-07-19,14549.0900,22.5000,1.1115,42.0000,-0.3333,🟡轻度低估,74.5654,77.1984,27.1728,-1,1,-1
2021-07-20,14728.2100,19.7300,1.1238,55.0000,0.3333,🟠轻度高估,64.7585,82.1876,42.9083,0,1,0
2021-07-21,14842.6300,17.9100,1.1310,62.0000,0.3333,🟠轻度高估,56.6173,84.5427,54.7266,0,1,0
2021-07-22,14940.1700,17.6900,1.1370,62.0000,0.6667,🟠轻度高估,55.3768,86.6411,54.7382,0,2,0
2021-07-23,15111.7900,17.2000,1.1484,62.0000,0.6667,🟠轻度高估,52.5281,89.6578,54.7497,0,2,0
2021-07-26,15125.9500,17.5800,1.1479,62.0000,0.6667,🟠轻度高估,54.7613,89.5839,54.7613,0,2,0
2021-07-27,14956.9700,19.3600,1.1336,55.0000,0.6667,🟠轻度高估,63.2721,85.3752,42.8790,0,2,0
2021-07-28,15018.1000,18.3100,1.1368,55.0000,0.6667,🟠轻度高估,58.6119,86.5017,42.8936,0,2,0
2021-07-29,15048.3600,17.7000,1.1378,62.0000,0.6667,🟠轻度高估,55.4082,87.0153,54.7959,0,2,0
2021-07-30,14959.9000,18.2400,1.1299,55.0000,0.3333,🟠轻度高估,58.3270,83.9582,42.8972,0,1,0
2021-08-02,14963.6200,19.4600,1.1289,55.0000,0.3333,🟠轻度高估,63.7940,83.5798,42.9118,0,1,0
2021-08-03,15061.4200,18.0400,1.1349,55.0000,0.6667,🟠轻度高估,57.3031,85.9546,42.9263,0,2,0
2021-08-04,15083.3900,17.9700,1.1352,62.0000,0.6667,🟠轻度高估,56.8298,86.0347,54.8420,0,2,0
2021-08-05,15181.6400,17.2800,1.1411,62.0000,0.6667,🟠轻度高估,52.8662,88.0000,54.8535,0,2,0
2021-08-06,15109.3600,16.1500,1.1342,62.0000,0.6667,🟠轻度高估,46.0774,85.5323,54.8650,0,2,0
2021-08-09,15133.1100,16.7200,1.1345,62.0000,0.6667,🟠轻度高估,49.9363,85.7143,54.8765,0,2,0
2021-08-10,15053.5800,16.7900,1.1271,62.0000,0.3333,🟠轻度高估,50.1273,83.0193,54.8880,0,1,0
2021-08-11,15027.7600,16.1700,1.1237,62.0000,0.3333,🟠轻度高估,46.1950,81.8529,54.8995,0,1,0
2021-08-12,15088.9800,15.5900,1.1268,70.0000,0.3333,🟠轻度高估,42.1883,82.9008,69.0331,0,1,0
2021-08-13,15136.6800,15.4500,1.1289,70.0000,0.3333,🟠轻度高估,40.9819,83.4648,69.0410,0,1,0
2021-08-16,15140.7700,16.1200,1.1275,62.0000,0.3333,🟠轻度高估,45.9054,83.0621,54.8830,0,1,0
2021-08-17,15002.8300,17.9100,1.1157,62.0000,0.3333,🟠轻度高估,56.6743,78.7948,54.8945,0,1,0
2021-08-18,14857.9200,21.5700,1.1034,48.0000,0.0000,⚪中性,71.7590,71.8099,34.2400,-1,1,0
2021-08-19,14933.9400,21.6700,1.1074,48.0000,0.0000,⚪中性,72.0712,74.2567,34.2567,-1,1,0
2021-08-20,15092.5700,18.5600,1.1176,55.0000,0.3333,🟠轻度高估,59.9848,79.6240,42.8608,0,1,0
2021-08-23,15312.8200,17.1500,1.1325,62.0000,0.3333,🟠轻度高估,52.2987,84.7600,54.9403,0,1,0
2021-08-24,15357.6800,17.2200,1.1344,62.0000,0.6667,🟠轻度高估,52.5394,85.6526,54.9518,0,2,0
2021-08-25,15368.9200,16.7900,1.1339,62.0000,0.6667,🟠轻度高估,50.1142,85.4024,54.9632,0,2,0
2021-08-26,15278.5200,18.8400,1.1257,55.0000,0.3333,🟠轻度高估,61.3959,82.4873,42.8426,0,1,0
2021-08-27,15432.9500,16.3900,1.1355,62.0000,0.6667,🟠轻度高估,47.6529,86.2218,54.9860,0,2,0
2021-08-30,15605.0900,16.1900,1.1466,62.0000,0.6667,🟠轻度高估,46.1948,89.4470,54.9975,0,2,0
2021-08-31,15582.5100,16.4800,1.1434,62.0000,0.6667,🟠轻度高估,48.2881,88.6381,55.0089,0,2,0
2021-09-01,15611.5700,16.1100,1.1440,62.0000,0.6667,🟠轻度高估,45.6897,88.7424,55.0203,0,2,0
2021-09-02,15604.2500,16.4100,1.1419,62.0000,0.6667,🟠轻度高估,47.8327,88.2129,55.0317,0,2,0
2021-09-03,15652.8600,16.4100,1.1440,62.0000,0.6667,🟠轻度高估,47.8459,88.7228,55.0431,0,2,0
2021-09-07,15675.7600,18.1400,1.1441,55.0000,0.6667,🟠轻度高估,58.0441,88.8016,42.7920,0,2,0
2021-09-08,15620.8500,17.9600,1.1385,62.0000,0.6667,🟠轻度高估,56.8896,87.0821,55.0659,0,2,0
2021-09-09,15561.0500,18.8000,1.1327,55.0000,0.3333,🟠轻度高估,61.2307,84.6797,42.7956,0,1,0
2021-09-10,15440.7500,20.9500,1.1225,48.0000,0.3333,🟠轻度高估,69.2911,81.0633,34.1519,0,1,0
2021-09-13,15434.5000,19.3700,1.1207,55.0000,0.3333,🟠轻度高估,63.5282,80.2075,42.8246,0,1,0
2021-09-14,15382.9000,19.4600,1.1156,55.0000,0.3333,🟠轻度高估,63.9929,78.4160,42.8391,0,1,0
2021-09-15,15503.5300,18.1800,1.1230,55.0000,0.3333,🟠轻度高估,58.1331,81.2800,42.8535,0,1,0
2021-09-16,15515.9100,18.6900,1.1226,55.0000,0.3333,🟠轻度高估,60.7486,81.0824,42.8680,0,1,0
2021-09-17,15333.4700,20.8100,1.1082,48.0000,0.3333,🟠轻度高估,68.9001,74.4880,34.1340,0,1,0
2021-09-20,15012.1900,25.7100,1.0840,35.0000,-0.6667,🟡轻度低估,84.2265,58.2154,17.7705,-1,0,-1
2021-09-21,15027.7700,24.3600,1.0842,42.0000,-0.6667,🟡轻度低估,80.4397,58.2259,26.9143,-1,0,-1
2021-09-22,15176.5100,20.8700,1.0938,48.0000,0.0000,⚪中性,69.0248,65.0581,34.1839,0,0,0
2021-09-23,15316.5800,18.6300,1.1029,55.0000,0.3333,🟠轻度高估,60.3940,71.1543,42.9401,0,1,0
2021-09-24,15329.6800,17.7500,1.1027,62.0000,0.3333,🟠轻度高估,55.5303,71.0354,55.2020,0,1,0
2021-09-27,15204.8200,18.7600,1.0926,55.0000,0.0000,⚪中性,61.0452,64.4282,42.9437,0,0,0
2021-09-28,14770.3000,23.2500,1.0605,42.0000,-0.6667,🟡轻度低估,77.3599,42.6300,26.9056,-1,0,-1
2021-09-29,14752.8900,22.5600,1.0583,42.0000,-0.6667,🟡轻度低估,75.1199,41.6856,26.9240,-1,0,-1
2021-09-30,14689.6200,23.1400,1.0530,42.0000,-0.6667,🟡轻度低估,76.9173,39.2785,26.9425,-1,0,-1
2021-10-01,14791.8700,21.1000,1.0595,48.0000,0.0000,⚪中性,69.7352,42.3707,34.2245,0,0,0
2021-10-04,14472.1200,22.9600,1.0359,42.0000,-0.6667,🟡轻度低估,76.3490,30.4589,26.9541,-1,0,-1
2021-10-05,14674.1500,21.3000,1.0496,48.0000,-0.3333,🟡轻度低估,70.6831,36.8793,34.2576,-1,0,0
2021-10-06,14766.7500,21.0000,1.0555,48.0000,0.0000,⚪中性,69.4052,40.6502,34.2742,0,0,0
2021-10-07,14897.1300,19.5400,1.0640,55.0000,0.0000,⚪中性,64.2227,44.8980,43.0587,0,0,0
2021-10-08,14820.7500,18.7700,1.0577,55.0000,0.0000,⚪中性,60.9320,41.5617,43.0730,0,0,0
2021-10-11,14713.7300,20.0000,1.0493,55.0000,0.0000,⚪中性,65.7517,36.6910,43.0874,0,0,0
2021-10-12,14662.1100,19.8500,1.0449,55.0000,0.0000,⚪中性,65.1561,34.8439,43.1017,0,0,0
2021-10-13,14774.6000,18.6400,1.0522,55.0000,0.0000,⚪中性,60.3322,38.7616,43.1160,0,0,0
2021-10-14,15052.4200,16.8600,1.0711,62.0000,0.0000,⚪中性,50.2516,49.1193,55.3598,0,0,0
2021-10-15,15146.9200,16.3000,1.0770,62.0000,0.0000,⚪中性,46.6918,52.8805,55.3711,0,0,0
2021-10-18,15300.8900,16.3100,1.0870,62.0000,0.0000,⚪中性,46.7555,60.3873,55.3823,0,0,0
2021-10-19,15410.7200,15.7000,1.0937,70.0000,0.0000,⚪中性,42.4189,65.0742,69.3990,0,0,0
2021-10-20,15388.7100,15.4900,1.0912,70.0000,0.0000,⚪中性,40.7994,63.5244,69.4067,0,0,0
2021-10-21,15489.5900,15.0100,1.0972,70.0000,0.0000,⚪中性,37.6728,67.3536,69.4144,0,0,0
2021-10-22,15355.0700,15.4300,1.0868,70.0000,0.0000,⚪中性,40.3266,60.0251,69.4221,0,0,0
2021-10-25,15514.1900,15.2400,1.0971,70.0000,0.0000,⚪中性,39.1610,67.1691,69.4298,0,0,0
2021-10-26,15559.4900,15.9800,1.0993,70.0000,0.0000,⚪中性,44.5505,68.6590,69.4375,0,0,0
2021-10-27,15598.3900,16.9800,1.1009,62.0000,0.0000,⚪中性,50.9917,69.6962,55.3101,0,0,0
2021-10-28,15778.1600,16.5300,1.1125,62.0000,0.3333,🟠轻度高估,48.3434,76.9578,55.3213,0,1,0
2021-10-29,15850.4700,16.2600,1.1165,62.0000,0.3333,🟠轻度高估,46.3739,78.9711,55.3325,0,1,0
2021-11-01,15905.2800,16.4100,1.1191,62.0000,0.3333,🟠轻度高估,47.6167,79.9548,55.3437,0,1,0
2021-11-02,15972.4900,16.0300,1.1227,62.0000,0.3333,🟠轻度高估,44.7454,81.2641,55.3549,0,1,0
2021-11-03,16144.5000,15.1000,1.1336,70.0000,0.6667,🟠轻度高估,38.1645,85.2558,69.4835,0,2,0
2021-11-04,16346.2400,15.4400,1.1466,70.0000,0.6667,🟠轻度高估,40.3861,89.5463,69.4911,0,2,0
2021-11-05,16359.3800,16.4800,1.1463,62.0000,0.6667,🟠轻度高估,48.1454,89.3985,55.3383,0,2,0
2021-11-08,16336.0300,17.2200,1.1435,62.0000,0.6667,🟠轻度高估,52.4681,88.6996,55.3495,0,2,0
2021-11-09,16219.9400,17.7800,1.1343,62.0000,0.6667,🟠轻度高估,55.6864,85.5461,55.3607,0,2,0
2021-11-10,15985.5700,18.7300,1.1168,55.0000,0.3333,🟠轻度高估,60.9316,78.9632,42.9251,0,1,0
2021-11-11,16032.4700,17.6600,1.1190,62.0000,0.3333,🟠轻度高估,55.0826,79.7446,55.3831,0,1,0
2021-11-12,16199.8900,16.2900,1.1294,62.0000,0.3333,🟠轻度高估,46.6083,83.3792,55.3942,0,1,0
2021-11-15,16189.1200,16.4900,1.1275,62.0000,0.3333,🟠轻度高估,48.2482,82.8579,55.4054,0,1,0
2021-11-16,16309.7700,16.3700,1.1348,62.0000,0.6667,🟠轻度高估,47.2855,85.8144,55.4166,0,2,0
2021-11-17,16308.0700,17.1100,1.1335,62.0000,0.6667,🟠轻度高估,52.0260,85.0425,55.4277,0,2,0
2021-11-18,16482.9700,17.5900,1.1445,62.0000,0.6667,🟠轻度高估,54.7387,88.9972,55.4389,0,2,0
2021-11-19,16573.3400,17.9100,1.1496,62.0000,0.6667,🟠轻度高估,56.6250,90.2250,55.4500,0,2,0
2021-11-22,16380.9800,19.1700,1.1352,55.0000,0.6667,🟠轻度高估,62.9843,85.9285,42.8643,0,2,0
2021-11-23,16306.7200,19.3800,1.1290,55.0000,0.3333,🟠轻度高估,63.6432,83.2084,42.8786,0,1,0
2021-11-24,16367.8100,18.5800,1.1322,55.0000,0.3333,🟠轻度高估,60.0550,84.3367,42.8928,0,1,0
2021-11-26,16025.5800,28.6200,1.1076,28.0000,-1.0000,🟡轻度低估,89.1359,73.8012,11.7383,-2,1,-2
2021-11-29,16399.2400,22.9600,1.1324,42.0000,-0.3333,🟡轻度低估,76.5543,84.4694,26.7416,-1,1,-1
2021-11-30,16135.9200,27.1900,1.1133,35.0000,-0.6667,🟡轻度低估,86.9446,76.8847,17.5986,-2,1,-1
2021-12-01,15877.7200,31.1200,1.0947,22.0000,-1.3333,🟢中度低估,91.2653,65.2857,9.6082,-2,0,-2
2021-12-02,15990.7600,27.9500,1.1016,35.0000,-1.0000,🟡轻度低估,88.1238,69.8353,17.6397,-2,0,-1
2021-12-03,15712.0400,30.6700,1.0816,22.0000,-1.3333,🟢中度低估,90.9703,56.0738,9.6283,-2,0,-2
2021-12-06,15846.1600,27.1800,1.0899,35.0000,-1.0000,🟡轻度低估,86.8579,62.2195,17.6808,-2,0,-1
2021-12-07,16325.6600,21.8900,1.1216,48.0000,0.0000,⚪中性,72.8497,80.4538,34.1062,-1,1,0
2021-12-08,16394.3400,19.9000,1.1251,55.0000,0.3333,🟠轻度高估,65.5035,81.9292,43.0209,0,1,0
2021-12-09,16149.5700,21.5800,1.1071,48.0000,0.0000,⚪中性,72.0159,73.4862,34.1141,-1,1,0
2021-12-10,16331.9800,18.6900,1.1183,55.0000,0.3333,🟠轻度高估,60.6129,79.2975,43.0493,0,1,0
2021-12-13,16082.5500,20.3100,1.1001,48.0000,0.0000,⚪中性,66.9988,68.7671,34.1220,0,0,0
2021-12-14,15914.9000,21.8900,1.0876,48.0000,-0.3333,🟡轻度低估,72.8835,60.3337,34.1384,-1,0,0
2021-12-15,16289.5900,19.2900,1.1119,55.0000,0.3333,🟠轻度高估,63.0570,76.3007,43.0919,0,1,0
2021-12-16,15863.9400,20.5700,1.0815,48.0000,0.0000,⚪中性,67.7949,55.8985,34.1463,0,0,0
2021-12-17,15801.4600,21.5700,1.0761,48.0000,-0.3333,🟡轻度低估,71.9333,51.6546,34.1627,-1,0,0
2021-12-20,15627.6400,22.8700,1.0631,42.0000,-0.6667,🟡轻度低估,76.1940,43.9055,26.7910,-1,0,-1
2021-12-21,15986.2800,21.0100,1.0863,48.0000,0.0000,⚪中性,69.5349,59.3136,34.1955,0,0,0
2021-12-22,16180.1400,18.6300,1.0982,55.0000,0.0000,⚪中性,60.1691,67.5286,43.1626,0,0,0
2021-12-23,16308.2100,17.9600,1.1057,62.0000,0.3333,🟠轻度高估,56.5250,72.8312,55.7047,0,1,0
2021-12-27,16567.5000,17.6800,1.1219,62.0000,0.3333,🟠轻度高估,54.9205,80.6660,55.7157,0,1,0
2021-12-28,16488.6600,17.5400,1.1152,62.0000,0.3333,🟠轻度高估,53.8634,77.8137,55.7267,0,1,0
2021-12-29,16491.0100,16.9500,1.1141,62.0000,0.3333,🟠轻度高估,50.5961,77.2976,55.7377,0,1,0
2021-12-30,16429.1000,17.3300,1.1088,62.0000,0.3333,🟠轻度高估,52.8930,74.5468,55.7487,0,1,0
2021-12-31,16320.0800,17.2200,1.1001,62.0000,0.0000,⚪中性,52.1351,68.6445,55.7597,0,0,0
2022-01-03,16501.7700,16.6000,1.1110,62.0000,0.3333,🟠轻度高估,48.3991,75.8004,55.7707,0,1,0
2022-01-04,16279.7300,16.9100,1.0949,62.0000,0.0000,⚪中性,50.3970,65.2109,55.7816,0,0,0
2022-01-05,15771.7800,19.7300,1.0597,55.0000,0.0000,⚪中性,64.9963,41.9251,43.0910,0,0,0
2022-01-06,15765.3600,19.6100,1.0582,55.0000,0.0000,⚪中性,64.6577,41.1458,43.1052,0,0,0
2022-01-07,15592.1900,18.7600,1.0456,55.0000,0.0000,⚪中性,60.9472,34.6888,43.1193,0,0,0
2022-01-10,15614.4300,19.4000,1.0462,55.0000,0.0000,⚪中性,63.6341,34.8290,43.1334,0,0,0
2022-01-11,15844.1200,18.4100,1.0605,55.0000,0.0000,⚪中性,58.9591,42.2553,43.1475,0,0,0
2022-01-12,15905.1000,17.6200,1.0636,62.0000,0.0000,⚪中性,54.5837,44.0535,55.8474,0,0,0
2022-01-13,15495.6200,20.3100,1.0353,48.0000,-0.3333,🟡轻度低估,67.0547,29.6755,34.0847,0,-1,0
2022-01-14,15611.5900,19.1900,1.0423,55.0000,0.0000,⚪中性,62.7786,32.7390,43.1649,0,0,0
2022-01-18,15210.7600,22.7900,1.0150,42.0000,-1.0000,🟡轻度低估,76.0832,22.7532,26.6898,-1,-1,-1
2022-01-19,15047.8400,23.8500,1.0036,42.0000,-1.0000,🟡轻度低估,79.2327,19.5297,26.7079,-1,-1,-1
2022-01-20,14846.4600,25.5900,0.9898,35.0000,-1.0000,🟡轻度低估,83.9396,16.2336,17.5699,-1,-1,-1
2022-01-21,14438.4000,28.8500,0.9624,28.0000,-2.0000,🟢中度低估,89.3864,11.5042,11.7021,-2,-2,-2
2022-01-24,14509.5800,29.9000,0.9669,28.0000,-2.0000,🟢中度低估,90.3537,12.1444,11.7240,-2,-2,-2
2022-01-25,14149.1200,31.1600,0.9428,22.0000,-2.0000,🟢中度低估,91.3947,8.5064,9.5697,-2,-2,-2
2022-01-26,14172.7600,31.9600,0.9443,22.0000,-2.0000,🟢中度低估,92.0396,8.8257,9.5921,-2,-2,-2
2022-01-27,14003.1100,30.4900,0.9329,22.0000,-2.0000,🟢中度低估,90.7810,7.4147,9.6144,-2,-2,-2
2022-01-28,14454.6100,27.6600,0.9629,35.0000,-1.6667,🟢中度低估,87.6452,11.6630,17.6921,-2,-2,-1
2022-01-31,14930.0500,24.8300,0.9942,42.0000,-1.0000,🟡轻度低估,81.7194,17.2184,26.8528,-1,-1,-1
2022-02-01,15019.6800,21.9600,0.9998,48.0000,-0.6667,🟡轻度低估,72.9810,18.4984,34.2554,-1,-1,0
2022-02-02,15139.7400,22.0900,1.0074,42.0000,-1.0000,🟡轻度低估,73.4074,20.8395,26.8642,-1,-1,-1
2022-02-03,14501.1100,24.3500,0.9647,42.0000,-1.3333,🟢中度低估,80.5233,11.9724,26.8823,-1,-2,-1
2022-02-04,14694.3500,23.2200,0.9773,42.0000,-1.3333,🟢中度低估,77.3198,13.8450,26.9003,-1,-2,-1
2022-02-07,14571.2500,22.8600,0.9689,42.0000,-1.3333,🟢中度低估,76.0178,12.5093,26.9183,-1,-2,-1
2022-02-08,14747.0300,21.4400,0.9803,48.0000,-1.0000,🟡轻度低估,71.1149,14.4549,34.3365,-1,-2,0
2022-02-09,15056.9600,19.9600,1.0006,55.0000,-0.3333,🟡轻度低估,65.4747,18.8409,43.4032,0,-1,0
2022-02-10,14705.6400,23.9100,0.9770,42.0000,-1.3333,🟢中度低估,79.1913,13.8067,26.9231,-1,-2,-1
2022-02-11,14253.8400,27.3600,0.9469,35.0000,-1.6667,🟢中度低估,87.0348,9.1693,17.6732,-2,-2,-1
2022-02-14,14268.5900,28.3300,0.9477,28.0000,-2.0000,🟢中度低估,88.7137,9.3396,11.7792,-2,-2,-2
2022-02-15,14620.8200,25.7000,0.9708,35.0000,-1.3333,🟢中度低估,84.2079,12.9096,17.7137,-1,-2,-1
2022-02-16,14603.6400,24.2900,0.9694,42.0000,-1.3333,🟢中度低估,80.2463,12.6108,26.9951,-1,-2,-1
2022-02-17,14171.7400,28.1100,0.9405,28.0000,-2.0000,🟢中度低估,88.4265,8.3477,11.7951,-2,-2,-2
2022-02-18,14009.5400,27.7500,0.9296,35.0000,-1.6667,🟢中度低估,87.7400,6.9916,17.7499,-2,-2,-1
2022-02-22,13870.5300,28.8100,0.9203,28.0000,-2.0000,🟢中度低估,89.2936,6.1285,11.8139,-2,-2,-2
2022-02-23,13509.4300,31.0200,0.8963,22.0000,-2.3333,🔥极度低估,91.2894,4.5030,9.5965,-2,-3,-2
2022-02-24,13974.6700,30.3200,0.9270,22.0000,-2.0000,🟢中度低估,90.7257,6.8389,9.6187,-2,-2,-2
2022-02-25,14189.1600,27.5900,0.9409,35.0000,-1.6667,🟢中度低估,87.3832,8.4604,17.8308,-2,-2,-1
2022-02-28,14237.8100,30.1500,0.9437,22.0000,-2.0000,🟢中度低估,90.5090,8.8763,9.6386,-2,-2,-2
2022-03-01,14005.9900,33.3200,0.9282,22.0000,-2.0000,🟢中度低估,93.0433,6.9813,9.6608,-2,-2,-2
2022-03-02,14243.6900,30.7400,0.9436,22.0000,-2.0000,🟢中度低估,91.0543,8.8720,9.6830,-2,-2,-2
2022-03-03,14035.2100,30.4800,0.9296,22.0000,-2.0000,🟢中度低估,90.7371,7.0762,9.7052,-2,-2,-2
2022-03-04,13837.8300,31.9800,0.9163,22.0000,-2.0000,🟢中度低估,92.1150,5.9445,9.7273,-2,-2,-2
2022-03-07,13319.3800,36.4500,0.8820,15.0000,-2.3333,🔥极度低估,94.6464,3.7083,6.0413,-2,-3,-2
2022-03-08,13267.6100,35.1300,0.8786,15.0000,-2.3333,🔥极度低估,94.0339,3.5846,6.0643,-2,-3,-2
2022-03-09,13742.2000,32.4500,0.9100,22.0000,-2.0000,🟢中度低估,92.4153,5.5228,9.7938,-2,-2,-2
2022-03-10,13591.0000,30.2300,0.9001,22.0000,-2.3333,🔥极度低估,90.4540,4.8098,9.8160,-2,-3,-2
2022-03-11,13301.8300,30.7500,0.8810,22.0000,-2.3333,🔥极度低估,90.9961,3.7291,9.8381,-2,-3,-2
2022-03-14,13046.6400,31.7700,0.8643,22.0000,-2.3333,🔥极度低估,91.8322,3.3113,9.8602,-2,-3,-2
2022-03-15,13458.5600,29.8300,0.8916,28.0000,-2.3333,🔥极度低估,89.9461,4.2913,12.1138,-2,-3,-2
2022-03-16,13956.7900,26.6700,0.9246,35.0000,-1.6667,🟢中度低估,85.9524,6.7909,18.0927,-2,-2,-1
2022-03-17,14118.6000,25.6700,0.9351,35.0000,-1.3333,🟢中度低估,83.7500,7.9657,18.1127,-1,-2,-1
2022-03-18,14420.0800,23.8700,0.9548,42.0000,-1.3333,🟢中度低估,78.6817,10.9042,27.3707,-1,-2,-1
2022-03-21,14376.0900,23.5300,0.9517,42.0000,-1.3333,🟢中度低估,77.8295,10.3871,27.3885,-1,-2,-1
2022-03-22,14654.3300,22.9400,0.9699,42.0000,-1.3333,🟢中度低估,75.8266,13.2011,27.4063,-1,-2,-1
2022-03-23,14447.5500,23.5700,0.9560,42.0000,-1.3333,🟢中度低估,77.9628,11.0676,27.4241,-1,-2,-1
2022-03-24,14765.6900,21.6700,0.9767,48.0000,-1.0000,🟡轻度低估,71.6279,14.3696,34.8103,-1,-2,0
2022-03-25,14754.3100,20.8100,0.9757,48.0000,-0.6667,🟡轻度低估,68.2085,14.2193,34.8262,0,-2,0
2022-03-28,14987.4000,19.6300,0.9908,55.0000,-0.3333,🟡轻度低估,63.9589,17.1764,43.8463,0,-1,0
2022-03-29,15239.3200,18.9000,1.0071,55.0000,-0.3333,🟡轻度低估,60.9589,21.5020,43.8601,0,-1,0
2022-03-30,15071.5500,19.3300,0.9957,55.0000,-0.3333,🟡轻度低估,62.4113,18.2685,43.8738,0,-1,0
2022-03-31,14838.4900,20.5600,0.9800,48.0000,-0.6667,🟡轻度低估,67.0905,14.9878,34.8166,0,-2,0
2022-04-01,14861.2100,19.6300,0.9813,55.0000,-0.3333,🟡轻度低估,63.9697,15.3508,43.9012,0,-1,0
2022-04-04,15159.5800,18.5700,1.0006,55.0000,-0.3333,🟡轻度低估,58.9932,19.5992,43.9150,0,-1,0
2022-04-05,14820.6400,21.0300,0.9780,48.0000,-0.6667,🟡轻度低估,68.9958,14.7080,34.8155,0,-2,0
2022-04-06,14498.8900,22.1000,0.9567,42.0000,-1.3333,🟢中度低估,73.0093,11.2115,27.3815,-1,-2,-1
2022-04-07,14531.8100,21.5500,0.9588,48.0000,-1.0000,🟡轻度低估,71.1111,11.4774,34.8474,-1,-2,0
2022-04-08,14327.2600,21.1600,0.9453,48.0000,-0.6667,🟡轻度低估,69.5068,9.3018,34.8633,0,-2,0
2022-04-11,13990.2100,24.3700,0.9232,42.0000,-1.3333,🟢中度低估,80.2294,6.6390,27.3859,-1,-2,-1
2022-04-12,13940.2400,24.2600,0.9201,42.0000,-1.3333,🟢中度低估,79.7706,6.2958,27.4036,-1,-2,-1
2022-04-13,14217.2900,21.8200,0.9385,48.0000,-1.0000,🟡轻度低估,72.0664,8.3679,34.9110,-1,-2,0
2022-04-14,13893.2100,22.7000,0.9173,42.0000,-1.3333,🟢中度低估,75.0488,6.1707,27.4146,-1,-2,-1
2022-04-18,13910.7600,22.1700,0.9186,42.0000,-1.3333,🟢中度低估,73.1285,6.2668,27.4323,-1,-2,-1
2022-04-19,14210.2600,21.3700,0.9386,48.0000,-1.0000,🟡轻度低估,70.3559,8.4349,34.9586,-1,-2,0
2022-04-20,13998.5300,20.3200,0.9248,48.0000,-0.6667,🟡轻度低估,66.1711,6.8974,34.9744,0,-2,0
2022-04-21,13720.4500,22.6800,0.9068,42.0000,-1.3333,🟢中度低估,75.0244,5.3363,27.4366,-1,-2,-1
2022-04-22,13356.8700,28.2100,0.8831,28.0000,-2.3333,🔥极度低估,88.2826,3.7759,12.0585,-2,-3,-2
2022-04-25,13533.2200,27.0200,0.8952,35.0000,-2.0000,🟢中度低估,86.4101,4.5543,18.0468,-2,-3,-1
2022-04-26,13009.7100,33.5200,0.8611,22.0000,-2.3333,🔥极度低估,93.2798,3.2627,9.8125,-2,-3,-2
2022-04-27,13003.3600,31.6000,0.8612,22.0000,-2.3333,🔥极度低估,91.7235,3.2863,9.8345,-2,-3,-2
2022-04-28,13456.0600,29.9900,0.8916,28.0000,-2.3333,🔥极度低估,90.1679,4.3076,12.1197,-2,-3,-2
2022-04-29,12854.8000,33.4000,0.8523,22.0000,-2.3333,🔥极度低估,93.1387,3.0414,9.8540,-2,-3,-2
2022-05-02,13075.8500,32.3400,0.8674,22.0000,-2.3333,🔥极度低估,92.3620,3.4298,9.8759,-2,-3,-2
2022-05-03,13089.9000,29.2500,0.8688,28.0000,-2.3333,🔥极度低估,89.3726,3.5019,12.1839,-2,-3,-2
2022-05-04,13535.7100,25.4200,0.8987,35.0000,-1.6667,🟢中度低估,82.8106,4.9356,18.1862,-1,-3,-1
2022-05-05,12850.5500,31.2000,0.8538,22.0000,-2.3333,🔥极度低估,91.2980,3.0627,9.8930,-2,-3,-2
2022-05-06,12693.5300,30.1900,0.8440,22.0000,-2.3333,🔥极度低估,90.3281,2.9891,9.9149,-2,-3,-2
2022-05-09,12187.7200,34.7500,0.8112,22.0000,-2.3333,🔥极度低估,93.9504,2.8426,9.9368,-2,-3,-2
2022-05-10,12345.8600,32.9900,0.8224,22.0000,-2.3333,🔥极度低估,92.8346,2.9147,9.9587,-2,-3,-2
2022-05-11,11967.5600,32.5600,0.7980,22.0000,-2.3333,🔥极度低估,92.4235,2.6955,9.9806,-2,-3,-2
2022-05-12,11945.5000,31.7700,0.7974,22.0000,-2.3333,🔥极度低估,91.7698,2.6948,10.0024,-2,-3,-2
2022-05-13,12387.4000,28.8700,0.8276,28.0000,-2.3333,🔥极度低估,88.8592,2.9854,12.3301,-2,-3,-2
2022-05-16,12243.5800,27.4700,0.8188,35.0000,-2.0000,🟢中度低估,86.5567,2.9604,18.3451,-2,-3,-1
2022-05-17,12564.1000,26.1000,0.8409,35.0000,-1.6667,🟢中度低估,84.6191,3.0810,18.3649,-1,-3,-1
2022-05-18,11928.3100,30.9600,0.7991,22.0000,-2.3333,🔥极度低估,90.9532,2.7407,10.0170,-2,-3,-2
2022-05-19,11875.6300,29.3500,0.7965,28.0000,-2.3333,🔥极度低估,89.3307,2.6916,12.3666,-2,-3,-2
2022-05-20,11835.6200,29.4300,0.7947,28.0000,-2.3333,🔥极度低估,89.4061,2.6909,12.3879,-2,-3,-2
2022-05-23,12034.2800,28.4800,0.8089,28.0000,-2.3333,🔥极度低估,88.2937,2.9569,12.4091,-2,-3,-2
2022-05-24,11769.8400,29.4500,0.7920,28.0000,-2.3333,🔥极度低估,89.4112,2.6896,12.4303,-2,-3,-2
2022-05-25,11943.9300,28.3700,0.8045,28.0000,-2.3333,🔥极度低估,88.1298,2.9312,12.4516,-2,-3,-2
2022-05-26,12276.7900,27.5000,0.8277,35.0000,-2.0000,🟢中度低估,86.5101,3.1727,18.5033,-2,-3,-1
2022-05-27,12681.4200,25.7200,0.8557,35.0000,-1.6667,🟢中度低估,83.5351,3.5351,18.5230,-1,-3,-1
2022-05-31,12642.1000,26.1900,0.8538,35.0000,-1.6667,🟢中度低估,84.6284,3.4132,18.5427,-1,-3,-1
2022-06-01,12548.3600,25.6900,0.8482,35.0000,-1.6667,🟢中度低估,83.3495,3.3882,18.5624,-1,-3,-1
2022-06-02,12892.8900,24.7200,0.8721,42.0000,-1.6667,🟢中度低估,80.5710,3.9923,27.9458,-1,-3,-1
2022-06-03,12548.0300,24.7900,0.8494,42.0000,-1.6667,🟢中度低估,80.7934,3.4107,27.9632,-1,-3,-1
2022-06-06,12599.6300,25.0700,0.8536,35.0000,-1.6667,🟢中度低估,81.6929,3.4583,18.5732,-1,-3,-1
2022-06-07,12711.6800,24.0200,0.8619,42.0000,-1.6667,🟢中度低估,78.4816,3.8201,27.9981,-1,-3,-1
2022-06-08,12615.1300,23.9600,0.8561,42.0000,-1.6667,🟢中度低估,78.3901,3.6742,28.0155,-1,-3,-1
2022-06-09,12269.7800,26.0900,0.8335,35.0000,-1.6667,🟢中度低估,84.4128,3.1899,18.5839,-1,-3,-1
2022-06-10,11832.8200,27.7500,0.8048,35.0000,-2.0000,🟢中度低估,87.1225,2.9476,18.6035,-2,-3,-1
2022-06-13,11288.3200,34.0200,0.7688,22.0000,-2.3333,🔥极度低估,93.6232,2.4155,10.0000,-2,-3,-2
2022-06-14,11311.6900,32.6900,0.7715,22.0000,-2.3333,🔥极度低估,92.5139,2.4632,10.0217,-2,-3,-2
2022-06-15,11593.7700,29.6200,0.7918,28.0000,-2.3333,🔥极度低估,89.5461,2.7282,12.4819,-2,-3,-2
2022-06-16,11127.5700,32.9500,0.7612,22.0000,-2.3333,🔥极度低估,92.8313,2.3654,10.0410,-2,-3,-2
2022-06-17,11265.9900,31.1300,0.7718,22.0000,-2.3333,🔥极度低估,91.0956,2.5097,10.0627,-2,-3,-2
2022-06-21,11546.7600,30.1900,0.7921,22.0000,-2.3333,🔥极度低估,90.1809,2.8227,10.0844,-2,-3,-2
2022-06-22,11527.7100,28.9500,0.7919,28.0000,-2.3333,🔥极度低估,88.7844,2.7979,12.5663,-2,-3,-2
2022-06-23,11697.6800,29.0500,0.8047,28.0000,-2.3333,🔥极度低估,88.9559,3.1107,12.5874,-2,-3,-2
2022-06-24,12105.8500,27.2300,0.8338,35.0000,-2.0000,🟢中度低估,85.9932,3.4233,18.7801,-2,-3,-1
2022-06-27,12008.2400,26.9500,0.8281,35.0000,-2.0000,🟢中度低估,85.6833,3.3984,18.7997,-2,-3,-1
2022-06-28,11637.7700,28.3600,0.8036,28.0000,-2.3333,🔥极度低估,87.9759,3.0843,12.6024,-2,-3,-2
2022-06-29,11658.2600,28.1600,0.8060,28.0000,-2.3333,🔥极度低估,87.7138,3.1800,12.6235,-2,-3,-2
2022-06-30,11503.7200,28.7100,0.7964,28.0000,-2.3333,🔥极度低估,88.4634,2.8902,12.6445,-2,-3,-2
2022-07-01,11585.6800,26.7000,0.8032,35.0000,-2.0000,🟢中度低估,85.4081,3.1062,18.8779,-2,-3,-1
2022-07-05,11779.9000,27.5400,0.8177,35.0000,-2.0000,🟢中度低估,86.3505,3.3943,18.8974,-2,-3,-1
2022-07-06,11852.5900,26.7300,0.8238,35.0000,-2.0000,🟢中度低估,85.3911,3.4657,18.9170,-2,-3,-1
2022-07-07,12109.0500,26.0800,0.8424,35.0000,-1.6667,🟢中度低估,84.0231,3.7055,18.9365,-1,-3,-1
2022-07-08,12125.6900,24.6400,0.8444,42.0000,-1.6667,🟢中度低估,79.9856,3.7768,28.3618,-1,-3,-1
2022-07-11,11860.2800,26.1700,0.8269,35.0000,-1.6667,🟢中度低估,84.2472,3.4873,18.9514,-1,-3,-1
2022-07-12,11744.9900,27.2900,0.8199,35.0000,-2.0000,🟢中度低估,85.9822,3.4383,18.9709,-2,-3,-1
2022-07-13,11728.5300,26.8200,0.8198,35.0000,-2.0000,🟢中度低估,85.3846,3.4375,18.9904,-2,-3,-1
2022-07-14,11768.4000,26.4000,0.8235,35.0000,-1.6667,🟢中度低估,84.8594,3.5088,19.0099,-1,-3,-1
2022-07-15,11983.6200,24.2300,0.8394,42.0000,-1.6667,🟢中度低估,78.6641,3.7482,28.4479,-1,-3,-1
2022-07-18,11877.5000,25.3000,0.8328,35.0000,-1.6667,🟢中度低估,81.7199,3.6512,19.0247,-1,-3,-1
2022-07-19,12249.4200,24.5000,0.8596,42.0000,-1.6667,🟢中度低估,79.5149,4.3708,28.4822,-1,-3,-1
2022-07-20,12439.6800,23.8800,0.8737,42.0000,-1.6667,🟢中度低估,77.6230,4.7299,28.4994,-1,-3,-1
2022-07-21,12619.4100,23.1100,0.8869,42.0000,-1.3333,🟢中度低估,75.3241,5.2808,28.5166,-1,-2,-1
2022-07-22,12396.4700,23.0300,0.8719,42.0000,-1.6667,🟢中度低估,75.0660,4.7036,28.5337,-1,-3,-1
2022-07-25,12328.4100,23.3600,0.8679,42.0000,-1.6667,🟢中度低估,76.1756,4.6545,28.5509,-1,-3,-1
2022-07-26,12086.9000,24.6900,0.8517,42.0000,-1.6667,🟢中度低估,80.0192,4.0297,28.5680,-1,-3,-1
2022-07-27,12601.4700,23.2400,0.8887,42.0000,-1.3333,🟢中度低估,75.7794,5.4436,28.5851,-1,-2,-1
2022-07-28,12717.8700,22.3300,0.8975,42.0000,-1.3333,🟢中度低估,72.4526,6.1136,28.6023,-1,-2,-1
2022-07-29,12947.9700,21.3300,0.9143,48.0000,-0.6667,🟡轻度低估,69.0556,7.4545,36.0499,0,-2,0
2022-08-01,12940.7800,22.8400,0.9144,42.0000,-1.3333,🟢中度低估,74.3350,7.5006,28.6125,-1,-2,-1
2022-08-02,12901.6000,23.9300,0.9123,42.0000,-1.3333,🟢中度低估,77.7671,7.2832,28.6296,-1,-2,-1
2022-08-03,13253.2600,21.9500,0.9378,48.0000,-1.0000,🟡轻度低估,71.1856,9.8922,36.0958,-1,-2,0
2022-08-04,13311.0400,21.4400,0.9426,48.0000,-0.6667,🟡轻度低估,69.3726,10.5843,36.1111,0,-2,0
2022-08-05,13207.6900,21.1500,0.9360,48.0000,-0.6667,🟡轻度低估,68.1350,9.6481,36.1264,0,-2,0
2022-08-08,13159.1600,21.2900,0.9333,48.0000,-0.6667,🟡轻度低估,68.7650,9.3825,36.1417,0,-2,0
2022-08-09,13008.1700,21.7700,0.9234,48.0000,-1.0000,🟡轻度低估,70.8303,8.3274,36.1570,-1,-2,0
2022-08-10,13378.3200,19.7400,0.9503,55.0000,-0.6667,🟡轻度低估,62.9665,11.9378,45.0957,0,-2,0
2022-08-11,13291.9900,20.2000,0.9450,48.0000,-0.6667,🟡轻度低估,64.5779,11.0500,36.1636,0,-2,0
2022-08-12,13565.8700,19.5300,0.9651,55.0000,-0.6667,🟡轻度低估,62.0995,14.3950,45.1220,0,-2,0
2022-08-15,13667.1800,19.9500,0.9730,55.0000,-0.3333,🟡轻度低估,63.5907,15.5869,45.1351,0,-1,0
2022-08-16,13635.2100,19.6900,0.9715,55.0000,-0.3333,🟡轻度低估,62.7629,15.3920,45.1482,0,-1,0
2022-08-17,13470.8600,19.9000,0.9606,55.0000,-0.6667,🟡轻度低估,63.4409,13.6440,45.1613,0,-2,0
2022-08-18,13505.9900,19.5600,0.9639,55.0000,-0.6667,🟡轻度低估,62.3029,14.2618,45.1744,0,-2,0
2022-08-19,13242.9000,20.6000,0.9460,48.0000,-0.6667,🟡轻度低估,65.9183,11.2730,36.1357,0,-2,0
2022-08-22,12890.5400,23.8000,0.9219,42.0000,-1.3333,🟢中度低估,77.4117,8.1184,28.5578,-1,-2,-1
2022-08-23,12881.7900,24.1100,0.9225,42.0000,-1.3333,🟢中度低估,78.3958,8.1404,28.5748,-1,-2,-1
2022-08-24,12917.8600,22.8200,0.9262,42.0000,-1.3333,🟢中度低估,74.3198,8.6396,28.5919,-1,-2,-1
2022-08-25,13143.5800,21.7800,0.9434,48.0000,-1.0000,🟡轻度低估,70.8423,10.8805,36.1966,-1,-2,0
2022-08-26,12605.1700,25.5600,0.9060,35.0000,-1.3333,🟢中度低估,82.4905,6.7748,18.9170,-1,-2,-1
2022-08-29,12484.3200,26.2100,0.8984,35.0000,-1.3333,🟢中度低估,84.4026,6.1770,18.9363,-1,-2,-1
2022-08-30,12342.7000,26.2100,0.8894,35.0000,-1.3333,🟢中度低估,84.4063,5.5317,18.9557,-1,-2,-1
2022-08-31,12272.0300,25.8700,0.8856,35.0000,-1.3333,🟢中度低估,83.4565,5.2443,18.9750,-1,-2,-1
2022-09-01,12274.6200,25.5600,0.8870,35.0000,-1.3333,🟢中度低估,82.4357,5.3622,18.9943,-1,-2,-1
2022-09-02,12098.4400,25.4700,0.8756,35.0000,-1.6667,🟢中度低估,82.2254,4.8606,19.0136,-1,-3,-1
2022-09-06,12011.3100,26.9100,0.8707,35.0000,-2.0000,🟢中度低估,85.7075,4.7165,19.0329,-2,-3,-1
2022-09-07,12259.3900,24.6400,0.8900,42.0000,-1.3333,🟢中度低估,79.8762,5.6442,28.7211,-1,-2,-1
2022-09-08,12321.1900,23.6100,0.8959,42.0000,-1.3333,🟢中度低估,76.8333,6.1667,28.7381,-1,-2,-1
2022-09-09,12588.2900,22.7900,0.9166,42.0000,-1.3333,🟢中度低估,74.0776,7.8553,28.7551,-1,-2,-1
2022-09-12,12739.7200,23.8700,0.9288,42.0000,-1.3333,🟢中度低估,77.5345,9.1385,28.7720,-1,-2,-1
2022-09-13,12033.6200,27.2700,0.8787,35.0000,-2.0000,🟢中度低估,86.0576,4.9964,19.0340,-2,-3,-1
2022-09-14,12134.4000,26.1600,0.8873,35.0000,-1.3333,🟢中度低估,84.2293,5.4472,19.0533,-1,-2,-1
2022-09-15,11927.4900,26.2700,0.8736,35.0000,-1.6667,🟢中度低估,84.5660,4.7800,19.0725,-1,-3,-1
2022-09-16,11861.3800,26.3000,0.8701,35.0000,-1.6667,🟢中度低估,84.6648,4.7076,19.0918,-1,-3,-1
2022-09-19,11953.2700,25.7600,0.8781,35.0000,-1.3333,🟢中度低估,83.1709,5.0155,19.1110,-1,-2,-1
2022-09-20,11851.5400,27.1600,0.8720,35.0000,-2.0000,🟢中度低估,85.9078,4.7766,19.1302,-2,-3,-1
2022-09-21,11637.7900,27.9900,0.8575,35.0000,-2.0000,🟢中度低估,87.5030,4.3003,19.1494,-2,-3,-1
2022-09-22,11501.6500,27.3500,0.8489,35.0000,-2.0000,🟢中度低估,86.1758,3.9667,19.1686,-2,-3,-1
2022-09-23,11311.2400,29.9200,0.8364,28.0000,-2.3333,🔥极度低估,89.9549,3.6808,12.4911,-2,-3,-2
2022-09-26,11254.1100,32.2600,0.8337,22.0000,-2.3333,🔥极度低估,92.3552,3.6562,9.9478,-2,-3,-2
2022-09-27,11271.7500,32.6000,0.8365,22.0000,-2.3333,🔥极度低估,92.5231,3.7503,9.9691,-2,-3,-2
2022-09-28,11493.8300,30.1800,0.8546,22.0000,-2.3333,🔥极度低估,90.2468,4.2477,9.9905,-2,-3,-2
2022-09-29,11164.7800,31.8400,0.8316,22.0000,-2.3333,🔥极度低估,91.9098,3.6062,10.0119,-2,-3,-2
2022-09-30,10971.2200,31.6200,0.8187,22.0000,-2.3333,🔥极度低估,91.6746,3.3681,10.0332,-2,-3,-2
2022-10-03,11229.7300,30.1000,0.8396,22.0000,-2.3333,🔥极度低估,90.0403,3.8653,10.0545,-2,-3,-2
2022-10-04,11582.5400,29.0700,0.8674,28.0000,-2.3333,🔥极度低估,88.9995,4.7653,12.6363,-2,-3,-2
2022-10-05,11573.1800,28.5500,0.8680,28.0000,-2.3333,🔥极度低估,88.2200,4.8827,12.6570,-2,-3,-2
2022-10-06,11485.5000,30.5200,0.8628,22.0000,-2.3333,🔥极度低估,90.5450,4.6919,10.0711,-2,-3,-2
2022-10-07,11039.4700,31.3600,0.8308,22.0000,-2.3333,🔥极度低估,91.4238,3.6247,10.0924,-2,-3,-2
2022-10-10,10926.9700,32.4500,0.8240,22.0000,-2.3333,🔥极度低估,92.4680,3.5291,10.1137,-2,-3,-2
2022-10-11,10791.3500,33.6300,0.8155,22.0000,-2.3333,🔥极度低估,93.5117,3.3152,10.1350,-2,-3,-2
2022-10-12,10785.6200,33.5700,0.8168,22.0000,-2.3333,🔥极度低估,93.4422,3.3617,10.1562,-2,-3,-2
2022-10-13,11033.5800,31.9400,0.8373,22.0000,-2.3333,🔥极度低估,91.9053,3.9053,10.1775,-2,-3,-2
2022-10-14,10692.0600,32.0200,0.8132,22.0000,-2.3333,🔥极度低估,92.0729,3.2892,10.1988,-2,-3,-2
2022-10-17,11062.5300,31.3700,0.8431,22.0000,-2.3333,🔥极度低估,91.3650,4.1164,10.2200,-2,-3,-2
2022-10-18,11147.7400,30.5000,0.8513,22.0000,-2.3333,🔥极度低估,90.3737,4.3046,10.2412,-2,-3,-2
2022-10-19,11103.3800,30.7600,0.8496,22.0000,-2.3333,🔥极度低估,90.7070,4.3036,10.2625,-2,-3,-2
2022-10-20,11046.7100,29.9800,0.8470,28.0000,-2.3333,🔥极度低估,89.6927,4.2317,12.8842,-2,-3,-2
2022-10-21,11310.3300,29.6900,0.8687,28.0000,-2.0000,🟢中度低估,89.3406,5.1524,12.9048,-2,-2,-2
2022-10-24,11430.2600,29.8500,0.8794,28.0000,-2.0000,🟢中度低估,89.5321,5.6474,12.9253,-2,-2,-2
2022-10-25,11669.9900,28.4600,0.8992,28.0000,-2.0000,🟢中度低估,87.7864,7.1108,12.9459,-2,-2,-2
2022-10-26,11405.9000,27.2800,0.8802,35.0000,-1.6667,🟢中度低估,85.5692,5.7156,19.6268,-2,-2,-1
2022-10-27,11191.6300,27.3900,0.8652,35.0000,-2.0000,🟢中度低估,85.7851,4.9823,19.6458,-2,-3,-1
2022-10-28,11546.2100,25.7500,0.8942,35.0000,-1.3333,🟢中度低估,82.5779,6.7517,19.6648,-1,-2,-1
2022-10-31,11405.5700,25.8800,0.8847,35.0000,-1.3333,🟢中度低估,82.8652,5.9240,19.6837,-1,-2,-1
2022-11-01,11288.9500,25.8100,0.8771,35.0000,-1.3333,🟢中度低估,82.7041,5.5215,19.7027,-1,-2,-1
2022-11-02,10906.3400,25.8600,0.8488,35.0000,-1.6667,🟢中度低估,82.7790,4.2699,19.7216,-1,-3,-1
2022-11-03,10690.6000,25.3000,0.8334,35.0000,-1.6667,🟢中度低估,81.0142,3.7736,19.7406,-1,-3,-1
2022-11-04,10857.0300,24.5500,0.8477,42.0000,-1.6667,🟢中度低估,78.9436,4.2679,29.4270,-1,-3,-1
2022-11-07,10977.0000,24.3500,0.8582,42.0000,-1.6667,🟢中度低估,78.3593,4.8326,29.4437,-1,-3,-1
2022-11-08,11059.5000,25.5400,0.8659,35.0000,-1.3333,🟢中度低估,81.6403,5.1143,19.7502,-1,-2,-1
2022-11-09,10797.5500,26.0900,0.8465,35.0000,-1.6667,🟢中度低估,83.4826,4.2413,19.7691,-1,-3,-1
2022-11-10,11605.9600,23.5300,0.9107,42.0000,-1.3333,🟢中度低估,75.8539,8.2450,29.4935,-1,-2,-1
2022-11-11,11817.0100,22.5200,0.9281,42.0000,-1.3333,🟢中度低估,72.3033,10.0330,29.5101,-1,-2,-1
2022-11-14,11700.9400,23.7300,0.9200,42.0000,-1.3333,🟢中度低估,76.3598,9.0417,29.5267,-1,-2,-1
2022-11-15,11871.1500,24.5400,0.9345,42.0000,-1.3333,🟢中度低估,78.8842,10.8051,29.5433,-1,-2,-1
2022-11-16,11699.0900,24.1100,0.9222,42.0000,-1.3333,🟢中度低估,77.5006,9.2963,29.5599,-1,-2,-1
2022-11-17,11676.8600,23.9300,0.9217,42.0000,-1.3333,🟢中度低估,76.9176,9.2235,29.5765,-1,-2,-1
2022-11-18,11677.0200,23.1200,0.9227,42.0000,-1.3333,🟢中度低估,74.3825,9.3860,29.5930,-1,-2,-1
2022-11-21,11553.4500,22.3600,0.9141,42.0000,-1.3333,🟢中度低估,71.5193,8.5607,29.6096,-1,-2,-1
2022-11-22,11724.8400,21.2900,0.9287,48.0000,-0.6667,🟡轻度低估,67.7639,10.1810,37.1267,0,-2,0
2022-11-23,11838.7200,20.3500,0.9388,48.0000,-0.6667,🟡轻度低估,64.0809,11.4716,37.1415,0,-2,0
2022-11-25,11756.0300,20.5000,0.9334,48.0000,-0.6667,🟡轻度低估,64.5593,10.7873,37.1563,0,-2,0
2022-11-28,11587.7500,22.2100,0.9212,42.0000,-1.3333,🟢中度低估,71.0996,9.1870,29.6053,-1,-2,-1
2022-11-29,11503.4500,21.8900,0.9155,48.0000,-1.0000,🟡轻度低估,70.0493,8.6681,37.1858,-1,-2,0
2022-11-30,12030.0600,20.5800,0.9583,48.0000,-0.6667,🟡轻度低估,64.8192,14.7017,37.2006,0,-2,0
2022-12-01,12041.8900,19.8400,0.9602,55.0000,-0.3333,🟡轻度低估,62.0803,15.0270,46.1141,0,-1,0
2022-12-02,11994.2600,19.0600,0.9574,55.0000,-0.6667,🟡轻度低估,59.0610,14.5540,46.1268,0,-2,0
2022-12-05,11786.8000,20.7500,0.9417,48.0000,-0.6667,🟡轻度低估,65.6184,11.9925,37.1978,0,-2,0
2022-12-06,11549.6900,22.1700,0.9237,42.0000,-1.3333,🟢中度低估,70.9761,9.6434,29.5870,-1,-2,-1
2022-12-07,11497.3900,22.6800,0.9204,42.0000,-1.3333,🟢中度低估,72.9064,9.1485,29.6036,-1,-2,-1
2022-12-08,11637.5000,22.2900,0.9323,42.0000,-1.3333,🟢中度低估,71.3884,10.7645,29.6201,-1,-2,-1
2022-12-09,11563.3300,22.8300,0.9273,42.0000,-1.3333,🟢中度低估,73.4115,10.0821,29.6366,-1,-2,-1
2022-12-12,11706.4400,25.0000,0.9397,42.0000,-1.3333,🟢中度低估,80.3329,11.8612,29.6531,-1,-2,-1
2022-12-13,11834.2100,22.5500,0.9509,42.0000,-1.3333,🟢中度低估,72.3928,13.6161,29.6696,-1,-2,-1
2022-12-14,11740.9200,21.1400,0.9442,48.0000,-0.6667,🟡轻度低估,66.9634,12.5117,37.3008,0,-2,0
2022-12-15,11345.2200,22.8300,0.9135,42.0000,-1.3333,🟢中度低估,73.4130,8.4563,29.6791,-1,-2,-1
2022-12-16,11243.7200,22.6200,0.9063,42.0000,-1.3333,🟢中度低估,72.5761,7.8689,29.6956,-1,-2,-1
2022-12-19,11084.5900,22.4200,0.8945,42.0000,-1.3333,🟢中度低估,71.6928,6.9070,29.7120,-1,-2,-1
2022-12-20,11072.4200,21.4800,0.8943,48.0000,-0.6667,🟡轻度低估,68.4223,6.9054,37.3596,0,-2,0
2022-12-21,11235.8800,20.0700,0.9082,48.0000,-0.6667,🟡轻度低估,62.9534,8.2144,37.3742,0,-2,0
2022-12-22,10956.1400,21.9700,0.8866,48.0000,-1.0000,🟡轻度低估,70.1685,6.1769,37.3889,-1,-2,0
2022-12-23,10985.4500,20.8700,0.8899,48.0000,-0.6667,🟡轻度低估,65.8947,6.5029,37.4035,0,-2,0
2022-12-27,10822.5100,21.6500,0.8776,48.0000,-0.6667,🟡轻度低估,69.2236,5.6595,37.4181,0,-2,0
2022-12-28,10679.3400,22.1400,0.8668,42.0000,-1.3333,🟢中度低估,70.8207,5.1204,29.6937,-1,-2,-1
2022-12-29,10951.0500,21.4400,0.8898,48.0000,-0.6667,🟡轻度低估,68.2094,6.5451,37.4474,0,-2,0
2022-12-30,10939.7600,21.6700,0.8900,48.0000,-0.6667,🟡轻度低估,69.2685,6.5903,37.4620,0,-2,0
2023-01-03,10862.6400,22.9000,0.8849,42.0000,-1.3333,🟢中度低估,73.7617,6.0981,29.6963,-1,-2,-1
2023-01-04,10914.8000,22.0100,0.8904,42.0000,-1.3333,🟢中度低估,70.3808,6.7040,29.7127,-1,-2,-1
2023-01-05,10741.2200,22.4600,0.8775,42.0000,-1.3333,🟢中度低估,71.8356,5.6516,29.7291,-1,-2,-1
2023-01-06,11040.3500,21.1300,0.9033,48.0000,-0.6667,🟡轻度低估,66.6822,7.9150,37.5204,0,-2,0
2023-01-09,11108.4500,21.9700,0.9101,48.0000,-1.0000,🟡轻度低估,70.1447,8.4967,37.5350,-1,-2,0
2023-01-10,11205.7800,20.5800,0.9194,48.0000,-0.6667,🟡轻度低估,64.5041,9.3582,37.5496,0,-2,0
2023-01-11,11402.5200,21.0900,0.9369,48.0000,-0.6667,🟡轻度低估,66.4722,11.6426,37.5642,0,-2,0
2023-01-12,11459.6100,18.8300,0.9429,55.0000,-0.6667,🟡轻度低估,57.7094,12.6195,46.4661,0,-2,0
2023-01-13,11541.4800,18.3500,0.9511,55.0000,-0.6667,🟡轻度低估,55.1772,14.1091,46.4785,0,-2,0
2023-01-17,11557.1900,19.3600,0.9538,55.0000,-0.6667,🟡轻度低估,59.8042,14.5022,46.4910,0,-2,0
2023-01-18,11410.2900,20.3400,0.9430,48.0000,-0.6667,🟡轻度低估,63.6597,12.6573,37.5524,0,-2,0
2023-01-19,11295.6700,20.5200,0.9349,48.0000,-0.6667,🟡轻度低估,64.2041,11.4192,37.5670,0,-2,0
2023-01-20,11619.0300,19.8500,0.9631,55.0000,-0.3333,🟡轻度低估,61.7894,16.2162,46.5284,0,-1,0
2023-01-23,11872.5400,19.8100,0.9853,55.0000,-0.3333,🟡轻度低估,61.6119,20.0559,46.5409,0,-1,0
2023-01-24,11846.6400,19.2000,0.9842,55.0000,-0.3333,🟡轻度低估,59.1989,19.8649,46.5533,0,-1,0
2023-01-25,11814.6900,19.0800,0.9827,55.0000,-0.3333,🟡轻度低估,58.7893,19.6973,46.5658,0,-1,0
2023-01-26,12051.4800,18.7300,1.0033,55.0000,-0.3333,🟡轻度低估,57.1695,24.1620,46.5782,0,-1,0
2023-01-27,12166.6000,18.5100,1.0137,55.0000,-0.3333,🟡轻度低估,55.8529,27.2516,46.5906,0,-1,0
2023-01-30,11912.3900,19.9400,0.9933,55.0000,-0.3333,🟡轻度低估,62.1917,21.6147,46.6031,0,-1,0
2023-01-31,12101.9300,19.4000,1.0100,55.0000,-0.3333,🟡轻度低估,60.0605,26.0991,46.6155,0,-1,0
2023-02-01,12363.1000,17.8700,1.0325,62.0000,0.0000,⚪中性,52.6047,32.7907,58.5581,0,0,0
2023-02-02,12803.1400,18.7300,1.0697,55.0000,0.0000,⚪中性,57.1728,50.8486,46.6171,0,0,0
2023-02-03,12573.3600,18.3300,1.0513,55.0000,0.0000,⚪中性,54.9512,41.0042,46.6295,0,0,0
2023-02-06,12464.5100,19.4300,1.0428,55.0000,0.0000,⚪中性,60.2138,36.9742,46.6419,0,0,0
2023-02-07,12728.2700,18.6600,1.0653,55.0000,0.0000,⚪中性,56.7844,48.3968,46.6543,0,0,0
2023-02-08,12495.3800,19.6300,1.0462,55.0000,0.0000,⚪中性,61.2079,38.8618,46.6667,0,0,0
2023-02-09,12381.1700,20.7100,1.0372,48.0000,0.0000,⚪中性,65.2346,34.6029,37.4594,0,0,0
2023-02-10,12304.9200,20.5300,1.0311,48.0000,0.0000,⚪中性,64.3603,32.2034,37.4739,0,0,0
2023-02-13,12502.3100,20.3400,1.0478,48.0000,0.0000,⚪中性,63.7419,39.5775,37.4884,0,0,0
2023-02-14,12590.8900,18.9100,1.0556,55.0000,0.0000,⚪中性,58.0877,43.9313,46.7162,0,0,0
2023-02-15,12687.8900,18.2300,1.0638,55.0000,0.0000,⚪中性,54.4316,47.7958,46.7285,0,0,0
2023-02-16,12442.4800,20.1700,1.0436,48.0000,0.0000,⚪中性,63.1872,37.4159,37.4855,0,0,0
2023-02-17,12358.1800,20.0200,1.0368,48.0000,0.0000,⚪中性,62.6623,34.5083,37.5000,0,0,0
2023-02-21,12060.3000,22.8700,1.0124,42.0000,-1.0000,🟡轻度低估,73.8465,26.7795,29.5386,-1,-1,-1
2023-02-22,12066.2700,22.2900,1.0133,42.0000,-1.0000,🟡轻度低估,71.5114,27.1905,29.5549,-1,-1,-1
2023-02-23,12180.1400,21.1400,1.0231,48.0000,-0.3333,🟡轻度低估,66.9757,29.1078,37.5435,0,-1,0
2023-02-24,11969.6500,21.6700,1.0055,48.0000,-0.3333,🟡轻度低估,69.3930,24.7683,37.5579,0,-1,0
2023-02-27,12057.7900,20.9500,1.0130,48.0000,-0.3333,🟡轻度低估,66.1571,27.1022,37.5724,0,-1,0
2023-02-28,12042.1200,20.7000,1.0116,48.0000,-0.3333,🟡轻度低估,65.1227,26.4706,37.5868,0,-1,0
2023-03-01,11938.5700,20.5800,1.0029,48.0000,-0.3333,🟡轻度低估,64.5983,23.9639,37.6013,0,-1,0
2023-03-02,12044.8700,19.5900,1.0120,55.0000,-0.3333,🟡轻度低估,60.8333,26.6204,46.8519,0,-1,0
2023-03-03,12290.8100,18.4900,1.0327,55.0000,0.0000,⚪中性,55.5890,32.9553,46.8642,0,0,0
2023-03-06,12302.4800,18.6100,1.0338,55.0000,0.0000,⚪中性,56.2934,33.3873,46.8764,0,0,0
2023-03-07,12152.1700,19.5900,1.0210,55.0000,-0.3333,🟡轻度低估,60.8605,28.6607,46.8887,0,-1,0
2023-03-08,12215.3300,19.1100,1.0262,55.0000,0.0000,⚪中性,58.7650,30.2960,46.9010,0,0,0
2023-03-09,11995.8800,22.6100,1.0077,42.0000,-1.0000,🟡轻度低估,72.8324,25.4798,29.5029,-1,-1,-1
2023-03-10,11830.2800,24.8000,0.9939,42.0000,-1.0000,🟡轻度低估,79.9815,21.5442,29.5192,-1,-1,-1
2023-03-13,11923.1700,26.5200,1.0016,35.0000,-1.0000,🟡轻度低估,84.9087,23.5498,19.4130,-1,-1,-1
2023-03-14,12199.7900,23.7300,1.0247,42.0000,-1.0000,🟡轻度低估,76.6636,29.7828,29.5518,-1,-1,-1
2023-03-15,12251.3200,26.1400,1.0291,35.0000,-0.6667,🟡轻度低估,83.9224,31.4622,19.4271,-1,0,-1
2023-03-16,12581.3900,22.9900,1.0568,42.0000,-0.6667,🟡轻度低估,74.2956,44.5727,29.5843,-1,0,-1
2023-03-17,12519.8800,25.5100,1.0517,35.0000,-0.6667,🟡轻度低估,81.8518,41.8148,19.4412,-1,0,-1
2023-03-20,12562.6100,24.1500,1.0553,42.0000,-0.6667,🟡轻度低估,77.9548,43.9982,29.6168,-1,0,-1
2023-03-21,12741.4400,21.3800,1.0704,48.0000,0.0000,⚪中性,68.0360,51.6040,37.6875,0,0,0
2023-03-22,12567.1500,22.2600,1.0557,42.0000,-0.6667,🟡轻度低估,71.2737,44.2317,29.6262,-1,0,-1
2023-03-23,12729.2300,22.6100,1.0693,42.0000,-0.6667,🟡轻度低估,72.7336,50.8189,29.6424,-1,0,-1
2023-03-24,12767.0500,21.7400,1.0725,48.0000,0.0000,⚪中性,69.5572,52.7675,37.7306,0,0,0
2023-03-27,12673.0700,20.6000,1.0645,48.0000,0.0000,⚪中性,64.5377,48.4436,37.7450,0,0,0
2023-03-28,12610.5700,19.9700,1.0591,55.0000,0.0000,⚪中性,62.1485,45.5048,47.0724,0,0,0
2023-03-29,12846.0300,19.1200,1.0785,55.0000,0.0000,⚪中性,58.6080,56.8795,47.0846,0,0,0
2023-03-30,12963.1400,19.0200,1.0875,55.0000,0.0000,⚪中性,58.0876,62.9954,47.0968,0,0,0
2023-03-31,13181.3500,18.7000,1.1050,55.0000,0.3333,🟠轻度高估,56.5538,74.0613,47.1090,0,1,0
2023-04-03,13148.3500,18.5500,1.1015,55.0000,0.3333,🟠轻度高估,55.5965,71.8333,47.1211,0,1,0
2023-04-04,13100.0800,19.0000,1.0965,55.0000,0.0000,⚪中性,58.0474,68.5471,47.1333,0,0,0
2023-04-05,12967.2000,19.0800,1.0846,55.0000,0.0000,⚪中性,58.4715,60.8195,47.1455,0,0,0
2023-04-06,13062.6000,18.4000,1.0919,55.0000,0.0000,⚪中性,54.8446,65.9609,47.1577,0,0,0
2023-04-10,13051.2300,18.9700,1.0903,55.0000,0.0000,⚪中性,57.9383,64.9793,47.1698,0,0,0
2023-04-11,12964.1500,19.1000,1.0824,55.0000,0.0000,⚪中性,58.5691,59.3743,47.1820,0,0,0
2023-04-12,12848.3500,19.0900,1.0724,55.0000,0.0000,⚪中性,58.5327,52.6679,47.1941,0,0,0
2023-04-13,13109.3900,17.8000,1.0937,62.0000,0.0000,⚪中性,51.5981,66.9579,59.0251,0,0,0
2023-04-14,13079.5200,17.0700,1.0906,62.0000,0.0000,⚪中性,47.6322,65.1954,59.0345,0,0,0
2023-04-17,13087.7100,16.9500,1.0906,62.0000,0.0000,⚪中性,46.8858,65.2034,59.0439,0,0,0
2023-04-18,13091.7900,16.8300,1.0902,62.0000,0.0000,⚪中性,46.1627,64.9127,59.0533,0,0,0
2023-04-19,13088.7100,16.4600,1.0893,62.0000,0.0000,⚪中性,43.9926,64.2086,59.0627,0,0,0
2023-04-20,12985.9800,17.1700,1.0802,62.0000,0.0000,⚪中性,48.1626,57.9467,59.0721,0,0,0
2023-04-21,13000.7700,16.7700,1.0809,62.0000,0.0000,⚪中性,45.8553,58.3467,59.0815,0,0,0
2023-04-24,12969.7600,16.8900,1.0779,62.0000,0.0000,⚪中性,46.5565,56.3131,59.0909,0,0,0
2023-04-25,12725.1100,18.7600,1.0573,55.0000,0.0000,⚪中性,56.9888,44.5949,47.1196,0,0,0
2023-04-26,12806.4800,18.8400,1.0637,55.0000,0.0000,⚪中性,57.3887,47.6824,47.1317,0,0,0
2023-04-27,13160.0300,17.0300,1.0924,62.0000,0.0000,⚪中性,47.4191,66.3914,59.1191,0,0,0
2023-04-28,13245.9900,15.7800,1.0989,70.0000,0.6667,🟠轻度高估,39.2431,70.2064,72.0872,0,1,1
2023-05-01,13231.4700,16.0800,1.0970,62.0000,0.0000,⚪中性,41.3208,68.9521,59.1149,0,0,0
2023-05-02,13113.6600,17.7800,1.0867,62.0000,0.0000,⚪中性,51.5360,62.1045,59.1243,0,0,0
2023-05-03,13030.2100,18.3400,1.0793,55.0000,0.0000,⚪中性,54.5267,57.1396,47.1006,0,0,0
2023-05-04,12982.4800,20.0900,1.0750,48.0000,0.0000,⚪中性,62.9468,54.1247,37.5344,0,0,0
2023-05-05,13259.1300,17.1900,1.0975,62.0000,0.0000,⚪中性,48.2016,69.3929,59.1523,0,0,0
2023-05-08,13291.6400,16.9800,1.0999,62.0000,0.3333,🟠轻度高估,46.9995,70.9116,59.1617,0,1,0
2023-05-09,13201.1100,17.7100,1.0921,62.0000,0.0000,⚪中性,51.1793,66.1095,59.1711,0,0,0
2023-05-10,13347.8300,16.9400,1.1037,62.0000,0.3333,🟠轻度高估,46.7262,73.4661,59.1804,0,1,0
2023-05-11,13389.7800,16.9300,1.1066,62.0000,0.3333,🟠轻度高估,46.7155,75.2346,59.1897,0,1,0
2023-05-12,13340.1800,17.0300,1.1022,62.0000,0.3333,🟠轻度高估,47.4371,72.4256,59.1991,0,1,0
2023-05-15,13413.5100,17.1200,1.1079,62.0000,0.3333,🟠轻度高估,48.0210,75.9323,59.2084,0,1,0
2023-05-16,13426.0100,17.9900,1.1087,62.0000,0.3333,🟠轻度高估,52.9048,76.4410,59.2177,0,1,0
2023-05-17,13589.2600,16.8700,1.1219,62.0000,0.3333,🟠轻度高估,46.3298,82.2319,59.2271,0,1,0
2023-05-18,13834.6200,16.0500,1.1417,62.0000,0.6667,🟠轻度高估,41.0608,89.1632,59.2364,0,2,0
2023-05-19,13803.4900,16.8100,1.1389,62.0000,0.6667,🟠轻度高估,45.9886,88.2971,59.2457,0,2,0
2023-05-22,13849.7400,17.2100,1.1425,62.0000,0.6667,🟠轻度高估,48.3775,89.3967,59.2550,0,2,0
2023-05-23,13672.5400,18.5300,1.1276,55.0000,0.3333,🟠轻度高估,55.6546,84.1444,46.9957,0,1,0
2023-05-24,13604.4800,20.0300,1.1218,48.0000,0.3333,🟠轻度高估,62.7912,82.0923,37.4372,0,1,0
2023-05-25,13938.5300,19.1400,1.1489,55.0000,0.6667,🟠轻度高估,59.0089,90.8198,47.0199,0,2,0
2023-05-26,14298.4100,17.9500,1.1781,62.0000,0.6667,🟠轻度高估,52.6027,94.0639,59.2922,0,2,0
2023-05-30,14354.9900,17.4600,1.1823,62.0000,0.6667,🟠轻度高估,49.6690,94.4761,59.3015,0,2,0
2023-05-31,14254.0900,17.9400,1.1736,62.0000,0.6667,🟠轻度高估,52.5331,93.4961,59.3108,0,2,0
2023-06-01,14441.5100,15.6500,1.1887,70.0000,1.3333,🔴中度高估,38.4896,95.3685,72.2336,0,3,1
2023-06-02,14546.6400,14.6000,1.1969,70.0000,1.3333,🔴中度高估,31.6378,96.0995,72.2400,0,3,1
2023-06-05,14556.5000,14.7300,1.1972,70.0000,1.3333,🔴中度高估,32.6340,96.1231,72.2463,0,3,1
2023-06-06,14558.0900,13.9600,1.1968,78.0000,2.0000,🔴中度高估,27.4510,96.0556,89.2841,1,3,2
2023-06-07,14303.2900,13.9400,1.1753,78.0000,1.6667,🔴中度高估,27.2168,93.5263,89.2865,1,2,2
2023-06-08,14484.5400,13.6500,1.1894,78.0000,2.0000,🔴中度高估,25.2507,95.3510,89.2890,1,3,2
2023-06-09,14528.3600,13.8300,1.1922,78.0000,2.0000,🔴中度高估,26.5436,95.6026,89.2914,1,3,2
2023-06-12,14784.3000,15.0100,1.2123,70.0000,1.3333,🔴中度高估,34.3052,97.1982,72.1868,0,3,1
2023-06-13,14900.8500,14.6100,1.2210,70.0000,1.3333,🔴中度高估,31.7468,97.9048,72.1931,0,3,1
2023-06-14,15005.6900,13.8800,1.2284,78.0000,2.0000,🔴中度高估,26.8670,98.4973,89.2987,1,3,2
2023-06-15,15185.4800,14.5000,1.2417,70.0000,1.3333,🔴中度高估,31.0949,99.4081,72.1830,0,3,1
2023-06-16,15083.9200,13.5400,1.2320,78.0000,2.0000,🔴中度高估,24.3059,98.5890,89.3036,1,3,2
2023-06-20,15070.1500,13.8800,1.2295,78.0000,2.0000,🔴中度高估,26.8942,98.4528,89.3060,1,3,2
2023-06-21,14867.4500,13.2000,1.2117,78.0000,2.0000,🔴中度高估,21.2693,97.0428,89.3085,1,3,2
2023-06-22,15042.3200,12.9100,1.2244,78.0000,2.0000,🔴中度高估,18.8310,98.0669,89.3109,1,3,2
2023-06-23,14891.4800,13.4400,1.2107,78.0000,2.0000,🔴中度高估,23.4879,96.9759,89.3133,1,3,2
2023-06-26,14689.0200,14.2500,1.1931,70.0000,1.6667,🔴中度高估,29.7340,95.5217,72.1073,1,3,1
2023-06-27,14945.9100,13.7400,1.2127,78.0000,2.0000,🔴中度高估,25.8864,97.1818,89.3182,1,3,2
2023-06-28,14964.5700,13.4300,1.2130,78.0000,2.0000,🔴中度高估,23.4492,97.1825,89.3206,1,3,2
2023-06-29,14939.9500,13.5400,1.2100,78.0000,2.0000,🔴中度高估,24.3753,96.7969,89.3230,1,3,2
2023-06-30,15179.2100,13.5900,1.2278,78.0000,2.0000,🔴中度高估,24.8240,98.3420,89.3255,1,3,2
2023-07-03,15208.6900,13.5700,1.2286,78.0000,2.0000,🔴中度高估,24.6821,98.4332,89.3279,1,3,2
2023-07-05,15203.7800,14.1800,1.2266,70.0000,1.6667,🔴中度高估,29.3303,98.2066,72.0318,1,3,1
2023-07-06,15089.4500,15.4400,1.2158,70.0000,1.3333,🔴中度高估,37.0858,97.3218,72.0381,0,3,1
2023-07-07,15036.8500,14.8300,1.2101,70.0000,1.3333,🔴中度高估,33.6283,96.7325,72.0445,0,3,1
2023-07-10,15045.6400,15.0700,1.2092,70.0000,1.3333,🔴中度高估,34.9365,96.5517,72.0508,0,3,1
2023-07-11,15119.0600,14.8400,1.2134,70.0000,1.3333,🔴中度高估,33.6811,97.1422,72.0572,0,3,1
2023-07-12,15307.2300,13.5400,1.2266,78.0000,2.0000,🔴中度高估,24.3537,98.2086,89.3424,1,3,2
2023-07-13,15571.9800,13.6100,1.2457,78.0000,2.0000,🔴中度高估,24.9377,99.4786,89.3448,1,3,2
2023-07-14,15565.6000,13.3400,1.2431,78.0000,2.0000,🔴中度高估,22.4161,99.3880,89.3472,1,3,2
2023-07-17,15713.2800,13.4800,1.2526,78.0000,2.0000,🔴中度高估,23.8387,99.6601,89.3496,1,3,2
2023-07-18,15841.3500,13.3000,1.2607,78.0000,2.0000,🔴中度高估,22.0662,99.7508,89.3521,1,3,2
2023-07-19,15826.3500,13.7600,1.2571,78.0000,2.0000,🔴中度高估,26.1155,99.6829,89.3545,1,3,2
2023-07-20,15466.0900,13.9900,1.2263,78.0000,2.0000,🔴中度高估,28.0118,98.0072,89.3569,1,3,2
2023-07-21,15425.6700,13.6000,1.2211,78.0000,2.0000,🔴中度高估,24.9038,97.6002,89.3593,1,3,2
2023-07-24,15448.0200,13.9100,1.2210,78.0000,2.0000,🔴中度高估,27.3427,97.5555,89.3617,1,3,2
2023-07-25,15561.4200,13.8600,1.2280,78.0000,2.0000,🔴中度高估,26.9744,98.2575,89.3641,1,3,2
2023-07-26,15499.2600,13.1900,1.2212,78.0000,2.0000,🔴中度高估,21.1086,97.5792,89.3665,1,3,2
2023-07-27,15464.9300,14.4100,1.2164,70.0000,1.3333,🔴中度高估,30.8754,97.0821,71.8842,0,3,1
2023-07-28,15750.9300,13.3300,1.2365,78.0000,2.0000,🔴中度高估,22.3428,98.8467,89.3713,1,3,2
2023-07-31,15757.0000,13.6300,1.2346,78.0000,2.0000,🔴中度高估,25.2996,98.7339,89.3737,1,3,2
2023-08-01,15718.0100,13.9300,1.2292,78.0000,2.0000,🔴中度高估,27.4638,98.2821,89.3761,1,3,2
2023-08-02,15370.7400,16.0900,1.2000,62.0000,1.0000,🟠轻度高估,41.8531,95.6384,58.7571,0,3,0
2023-08-03,15353.5400,15.9200,1.1964,70.0000,1.3333,🔴中度高估,40.5332,95.2553,71.8482,0,3,1
2023-08-04,15274.9200,17.1000,1.1884,62.0000,0.6667,🟠轻度高估,48.3397,94.3754,58.7531,0,2,0
2023-08-07,15407.8500,15.7700,1.1967,70.0000,1.3333,🔴中度高估,39.5664,95.2575,71.8609,0,3,1
2023-08-08,15273.0500,15.9900,1.1843,70.0000,1.0000,🟠轻度高估,41.2057,93.7909,71.8672,0,2,1
2023-08-09,15101.7100,15.9600,1.1692,70.0000,1.0000,🟠轻度高估,40.9932,92.1219,71.8736,0,2,1
2023-08-10,15128.8400,15.8500,1.1696,70.0000,1.0000,🟠轻度高估,40.0135,92.1914,71.8799,0,2,1
2023-08-11,15028.0700,14.8400,1.1602,70.0000,1.0000,🟠轻度高估,33.8673,91.2455,71.8863,0,2,1
2023-08-14,15205.5900,14.8200,1.1723,70.0000,1.0000,🟠轻度高估,33.7243,92.4205,71.8926,0,2,1
2023-08-15,15037.6500,16.4600,1.1577,62.0000,0.6667,🟠轻度高估,44.4069,90.9337,58.6829,0,2,0
2023-08-16,14876.4700,16.7800,1.1437,62.0000,0.6667,🟠轻度高估,46.2683,88.5231,58.6922,0,2,0
2023-08-17,14715.8100,17.8900,1.1300,62.0000,0.3333,🟠轻度高估,52.8179,83.8142,58.7015,0,1,0
2023-08-18,14694.8400,17.3000,1.1269,62.0000,0.3333,🟠轻度高估,49.5380,82.8037,58.7108,0,1,0
2023-08-21,14936.6900,17.1300,1.1439,62.0000,0.6667,🟠轻度高估,48.6030,88.5759,58.7201,0,2,0
2023-08-22,14908.9600,16.9700,1.1400,62.0000,0.6667,🟠轻度高估,47.4882,87.4747,58.7294,0,2,0
2023-08-23,15148.0600,15.9800,1.1563,70.0000,1.0000,🟠轻度高估,41.1261,90.8333,71.9369,0,2,1
2023-08-24,14816.4400,17.2000,1.1293,62.0000,0.3333,🟠轻度高估,48.9079,83.4046,58.7255,0,1,0
2023-08-25,14941.8300,15.6800,1.1371,70.0000,1.0000,🟠轻度高估,39.0365,86.5376,71.9496,0,2,1
2023-08-28,15052.4600,15.0800,1.1438,70.0000,1.0000,🟠轻度高估,35.1564,88.4988,71.9559,0,2,1
2023-08-29,15376.5500,14.4500,1.1664,70.0000,1.0000,🟠轻度高估,31.0081,91.8317,71.9622,0,2,1
2023-08-30,15462.4300,13.8800,1.1712,78.0000,1.6667,🔴中度高估,27.0416,92.3285,89.4263,1,2,2
2023-08-31,15501.0700,13.5700,1.1725,78.0000,1.6667,🔴中度高估,24.6064,92.4426,89.4287,1,2,2
2023-09-01,15490.8600,13.0900,1.1701,78.0000,1.6667,🔴中度高估,20.0135,92.1970,89.4311,1,2,2
2023-09-05,15508.2400,14.0100,1.1698,70.0000,1.3333,🔴中度高估,28.2374,92.1313,71.9200,1,2,1
2023-09-06,15371.4400,14.4500,1.1578,70.0000,1.0000,🟠轻度高估,31.0856,90.8744,71.9263,0,2,1
2023-09-07,15258.5200,14.4000,1.1478,70.0000,1.0000,🟠轻度高估,30.7640,89.3708,71.9326,0,2,1
2023-09-08,15280.2300,13.8400,1.1479,78.0000,1.6667,🔴中度高估,26.7805,89.3956,89.4406,1,2,2
2023-09-11,15461.8700,13.8000,1.1598,78.0000,1.6667,🔴中度高估,26.5049,91.1051,89.4429,1,2,2
2023-09-12,15289.7400,14.2300,1.1454,70.0000,1.3333,🔴中度高估,29.8900,88.8165,71.9066,1,2,1
2023-09-13,15348.5300,13.4800,1.1483,78.0000,1.6667,🔴中度高估,23.7315,89.4252,89.4477,1,2,2
2023-09-14,15473.8900,12.8200,1.1560,78.0000,1.6667,🔴中度高估,17.3962,90.6397,89.4501,1,2,2
2023-09-15,15202.4000,13.7900,1.1342,78.0000,1.6667,🔴中度高估,26.4811,85.1661,89.4524,1,2,2
2023-09-18,15225.3700,14.0000,1.1344,78.0000,1.6667,🔴中度高估,28.1580,85.2367,89.4548,1,2,2
2023-09-19,15191.2300,14.1100,1.1305,70.0000,1.0000,🟠轻度高估,29.0713,83.5576,71.8484,1,1,1
2023-09-20,14969.9200,15.1400,1.1128,70.0000,0.6667,🟠轻度高估,35.7255,76.9904,71.8547,0,1,1
2023-09-21,14694.2400,17.5400,1.0912,62.0000,0.0000,⚪中性,50.9193,64.1704,58.4978,0,0,0
2023-09-22,14701.1000,17.2000,1.0905,62.0000,0.0000,⚪中性,49.1145,63.7974,58.5071,0,0,0
2023-09-25,14768.9000,16.9000,1.0943,62.0000,0.0000,⚪中性,47.1986,65.9794,58.5164,0,0,0
2023-09-26,14545.8300,18.9400,1.0765,55.0000,0.0000,⚪中性,58.8393,53.7755,46.1573,0,0,0
2023-09-27,14580.1600,18.2200,1.0779,55.0000,0.0000,⚪中性,54.9059,55.0179,46.1694,0,0,0
2023-09-28,14702.7700,17.3400,1.0857,62.0000,0.0000,⚪中性,50.0336,60.1568,58.5442,0,0,0
2023-09-29,14715.2400,17.5200,1.0854,62.0000,0.0000,⚪中性,50.8509,60.0537,58.5535,0,0,0
2023-10-02,14837.5700,17.6100,1.0932,62.0000,0.0000,⚪中性,51.5782,65.4802,58.5628,0,0,0
2023-10-03,14565.6200,19.7800,1.0721,55.0000,0.0000,⚪中性,62.3545,51.1638,46.1504,0,0,0
2023-10-04,14776.2500,18.5800,1.0862,55.0000,0.0000,⚪中性,56.7689,60.4833,46.1625,0,0,0
2023-10-05,14723.2200,18.4900,1.0809,55.0000,0.0000,⚪中性,56.2864,57.0694,46.1745,0,0,0
2023-10-06,14973.2400,17.4500,1.0977,62.0000,0.0000,⚪中性,50.4138,68.1503,58.5999,0,0,0
2023-10-09,15047.1500,17.7000,1.1015,62.0000,0.3333,🟠轻度高估,52.0125,70.5948,58.6091,0,1,0
2023-10-10,15131.5200,17.0300,1.1061,62.0000,0.3333,🟠轻度高估,48.0662,73.5971,58.6184,0,1,0
2023-10-11,15241.1200,16.0900,1.1124,62.0000,0.3333,🟠轻度高估,41.9982,76.8216,58.6276,0,1,0
2023-10-12,15184.1000,16.6900,1.1065,62.0000,0.3333,🟠轻度高估,45.9665,73.7877,58.6369,0,1,0
2023-10-13,14995.1200,19.3200,1.0911,55.0000,0.0000,⚪中性,60.3887,64.0527,46.1349,0,0,0
2023-10-16,15172.7300,17.2100,1.1022,62.0000,0.3333,🟠轻度高估,49.0954,71.0744,58.6553,0,1,0
2023-10-17,15122.0100,17.8800,1.0969,62.0000,0.0000,⚪中性,53.0594,67.4632,58.6646,0,0,0
2023-10-18,14909.2600,19.2200,1.0799,55.0000,0.0000,⚪中性,60.1474,56.1956,46.1264,0,0,0
2023-10-19,14783.1300,21.4000,1.0692,48.0000,0.0000,⚪中性,69.0625,49.1741,36.6071,0,0,0
2023-10-20,14560.8800,21.7100,1.0518,48.0000,-0.3333,🟡轻度低估,70.4084,40.4820,36.6213,-1,0,0
2023-10-23,14604.8500,20.3700,1.0535,48.0000,0.0000,⚪中性,64.7256,41.7224,36.6354,0,0,0
2023-10-24,14745.8600,18.9700,1.0622,55.0000,0.0000,⚪中性,58.9784,45.5499,46.1744,0,0,0
2023-10-25,14381.6400,20.1900,1.0348,48.0000,0.0000,⚪中性,64.1169,32.7163,36.6414,0,0,0
2023-10-26,14109.5700,20.6800,1.0141,48.0000,-0.3333,🟡轻度低估,65.9309,26.4437,36.6555,0,-1,0
2023-10-27,14180.4200,21.2700,1.0182,48.0000,-0.3333,🟡轻度低估,68.5020,27.1734,36.6696,0,-1,0
2023-10-30,14335.5100,19.7500,1.0283,55.0000,0.0000,⚪中性,62.3356,30.1984,46.2224,0,0,0
2023-10-31,14409.7800,18.1400,1.0326,55.0000,0.0000,⚪中性,54.5232,31.9073,46.2344,0,0,0
2023-11-01,14664.9100,16.8700,1.0497,62.0000,0.0000,⚪中性,46.8256,39.2515,58.7659,0,0,0
2023-11-02,14919.5500,15.6600,1.0666,70.0000,0.3333,🟠轻度高估,38.9755,48.0178,72.0490,0,0,1
2023-11-03,15099.4900,14.9100,1.0779,70.0000,0.3333,🟠轻度高估,34.1349,55.0212,72.0552,0,0,1
2023-11-06,15154.9300,14.8900,1.0805,70.0000,0.3333,🟠轻度高估,34.0383,56.9457,72.0614,0,0,1
2023-11-07,15296.0200,14.8100,1.0893,70.0000,0.3333,🟠轻度高估,33.5411,62.8533,72.0677,0,0,1
2023-11-08,15313.2400,14.4500,1.0892,70.0000,0.3333,🟠轻度高估,30.9969,62.7281,72.0739,0,0,1
2023-11-09,15187.9000,15.2900,1.0789,70.0000,0.3333,🟠轻度高估,36.5072,55.6174,72.0801,0,0,1
2023-11-10,15529.1200,14.1700,1.1018,70.0000,1.0000,🟠轻度高估,29.2482,70.8852,72.0863,1,1,1
2023-11-13,15482.7900,14.7600,1.0972,70.0000,0.3333,🟠轻度高估,33.2221,67.9119,72.0925,0,0,1
2023-11-14,15812.4700,14.1600,1.1191,70.0000,1.0000,🟠轻度高估,29.1463,79.8133,72.0987,1,1,1
2023-11-15,15817.1800,14.1800,1.1179,70.0000,1.0000,🟠轻度高估,29.3399,79.4399,72.1049,1,1,1
2023-11-16,15833.1700,14.3200,1.1177,70.0000,0.6667,🟠轻度高估,30.2444,79.3556,72.1111,0,1,1
2023-11-17,15837.9900,13.8000,1.1168,78.0000,1.3333,🔴中度高估,26.3053,79.0269,89.5579,1,1,2
2023-11-20,16027.0600,13.4100,1.1288,78.0000,1.3333,🔴中度高估,22.7899,83.1186,89.5602,1,1,2
2023-11-21,15933.6200,13.3500,1.1208,78.0000,1.3333,🔴中度高估,22.2074,80.3242,89.5625,1,1,2
2023-11-22,16001.3900,12.8500,1.1243,78.0000,1.3333,🔴中度高估,17.7176,81.7496,89.5648,1,1,2
2023-11-24,15982.0100,12.4600,1.1216,78.0000,1.6667,🔴中度高估,14.4062,80.5771,89.5671,2,1,2
2023-11-27,15961.9800,12.6900,1.1188,78.0000,1.3333,🔴中度高估,16.3116,79.6494,89.5695,1,1,2
2023-11-28,16010.4300,12.6900,1.1207,78.0000,1.3333,🔴中度高估,16.3302,80.2529,89.5718,1,1,2
2023-11-29,15987.6000,12.9800,1.1177,78.0000,1.3333,🔴中度高估,19.0550,79.2813,89.5741,1,1,2
2023-11-30,15947.8700,12.9200,1.1137,78.0000,1.3333,🔴中度高估,18.5851,77.3564,89.5764,1,1,2
2023-12-01,15997.5800,12.6300,1.1158,78.0000,1.3333,🔴中度高估,15.5432,78.4479,89.5787,1,1,2
2023-12-04,15839.6700,13.0800,1.1035,78.0000,1.3333,🔴中度高估,19.8182,71.8244,89.5810,1,1,2
2023-12-05,15877.7100,12.8500,1.1048,78.0000,1.3333,🔴中度高估,17.7970,72.5621,89.5833,1,1,2
2023-12-06,15788.0500,12.9700,1.0972,78.0000,1.0000,🟠轻度高估,19.0117,67.5825,89.5856,1,0,2
2023-12-07,16022.4900,13.0600,1.1119,78.0000,1.3333,🔴中度高估,19.7607,76.6283,89.5879,1,1,2
2023-12-08,16084.6900,12.3500,1.1147,78.0000,1.6667,🔴中度高估,13.3112,77.8073,89.5903,2,1,2
2023-12-11,16221.7300,12.6300,1.1226,78.0000,1.3333,🔴中度高估,15.5669,81.1337,89.5926,1,1,2
2023-12-12,16354.2500,12.0700,1.1301,78.0000,1.6667,🔴中度高估,10.9586,83.6617,89.5949,2,1,2
2023-12-13,16562.3700,12.1900,1.1427,78.0000,2.0000,🔴中度高估,11.9522,88.1806,89.5972,2,2,2
2023-12-14,16537.8300,12.4800,1.1392,78.0000,2.0000,🔴中度高估,14.5607,87.1210,89.5995,2,2,2
2023-12-15,16623.4500,12.2800,1.1432,78.0000,2.0000,🔴中度高估,12.7212,88.2522,89.6018,2,2,2
2023-12-18,16729.8000,12.5600,1.1488,78.0000,1.6667,🔴中度高估,15.1515,89.6704,89.6041,1,2,2
2023-12-19,16811.8500,12.5300,1.1527,78.0000,2.0000,🔴中度高估,14.9049,90.4246,89.6064,2,2,2
2023-12-20,16554.1600,13.6700,1.1333,78.0000,1.3333,🔴中度高估,25.5361,84.7446,89.6087,1,1,2
2023-12-21,16757.4100,13.6500,1.1454,78.0000,1.6667,🔴中度高估,25.4421,88.9036,89.6110,1,2,2
2023-12-22,16777.4000,13.0300,1.1449,78.0000,1.6667,🔴中度高估,19.6022,88.8177,89.6133,1,2,2
2023-12-26,16878.4600,12.9900,1.1498,78.0000,1.6667,🔴中度高估,19.3106,89.9470,89.6156,1,2,2
2023-12-27,16906.8000,12.4300,1.1498,78.0000,2.0000,🔴中度高估,14.1816,89.9271,89.6178,2,2,2
2023-12-28,16898.4700,12.4700,1.1474,78.0000,2.0000,🔴中度高估,14.5097,89.3330,89.6201,2,2,2
2023-12-29,16825.9300,12.4500,1.1407,78.0000,2.0000,🔴中度高估,14.3299,87.4144,89.6224,2,2,2
2024-01-02,16543.9400,13.2000,1.1201,78.0000,1.3333,🔴中度高估,21.2804,79.8013,89.6247,1,1,2
2024-01-03,16368.4900,14.0400,1.1068,70.0000,1.0000,🟠轻度高估,28.8016,73.5158,71.6398,1,1,1
2024-01-04,16282.0100,14.1300,1.0995,70.0000,0.6667,🟠轻度高估,29.3910,68.7776,71.6461,1,0,1
2024-01-05,16305.9800,13.3500,1.0998,78.0000,1.0000,🟠轻度高估,22.6340,69.0271,89.6316,1,0,2
2024-01-08,16649.8700,13.0800,1.1215,78.0000,1.3333,🔴中度高估,20.0926,80.3705,89.6339,1,1,2
2024-01-09,16678.7000,12.7600,1.1219,78.0000,1.3333,🔴中度高估,16.9791,80.6615,89.6362,1,1,2
2024-01-10,16793.0500,12.6900,1.1281,78.0000,1.3333,🔴中度高估,16.5123,82.8263,89.6384,1,1,2
2024-01-11,16820.9000,12.4400,1.1284,78.0000,1.6667,🔴中度高估,14.2605,82.8521,89.6407,2,1,2
2024-01-12,16832.9200,12.7000,1.1276,78.0000,1.3333,🔴中度高估,16.5932,82.5914,89.6430,1,1,2
2024-01-16,16830.7100,13.8400,1.1260,78.0000,1.3333,🔴中度高估,27.1646,82.1326,89.6453,1,1,2
2024-01-17,16736.2800,14.7900,1.1182,70.0000,0.6667,🟠轻度高估,34.0308,79.1189,71.5419,0,1,1
2024-01-18,16982.2900,14.1300,1.1332,70.0000,1.0000,🟠轻度高估,29.5089,84.6510,71.5481,1,1,1
2024-01-19,17314.0000,13.3000,1.1538,78.0000,1.6667,🔴中度高估,22.1929,90.5768,89.6521,1,2,2
2024-01-22,17330.3800,13.1900,1.1532,78.0000,1.6667,🔴中度高估,21.2415,90.4689,89.6544,1,2,2
2024-01-23,17404.2100,12.5500,1.1564,78.0000,1.6667,🔴中度高估,15.0968,90.8891,89.6567,1,2,2
2024-01-24,17499.3000,13.1400,1.1610,78.0000,1.6667,🔴中度高估,20.8141,91.3751,89.6590,1,2,2
2024-01-25,17516.9900,13.4500,1.1605,78.0000,1.6667,🔴中度高估,23.8231,91.3330,89.6612,1,2,2
2024-01-26,17421.0100,13.2600,1.1524,78.0000,1.6667,🔴中度高估,21.8386,90.3013,89.6635,1,2,2
2024-01-29,17596.2700,13.6000,1.1622,78.0000,1.6667,🔴中度高估,25.1979,91.4908,89.6658,1,2,2
2024-01-30,17476.7100,13.3100,1.1526,78.0000,1.6667,🔴中度高估,22.4225,90.3275,89.6681,1,2,2
2024-01-31,17137.2400,14.3500,1.1287,70.0000,0.6667,🟠轻度高估,31.2088,82.7912,71.4286,0,1,1
2024-02-01,17344.7100,13.8800,1.1408,78.0000,1.6667,🔴中度高估,27.5764,87.3215,89.6726,1,2,2
2024-02-02,17642.7300,13.8500,1.1587,78.0000,1.6667,🔴中度高估,27.3286,91.0589,89.6749,1,2,2
2024-02-05,17613.0400,13.6700,1.1550,78.0000,1.6667,🔴中度高估,25.8511,90.6435,89.6771,1,2,2
2024-02-06,17572.7300,13.0600,1.1506,78.0000,1.6667,🔴中度高估,20.0044,89.9649,89.6794,1,2,2
2024-02-07,17755.0700,12.8300,1.1608,78.0000,1.6667,🔴中度高估,17.6729,91.3502,89.6817,1,2,2
2024-02-08,17783.1700,12.7900,1.1608,78.0000,1.6667,🔴中度高估,17.2520,91.3521,89.6839,1,2,2
2024-02-09,17962.4100,12.9300,1.1705,78.0000,1.6667,🔴中度高估,18.9598,92.4292,89.6862,1,2,2
2024-02-12,17882.6600,13.9300,1.1634,78.0000,1.6667,🔴中度高估,27.9947,91.5972,89.6885,1,2,2
2024-02-13,17600.4200,15.8500,1.1433,70.0000,1.0000,🟠轻度高估,40.8642,87.9140,71.3095,0,2,1
2024-02-14,17807.6300,14.3800,1.1551,70.0000,1.0000,🟠轻度高估,31.4693,90.5702,71.3158,0,2,1
2024-02-15,17845.7200,14.0100,1.1558,70.0000,1.3333,🔴中度高估,28.8533,90.6380,71.3221,1,2,1
2024-02-16,17685.9800,14.2400,1.1438,70.0000,1.0000,🟠轻度高估,30.6664,87.9877,71.3284,0,2,1
2024-02-20,17546.1000,15.4200,1.1331,70.0000,0.6667,🟠轻度高估,37.9575,84.2209,71.3346,0,1,1
2024-02-21,17478.9100,15.3400,1.1271,70.0000,0.6667,🟠轻度高估,37.5548,82.0552,71.3409,0,1,1
2024-02-22,18004.7000,14.5400,1.1592,70.0000,1.0000,🟠轻度高估,32.5958,91.0624,71.3472,0,2,1
2024-02-23,17937.6100,13.7500,1.1532,78.0000,1.6667,🔴中度高估,26.4345,90.2102,89.7065,1,2,2
2024-02-26,17933.3300,13.7400,1.1512,78.0000,1.6667,🔴中度高估,26.3849,89.8840,89.7088,1,2,2
2024-02-27,17971.0500,13.4300,1.1519,78.0000,1.6667,🔴中度高估,23.6865,89.9737,89.7110,1,2,2
2024-02-28,17874.5000,13.8400,1.1441,78.0000,1.6667,🔴中度高估,27.3583,88.0937,89.7133,1,2,2
2024-02-29,18043.8500,13.4000,1.1532,78.0000,1.6667,🔴中度高估,23.2385,90.1969,89.7155,1,2,2
2024-03-01,18302.9100,13.1100,1.1679,78.0000,1.6667,🔴中度高估,20.4332,92.0586,89.7178,1,2,2
2024-03-04,18226.4800,13.4900,1.1612,78.0000,1.6667,🔴中度高估,24.2782,91.3605,89.7200,1,2,2
2024-03-05,17897.8700,14.4600,1.1387,70.0000,1.0000,🟠轻度高估,32.1452,86.2235,71.2443,0,2,1
2024-03-06,18017.5700,14.5000,1.1448,70.0000,1.0000,🟠轻度高估,32.4005,88.3035,71.2505,0,2,1
2024-03-07,18297.9900,14.4400,1.1610,70.0000,1.0000,🟠轻度高估,31.9126,91.3005,71.2568,0,2,1
2024-03-08,18018.4500,14.7400,1.1417,70.0000,1.0000,🟠轻度高估,34.1346,87.2159,71.2631,0,2,1
2024-03-11,17951.6900,15.2200,1.1360,70.0000,1.0000,🟠轻度高估,37.0330,85.3834,71.2694,0,2,1
2024-03-12,18219.1100,13.8400,1.1512,78.0000,1.6667,🔴中度高估,27.3919,89.7990,89.7335,1,2,2
2024-03-13,18068.4700,13.7500,1.1402,78.0000,1.6667,🔴中度高估,26.4905,86.6565,89.7358,1,2,2
2024-03-14,18014.8100,14.4000,1.1355,70.0000,1.0000,🟠轻度高估,31.6812,85.1747,71.2445,0,2,1
2024-03-15,17808.2500,14.4100,1.1212,70.0000,0.6667,🟠轻度高估,31.7835,79.4368,71.2508,0,1,1
2024-03-18,17985.0100,14.3300,1.1310,70.0000,0.6667,🟠轻度高估,31.3182,83.2169,71.2571,0,1,1
2024-03-19,18032.2000,13.8200,1.1327,78.0000,1.3333,🔴中度高估,27.1656,83.7879,89.7447,1,1,2
2024-03-20,18240.1100,13.0400,1.1445,78.0000,1.6667,🔴中度高估,19.7862,88.1108,89.7469,1,2,2
2024-03-21,18320.3800,12.9200,1.1481,78.0000,1.6667,🔴中度高估,18.7350,89.0294,89.7492,1,2,2
2024-03-22,18339.4400,13.0600,1.1480,78.0000,1.6667,🔴中度高估,19.9956,88.9664,89.7514,1,2,2
2024-03-25,18277.0600,13.1900,1.1427,78.0000,1.6667,🔴中度高估,21.2775,87.4646,89.7537,1,2,2
2024-03-26,18210.5400,13.2400,1.1372,78.0000,1.6667,🔴中度高估,21.7306,85.6364,89.7559,1,2,2
2024-03-27,18280.8400,12.7800,1.1402,78.0000,1.6667,🔴中度高估,17.0190,86.5984,89.7581,1,2,2
2024-03-28,18254.6900,13.0100,1.1374,78.0000,1.6667,🔴中度高估,19.4118,85.7298,89.7603,1,2,2
2024-04-01,18293.2000,13.6500,1.1386,78.0000,1.6667,🔴中度高估,25.8549,86.0379,89.7626,1,2,2
2024-04-02,18121.7800,14.6100,1.1268,70.0000,0.6667,🟠轻度高估,33.2970,81.4242,71.1237,0,1,1
2024-04-03,18160.1900,14.3300,1.1281,70.0000,0.6667,🟠轻度高估,31.4609,81.9508,71.1300,0,1,1
2024-04-04,17878.7800,16.3500,1.1097,62.0000,0.3333,🟠轻度高估,44.8629,74.1402,57.4445,0,1,0
2024-04-05,18108.4600,16.0300,1.1229,62.0000,0.3333,🟠轻度高估,42.6551,80.0653,57.4538,0,1,0
2024-04-08,18100.1900,15.1900,1.1213,70.0000,0.6667,🟠轻度高估,37.0757,79.2428,71.1488,0,1,1
2024-04-09,18169.9000,14.9800,1.1245,70.0000,0.6667,🟠轻度高估,35.8277,80.6395,71.1551,0,1,1
2024-04-10,18011.6600,15.8000,1.1136,70.0000,0.6667,🟠轻度高估,41.0613,76.0113,71.1614,0,1,1
2024-04-11,18307.9800,14.9100,1.1307,70.0000,0.6667,🟠轻度高估,35.4642,82.8658,71.1676,0,1,1
2024-04-12,18003.4900,17.3100,1.1108,62.0000,0.3333,🟠轻度高估,50.8913,74.7174,57.4130,0,1,0
2024-04-15,17706.8300,19.2300,1.0916,55.0000,0.0000,⚪中性,61.0737,62.9428,45.1206,0,0,0
2024-04-16,17713.6600,18.4000,1.0911,55.0000,0.0000,⚪中性,56.8449,62.6684,45.1326,0,0,0
2024-04-17,17493.6200,18.2100,1.0768,55.0000,0.0000,⚪中性,55.9201,52.5961,45.1445,0,0,0
2024-04-18,17394.3100,18.0000,1.0699,62.0000,0.0000,⚪中性,54.8653,48.6316,57.4500,0,0,0
2024-04-19,17037.6500,18.7100,1.0474,55.0000,0.0000,⚪中性,58.6102,37.3941,45.1466,0,0,0
2024-04-22,17210.8900,16.9400,1.0574,62.0000,0.0000,⚪中性,48.4368,42.4012,57.4685,0,0,0
2024-04-23,17471.4700,15.6900,1.0726,70.0000,0.3333,🟠轻度高估,40.3733,50.1628,71.2177,0,0,1
2024-04-24,17526.8000,15.9700,1.0751,70.0000,0.3333,🟠轻度高估,42.3177,51.7144,71.2240,0,0,1
2024-04-25,17430.5000,15.3700,1.0685,70.0000,0.3333,🟠轻度高估,38.0777,47.8412,71.2302,0,0,1
2024-04-26,17718.3000,15.0300,1.0853,70.0000,0.3333,🟠轻度高估,35.9653,58.6334,71.2364,0,0,1
2024-04-29,17782.7200,14.6700,1.0885,70.0000,0.3333,🟠轻度高估,33.6370,60.8545,71.2427,0,0,1
2024-04-30,17440.6900,15.6500,1.0670,70.0000,0.3333,🟠轻度高估,40.2428,46.9644,71.2489,0,0,1
2024-05-01,17318.5500,15.3900,1.0590,70.0000,0.3333,🟠轻度高估,38.1530,43.0089,71.2551,0,0,1
2024-05-02,17541.5400,14.6800,1.0721,70.0000,0.3333,🟠轻度高估,33.7668,49.9350,71.2614,0,0,1
2024-05-03,17890.8000,13.4900,1.0927,78.0000,1.0000,🟠轻度高估,24.2254,63.9220,89.8158,1,0,2
2024-05-06,18093.5700,13.4900,1.1042,78.0000,1.3333,🔴中度高估,24.2418,71.0572,89.8180,1,1,2
2024-05-07,18091.4500,13.2300,1.1032,78.0000,1.3333,🔴中度高估,21.5724,70.4570,89.8202,1,1,2
2024-05-08,18085.0100,13.0000,1.1019,78.0000,1.0000,🟠轻度高估,19.2941,69.5323,89.8224,1,0,2
2024-05-09,18113.4600,12.6900,1.1028,78.0000,1.3333,🔴中度高估,16.2806,70.2533,89.8246,1,1,2
2024-05-10,18161.1800,12.5500,1.1048,78.0000,1.6667,🔴中度高估,14.8701,71.3420,89.8268,2,1,2
2024-05-13,18198.6100,13.6000,1.1062,78.0000,1.3333,🔴中度高估,25.2976,72.2787,89.8290,1,1,2
2024-05-14,18322.7700,13.4200,1.1128,78.0000,1.3333,🔴中度高估,23.5829,75.7681,89.8312,1,1,2
2024-05-15,18596.6500,12.4500,1.1285,78.0000,1.6667,🔴中度高估,14.0818,82.1112,89.8334,2,1,2
2024-05-16,18557.9600,12.4200,1.1252,78.0000,1.6667,🔴中度高估,13.8408,80.9472,89.8356,2,1,2
2024-05-17,18546.2300,11.9900,1.1234,88.0000,2.0000,🔴中度高估,10.1189,80.3676,100.0000,2,1,3
2024-05-20,18674.1900,12.1500,1.1300,78.0000,1.6667,🔴中度高估,11.3921,82.7064,89.8184,2,1,2
2024-05-21,18713.8000,11.8600,1.1312,88.0000,2.0000,🔴中度高估,9.2933,83.2721,100.0000,2,1,3
2024-05-22,18705.2000,12.2900,1.1296,78.0000,1.6667,🔴中度高估,12.6188,82.5411,89.8012,2,1,2
2024-05-23,18623.3900,12.7700,1.1235,78.0000,1.3333,🔴中度高估,16.9583,80.3197,89.8034,1,1,2
2024-05-24,18808.3500,11.9300,1.1334,88.0000,2.0000,🔴中度高估,9.6112,84.0389,100.0000,2,1,3
2024-05-28,18869.4400,12.9200,1.1358,78.0000,1.6667,🔴中度高估,18.8080,85.2516,89.7862,1,2,2
2024-05-29,18736.7500,14.2800,1.1265,70.0000,0.6667,🟠轻度高估,31.1744,81.3472,71.0060,0,1,1
2024-05-30,18538.6600,14.4700,1.1135,70.0000,0.6667,🟠轻度高估,32.5491,75.9335,71.0123,0,1,1
2024-05-31,18536.6500,12.9200,1.1122,78.0000,1.3333,🔴中度高估,18.8174,75.2697,89.7928,1,1,2
2024-06-03,18600.9700,13.1100,1.1148,78.0000,1.3333,🔴中度高估,20.5609,76.4833,89.7950,1,1,2
2024-06-04,18654.8400,13.1600,1.1168,78.0000,1.3333,🔴中度高估,21.1821,77.5022,89.7972,1,1,2
2024-06-05,19035.0500,12.6300,1.1380,78.0000,1.6667,🔴中度高估,15.5920,86.0254,89.7994,1,2,2
2024-06-06,19021.1900,12.5800,1.1358,78.0000,1.6667,🔴中度高估,15.2436,85.2738,89.8016,1,2,2
2024-06-07,19000.9500,12.2200,1.1332,78.0000,1.6667,🔴中度高估,11.9422,83.9405,89.8038,2,1,2
2024-06-10,19074.6700,12.7400,1.1363,78.0000,1.6667,🔴中度高估,16.8966,85.3664,89.8060,1,2,2
2024-06-11,19210.1800,12.8500,1.1429,78.0000,1.6667,🔴中度高估,18.0349,87.6535,89.8082,1,2,2
2024-06-12,19465.1800,12.0400,1.1565,78.0000,2.0000,🔴中度高估,10.4265,90.8229,89.8104,2,2,2
2024-06-13,19576.9200,11.9400,1.1616,88.0000,2.3333,💀严重高估,9.6274,91.5356,100.0000,2,2,3
2024-06-14,19659.8000,12.6600,1.1650,78.0000,1.6667,🔴中度高估,16.1068,91.8605,89.7933,1,2,2
2024-06-17,19902.7500,12.7500,1.1779,78.0000,1.6667,🔴中度高估,16.9645,93.3046,89.7955,1,2,2
2024-06-18,19908.8600,12.3000,1.1767,78.0000,2.0000,🔴中度高估,12.7637,93.1339,89.7977,2,2,2
2024-06-20,19752.3000,13.2800,1.1660,78.0000,1.6667,🔴中度高估,22.4231,91.9088,89.7999,1,2,2
2024-06-21,19700.4300,13.2000,1.1615,78.0000,1.6667,🔴中度高估,21.7083,91.4372,89.8021,1,2,2
2024-06-24,19474.6200,13.3300,1.1468,78.0000,1.6667,🔴中度高估,22.9512,88.7288,89.8043,1,2,2
2024-06-25,19701.1300,12.8400,1.1586,78.0000,1.6667,🔴中度高估,17.8710,90.9247,89.8065,1,2,2
2024-06-26,19751.0500,12.5500,1.1600,78.0000,1.6667,🔴中度高估,15.0290,91.1632,89.8086,1,2,2
2024-06-27,19789.0300,12.2400,1.1607,78.0000,2.0000,🔴中度高估,12.1453,91.2511,89.8108,2,2,2
2024-06-28,19682.8700,12.4400,1.1530,78.0000,2.0000,🔴中度高估,14.1629,90.0709,89.8130,2,2,2
2024-07-01,19812.2200,12.2200,1.1591,78.0000,2.0000,🔴中度高估,11.9682,90.9755,89.8152,2,2,2
2024-07-02,20011.8900,12.0300,1.1692,78.0000,2.0000,🔴中度高估,10.3545,92.3308,89.8174,2,2,2
2024-07-03,20186.6300,12.0900,1.1777,78.0000,2.0000,🔴中度高估,10.9107,93.2775,89.8196,2,2,2
2024-07-05,20391.9700,12.4800,1.1879,78.0000,2.0000,🔴中度高估,14.6017,94.5458,89.8218,2,2,2
2024-07-08,20439.5400,12.3700,1.1889,78.0000,2.0000,🔴中度高估,13.3963,94.7402,89.8240,2,2,2
2024-07-09,20453.0200,12.5100,1.1878,78.0000,2.0000,🔴中度高估,14.8530,94.4838,89.8261,2,2,2
2024-07-10,20675.3800,12.8500,1.1986,78.0000,2.0000,🔴中度高估,18.3047,95.7511,89.8283,1,3,2
2024-07-11,20211.3600,12.9200,1.1698,78.0000,1.6667,🔴中度高估,19.1804,92.3192,89.8305,1,2,2
2024-07-12,20331.4900,12.4600,1.1749,78.0000,2.0000,🔴中度高估,14.4573,92.7928,89.8327,2,2,2
2024-07-15,20386.8800,13.1200,1.1761,78.0000,1.6667,🔴中度高估,21.1452,92.9445,89.8349,1,2,2
2024-07-16,20398.6200,13.1900,1.1748,78.0000,1.6667,🔴中度高估,21.8268,92.7530,89.8370,1,2,2
2024-07-17,19799.1400,14.4800,1.1386,70.0000,1.0000,🟠轻度高估,33.0547,85.7449,70.5466,0,2,1
2024-07-18,19705.0900,15.9300,1.1316,70.0000,0.6667,🟠轻度高估,42.5847,82.8118,70.5529,0,1,1
2024-07-19,19522.6200,16.5200,1.1196,62.0000,0.3333,🟠轻度高估,46.6895,78.1016,56.7388,0,1,0
2024-07-22,19822.8700,14.9100,1.1351,70.0000,0.6667,🟠轻度高估,36.0968,84.4473,70.5656,0,1,1
2024-07-23,19754.3400,14.7200,1.1296,70.0000,0.6667,🟠轻度高估,34.7184,81.9662,70.5719,0,1,1
2024-07-24,19032.3900,18.0400,1.0869,55.0000,0.0000,⚪中性,55.6745,58.9722,44.5396,0,0,0
2024-07-25,18830.5800,18.4600,1.0742,55.0000,0.0000,⚪中性,57.6322,50.6958,44.5515,0,0,0
2024-07-26,19023.6600,16.3900,1.0840,62.0000,0.0000,⚪中性,45.8048,57.1276,56.7423,0,0,0
2024-07-29,19059.4900,16.6000,1.0848,62.0000,0.0000,⚪中性,47.0790,57.5861,56.7516,0,0,0
2024-07-30,18796.2700,17.6900,1.0688,62.0000,0.0000,⚪中性,53.6157,47.3042,56.7608,0,0,0
2024-07-31,19362.4300,16.3600,1.0997,62.0000,0.0000,⚪中性,45.5615,67.1872,56.7701,0,0,0
2024-08-01,18890.3900,18.5900,1.0717,55.0000,0.0000,⚪中性,58.4902,49.0376,44.5252,0,0,0
2024-08-02,18440.8500,23.3900,1.0452,42.0000,-0.6667,🟡轻度低估,77.3787,36.0060,27.4963,-1,0,-1
2024-08-05,17895.1600,38.5700,1.0135,15.0000,-2.0000,🟢中度低估,95.9384,25.2672,5.3014,-3,-1,-2
2024-08-06,18077.9200,27.7100,1.0229,35.0000,-1.3333,🟢中度低估,87.7538,27.0998,18.0380,-2,-1,-1
2024-08-07,17867.3700,27.8500,1.0101,35.0000,-1.3333,🟢中度低估,88.0128,24.1026,18.0556,-2,-1,-1
2024-08-08,18413.8200,23.7900,1.0399,42.0000,-0.6667,🟡轻度低估,78.3807,33.6894,27.5582,-1,0,-1
2024-08-09,18513.1000,20.3700,1.0443,48.0000,0.0000,⚪中性,66.0829,35.5190,35.2627,0,0,0
2024-08-12,18542.0300,20.7100,1.0448,48.0000,0.0000,⚪中性,67.4995,35.8317,35.2765,0,0,0
2024-08-13,19006.4300,18.1200,1.0696,55.0000,0.0000,⚪中性,55.9778,47.8864,44.6200,0,0,0
2024-08-14,19022.6800,16.1900,1.0691,62.0000,0.0000,⚪中性,44.3116,47.4920,56.8623,0,0,0
2024-08-15,19490.1500,15.2300,1.0937,70.0000,0.3333,🟠轻度高估,37.8574,63.6577,70.6786,0,0,1
2024-08-16,19508.5200,14.8000,1.0931,70.0000,0.3333,🟠轻度高估,35.2891,63.4521,70.6849,0,0,1
2024-08-19,19766.4900,14.6500,1.1059,70.0000,0.6667,🟠轻度高估,34.0230,71.5657,70.6911,0,1,1
2024-08-20,19719.8200,15.8800,1.1018,70.0000,0.3333,🟠轻度高估,42.0559,68.7353,70.6974,0,0,1
2024-08-21,19824.8400,16.2700,1.1061,62.0000,0.3333,🟠轻度高估,44.8827,71.6205,56.8230,0,1,0
2024-08-22,19491.8400,17.5500,1.0862,62.0000,0.0000,⚪中性,52.6753,58.5163,56.8322,0,0,0
2024-08-23,19720.8700,15.8600,1.0976,70.0000,0.3333,🟠轻度高估,41.9011,66.0060,70.7161,0,0,1
2024-08-26,19516.4400,16.1500,1.0849,62.0000,0.0000,⚪中性,44.1509,57.6390,56.8293,0,0,0
2024-08-27,19581.5200,15.4300,1.0872,70.0000,0.3333,🟠轻度高估,39.0499,59.3950,70.7286,0,0,1
2024-08-28,19350.7800,17.1100,1.0732,62.0000,0.0000,⚪中性,50.3514,50.0319,56.8264,0,0,0
2024-08-29,19325.4500,15.6500,1.0707,70.0000,0.3333,🟠轻度高估,40.8007,48.5094,70.7411,0,0,1
2024-08-30,19574.6400,15.0000,1.0832,70.0000,0.3333,🟠轻度高估,36.4275,56.6532,70.7473,0,0,1
2024-09-03,18958.7400,20.7200,1.0482,48.0000,0.0000,⚪中性,67.6458,37.1222,35.1852,0,0,0
2024-09-04,18921.4000,21.3200,1.0453,48.0000,-0.3333,🟡轻度低估,70.1000,36.0502,35.1990,-1,0,0
2024-09-05,18930.3300,19.9000,1.0449,55.0000,0.0000,⚪中性,64.3830,35.7234,44.5319,0,0,0
2024-09-06,18421.3100,22.3800,1.0161,42.0000,-1.0000,🟡轻度低估,73.7928,25.5265,27.4622,-1,-1,-1
2024-09-09,18660.7800,19.4500,1.0285,55.0000,-0.3333,🟡轻度低估,62.6117,28.9239,44.5555,0,-1,0
2024-09-10,18829.1400,19.0800,1.0370,55.0000,0.0000,⚪中性,61.0461,32.2560,44.5673,0,0,0
2024-09-11,19237.3000,17.6900,1.0585,62.0000,0.0000,⚪中性,53.5927,42.1769,56.8665,0,0,0
2024-09-12,19423.0700,17.0700,1.0677,62.0000,0.0000,⚪中性,50.0106,46.6525,56.8757,0,0,0
2024-09-13,19514.5900,16.5600,1.0717,62.0000,0.0000,⚪中性,46.7488,49.1500,56.8848,0,0,0
2024-09-16,19423.0600,17.1400,1.0657,62.0000,0.0000,⚪中性,50.4568,45.6342,56.8940,0,0,0
2024-09-17,19432.4000,17.6100,1.0652,62.0000,0.0000,⚪中性,53.2073,45.4758,56.9031,0,0,0
2024-09-18,19344.4900,18.2300,1.0594,55.0000,0.0000,⚪中性,56.6575,42.6417,44.5317,0,0,0
2024-09-19,19839.8300,16.3300,1.0854,62.0000,0.0000,⚪中性,45.2866,58.1741,56.9214,0,0,0
2024-09-20,19791.4900,16.1500,1.0816,62.0000,0.0000,⚪中性,44.0671,55.6357,56.9306,0,0,0
2024-09-23,19852.2000,15.8900,1.0837,70.0000,0.3333,🟠轻度高估,42.0204,56.9610,70.8404,0,0,1
2024-09-24,19944.8400,15.3900,1.0875,70.0000,0.3333,🟠轻度高估,38.5954,59.7072,70.8466,0,0,1
2024-09-25,19972.6100,15.4100,1.0879,70.0000,0.3333,🟠轻度高估,38.6720,59.9915,70.8528,0,0,1
2024-09-26,20115.5400,15.3700,1.0944,70.0000,0.3333,🟠轻度高估,38.5154,64.2842,70.8590,0,0,1
2024-09-27,20008.6200,16.9600,1.0875,62.0000,0.0000,⚪中性,49.2791,59.6692,56.8914,0,0,0
2024-09-30,20060.6900,16.7300,1.0892,62.0000,0.0000,⚪中性,47.9330,60.9498,56.9006,0,0,0
2024-10-01,19773.3000,19.2600,1.0727,55.0000,0.0000,⚪中性,61.8482,49.7245,44.4680,0,0,0
2024-10-02,19802.5900,18.9000,1.0733,55.0000,0.0000,⚪中性,60.3518,50.2649,44.4798,0,0,0
2024-10-03,19793.3400,20.4900,1.0719,48.0000,0.0000,⚪中性,66.6314,49.2585,35.0847,0,0,0
2024-10-04,20035.0200,19.2100,1.0840,55.0000,0.0000,⚪中性,61.6607,57.2336,44.5033,0,0,0
2024-10-07,19800.7400,22.6400,1.0705,42.0000,-0.6667,🟡轻度低估,75.0318,48.3058,27.3613,-1,0,-1
2024-10-08,20107.7800,21.4200,1.0860,48.0000,-0.3333,🟡轻度低估,70.4849,58.5221,35.1048,-1,0,0
2024-10-09,20268.8600,20.8600,1.0937,48.0000,0.0000,⚪中性,68.1837,63.8654,35.1185,0,0,0
2024-10-10,20241.7600,20.9300,1.0912,48.0000,0.0000,⚪中性,68.4021,62.3915,35.1323,0,0,0
2024-10-11,20271.9700,20.4600,1.0919,48.0000,0.0000,⚪中性,66.3775,62.7804,35.1460,0,0,0
2024-10-14,20439.0500,19.7000,1.0998,55.0000,0.0000,⚪中性,63.6979,67.6327,44.5737,0,0,0
2024-10-15,20159.8300,20.6400,1.0838,48.0000,0.0000,⚪中性,67.2377,57.0008,35.1523,0,0,0
2024-10-16,20174.0500,19.5800,1.0836,55.0000,0.0000,⚪中性,63.2269,56.8408,44.5972,0,0,0
2024-10-17,20190.4200,19.1100,1.0834,55.0000,0.0000,⚪中性,61.2051,56.7442,44.6089,0,0,0
2024-10-18,20324.0400,18.0300,1.0895,55.0000,0.0000,⚪中性,55.5274,61.0865,44.6206,0,0,0
2024-10-21,20361.4700,18.3700,1.0903,55.0000,0.0000,⚪中性,57.2274,61.7498,44.6323,0,0,0
2024-10-22,20390.4600,18.2000,1.0906,55.0000,0.0000,⚪中性,56.4124,62.0537,44.6440,0,0,0
2024-10-23,20066.9600,19.2400,1.0723,55.0000,0.0000,⚪中性,61.7026,49.3240,44.6557,0,0,0
2024-10-24,20232.8700,19.0800,1.0802,55.0000,0.0000,⚪中性,61.0348,54.6357,44.6674,0,0,0
2024-10-25,20352.0200,20.3300,1.0855,48.0000,0.0000,⚪中性,66.0473,58.1715,35.1140,0,0,0
2024-10-28,20351.0700,19.8000,1.0844,55.0000,0.0000,⚪中性,64.0068,57.3570,44.6907,0,0,0
2024-10-29,20550.6500,19.3400,1.0940,55.0000,0.0000,⚪中性,62.0515,64.1199,44.7024,0,0,0
2024-10-30,20387.7000,20.3500,1.0843,48.0000,0.0000,⚪中性,66.1954,57.2062,35.1129,0,0,0
2024-10-31,19890.4200,23.1600,1.0570,42.0000,-0.6667,🟡轻度低估,76.8776,41.2869,27.2785,-1,0,-1
2024-11-01,20033.1400,21.8800,1.0637,48.0000,-0.3333,🟡轻度低估,72.3054,44.4421,35.1403,-1,0,0
2024-11-04,19963.6000,21.9800,1.0592,48.0000,-0.3333,🟡轻度低估,72.6487,42.3028,35.1539,-1,0,0
2024-11-05,20227.4600,20.4900,1.0724,48.0000,0.0000,⚪中性,66.6245,49.3569,35.1676,0,0,0
2024-11-06,20781.3300,16.2700,1.1008,62.0000,0.0000,⚪中性,44.6037,68.3600,57.1459,0,0,0
2024-11-07,21101.5700,15.2000,1.1167,70.0000,0.6667,🟠轻度高估,37.3024,77.3024,71.0432,0,1,1
2024-11-08,21117.1800,14.9400,1.1165,70.0000,0.6667,🟠轻度高估,35.7354,77.1808,71.0493,0,1,1
2024-11-11,21106.5900,14.9700,1.1148,70.0000,0.6667,🟠轻度高估,35.8753,76.2376,71.0554,0,1,1
2024-11-12,21070.7900,14.7100,1.1119,70.0000,0.6667,🟠轻度高估,34.1196,74.9789,71.0615,0,1,1
2024-11-13,21036.1600,14.0200,1.1090,70.0000,1.0000,🟠轻度高估,29.2904,73.4470,71.0676,1,1,1
2024-11-14,20896.6700,14.3100,1.1006,70.0000,0.3333,🟠轻度高估,31.2632,68.1895,71.0737,0,0,1
2024-11-15,20394.1300,16.1400,1.0733,62.0000,0.0000,⚪中性,43.8434,49.9474,57.0827,0,0,0
2024-11-18,20539.1900,15.5800,1.0801,70.0000,0.3333,🟠轻度高估,39.9200,54.4192,71.0859,0,0,1
2024-11-19,20684.5900,16.3500,1.0868,62.0000,0.0000,⚪中性,45.3398,59.0364,57.0797,0,0,0
2024-11-20,20667.1000,17.1600,1.0850,62.0000,0.0000,⚪中性,50.4628,57.7619,57.0888,0,0,0
2024-11-21,20740.7800,16.8700,1.0881,62.0000,0.0000,⚪中性,48.5384,60.0421,57.0978,0,0,0
2024-11-22,20776.2300,15.2400,1.0891,70.0000,0.3333,🟠轻度高估,37.5946,60.7233,71.1102,0,0,1
2024-11-25,20804.8900,14.6000,1.0898,70.0000,0.3333,🟠轻度高估,33.2142,61.3412,71.1162,0,0,1
2024-11-26,20922.9000,14.1000,1.0951,70.0000,0.6667,🟠轻度高估,29.7814,64.7541,71.1223,1,0,1
2024-11-27,20744.4900,14.1000,1.0848,70.0000,0.6667,🟠轻度高估,29.7962,57.4911,71.1284,1,0,1
2024-11-29,20930.3700,13.5100,1.0937,78.0000,1.0000,🟠轻度高估,24.6218,63.8445,90.0420,1,0,2
2024-12-02,21164.6000,13.3400,1.1049,78.0000,1.3333,🔴中度高估,22.8313,71.1405,90.0441,1,1,2
2024-12-03,21229.3200,13.3000,1.1073,78.0000,1.3333,🔴中度高估,22.4276,72.5745,90.0462,1,1,2
2024-12-04,21492.3600,13.4500,1.1199,78.0000,1.3333,🔴中度高估,24.0815,78.5429,90.0483,1,1,2
2024-12-05,21425.2200,13.5400,1.1152,78.0000,1.3333,🔴中度高估,24.9580,76.5323,90.0504,1,1,2
2024-12-06,21622.2500,12.7700,1.1244,78.0000,1.3333,🔴中度高估,16.9150,80.4407,90.0525,1,1,2
2024-12-09,21440.8200,14.1900,1.1140,70.0000,0.6667,🟠轻度高估,30.5287,75.9127,71.0449,0,1,1
2024-12-10,21368.1800,14.1800,1.1092,70.0000,0.6667,🟠轻度高估,30.4804,73.5263,71.0510,0,1,1
2024-12-11,21763.9800,13.5800,1.1286,78.0000,1.3333,🔴中度高估,25.3565,81.9002,90.0587,1,1,2
2024-12-12,21615.2700,13.9200,1.1198,78.0000,1.3333,🔴中度高估,28.2449,78.4861,90.0608,1,1,2
2024-12-13,21780.2500,13.8100,1.1273,78.0000,1.3333,🔴中度高估,27.3375,81.4256,90.0629,1,1,2
2024-12-16,22096.6600,14.6900,1.1425,70.0000,1.0000,🟠轻度高估,34.1647,87.3821,71.0124,0,2,1
2024-12-17,22001.0800,15.8700,1.1365,70.0000,1.0000,🟠轻度高估,41.9111,85.2473,71.0184,0,2,1
2024-12-18,21209.3200,27.6200,1.0947,35.0000,-1.0000,🟡轻度低估,87.8274,64.3830,17.7247,-2,0,-1
2024-12-19,21110.5100,24.0900,1.0887,42.0000,-0.6667,🟡轻度低估,79.6188,60.2849,27.1261,-1,0,-1
2024-12-20,21289.1500,18.3600,1.0971,55.0000,0.0000,⚪中性,57.2775,65.7592,44.5236,0,0,0
2024-12-23,21503.1700,16.7800,1.1071,62.0000,0.3333,🟠轻度高估,48.0737,72.3199,56.9305,0,1,0
2024-12-24,21797.6500,14.2700,1.1211,70.0000,0.6667,🟠轻度高估,31.1283,78.9198,71.0488,0,1,1
2024-12-26,21768.3100,14.7300,1.1186,70.0000,0.6667,🟠轻度高估,34.4705,78.0243,71.0548,0,1,1
2024-12-27,21473.0200,15.9500,1.1025,70.0000,0.3333,🟠轻度高估,42.6240,69.4078,71.0609,0,0,1
2024-12-30,21197.0900,17.4000,1.0874,62.0000,0.0000,⚪中性,52.0084,59.3305,56.9038,0,0,0
2024-12-31,21012.1700,17.3500,1.0770,62.0000,0.0000,⚪中性,51.7883,51.8720,56.9128,0,0,0
2025-01-02,20975.6200,17.9300,1.0744,62.0000,0.0000,⚪中性,55.0397,50.3137,56.9218,0,0,0
2025-01-03,21326.1600,16.1300,1.0914,62.0000,0.0000,⚪中性,43.9055,62.2831,56.9308,0,0,0
2025-01-06,21559.5000,16.0400,1.1024,62.0000,0.0000,⚪中性,43.2483,69.3353,56.9398,0,0,0
2025-01-07,21173.0400,17.8200,1.0818,62.0000,0.0000,⚪中性,54.3783,55.2351,56.9488,0,0,0
2025-01-08,21180.9700,17.7000,1.0815,62.0000,0.0000,⚪中性,53.7819,55.0146,56.9578,0,0,0
2025-01-10,20847.5800,19.5400,1.0637,55.0000,0.0000,⚪中性,63.2964,44.1404,44.4328,0,0,0
2025-01-13,20784.7200,19.1900,1.0598,55.0000,0.0000,⚪中性,61.6959,42.1679,44.4444,0,0,0
2025-01-14,20757.4100,18.7100,1.0578,55.0000,0.0000,⚪中性,59.3652,41.2612,44.4560,0,0,0
2025-01-15,21237.8500,16.1200,1.0814,62.0000,0.0000,⚪中性,43.8413,55.0313,56.9937,0,0,0
2025-01-16,21091.2500,16.6000,1.0732,62.0000,0.0000,⚪中性,47.0257,49.5512,57.0027,0,0,0
2025-01-17,21441.1600,15.9700,1.0901,70.0000,0.3333,🟠轻度高估,42.7796,61.4149,71.1394,0,0,1
2025-01-21,21566.5100,15.0600,1.0955,70.0000,0.3333,🟠轻度高估,36.4699,64.8863,71.1454,0,0,1
2025-01-22,21853.0000,15.1000,1.1089,70.0000,0.6667,🟠轻度高估,36.7751,73.4251,71.1514,0,1,1
2025-01-23,21900.9300,15.0200,1.1103,70.0000,0.6667,🟠轻度高估,36.2252,74.0772,71.1575,0,1,1
2025-01-24,21774.0100,14.8500,1.1029,70.0000,0.3333,🟠轻度高估,35.3420,69.8290,71.1635,0,0,1
2025-01-27,21127.2800,17.9000,1.0693,62.0000,0.0000,⚪中性,54.9093,46.8418,56.9523,0,0,0
2025-01-28,21463.0400,16.4100,1.0853,62.0000,0.0000,⚪中性,45.9775,57.7324,56.9612,0,0,0
2025-01-29,21411.4600,16.5600,1.0819,62.0000,0.0000,⚪中性,46.8014,55.2615,56.9702,0,0,0
2025-01-30,21508.1200,15.8400,1.0858,70.0000,0.3333,🟠轻度高估,41.5833,58.0417,71.1875,0,0,1
2025-01-31,21478.0500,16.4300,1.0833,62.0000,0.0000,⚪中性,46.0737,56.2175,56.9673,0,0,0
2025-02-03,21297.5800,18.6200,1.0732,55.0000,0.0000,⚪中性,58.9338,49.4169,44.3565,0,0,0
2025-02-04,21566.9200,17.2100,1.0856,62.0000,0.0000,⚪中性,50.9265,57.9221,56.9852,0,0,0
2025-02-05,21658.1600,15.7700,1.0891,70.0000,0.3333,🟠轻度高估,41.1532,60.5329,71.2115,0,0,1
2025-02-06,21774.0700,15.5000,1.0936,70.0000,0.3333,🟠轻度高估,39.3757,63.6629,71.2175,0,0,1
2025-02-07,21491.3100,16.5400,1.0782,62.0000,0.0000,⚪中性,46.7541,52.7258,56.9705,0,0,0
2025-02-10,21756.7300,15.8100,1.0904,70.0000,0.3333,🟠轻度高估,41.4188,61.7225,71.2295,0,0,1
2025-02-11,21693.5200,16.0200,1.0861,62.0000,0.0000,⚪中性,43.0740,58.2155,56.9676,0,0,0
2025-02-12,21719.2600,15.8900,1.0862,70.0000,0.3333,🟠轻度高估,41.9630,58.3073,71.2414,0,0,1
2025-02-13,22030.7100,15.1000,1.1006,70.0000,0.3333,🟠轻度高估,36.7152,68.1497,71.2474,0,0,1
2025-02-14,22114.6900,14.7700,1.1036,70.0000,0.6667,🟠轻度高估,34.5666,70.2764,71.2534,0,1,1
2025-02-18,22164.6100,15.3500,1.1048,70.0000,0.6667,🟠轻度高估,38.2377,70.9476,71.2594,0,1,1
2025-02-19,22175.6000,15.2700,1.1040,70.0000,0.6667,🟠轻度高估,37.7935,70.6005,71.2653,0,1,1
2025-02-20,22068.0600,15.6600,1.0974,70.0000,0.3333,🟠轻度高估,40.6730,66.1197,71.2713,0,0,1
2025-02-21,21614.0800,18.2100,1.0738,55.0000,0.0000,⚪中性,56.8640,49.8650,44.2575,0,0,0
2025-02-24,21352.0800,18.9800,1.0600,55.0000,0.0000,⚪中性,60.9219,41.9643,44.2691,0,0,0
2025-02-25,21087.2500,19.4300,1.0460,55.0000,0.0000,⚪中性,63.0060,35.4370,44.2807,0,0,0
2025-02-26,21132.9200,19.1000,1.0475,55.0000,0.0000,⚪中性,61.5401,36.1353,44.2922,0,0,0
2025-02-27,20550.9500,21.1300,1.0180,48.0000,-0.3333,🟡轻度低估,69.6825,25.2957,34.6752,0,-1,0
2025-02-28,20884.4100,19.6300,1.0339,55.0000,0.0000,⚪中性,64.0041,30.3112,44.3154,0,0,0
2025-03-03,20425.5800,22.7800,1.0106,42.0000,-1.0000,🟡轻度低估,75.9179,23.4599,26.8824,-1,-1,-1
2025-03-04,20352.5300,23.5100,1.0065,42.0000,-1.0000,🟡轻度低估,78.2663,22.4181,26.8976,-1,-1,-1
2025-03-05,20628.4600,21.9300,1.0196,48.0000,-0.6667,🟡轻度低估,72.8592,25.6894,34.7087,-1,-1,0
2025-03-06,20052.6300,24.8700,0.9908,42.0000,-1.0000,🟡轻度低估,82.0066,18.8018,26.9071,-1,-1,-1
2025-03-07,20201.3700,23.3700,0.9977,42.0000,-1.0000,🟡轻度低估,77.8238,20.2487,26.9223,-1,-1,-1
2025-03-10,19430.9500,27.8600,0.9595,35.0000,-1.6667,🟢中度低估,88.3755,13.7795,17.5508,-2,-2,-1
2025-03-11,19376.9600,26.9200,0.9567,35.0000,-1.6667,🟢中度低估,86.8655,13.4038,17.5678,-2,-2,-1
2025-03-12,19596.0200,24.2300,0.9673,42.0000,-1.3333,🟢中度低估,80.2403,14.9544,26.9677,-1,-2,-1
2025-03-13,19225.4800,24.6600,0.9488,42.0000,-1.3333,🟢中度低估,81.4454,12.2800,26.9828,-1,-2,-1
2025-03-14,19704.6400,21.7700,0.9723,48.0000,-0.6667,🟡轻度低估,72.3810,15.7350,34.8033,-1,-1,0
2025-03-17,19812.2400,20.5100,0.9774,48.0000,-0.3333,🟡轻度低估,67.0255,16.5183,34.8168,0,-1,0
2025-03-18,19483.3600,21.7000,0.9610,48.0000,-1.0000,🟡轻度低估,72.0613,14.1142,34.8303,-1,-2,0
2025-03-19,19736.6600,19.9000,0.9732,55.0000,-0.3333,🟡轻度低估,64.7631,15.9114,44.4651,0,-1,0
2025-03-20,19677.6100,19.8000,0.9700,55.0000,-0.3333,🟡轻度低估,64.2946,15.3703,44.4766,0,-1,0
2025-03-21,19753.9700,19.2800,0.9735,55.0000,-0.3333,🟡轻度低估,62.0269,16.0083,44.4881,0,-1,0
2025-03-24,20180.4500,17.4800,0.9941,62.0000,-0.3333,🟡轻度低估,52.2539,19.6443,57.0926,0,-1,0
2025-03-25,20287.8300,17.1500,0.9991,62.0000,-0.3333,🟡轻度低估,50.5065,20.7360,57.1015,0,-1,0
2025-03-26,19916.9900,18.3300,0.9806,55.0000,-0.3333,🟡轻度低估,57.1517,17.2179,44.4812,0,-1,0
2025-03-27,19798.6200,18.6900,0.9746,55.0000,-0.3333,🟡轻度低估,59.2271,16.1190,44.4927,0,-1,0
2025-03-28,19281.4000,21.6500,0.9491,48.0000,-1.0000,🟡轻度低估,71.9008,12.2934,34.7934,-1,-2,0
2025-03-31,19278.4500,22.2800,0.9489,42.0000,-1.3333,🟢中度低估,74.0136,12.2702,26.9366,-1,-2,-1
2025-04-01,19436.4200,21.7700,0.9567,48.0000,-1.0000,🟡轻度低估,72.4287,13.4449,34.8203,-1,-2,0
2025-04-02,19581.7800,21.5100,0.9639,48.0000,-1.0000,🟡轻度低估,71.2781,14.6397,34.8338,-1,-2,0
2025-04-03,18521.4700,30.0200,0.9119,22.0000,-2.0000,🟢中度低估,91.0198,7.6177,9.0008,-2,-2,-2
2025-04-04,17397.7000,45.3100,0.8571,5.0000,-3.0000,🔥极度低估,97.8328,4.1899,3.6120,-3,-3,-3
2025-04-07,17430.6800,46.9800,0.8593,5.0000,-3.0000,🔥极度低估,98.1634,4.2922,3.6319,-3,-3,-3
2025-04-08,17090.4000,52.3300,0.8430,5.0000,-3.0000,🔥极度低估,98.5764,3.6105,3.6517,-3,-3,-3
2025-04-09,19145.0600,33.6200,0.9445,22.0000,-2.0000,🟢中度低估,94.2450,11.6337,9.0759,-2,-2,-2
2025-04-10,18343.5700,40.7200,0.9052,5.0000,-2.6667,🔥极度低估,96.4941,7.1355,3.6709,-3,-2,-3
2025-04-11,18690.0500,37.5600,0.9226,15.0000,-2.3333,🔥极度低估,95.6907,8.7423,5.2165,-3,-2,-2
2025-04-14,18796.0200,30.8900,0.9280,22.0000,-2.0000,🟢中度低估,91.8367,9.4620,9.1321,-2,-2,-2
2025-04-15,18830.2300,30.1200,0.9299,22.0000,-2.0000,🟢中度低估,91.0140,9.7073,9.1509,-2,-2,-2
2025-04-16,18257.6400,32.6400,0.9020,22.0000,-2.0000,🟢中度低估,93.3649,6.9442,9.1696,-2,-2,-2
2025-04-17,18258.0900,29.6500,0.9023,28.0000,-2.0000,🟢中度低估,90.4203,7.0045,11.5369,-2,-2,-2
2025-04-21,17808.3000,33.8200,0.8806,22.0000,-2.0000,🟢中度低估,94.3151,5.3347,9.1864,-2,-2,-2
2025-04-22,18276.4100,30.5700,0.9042,22.0000,-2.0000,🟢中度低估,91.4539,7.1252,9.2051,-2,-2,-2
2025-04-23,18693.2600,28.4500,0.9252,28.0000,-2.0000,🟢中度低估,89.0056,9.2032,11.5915,-2,-2,-2
2025-04-24,19214.4000,26.4700,0.9513,35.0000,-1.6667,🟢中度低估,86.0436,12.8654,17.7645,-2,-2,-1
2025-04-25,19432.5600,24.8400,0.9623,42.0000,-1.3333,🟢中度低估,81.7246,14.5915,27.1661,-1,-2,-1
2025-04-28,19427.2900,25.1500,0.9623,35.0000,-1.3333,🟢中度低估,82.6132,14.6091,17.7778,-1,-2,-1
2025-04-29,19544.9500,24.1700,0.9683,42.0000,-1.0000,🟡轻度低估,79.8601,15.4289,27.1961,-1,-1,-1
2025-04-30,19571.0200,24.7000,0.9698,42.0000,-1.0000,🟡轻度低估,81.3246,15.7137,27.2110,-1,-1,-1
2025-05-01,19786.7100,24.6000,0.9806,42.0000,-1.0000,🟡轻度低估,81.0611,17.6434,27.2260,-1,-1,-1
2025-05-02,20102.6100,22.6800,0.9964,42.0000,-1.0000,🟡轻度低估,75.2673,20.5387,27.2410,-1,-1,-1
2025-05-05,19967.9400,23.6400,0.9896,42.0000,-1.0000,🟡轻度低估,78.2939,19.2600,27.2559,-1,-1,-1
2025-05-06,19791.3500,24.7600,0.9809,42.0000,-1.0000,🟡轻度低估,81.5454,17.6737,27.2709,-1,-1,-1
2025-05-07,19867.9700,23.5500,0.9846,42.0000,-1.0000,🟡轻度低估,78.0768,18.3481,27.2858,-1,-1,-1
2025-05-08,20063.5600,22.4800,0.9942,42.0000,-1.0000,🟡轻度低估,74.2810,20.1520,27.3007,-1,-1,-1
2025-05-09,20061.4500,21.9000,0.9940,48.0000,-0.6667,🟡轻度低估,72.3352,20.0863,35.1818,-1,-1,0
2025-05-12,20868.1500,18.3900,1.0335,55.0000,0.0000,⚪中性,57.1253,30.8214,44.8460,0,0,0
2025-05-13,21197.7000,18.2200,1.0492,55.0000,0.0000,⚪中性,56.2923,37.3845,44.8573,0,0,0
2025-05-14,21319.2100,18.6200,1.0547,55.0000,0.0000,⚪中性,58.4770,40.4557,44.8686,0,0,0
2025-05-15,21335.8200,17.8300,1.0549,62.0000,0.0000,⚪中性,54.0119,40.5500,57.4184,0,0,0
2025-05-16,21427.9400,17.2400,1.0587,62.0000,0.0000,⚪中性,50.6360,42.1625,57.4272,0,0,0
2025-05-19,21447.0500,18.1400,1.0591,55.0000,0.0000,⚪中性,55.9179,42.2769,44.8615,0,0,0
2025-05-20,21367.3700,18.0900,1.0546,55.0000,0.0000,⚪中性,55.5783,40.4020,44.8728,0,0,0
2025-05-21,21080.3600,20.8700,1.0397,48.0000,0.0000,⚪中性,68.3207,33.3402,35.1446,0,0,0
2025-05-22,21112.4700,20.2800,1.0405,48.0000,0.0000,⚪中性,65.8672,33.5793,35.1579,0,0,0
2025-05-23,20915.6600,22.2900,1.0301,42.0000,-1.0000,🟡轻度低估,73.7446,29.4937,27.2597,-1,-1,-1
2025-05-27,21414.9900,18.9600,1.0537,55.0000,0.0000,⚪中性,60.2664,39.9795,44.9180,0,0,0
2025-05-28,21318.1700,19.3100,1.0482,55.0000,0.0000,⚪中性,61.7701,36.9596,44.9293,0,0,0
2025-05-29,21363.9500,19.1800,1.0497,55.0000,0.0000,⚪中性,61.3273,37.6075,44.9406,0,0,0
2025-05-30,21340.9900,18.5700,1.0479,55.0000,0.0000,⚪中性,58.0790,36.8626,44.9519,0,0,0
2025-06-02,21491.7500,18.3600,1.0546,55.0000,0.0000,⚪中性,56.9206,40.5201,44.9631,0,0,0
2025-06-03,21662.5800,17.6900,1.0623,62.0000,0.0000,⚪中性,53.1627,43.8280,57.5230,0,0,0
2025-06-04,21721.9200,17.6100,1.0647,62.0000,0.0000,⚪中性,52.7425,45.2108,57.5317,0,0,0
2025-06-05,21547.4300,18.4800,1.0556,55.0000,0.0000,⚪中性,57.5404,40.9044,44.9560,0,0,0
2025-06-06,21761.7900,16.7700,1.0656,62.0000,0.0000,⚪中性,47.5041,45.5401,57.5491,0,0,0
2025-06-09,21797.8700,17.1600,1.0668,62.0000,0.0000,⚪中性,50.0716,46.2671,57.5578,0,0,0
2025-06-10,21941.9200,16.9500,1.0733,62.0000,0.0000,⚪中性,48.6708,50.2454,57.5665,0,0,0
2025-06-11,21860.8000,17.2600,1.0687,62.0000,0.0000,⚪中性,50.6440,47.2092,57.5751,0,0,0
2025-06-12,21913.3200,18.0200,1.0707,55.0000,0.0000,⚪中性,55.1717,48.5691,44.9305,0,0,0
2025-06-13,21631.0400,20.8200,1.0564,48.0000,0.0000,⚪中性,68.1995,41.2426,35.0909,0,0,0
2025-06-16,21937.5700,19.1100,1.0707,55.0000,0.0000,⚪中性,61.1361,48.5901,44.9530,0,0,0
2025-06-17,21719.0800,21.6000,1.0594,48.0000,-0.3333,🟡轻度低估,71.4402,42.5741,35.0970,-1,0,0
2025-06-18,21719.6900,20.1400,1.0588,48.0000,0.0000,⚪中性,65.5025,42.2590,35.1103,0,0,0
2025-06-20,21626.3900,20.6200,1.0538,48.0000,0.0000,⚪中性,67.2248,39.9224,35.1235,0,0,0
2025-06-23,21856.3300,19.8300,1.0642,55.0000,0.0000,⚪中性,64.1282,45.0592,44.9980,0,0,0
2025-06-24,22190.5200,17.4800,1.0796,62.0000,0.0000,⚪中性,51.7248,54.4193,57.6444,0,0,0
2025-06-25,22237.7400,16.7600,1.0811,62.0000,0.0000,⚪中性,47.3469,55.3673,57.6531,0,0,0
2025-06-26,22447.2900,16.5900,1.0902,62.0000,0.0000,⚪中性,46.2559,62.1098,57.6617,0,0,0
2025-06-27,22534.2000,16.3200,1.0934,62.0000,0.0000,⚪中性,44.5328,64.1983,57.6703,0,0,0
2025-06-30,22679.0100,16.7300,1.0994,62.0000,0.0000,⚪中性,47.2772,67.8360,57.6790,0,0,0
2025-07-01,22478.1300,16.8300,1.0888,62.0000,0.0000,⚪中性,47.7977,60.9095,57.6876,0,0,0
2025-07-02,22641.8900,16.6400,1.0959,62.0000,0.0000,⚪中性,46.6463,65.6473,57.6962,0,0,0
2025-07-03,22866.9700,16.3800,1.1059,62.0000,0.3333,🟠轻度高估,44.9246,72.3196,57.7049,0,1,0
2025-07-07,22685.5700,17.7900,1.0962,62.0000,0.0000,⚪中性,53.7396,65.9262,57.7135,0,0,0
2025-07-08,22702.2500,16.8100,1.0962,62.0000,0.0000,⚪中性,47.7384,65.8313,57.7221,0,0,0
2025-07-09,22864.9100,15.9400,1.1031,70.0000,0.6667,🟠轻度高估,41.6378,70.5235,71.8273,0,1,1
2025-07-10,22829.2600,15.7800,1.1006,70.0000,0.3333,🟠轻度高估,40.4481,68.6558,71.8330,0,0,1
2025-07-11,22780.6000,16.4000,1.0974,62.0000,0.0000,⚪中性,45.0825,66.7074,57.7072,0,0,0
2025-07-14,22855.6300,17.2000,1.1002,76.1143,0.3333,🟠轻度高估,50.2647,68.5057,71.8445,0,0,1
2025-07-15,22884.5900,17.3800,1.1009,73.4857,0.3333,🟠轻度高估,51.3943,68.8581,71.8298,0,0,1
2025-07-16,22907.9700,17.1600,1.1012,72.9429,0.3333,🟠轻度高估,50.0814,69.0883,71.8152,0,0,1
2025-07-17,23081.0500,16.5200,1.1087,74.1714,0.6667,🟠轻度高估,45.9207,73.9573,71.8413,0,1,1
2025-07-18,23065.4700,16.4100,1.1072,73.9429,0.6667,🟠轻度高估,45.2197,73.0675,71.8267,0,1,1
2025-07-21,23180.0600,16.6500,1.1118,73.2857,0.6667,🟠轻度高估,46.7562,75.5542,71.7917,0,1,1
2025-07-22,23063.5800,16.5000,1.1054,73.8857,0.6667,🟠轻度高估,45.8316,72.0211,71.8178,0,1,1
2025-07-23,23162.4100,15.3700,1.1092,76.3714,0.6667,🟠轻度高估,37.5889,74.1614,71.8845,0,1,1
2025-07-24,23219.8700,15.3900,1.1111,75.2571,0.6667,🟠轻度高估,37.6829,75.2642,71.8496,0,1,1
2025-07-25,23272.2500,14.9300,1.1127,74.6571,0.6667,🟠轻度高估,34.8506,75.8992,71.8350,0,1,1
2025-07-28,23356.2700,15.0300,1.1158,73.8000,0.6667,🟠轻度高估,35.4124,77.5091,71.7594,0,1,1
2025-07-29,23308.3000,15.9800,1.1126,70.6286,0.6667,🟠轻度高估,42.1491,75.8684,71.6839,0,1,1
2025-07-30,23345.4100,15.4800,1.1136,68.0286,0.3333,🟠轻度高估,38.4444,76.3404,57.5751,0,1,0
2025-07-31,23218.1200,16.7200,1.1067,63.7143,0.3333,🟠轻度高估,47.3503,72.6497,57.5635,0,1,0
2025-08-01,22763.3100,20.3800,1.0844,49.8000,0.0000,⚪中性,66.4637,57.2879,34.9371,0,0,0
2025-08-04,23188.6100,17.5200,1.1040,56.8857,0.3333,🟠轻度高估,52.2022,70.9965,44.7737,0,1,0
2025-08-05,23018.5600,17.8500,1.0951,55.0286,0.0000,⚪中性,54.2614,64.9554,44.7646,0,0,0
2025-08-06,23315.0400,16.7700,1.1084,55.3143,0.3333,🟠轻度高估,47.5350,73.6661,44.7758,0,1,0
2025-08-07,23389.5300,16.5700,1.1111,54.7143,0.3333,🟠轻度高估,46.1663,75.2535,34.9290,0,1,0
2025-08-08,23611.2700,15.1500,1.1207,58.3714,0.3333,🟠轻度高估,36.2807,79.4159,44.8185,0,1,0
2025-08-11,23526.6300,16.2500,1.1159,57.6286,0.3333,🟠轻度高估,43.8767,77.5547,44.8094,0,1,0
2025-08-12,23839.2000,14.7300,1.1298,62.2571,0.3333,🟠轻度高估,33.4077,82.9718,57.6120,0,1,0
2025-08-13,23849.0400,14.4900,1.1292,63.3429,0.3333,🟠轻度高估,31.6376,82.6307,57.6206,0,1,0
2025-08-14,23832.4400,14.8300,1.1275,63.2571,0.3333,🟠轻度高估,34.2249,82.0263,57.6089,0,1,0
2025-08-15,23712.0700,15.0900,1.1209,63.5429,0.3333,🟠轻度高估,35.8387,79.4165,57.6378,0,1,0
2025-08-18,23713.7600,14.9900,1.1201,64.2000,0.3333,🟠轻度高估,35.1833,79.1371,57.6666,0,1,0
2025-08-19,23384.7700,15.5700,1.1038,59.8857,0.3333,🟠轻度高估,39.1049,70.7574,44.7955,0,1,0
2025-08-20,23249.5700,15.6900,1.0967,55.9143,0.0000,⚪中性,40.0081,65.7218,44.7257,0,0,0
2025-08-21,23142.5800,16.6000,1.0908,52.6000,0.0000,⚪中性,46.5385,62.1862,34.8583,0,0,0
2025-08-22,23498.1200,14.2200,1.1067,55.5429,0.6667,🟠轻度高估,29.7713,72.5157,44.7278,1,1,0
2025-08-25,23425.6100,14.7900,1.1024,53.9429,0.0000,⚪中性,33.8729,69.6277,34.8644,0,0,0
2025-08-26,23525.2900,14.6200,1.1062,55.4000,0.3333,🟠轻度高估,32.4499,72.2840,44.7299,0,1,0
2025-08-27,23565.8500,14.8500,1.1074,59.1143,0.3333,🟠轻度高估,34.4458,72.9571,44.8422,0,1,0
2025-08-28,23703.4500,14.4300,1.1132,64.4286,0.3333,🟠轻度高估,31.1223,76.0566,57.7351,0,1,0
2025-08-29,23415.4200,15.3600,1.0990,61.5429,0.0000,⚪中性,37.5859,67.3271,44.8645,0,0,0
2025-09-02,23231.1100,17.1700,1.0898,62.4571,0.0000,⚪中性,50.3740,61.3503,57.6309,0,0,0
2025-09-03,23414.8400,16.3500,1.0979,61.3714,0.0000,⚪中性,44.8464,66.5926,44.8464,0,0,0
2025-09-04,23633.0100,15.3000,1.1074,61.1714,0.3333,🟠轻度高估,37.2601,72.9642,44.8373,0,1,0
2025-09-05,23652.4400,15.1800,1.1076,58.6857,0.3333,🟠轻度高估,36.4646,73.0707,44.7879,0,1,0
2025-09-08,23762.3000,15.1100,1.1119,58.2286,0.3333,🟠轻度高估,36.0331,75.4999,44.7586,0,1,0
2025-09-09,23839.8000,15.0400,1.1146,57.9429,0.3333,🟠轻度高估,35.4604,76.7569,44.7496,0,1,0
2025-09-10,23849.2700,15.3500,1.1143,57.9429,0.3333,🟠轻度高估,37.5328,76.6202,44.7608,0,1,0
2025-09-11,23992.5600,14.7100,1.1201,60.3429,0.3333,🟠轻度高估,33.1651,79.1280,44.8728,0,1,0
2025-09-12,24092.1900,14.7600,1.1239,61.3429,0.3333,🟠轻度高估,33.6428,80.8476,44.9041,0,1,0
2025-09-15,24293.7800,15.6900,1.1323,64.4571,0.3333,🟠轻度高估,40.1533,83.9588,57.8289,0,1,0
2025-09-16,24274.2500,16.3600,1.1305,64.3714,0.3333,🟠轻度高估,44.9869,83.2560,57.7971,0,1,0
2025-09-17,24223.6900,15.7200,1.1273,63.7714,0.3333,🟠轻度高估,40.2582,81.9685,57.7652,0,1,0
2025-09-18,24454.8900,15.7000,1.1371,66.5429,0.6667,🟠轻度高估,40.1896,86.0254,57.8544,0,2,0
2025-09-19,24626.2500,15.4500,1.1440,66.2286,0.6667,🟠轻度高估,38.3669,88.3669,57.8427,0,2,0
2025-09-22,24761.0700,16.1000,1.1494,66.5143,0.6667,🟠轻度高估,43.1566,89.6593,57.8512,0,2,0
2025-09-23,24580.1700,16.6400,1.1401,56.7714,0.6667,🟠轻度高估,47.0173,87.0012,44.6191,0,2,0
2025-09-24,24503.5700,16.1800,1.1357,54.5714,0.6667,🟠轻度高估,43.7034,85.4926,34.7371,0,2,0
2025-09-25,24397.3100,16.7400,1.1300,50.6571,0.3333,🟠轻度高估,47.7639,83.0177,34.6898,0,1,0
2025-09-26,24503.8500,15.2900,1.1342,51.2857,0.3333,🟠轻度高估,37.2407,84.7734,34.7029,0,1,0
2025-09-29,24611.3500,16.1200,1.1383,50.9714,0.6667,🟠轻度高估,43.3347,86.4277,34.6959,0,2,0
2025-09-30,24679.9900,16.2800,1.1406,51.4000,0.6667,🟠轻度高估,44.4333,87.2156,34.7292,0,2,0
2025-10-01,24800.8600,16.2900,1.1454,52.4857,0.6667,🟠轻度高估,44.4847,88.8084,34.7424,0,2,0
2025-10-02,24892.7600,16.6300,1.1488,54.5429,0.6667,🟠轻度高估,46.9310,89.5351,34.7957,0,2,0
2025-10-03,24785.5200,16.6500,1.1431,52.5714,0.6667,🟠轻度高估,47.1831,87.9276,34.7485,0,2,0
2025-10-06,24978.5600,16.3700,1.1512,53.9714,0.6667,🟠轻度高估,45.1821,90.1428,34.8019,0,2,0
2025-10-07,24840.2300,17.2400,1.1441,51.8571,0.6667,🟠轻度高估,51.0660,88.3548,34.7144,0,2,0
2025-10-08,25136.6200,16.3000,1.1567,52.9429,0.6667,🟠轻度高估,44.5606,91.0316,34.7879,0,2,0
2025-10-09,25098.1800,16.4300,1.1538,48.6286,0.6667,🟠轻度高估,45.6574,90.6313,34.5999,0,2,0
2025-10-10,24221.7400,21.6600,1.1128,30.1429,-0.6667,🟡轻度低估,72.0804,75.5980,11.3367,-1,1,-2
2025-10-13,24750.2500,19.0300,1.1362,29.7429,0.0000,⚪中性,61.0932,85.5105,11.3344,0,2,-2
2025-10-14,24579.3200,20.8100,1.1277,28.2857,-0.3333,🟡轻度低估,68.6759,81.8967,11.3321,0,1,-2
2025-10-15,24745.3600,20.6400,1.1345,27.4143,-0.3333,🟡轻度低估,67.8184,84.8333,8.9996,0,1,-2
2025-10-16,24657.2400,25.3100,1.1296,23.1143,-0.6667,🟡轻度低估,83.3099,82.6873,8.9978,-1,1,-2
2025-10-17,24817.9500,20.7800,1.1361,22.3286,0.0000,⚪中性,68.4337,85.5020,8.9960,0,2,-2
2025-10-20,25141.0200,18.2300,1.1498,29.8571,0.0000,⚪中性,56.8761,89.8012,11.4234,0,2,-2
2025-10-21,25127.1300,17.8700,1.1480,28.5429,0.0000,⚪中性,54.7571,89.2814,11.4010,0,2,-2
2025-10-22,24879.0100,18.6000,1.1358,26.3714,0.0000,⚪中性,58.8802,85.3301,9.0307,0,2,-2
2025-10-23,25097.4100,17.3000,1.1448,27.5714,0.0000,⚪中性,51.4045,88.5634,9.0690,0,2,-2
2025-10-24,25358.1600,16.3700,1.1556,32.4571,0.0000,⚪中性,45.0953,90.8927,11.5145,0,2,-2
2025-10-27,25821.5500,15.7900,1.1755,37.3429,0.3333,🟠轻度高估,40.4934,93.3213,17.5692,0,2,-1
2025-10-28,26012.1500,16.4200,1.1828,39.3429,0.3333,🟠轻度高估,45.5183,94.2450,17.5857,0,2,-1
2025-10-29,26119.8500,16.9200,1.1862,42.1143,0.3333,🟠轻度高估,48.9174,94.6672,26.9447,0,2,-1
2025-10-30,25734.8100,16.9100,1.1674,37.0571,0.3333,🟠轻度高估,48.8475,92.4033,17.5586,0,2,-1
2025-10-31,25858.1300,17.4400,1.1718,34.4571,0.0000,⚪中性,52.1643,92.9459,11.5230,0,2,-2
2025-11-03,25972.9400,17.1700,1.1757,32.6000,0.0000,⚪中性,50.5710,93.3080,11.5207,0,2,-2
2025-11-04,25435.7000,19.0000,1.1503,20.9429,0.0000,⚪中性,61.0377,89.8037,5.0881,0,2,-2
2025-11-05,25620.0300,18.0100,1.1576,23.0571,0.0000,⚪中性,55.6779,91.0274,9.0126,0,2,-2
2025-11-06,25130.0400,19.5000,1.1346,24.3429,-0.3333,🟡轻度低估,63.4161,84.6616,9.0509,0,1,-2
2025-11-07,25059.8100,19.0800,1.1307,20.4286,-0.3333,🟡轻度低估,61.4815,82.8228,5.0851,0,1,-2
2025-11-10,25611.7400,17.6000,1.1546,29.9429,0.0000,⚪中性,53.1425,90.6125,11.5492,0,2,-2
2025-11-11,25533.4900,17.2800,1.1499,30.4571,0.0000,⚪中性,51.2307,89.6938,11.5870,0,2,-2
2025-11-12,25517.3300,17.5100,1.1481,34.5714,0.0000,⚪中性,52.4610,89.1357,11.6647,0,2,-2
2025-11-13,24993.4600,20.0000,1.1236,24.5429,-0.3333,🟡轻度低估,65.4731,80.1160,9.0818,0,1,-2
2025-11-14,25008.2400,19.8300,1.1234,22.0571,-0.3333,🟡轻度低估,64.7200,80.0200,9.0000,0,1,-2
2025-11-17,24799.9200,22.3800,1.1132,11.6429,-1.0000,🟡轻度低估,74.6051,75.3849,3.5793,-1,1,-3
2025-11-18,24503.1000,24.6900,1.0991,8.9000,-1.3333,🟢中度低估,81.7673,66.6333,3.5786,-1,0,-3
2025-11-19,24640.5200,23.6600,1.1045,7.8571,-1.0000,🟡轻度低估,78.8927,70.3378,3.5779,-1,1,-3
2025-11-20,24054.3800,26.4200,1.0777,5.1714,-1.6667,🟢中度低估,86.3909,51.8785,3.5771,-2,0,-3
2025-11-21,24239.5700,23.4300,1.0854,5.6571,-1.3333,🟢中度低估,78.1618,57.2627,3.5964,-1,0,-3
2025-11-24,24873.8500,20.5200,1.1129,13.6857,-0.6667,🟡轻度低估,67.2793,75.2897,3.6756,0,1,-3
2025-11-25,25018.3600,18.5600,1.1186,15.0286,-0.3333,🟡轻度低估,58.5181,77.9309,5.1927,0,1,-2
2025-11-26,25236.9400,17.1900,1.1275,17.6571,-0.3333,🟡轻度低估,50.4593,81.4297,5.2117,0,1,-2
2025-11-28,25434.8900,16.3500,1.1354,21.7714,-0.3333,🟡轻度低估,44.6995,84.9870,5.2705,0,1,-2
2025-12-01,25342.8500,17.2400,1.1304,22.0857,-0.3333,🟡轻度低估,50.8982,82.6148,9.1816,0,1,-2
2025-12-02,25555.8600,16.5900,1.1390,23.2571,0.0000,⚪中性,46.3780,86.3500,9.2596,0,2,-2
2025-12-03,25606.5400,16.0800,1.1404,24.7714,0.0000,⚪中性,42.5778,86.8316,9.3176,0,2,-2
2025-12-04,25581.7000,15.7800,1.1385,36.0286,0.3333,🟠轻度高估,40.2553,86.0762,17.9334,0,2,-1
2025-12-05,25692.0500,15.4100,1.1424,38.1429,0.3333,🟠轻度高估,37.5150,87.4551,17.9896,0,2,-1
2025-12-08,25627.9500,16.6600,1.1386,40.7714,0.3333,🟠轻度高估,47.0788,86.1216,18.0259,0,2,-1
2025-12-09,25668.6900,16.9300,1.1393,40.9429,0.3333,🟠轻度高估,48.8238,86.4234,18.0423,0,2,-1
2025-12-10,25776.4400,15.7700,1.1429,36.3714,0.3333,🟠轻度高估,40.1834,87.6420,17.9390,0,2,-1
2025-12-11,25686.6900,14.8500,1.1378,43.7429,0.3333,🟠轻度高估,34.0175,85.8310,27.3814,0,2,-1
2025-12-12,25196.7300,15.7400,1.1149,39.2857,0.0000,⚪中性,39.9880,76.0709,18.0116,0,1,-1
2025-12-15,25067.2700,16.5000,1.1082,49.3143,0.3333,🟠轻度高估,45.9761,72.5697,35.1992,0,1,0
2025-12-16,25132.9400,16.4800,1.1099,46.4000,0.0000,⚪中性,45.8076,73.4913,27.4049,0,1,-1
2025-12-17,24647.6100,17.6200,1.0874,37.6857,-0.3333,🟡轻度低估,53.4050,58.6619,17.9809,0,0,-1
2025-12-18,25019.3700,16.8700,1.1028,42.3714,-0.3333,🟡轻度低估,48.4770,69.1021,27.3940,0,0,-1
2025-12-19,25346.1800,14.9100,1.1159,44.2000,0.0000,⚪中性,34.2755,76.6919,27.4283,0,1,-1
2025-12-22,25461.7000,14.0800,1.1197,54.8857,0.6667,🟠轻度高估,28.2985,78.2090,35.5622,1,1,0
2025-12-23,25587.8300,14.0000,1.1237,58.5714,0.6667,🟠轻度高估,27.5368,80.0040,45.4437,1,1,0
2025-12-24,25656.1500,13.4700,1.1251,58.0000,0.6667,🟠轻度高估,22.9560,80.4854,45.3949,1,1,0
2025-12-26,25644.3900,13.6000,1.1231,54.8571,0.6667,🟠轻度高估,24.2442,79.7534,35.5410,1,1,0
2025-12-29,25525.5600,14.2000,1.1164,47.8857,0.3333,🟠轻度高估,29.1509,76.8542,27.4408,1,1,-1
2025-12-30,25462.5600,14.3300,1.1122,46.1143,0.0000,⚪中性,30.1590,74.6322,27.4155,0,1,-1
2025-12-31,25249.8500,14.9500,1.1016,43.2571,-0.3333,🟡轻度低估,34.5856,68.0580,27.3703,0,0,-1
2026-01-02,25206.1700,14.5100,1.0984,45.2286,-0.3333,🟡轻度低估,31.3593,65.8386,27.4245,0,0,-1
2026-01-05,25401.3200,14.9000,1.1055,47.6000,0.0000,⚪中性,34.2142,70.8524,27.4786,0,1,-1
2026-01-06,25639.7100,14.7500,1.1144,52.8571,0.3333,🟠轻度高估,33.1943,75.7251,35.4787,0,1,0
2026-01-07,25653.9000,15.3800,1.1136,48.5714,0.3333,🟠轻度高估,37.4379,75.3724,35.2532,0,1,0
2026-01-08,25507.1000,15.4500,1.1060,48.3714,0.3333,🟠轻度高估,38.1056,71.1080,35.2462,0,1,0
2026-01-09,25766.2600,14.4900,1.1159,54.1143,0.3333,🟠轻度高估,31.1693,76.6329,35.5767,0,1,0
2026-01-12,25787.6600,15.1200,1.1154,58.0000,0.3333,🟠轻度高估,35.8079,76.3001,45.5141,0,1,0
2026-01-13,25741.9500,15.9800,1.1120,59.0857,0.3333,🟠轻度高估,42.1512,74.4989,45.6043,0,1,0
2026-01-14,25465.9400,16.7500,1.0986,58.6286,0.0000,⚪中性,47.8373,65.8730,45.5754,0,0,0
2026-01-15,25547.0700,15.8400,1.1006,63.6571,0.0000,⚪中性,40.8252,67.2486,58.3614,0,0,0
2026-01-16,25529.2600,15.8600,1.0984,63.7714,0.0000,⚪中性,40.9560,65.7279,58.4094,0,0,0
2026-01-20,24987.5700,20.0900,1.0738,50.8571,0.0000,⚪中性,66.0916,49.2762,35.3163,0,0,0
2026-01-21,25326.5800,16.9000,1.0868,53.8571,0.0000,⚪中性,48.8105,57.7716,35.5075,0,0,0
2026-01-22,25518.3500,15.6400,1.0931,54.7714,0.0000,⚪中性,39.5243,62.4777,35.6392,0,0,0
2026-01-23,25605.4700,16.0900,1.0950,54.8857,0.0000,⚪中性,42.9449,63.5355,35.6718,0,0,0
2026-01-26,25713.2100,16.1500,1.0975,57.6571,0.0000,⚪中性,43.4119,65.2071,45.4527,0,0,0
2026-01-27,25939.7400,16.3500,1.1056,64.9714,0.3333,🟠轻度高估,44.9089,70.8994,58.5380,0,1,0
2026-01-28,26022.7900,16.3500,1.1073,65.5429,0.3333,🟠轻度高估,44.9198,71.8756,58.5462,0,1,0
2026-01-29,25884.3000,16.8800,1.0998,63.8286,0.0000,⚪中性,48.7723,66.5941,58.4356,0,0,0
2026-01-30,25552.3900,17.4400,1.0841,58.6000,0.0000,⚪中性,52.4055,55.7711,45.5751,0,0,0
2026-02-02,25738.6100,16.3400,1.0904,63.4000,0.0000,⚪中性,44.7348,60.6888,58.3333,0,0,0
2026-02-03,25338.6200,18.0000,1.0718,43.3429,-0.3333,🟡轻度低估,55.9272,47.7736,27.2709,0,0,-1
2026-02-04,24891.2400,18.6400,1.0514,47.2286,-0.3333,🟡轻度低估,59.5370,37.0993,27.3843,0,0,-1
2026-02-05,24548.6900,21.7700,1.0355,34.9429,-1.0000,🟡轻度低估,72.9377,30.5440,11.8299,-1,0,-2
2026-02-06,25075.7700,20.3700,1.0562,45.3714,-0.3333,🟡轻度低估,67.0491,39.9525,27.3536,0,0,-1
2026-02-09,25268.1400,17.3600,1.0629,48.4857,0.0000,⚪中性,52.0467,42.8515,35.1987,0,0,0
2026-02-10,25127.6400,17.7900,1.0556,47.2286,-0.3333,🟡轻度低估,54.5473,39.6402,27.4219,0,0,-1
2026-02-11,25201.2600,17.6500,1.0574,49.9143,0.0000,⚪中性,53.7458,40.3439,35.3034,0,0,0
2026-02-12,24687.6100,20.8200,1.0347,36.3571,-0.3333,🟡轻度低估,69.0711,30.1976,17.8063,0,0,-1
2026-02-13,24732.7300,20.6000,1.0355,33.8429,-0.6667,🟡轻度低估,67.9905,30.5671,11.7763,0,0,-2
2026-02-17,24701.6000,20.2900,1.0331,33.3143,-1.0000,🟡轻度低估,66.7128,29.6128,11.7740,0,-1,-2
2026-02-18,24898.8700,19.6200,1.0402,34.1571,-0.6667,🟡轻度低估,64.2109,32.4116,11.8112,0,0,-2
2026-02-19,24797.3400,20.2300,1.0350,34.4000,-0.6667,🟡轻度低估,66.5482,30.3515,11.8286,0,0,-2
2026-02-20,25012.6200,19.0900,1.0429,42.3429,-0.3333,🟡轻度低估,61.7572,33.3070,27.2853,0,0,-1
2026-02-23,24708.9400,21.0100,1.0292,32.5429,-1.0000,🟡轻度低估,69.7592,28.0497,11.7450,0,-1,-2
2026-02-24,24977.0400,19.5500,1.0392,40.2571,-0.3333,🟡轻度低估,63.8642,31.9518,18.0383,0,0,-1
2026-02-25,25329.0400,17.9300,1.0527,43.1429,-0.3333,🟡轻度低估,55.3473,38.2005,27.3481,0,0,-1
2026-02-26,25034.3700,18.6300,1.0394,42.9143,-0.3333,🟡轻度低估,59.3411,32.0576,27.3427,0,0,-1
2026-02-27,24960.0400,19.8600,1.0354,41.1714,-0.3333,🟡轻度低估,65.0296,30.4931,18.0868,0,0,-1
2026-03-02,24992.6000,21.4400,1.0360,34.2857,-1.0000,🟡轻度低估,71.5441,30.7632,11.8320,-1,0,-2
2026-03-03,24720.0800,23.5700,1.0239,31.6286,-1.3333,🟢中度低估,78.9629,26.3801,11.7114,-1,-1,-2
2026-03-04,25093.6800,21.1500,1.0386,33.0714,-1.0000,🟡轻度低估,70.3331,31.7761,11.7879,-1,0,-2
2026-03-05,25020.4100,23.7500,1.0348,31.6286,-1.0000,🟡轻度低估,79.3654,30.2326,11.7264,-1,0,-2
2026-03-06,24643.0200,29.4900,1.0185,25.2571,-1.6667,🟢中度低估,90.6404,25.1034,9.2217,-2,-1,-2
2026-03-09,24967.2500,25.5000,1.0312,22.2286,-1.3333,🟢中度低估,84.0426,28.9204,9.0820,-1,-1,-2
2026-03-10,24956.4700,24.9300,1.0299,20.2714,-1.3333,🟢中度低估,82.7063,28.3435,5.1605,-1,-1,-2
2026-03-11,24965.0100,24.2300,1.0294,18.3143,-1.3333,🟢中度低估,80.6814,28.1410,5.1595,-1,-1,-2
2026-03-12,24533.5800,27.2900,1.0109,35.0000,-1.3333,🟢中度低估,87.6157,23.2920,17.9760,-2,-1,-1
2026-03-13,24380.7300,27.1900,1.0040,16.6714,-1.6667,🟢中度低估,87.4409,21.6339,5.1378,-2,-1,-2
2026-03-16,24655.3400,23.5100,1.0146,23.9143,-1.3333,🟢中度低估,78.5869,24.4046,9.2305,-1,-1,-2
2026-03-17,24780.4200,22.3700,1.0190,22.8857,-1.3333,🟢中度低估,74.7147,25.2460,9.1696,-1,-1,-2
2026-03-18,24425.0900,25.0900,1.0038,13.6143,-1.6667,🟢中度低估,83.1202,21.5621,3.6199,-1,-1,-3
2026-03-19,24355.2800,24.0600,1.0003,18.3143,-1.3333,🟢中度低估,80.1141,20.5940,5.2124,-1,-1,-2
2026-03-20,23898.1500,26.7800,0.9811,8.4000,-2.0000,🟢中度低估,86.9813,16.9715,3.5792,-2,-1,-3
2026-03-23,24188.5900,26.1500,0.9925,11.6286,-2.0000,🟢中度低估,85.8042,18.9737,3.6178,-2,-1,-3
2026-03-24,24002.4500,26.9500,0.9844,10.3571,-2.0000,🟢中度低估,87.2223,17.5742,3.6171,-2,-1,-3
2026-03-25,24162.9800,25.3300,0.9905,16.5429,-1.3333,🟢中度低估,83.5102,18.6124,5.2083,-1,-1,-2
2026-03-26,23586.9900,27.4400,0.9665,10.2571,-2.3333,🔥极度低估,87.8169,14.6001,3.6156,-2,-2,-3
2026-03-27,23132.7700,31.0500,0.9476,8.1714,-2.3333,🔥极度低估,92.2790,11.7289,3.5756,-2,-2,-3
2026-03-30,22953.3800,30.6100,0.9401,5.7714,-2.3333,🔥极度低估,91.8680,10.6266,3.5553,-2,-2,-3
2026-03-31,23740.1900,25.2500,0.9720,14.8857,-1.6667,🟢中度低估,83.3268,15.4753,3.7706,-1,-1,-3
2026-04-01,24019.9900,24.5400,0.9829,15.8571,-1.3333,🟢中度低估,81.4059,17.4750,5.2818,-1,-1,-2
2026-04-02,24045.5300,23.8700,0.9835,18.2857,-1.3333,🟢中度低估,79.4660,17.5501,5.3592,-1,-1,-2
2026-04-06,24192.1700,24.1700,0.9890,21.8571,-1.3333,🟢中度低估,80.3533,18.5083,5.4956,-1,-1,-2
2026-04-07,24202.3700,25.7800,0.9890,21.5714,-1.3333,🟢中度低估,84.8509,18.5047,5.4749,-1,-1,-2
2026-04-08,24903.1700,21.0400,1.0169,29.1714,-1.0000,🟡轻度低估,69.4919,24.9362,11.9678,0,-1,-2
2026-04-09,25082.0900,19.4900,1.0235,33.8000,-1.0000,🟡轻度低估,63.2013,26.5202,12.2205,0,-1,-2
2026-04-10,25116.3400,19.2300,1.0243,38.0571,-0.6667,🟡轻度低估,62.0318,26.7503,18.4154,0,-1,-1
2026-04-13,25383.7200,19.1200,1.0346,40.9714,-0.3333,🟡轻度低估,61.5882,30.4706,18.5490,0,0,-1
2026-04-14,25842.0000,18.3600,1.0525,47.2571,-0.3333,🟡轻度低估,57.3613,38.4630,28.0141,0,0,-1
2026-04-15,26204.5800,18.1700,1.0665,56.2000,0.0000,⚪中性,56.3701,45.2372,45.8644,0,0,0
2026-04-16,26333.0000,17.9400,1.0709,61.4857,0.0000,⚪中性,55.0265,47.7366,46.2865,0,0,0
2026-04-17,26672.4300,17.4800,1.0838,68.5714,0.0000,⚪中性,52.0964,55.9757,59.0713,0,0,0
2026-04-20,26590.3400,18.8700,1.0796,69.9714,0.0000,⚪中性,60.2742,53.2027,59.0793,0,0,0
2026-04-21,26479.4700,19.5000,1.0743,67.5714,0.0000,⚪中性,63.3177,49.8825,59.0286,0,0,0
2026-04-22,26937.2800,18.9200,1.0919,68.4571,0.0000,⚪中性,60.5052,62.0912,59.0562,0,0,0
2026-04-23,26782.6300,19.3100,1.0848,66.1714,0.0000,⚪中性,62.2944,56.6171,58.9468,0,0,0
2026-04-24,27303.6700,18.7100,1.1049,65.4000,0.3333,🟠轻度高估,59.4441,70.5618,58.9156,0,1,0
2026-04-27,27305.6800,18.0200,1.1040,66.2857,0.3333,🟠轻度高估,55.5577,70.0978,58.9824,0,1,0
2026-04-28,27029.0100,17.8300,1.0918,67.4286,0.0000,⚪中性,54.2555,61.9644,59.0295,0,0,0
2026-04-29,27186.9800,18.8100,1.0973,66.2286,0.0000,⚪中性,59.9374,65.3560,58.9397,0,0,0
2026-04-30,27452.1200,16.8900,1.1070,69.5143,0.3333,🟠轻度高估,48.2496,71.9538,59.1238,0,1,0
2026-05-01,27710.3600,16.9900,1.1163,71.1714,0.6667,🟠轻度高估,48.9636,77.1803,72.7415,0,1,1
2026-05-04,27651.8200,18.2900,1.1129,66.8857,0.3333,🟠轻度高估,56.9306,75.3079,59.0029,0,1,0
2026-05-05,28015.0600,17.3800,1.1264,67.2571,0.3333,🟠轻度高估,51.5442,81.2940,59.0109,0,1,0
2026-05-06,28599.1700,17.3900,1.1486,68.7429,0.6667,🟠轻度高估,51.5732,89.4860,59.1167,0,2,0
2026-05-07,28563.9500,17.0800,1.1460,67.2857,0.6667,🟠轻度高估,49.5897,88.8628,59.0074,0,2,0
2026-05-08,29234.9900,17.1900,1.1714,67.2857,0.6667,🟠轻度高估,50.2247,93.0260,59.0154,0,2,0
2026-05-11,29320.6600,18.3800,1.1734,66.6286,0.6667,🟠轻度高估,57.5000,93.2227,58.9453,0,2,0
2026-05-12,29064.8000,17.9900,1.1619,65.6857,0.6667,🟠轻度高估,55.3603,91.9352,58.8166,0,2,0
2026-05-13,29366.9400,17.8700,1.1725,64.9714,0.6667,🟠轻度高估,54.5685,93.1472,58.7661,0,2,0
2026-05-14,29580.3000,17.2600,1.1796,65.9143,0.6667,🟠轻度高估,50.7515,94.0074,58.8327,0,2,0
2026-05-15,29125.2000,18.4300,1.1601,63.2286,0.6667,🟠轻度高估,57.7869,91.5496,58.4699,0,2,0
2026-05-18,28994.3700,17.8200,1.1535,61.5714,0.6667,🟠轻度高估,54.1659,90.5561,46.1268,0,2,0
2026-05-19,28818.8400,18.0600,1.1452,59.3714,0.6667,🟠轻度高估,55.8915,88.5486,45.9813,0,2,0
2026-05-20,29297.7000,17.4400,1.1628,60.2571,0.6667,🟠轻度高估,51.8237,91.9836,46.0113,0,2,0
2026-05-21,29357.2700,16.7600,1.1637,58.0571,0.6667,🟠轻度高估,47.2309,92.0632,45.8073,0,2,0
2026-05-22,29481.6400,16.7000,1.1672,58.9714,0.6667,🟠轻度高估,46.9487,92.4352,45.9349,0,2,0
2026-05-26,30001.3200,17.0100,1.1862,60.9143,0.6667,🟠轻度高估,49.0058,94.7953,46.0624,0,2,0
2026-05-27,29973.5700,16.2900,1.1836,60.6000,0.6667,🟠轻度高估,43.6367,94.4260,46.0534,0,2,0
2026-05-28,30223.8900,15.7400,1.1919,60.0857,1.0000,🟠轻度高估,39.4388,95.4209,46.0055,0,3,0
2026-05-29,30333.1800,15.3200,1.1947,59.5143,1.0000,🟠轻度高估,36.4309,95.7530,45.9770,0,3,0
2026-06-01,30513.8600,16.0500,1.2003,56.5429,1.0000,🟠轻度高估,41.9361,96.2407,45.5980,0,3,0
2026-06-02,30660.6000,15.7700,1.2044,56.0571,1.0000,🟠轻度高估,39.6689,96.4752,45.5696,0,3,0
2026-06-03,30571.2400,16.0600,1.1993,53.0286,1.0000,🟠轻度高估,41.9977,96.1254,35.8255,0,3,0
2026-06-04,30407.8100,15.4000,1.1913,53.8857,1.0000,🟠轻度高估,36.8892,95.2891,35.8575,0,3,0
2026-06-05,28957.6000,21.5100,1.1333,41.7714,-0.3333,🟡轻度低估,71.7594,83.6707,18.4508,-1,1,-1
2026-06-08,29414.2600,18.9200,1.1498,39.8857,0.3333,🟠轻度高估,60.7122,89.5310,18.3499,0,2,-1
2026-06-09,29084.5000,19.8700,1.1355,32.4857,-0.3333,🟡轻度低估,65.0389,84.8444,12.0428,0,1,-2
2026-06-10,28508.0300,22.2200,1.1120,26.9143,-0.6667,🟡轻度低估,74.2463,74.4602,9.5312,-1,1,-2
2026-06-11,29446.1800,19.4400,1.1472,31.6000,0.0000,⚪中性,63.2244,88.8565,11.9992,0,2,-2
2026-06-12,29635.9500,17.6800,1.1532,35.5143,0.3333,🟠轻度高估,53.4124,90.2780,18.1995,0,2,-1
2026-06-15,30543.9200,16.2000,1.1869,41.6000,0.3333,🟠轻度高估,43.0016,94.7900,18.5264,0,2,-1
2026-06-16,29968.1300,16.4100,1.1631,39.0857,0.3333,🟠轻度高估,44.8397,91.7979,18.3673,0,2,-1
2026-06-17,29670.9500,18.4400,1.1502,32.2000,0.0000,⚪中性,57.9091,89.6230,12.0482,0,2,-2
2026-06-18,30406.1900,16.4000,1.1771,37.5714,0.3333,🟠轻度高估,44.6474,93.4914,18.3214,0,2,-1
2026-06-22,30347.0800,17.2800,1.1732,31.9700,0.0000,⚪中性,50.9130,93.0264,12.0435,0,2,-2
2026-06-23,29347.2700,19.4900,1.1333,27.4571,-0.3333,🟡轻度低估,63.4881,83.5502,9.5553,0,1,-2
2026-06-24,29220.0600,18.6300,1.1272,25.9714,-0.3333,🟡轻度低估,59.1456,81.0291,9.4951,0,1,-2
2026-06-25,29440.3200,18.8900,1.1344,24.3985,-0.3333,🟡轻度低估,60.5513,84.1778,9.4351,0,1,-2
2026-06-26,29118.2400,18.4100,1.1209,25.1143,-0.3333,🟡轻度低估,57.7834,78.4356,9.4915,0,1,-2
2026-06-29,29774.7500,17.6500,1.1449,27.2571,0.0000,⚪中性,53.2311,88.1622,9.5866,0,2,-2
2026-06-30,30276.3500,16.4500,1.1627,30.9429,0.0000,⚪中性,45.0524,91.7346,12.0683,0,2,-2
2026-07-01,29809.1300,16.5900,1.1435,30.4571,0.0000,⚪中性,45.9360,87.5655,12.0660,0,2,-2
2026-07-02,29329.2100,16.1500,1.1240,37.4857,0.0000,⚪中性,42.6299,79.8487,18.4445,0,1,-1
2026-07-06,29697.8700,15.5700,1.1370,44.0286,0.3333,🟠轻度高估,38.1229,85.2046,27.9426,0,2,-1
2026-07-07,29173.0200,16.1300,1.1158,43.7143,0.0000,⚪中性,42.4389,76.3474,27.9178,0,1,-1
2026-07-08,29252.5600,16.9000,1.1179,44.1143,0.0000,⚪中性,48.2264,77.2437,27.9705,0,1,-1
2026-07-09,29727.1000,15.8400,1.1349,46.0857,0.0000,⚪中性,40.0194,84.3411,28.0426,0,1,-1
2026-07-10,29825.1100,15.0300,1.1375,48.4000,0.6667,🟠轻度高估,34.2569,85.5067,35.7683,0,2,0
2026-07-13,29264.1000,17.1600,1.1151,43.6857,0.0000,⚪中性,50.0969,75.7846,27.8962,0,1,-1
