order_id,account_type,account_index,strategy,code,datetime,side,style,time,price,lotsize,quantity,filled_quantity,unfilled_quantity,avg_price,status,message,commission_cost,friction_cost,ret
0,A share,0,order shares,513030.SH,2017-01-03,1,0,,0.99,100,2016900,2016900,0,0.9909899999999999,2,,239.84732771999998,2236.578327719588,0
1,A share,0,order shares,513100.SH,2017-01-03,1,0,,1.801,100,1108400,1108400,0,1.8028009999999997,2,,239.78695540799995,2236.015355407726,0
2,A share,0,order shares,518880.SH,2017-01-03,1,0,,2.626,100,760000,760000,0,2.6286259999999997,2,,239.73069119999997,2235.490691199666,0
3,A share,0,order shares,511220.SH,2017-01-03,1,0,,97.635,100,20400,20400,0,97.73263499999999,2,,239.24949047999996,2231.003490479663,0
4,A share,0,order shares,511010.SH,2017-01-03,1,0,,110.716,100,18000,18000,0,110.82671599999998,2,,239.38570656,2232.2737065597903,0
5,A share,0,order shares,518880.SH,2017-01-18,-1,0,,2.685,100,-12100,-12100,0,2.682315,2,,20.12272713,52.61122712999948,0
6,A share,0,order shares,511220.SH,2017-01-18,1,0,,97.28,100,200,200,0,97.37727999999998,2,,2.33705472,21.7930547199976,0
7,A share,0,order shares,511010.SH,2017-01-18,1,0,,110.54,100,100,100,0,110.65053999999999,2,,1.3278064799999998,12.381806479997977,0
8,A share,0,order shares,513100.SH,2017-01-18,-1,0,,1.832,100,-12400,-12400,0,1.830168,2,,14.070331584000002,36.78713158399833,0
9,A share,0,order shares,513030.SH,2017-01-18,1,0,,0.981,100,29800,29800,0,0.9819809999999999,2,,3.5115640559999997,32.745364055997925,0
10,A share,0,order shares,513030.SH,2017-02-09,-1,0,,0.994,100,-2046700,-2046700,0,0.9930059999999999,2,,1260.078935724,3294.4987357240325,0
11,A share,0,order shares,513100.SH,2017-02-09,-1,0,,1.894,100,-24700,-24700,0,1.8921059999999998,2,,28.975711284,75.75751128399702,0
12,A share,0,order shares,518880.SH,2017-02-09,-1,0,,2.74,100,-7400,-7400,0,2.73726,2,,12.558548879999998,32.834548880001655,0
13,A share,0,order shares,513500.SH,2017-02-09,1,0,,1.455,100,1392100,1392100,0,1.4564549999999998,2,,243.30372065999998,2268.8092206597794,0
14,A share,0,order shares,511010.SH,2017-02-09,1,0,,110.599,100,200,200,0,110.709599,2,,2.657030376,24.776830375998543,0
15,A share,0,order shares,511220.SH,2017-02-09,1,0,,95.9,100,500,500,0,95.99589999999999,2,,5.759754,53.70975399999588,0
16,A share,0,order shares,511220.SH,2017-02-24,-1,0,,96.149,100,-21100,-21100,0,96.052851,2,,1256.563396782,3285.3072967821176,0
17,A share,0,order shares,513100.SH,2017-02-24,-1,0,,1.957,100,-16700,-16700,0,1.955043,2,,20.242515222,52.92441522199959,0
18,A share,0,order shares,510170.SH,2017-02-24,1,0,,1.834,100,1123400,1123400,0,1.835834,2,,247.485109872,2307.800709871808,0
19,A share,0,order shares,513500.SH,2017-02-24,-1,0,,1.509,100,-24800,-24800,0,1.507491,2,,23.179181616,60.60238161599745,0
20,A share,0,order shares,518880.SH,2017-02-24,1,0,,2.775,100,2900,2900,0,2.7777749999999997,2,,0.9666656999999999,9.014165699998557,0
21,A share,0,order shares,511010.SH,2017-02-24,1,0,,110.924,100,200,200,0,111.03492399999999,2,,2.6648381760000004,24.849638175997825,0
22,A share,0,order shares,518880.SH,2017-03-13,-1,0,,2.718,100,-743400,-743400,0,2.7152819999999998,2,,1251.495196056,3272.056396056113,0
23,A share,0,order shares,513500.SH,2017-03-13,-1,0,,1.603,100,-1367300,-1367300,0,1.601397,2,,1357.545873222,3549.327773221827,0
24,A share,0,order shares,513100.SH,2017-03-13,-1,0,,2.01,100,-17400,-17400,0,2.00799,2,,21.662196119999994,56.63619612000197,0
25,A share,0,order shares,513030.SH,2017-03-13,1,0,,1.02,100,2040400,2040400,0,1.0210199999999998,2,,249.99470495999998,2331.202704959782,0
26,A share,0,order shares,510170.SH,2017-03-13,1,0,,1.817,100,23600,23600,0,1.8188169999999997,2,,5.150889744,48.03208974399604,0
27,A share,0,order shares,511220.SH,2017-03-13,1,0,,96.332,100,21600,21600,0,96.42833199999998,2,,249.94223654399997,2330.7134365439415,0
28,A share,0,order shares,511010.SH,2017-03-13,1,0,,110.457,100,300,300,0,110.56745699999998,2,,3.980428452,37.11752845199953,0
29,A share,0,order shares,513100.SH,2017-03-28,-1,0,,1.959,100,-1037200,-1037200,0,1.957041,2,,1258.502613624,3290.3774136241072,0
30,A share,0,order shares,513030.SH,2017-03-28,-1,0,,1.039,100,-39500,-39500,0,1.037961,2,,25.41966489,66.4601648900028,0
31,A share,0,order shares,518880.SH,2017-03-28,1,0,,2.793,100,743100,743100,0,2.7957929999999998,2,,249.306453396,2324.784753395943,0
32,A share,0,order shares,511220.SH,2017-03-28,-1,0,,95.3,100,-200,-200,0,95.2047,2,,11.8053828,30.86538280000131,0
33,A share,0,order shares,510170.SH,2017-03-28,1,0,,1.787,100,12300,12300,0,1.7887869999999997,2,,2.6402496119999994,24.620349611996062,0
34,A share,0,order shares,518880.SH,2017-04-14,-1,0,,2.859,100,-11800,-11800,0,2.856141,2,,20.895527555999998,54.63172755599937,0
35,A share,0,order shares,513030.SH,2017-04-14,1,0,,1.02,100,32900,32900,0,1.0210199999999998,2,,4.03098696,37.5889869599996,0
36,A share,0,order shares,510170.SH,2017-04-14,-1,0,,1.831,100,-17500,-17500,0,1.829169,2,,19.84648365,51.88898364999956,0
37,A share,0,order shares,510170.SH,2017-05-02,-1,0,,1.728,100,-1141800,-1141800,0,1.726272,2,,1222.0555691519999,3195.085969152047,0
38,A share,0,order shares,513030.SH,2017-05-02,-1,0,,1.09,100,-129400,-129400,0,1.08891,2,,87.36107148,228.40707148000212,0
39,A share,0,order shares,513100.SH,2017-05-02,1,0,,2.042,100,1014800,1014800,0,2.0440419999999997,2,,248.91525859199996,2321.13685859181,0
40,A share,0,order shares,518880.SH,2017-05-02,1,0,,2.788,100,13000,13000,0,2.7907879999999996,2,,4.35362928,40.59762927999691,0
41,A share,0,order shares,511220.SH,2017-05-02,1,0,,94.0,100,200,200,0,94.094,2,,2.258256,21.058256000000256,0
42,A share,0,order shares,518880.SH,2017-05-17,-1,0,,2.768,100,-744300,-744300,0,2.7652319999999997,2,,1276.0605501119999,3336.282950112086,0
43,A share,0,order shares,513030.SH,2017-05-17,-1,0,,1.12,100,-50800,-50800,0,1.11888,2,,35.24024448,92.13624448000064,0
44,A share,0,order shares,513100.SH,2017-05-17,-1,0,,2.064,100,-9000,-9000,0,2.061936,2,,11.505602880000001,30.081602880000933,0
45,A share,0,order shares,513500.SH,2017-05-17,1,0,,1.533,100,1351900,1351900,0,1.5345329999999997,2,,248.94421952399998,2321.4069195238408,0
46,A share,0,order shares,511010.SH,2017-05-17,1,0,,108.805,100,200,200,0,108.913805,2,,2.61393132,24.374931319998723,0
47,A share,0,order shares,511220.SH,2017-05-17,1,0,,92.452,100,400,400,0,92.54445199999999,2,,4.442133696,41.422933695997926,0
48,A share,0,order shares,513500.SH,2017-06-05,-1,0,,1.536,100,-1351900,-1351900,0,1.534464,2,,1286.1539665920002,3362.6723665919426,0
49,A share,0,order shares,513100.SH,2017-06-05,-1,0,,2.135,100,-17100,-17100,0,2.132865,2,,22.612634729999993,59.12113473000355,0
50,A share,0,order shares,513030.SH,2017-06-05,-1,0,,1.159,100,-32400,-32400,0,1.1578410000000001,2,,23.258710008,60.81031000799887,0
51,A share,0,order shares,511010.SH,2017-06-05,1,0,,109.822,100,200,200,0,109.931822,2,,2.638363728,24.602763727998536,0
52,A share,0,order shares,518880.SH,2017-06-05,1,0,,2.805,100,751200,751200,0,2.8078049999999997,2,,253.10677392,2360.2227739198133,0
53,A share,0,order shares,511220.SH,2017-06-05,1,0,,92.999,100,200,200,0,93.09199899999999,2,,2.2342079759999995,20.83400797599461,0
54,A share,0,order shares,513030.SH,2017-06-20,-1,0,,1.126,100,-1821200,-1821200,0,1.124874,2,,1270.144727856,3320.8159278559824,0
55,A share,0,order shares,513100.SH,2017-06-20,-1,0,,2.079,100,-988700,-988700,0,2.076921,2,,1273.1401114740002,3328.6474114739394,0
56,A share,0,order shares,511220.SH,2017-06-20,-1,0,,92.931,100,-600,-600,0,92.838069,2,,34.535761668,90.29436166800102,0
57,A share,0,order shares,510170.SH,2017-06-20,1,0,,1.681,100,1238800,1238800,0,1.6826809999999999,2,,250.140626736,2332.563426735811,0
58,A share,0,order shares,511010.SH,2017-06-20,-1,0,,110.178,100,-200,-200,0,110.06782199999999,2,,13.648409928,35.68400992799925,0
59,A share,0,order shares,513500.SH,2017-06-20,1,0,,1.547,100,1345800,1345800,0,1.5485469999999997,2,,250.08414631199994,2332.0367463117,0
60,A share,0,order shares,518880.SH,2017-06-20,1,0,,2.743,100,6100,6100,0,2.7457429999999996,2,,2.009883876,18.742183875998307,0
61,A share,0,order shares,510170.SH,2017-07-05,-1,0,,1.776,100,-57900,-57900,0,1.774224,2,,63.69109315199999,166.5214931520062,0
62,A share,0,order shares,511220.SH,2017-07-05,-1,0,,94.045,100,-100,-100,0,93.95095500000001,2,,5.82495921,15.229459210000552,0
63,A share,0,order shares,513500.SH,2017-07-05,1,0,,1.523,100,31100,31100,0,1.5245229999999999,2,,5.689519836,53.05481983599748,0
64,A share,0,order shares,518880.SH,2017-07-05,1,0,,2.688,100,22800,22800,0,2.6906879999999997,2,,7.361722367999999,68.64812236798753,0
65,A share,0,order shares,518880.SH,2017-07-20,-1,0,,2.708,100,-780100,-780100,0,2.705292,2,,1308.4469393040004,3420.957739303815,0
66,A share,0,order shares,510170.SH,2017-07-20,-1,0,,1.978,100,-93000,-93000,0,1.976022,2,,113.93742852,297.89142851999793,0
67,A share,0,order shares,511220.SH,2017-07-20,1,0,,93.778,100,500,500,0,93.87177799999999,2,,5.632306679999999,52.521306679998816,0
68,A share,0,order shares,511010.SH,2017-07-20,1,0,,109.708,100,600,600,0,109.81770799999998,2,,7.906874975999999,73.73167497599206,0
69,A share,0,order shares,513500.SH,2017-07-20,1,0,,1.545,100,15800,15800,0,1.5465449999999998,2,,2.9322493199999995,27.343249319997994,0
70,A share,0,order shares,513030.SH,2017-07-20,1,0,,1.115,100,1926600,1926600,0,1.116115,2,,258.03685908,2406.1958590801805,0
71,A share,0,order shares,513030.SH,2017-08-04,-1,0,,1.108,100,-1926600,-1926600,0,1.106892,2,,1322.1736388640002,3456.846438863826,0
72,A share,0,order shares,510170.SH,2017-08-04,-1,0,,2.09,100,-1087900,-1087900,0,2.08791,2,,1408.29111918,3682.0021191801266,0
73,A share,0,order shares,513100.SH,2017-08-04,1,0,,2.075,100,1041500,1041500,0,2.077075,2,,259.5928335,2420.7053334997036,0
74,A share,0,order shares,518880.SH,2017-08-04,1,0,,2.748,100,786200,786200,0,2.7507479999999997,2,,259.516569312,2419.9941693120636,0
75,A share,0,order shares,513500.SH,2017-08-04,1,0,,1.527,100,24200,24200,0,1.5285269999999997,2,,4.438842408,41.39224240800104,0
76,A share,0,order shares,511220.SH,2017-08-04,1,0,,93.23,100,300,300,0,93.32323,2,,3.3596362799999997,31.328636279999046,0
77,A share,0,order shares,513100.SH,2017-08-21,-1,0,,2.04,100,-1041500,-1041500,0,2.03796,2,,1315.9719108,3440.631910800149,0
78,A share,0,order shares,510170.SH,2017-08-21,1,0,,2.139,100,998500,998500,0,2.1411389999999995,2,,256.55127497999996,2392.34277497977,0
79,A share,0,order shares,518880.SH,2017-08-21,-1,0,,2.752,100,-4800,-4800,0,2.7492479999999997,2,,8.181762048,21.391362048000136,0
80,A share,0,order shares,511220.SH,2017-08-21,-1,0,,93.445,100,-100,-100,0,93.35155499999999,2,,5.78779641,15.132296409999244,0
81,A share,0,order shares,513500.SH,2017-08-21,1,0,,1.503,100,13600,13600,0,1.5045029999999997,2,,2.4553488959999994,22.896148895997612,0
82,A share,0,order shares,513500.SH,2017-09-05,-1,0,,1.5,100,-1430500,-1430500,0,1.4985,2,,1329.034635,3474.784635,0
83,A share,0,order shares,510170.SH,2017-09-05,-1,0,,2.228,100,-23300,-23300,0,2.225772,2,,32.153502312,84.06590231200107,0
84,A share,0,order shares,518880.SH,2017-09-05,-1,0,,2.792,100,-3200,-3200,0,2.789208,2,,5.533788672,14.468188672000096,0
85,A share,0,order shares,511220.SH,2017-09-05,1,0,,93.45,100,100,100,0,93.54344999999999,2,,1.1225214,10.467521399999896,0
86,A share,0,order shares,511010.SH,2017-09-05,1,0,,109.923,100,100,100,0,110.032923,2,,1.3203950759999996,12.312695075997908,0
87,A share,0,order shares,513100.SH,2017-09-05,1,0,,2.055,100,1055500,1055500,0,2.057055,2,,260.5465863,2429.5990862995386,0
88,A share,0,order shares,518880.SH,2017-09-20,-1,0,,2.762,100,-778200,-778200,0,2.759238,2,,1331.288187192,3480.6765871920543,0
89,A share,0,order shares,510170.SH,2017-09-20,-1,0,,2.213,100,-975200,-975200,0,2.2107870000000003,2,,1336.694879088,3494.812479087998,0
90,A share,0,order shares,513030.SH,2017-09-20,1,0,,1.12,100,1932700,1932700,0,1.12112,2,,260.01463487999996,2424.6386348796077,0
91,A share,0,order shares,513100.SH,2017-09-20,-1,0,,2.06,100,-3200,-3200,0,2.05794,2,,4.08295296,10.674952959999644,0
92,A share,0,order shares,513500.SH,2017-09-20,1,0,,1.518,100,1417000,1417000,0,1.519518,2,,258.37884071999997,2409.384840719402,0
93,A share,0,order shares,511220.SH,2017-09-20,-1,0,,92.473,100,-200,-200,0,92.380527,2,,11.455185347999999,29.94978534800181,0
94,A share,0,order shares,513030.SH,2017-10-12,-1,0,,1.151,100,-18200,-18200,0,1.1498490000000001,2,,12.974896116,33.9230961159989,0
95,A share,0,order shares,513500.SH,2017-10-12,-1,0,,1.569,100,-12500,-12500,0,1.567431,2,,12.14759025,31.760090249999273,0
96,A share,0,order shares,513100.SH,2017-10-12,-1,0,,2.104,100,-5000,-5000,0,2.101896,2,,6.5158776,17.035877600000436,0
97,A share,0,order shares,511220.SH,2017-10-12,1,0,,92.624,100,300,300,0,92.71662399999998,2,,3.337798463999999,31.124998463994416,0
98,A share,0,order shares,511010.SH,2017-10-12,1,0,,109.865,100,300,300,0,109.97486499999998,2,,3.9590951399999996,36.918595139999525,0
99,A share,0,order shares,513500.SH,2017-10-27,-1,0,,1.576,100,-200,-200,0,1.574424,2,,0.195228576,0.5104285760000044,0
100,A share,0,order shares,513030.SH,2017-10-27,-1,0,,1.167,100,-18100,-18100,0,1.1658330000000001,2,,13.082977926000002,34.20567792599989,0
101,A share,0,order shares,513100.SH,2017-10-27,-1,0,,2.125,100,-5800,-5800,0,2.122875,2,,7.633858499999999,19.958858500000726,0
102,A share,0,order shares,511220.SH,2017-10-27,1,0,,92.445,100,100,100,0,92.53744499999998,2,,1.11044934,10.354949339998711,0
103,A share,0,order shares,511010.SH,2017-10-27,1,0,,109.351,100,200,200,0,109.46035099999999,2,,2.627048424,24.497248423998826,0
104,A share,0,order shares,513100.SH,2017-11-13,-1,0,,2.197,100,-25800,-25800,0,2.1948030000000003,2,,35.108068788,91.79066878800009,0
105,A share,0,order shares,513030.SH,2017-11-13,-1,0,,1.182,100,-8500,-8500,0,1.180818,2,,6.222910860000001,16.26991086000048,0
106,A share,0,order shares,513500.SH,2017-11-13,1,0,,1.583,100,5300,5300,0,1.5845829999999999,2,,1.0077947879999998,9.397694787998262,0
107,A share,0,order shares,511010.SH,2017-11-13,1,0,,109.207,100,200,200,0,109.31620699999998,2,,2.6235889679999995,24.46498896799676,0
108,A share,0,order shares,511220.SH,2017-11-13,1,0,,91.679,100,400,400,0,91.77067899999999,2,,4.404992591999999,41.07659259199136,0
109,A share,0,order shares,513030.SH,2017-11-28,-1,0,,1.173,100,-1887900,-1887900,0,1.171827,2,,1371.6211598460002,3586.127859845795,0
110,A share,0,order shares,513100.SH,2017-11-28,-1,0,,2.224,100,-9600,-9600,0,2.221776,2,,13.224010752000002,34.57441075199935,0
111,A share,0,order shares,518880.SH,2017-11-28,1,0,,2.736,100,816400,816400,0,2.738736,2,,268.308488448,2501.978888447862,0
112,A share,0,order shares,513500.SH,2017-11-28,-1,0,,1.589,100,-1800,-1800,0,1.587411,2,,1.771550676,4.6317506760000775,0
113,A share,0,order shares,518880.SH,2017-12-13,-1,0,,2.65,100,-816400,-816400,0,2.64735,2,,1340.0038548000002,3503.463854799963,0
114,A share,0,order shares,513500.SH,2017-12-13,-1,0,,1.643,100,-40600,-40600,0,1.641357,2,,41.316238404,108.02203840399609,0
115,A share,0,order shares,511220.SH,2017-12-13,-1,0,,93.499,100,-200,-200,0,93.405501,2,,11.582282123999999,30.282082123998503,0
116,A share,0,order shares,513100.SH,2017-12-13,-1,0,,2.237,100,-1900,-1900,0,2.234763,2,,2.632550814,6.882850813999697,0
117,A share,0,order shares,511010.SH,2017-12-13,1,0,,109.311,100,100,100,0,109.420311,2,,1.313043732,12.24414373199761,0
118,A share,0,order shares,513030.SH,2017-12-13,1,0,,1.185,100,1892500,1892500,0,1.1861849999999998,2,,269.3826135,2511.9951134999283,0
119,A share,0,order shares,513500.SH,2017-12-28,1,0,,1.634,100,1400,1400,0,1.6356339999999998,2,,0.2747865119999999,2.562386511999648,0
120,A share,0,order shares,511220.SH,2017-12-28,-1,0,,92.061,100,-200,-200,0,91.968939,2,,11.404148436000002,29.816348435998847,0
121,A share,0,order shares,513030.SH,2017-12-28,1,0,,1.168,100,17500,17500,0,1.1691679999999998,2,,2.4552528,22.89525279999725,0
122,A share,0,order shares,513030.SH,2018-01-15,-1,0,,1.18,100,-1910000,-1910000,0,1.17882,2,,1395.9586440000003,3649.758643999814,0
123,A share,0,order shares,513100.SH,2018-01-15,-1,0,,2.309,100,-1004200,-1004200,0,2.3066910000000003,2,,1436.155043364,3754.852843364198,0
124,A share,0,order shares,510170.SH,2018-01-15,1,0,,2.083,100,1089900,1089900,0,2.085083,2,,272.703835404,2542.965535403695,0
125,A share,0,order shares,518880.SH,2018-01-15,1,0,,2.783,100,815500,815500,0,2.7857829999999995,2,,272.61672438,2542.1532243797556,0
126,A share,0,order shares,513500.SH,2018-01-15,-1,0,,1.682,100,-17200,-17200,0,1.680318,2,,17.918911152,46.8493111520011,0
127,A share,0,order shares,511220.SH,2018-01-15,1,0,,92.789,100,100,100,0,92.881789,2,,1.114581468,10.393481467999663,0
128,A share,0,order shares,511010.SH,2018-01-15,1,0,,109.542,100,200,200,0,109.65154199999999,2,,2.6316370079999998,24.540037007995124,0
129,A share,0,order shares,510170.SH,2018-01-30,-1,0,,2.174,100,-1089900,-1089900,0,2.171826,2,,1467.585357588,3837.027957588184,0
130,A share,0,order shares,513100.SH,2018-01-30,1,0,,2.32,100,984300,984300,0,2.3223199999999995,2,,274.30314912,2557.8791491198353,0
131,A share,0,order shares,513500.SH,2018-01-30,1,0,,1.682,100,8100,8100,0,1.6836819999999997,2,,1.6365389039999998,15.260738903998572,0
132,A share,0,order shares,518880.SH,2018-01-30,1,0,,2.731,100,21800,21800,0,2.7337309999999997,2,,7.151440295999999,66.68724029599252,0
133,A share,0,order shares,511220.SH,2018-01-30,1,0,,93.192,100,100,100,0,93.28519199999998,2,,1.1194223039999998,10.438622303998272,0
134,A share,0,order shares,511220.SH,2018-02-14,-1,0,,93.7,100,-600,-600,0,93.6063,2,,34.8215436,91.04154360000116,0
135,A share,0,order shares,511010.SH,2018-02-14,-1,0,,110.52,100,-400,-400,0,110.40948,2,,27.38155104,71.58955103999872,0
136,A share,0,order shares,518880.SH,2018-02-14,-1,0,,2.73,100,-18800,-18800,0,2.72727,2,,31.789059119999997,83.11305912000051,0
137,A share,0,order shares,513100.SH,2018-02-14,1,0,,2.193,100,34400,34400,0,2.1951929999999997,2,,9.061756703999999,84.50095670399605,0
138,A share,0,order shares,513500.SH,2018-02-14,1,0,,1.564,100,57900,57900,0,1.565564,2,,10.877538672,101.43313867198594,0
139,A share,0,order shares,513100.SH,2018-03-08,-1,0,,2.302,100,-33100,-33100,0,2.2996980000000002,2,,47.194402356,123.39060235600577,0
140,A share,0,order shares,513500.SH,2018-03-08,1,0,,1.599,100,1400,1400,0,1.6005989999999999,2,,0.268900632,2.5075006319998465,0
141,A share,0,order shares,513100.SH,2018-03-23,1,0,,2.204,100,33500,33500,0,2.206204,2,,8.868940079999998,82.70294007999473,0
142,A share,0,order shares,511220.SH,2018-03-23,-1,0,,93.397,100,-300,-300,0,93.30360300000001,2,,17.354470158,45.37357015800134,0
143,A share,0,order shares,518880.SH,2018-03-23,1,0,,2.741,100,1100,1100,0,2.743741,2,,0.36217381199999993,3.3772738119996575,0
144,A share,0,order shares,513500.SH,2018-04-11,-1,0,,1.54,100,-1418800,-1418800,0,1.53846,2,,1353.31556976,3538.2675697600484,0
145,A share,0,order shares,513100.SH,2018-04-11,-1,0,,2.185,100,-1019100,-1019100,0,2.182815,2,,1379.19419523,3605.9276952300897,0
146,A share,0,order shares,511220.SH,2018-04-11,-1,0,,93.78,100,-200,-200,0,93.68622,2,,11.61709128,30.373091280001223,0
147,A share,0,order shares,511010.SH,2018-04-11,-1,0,,111.517,100,-200,-200,0,111.40548299999999,2,,13.814279891999998,36.117679892000695,0
148,A share,0,order shares,518880.SH,2018-04-11,1,0,,2.726,100,1200,1200,0,2.7287259999999995,2,,0.39293654399999994,3.6641365439995752,0
149,A share,0,order shares,513030.SH,2018-04-11,1,0,,1.08,100,2068500,2068500,0,1.08108,2,,268.3456776,2502.325677599758,0
150,A share,0,order shares,510170.SH,2018-04-11,1,0,,1.926,100,1156400,1156400,0,1.9279259999999998,2,,267.53443516799996,2494.760835167486,0
151,A share,0,order shares,510170.SH,2018-04-26,-1,0,,1.825,100,-1156400,-1156400,0,1.823175,2,,1307.1581333999998,3417.5881334001674,0
152,A share,0,order shares,511010.SH,2018-04-26,-1,0,,112.311,100,-400,-400,0,112.198689,2,,27.825274872,72.74967487200351,0
153,A share,0,order shares,511220.SH,2018-04-26,-1,0,,93.801,100,-300,-300,0,93.707199,2,,17.429539014,45.569839013999115,0
154,A share,0,order shares,513030.SH,2018-04-26,-1,0,,1.074,100,-11200,-11200,0,1.072926,2,,7.450398144000001,19.479198144000048,0
155,A share,0,order shares,513500.SH,2018-04-26,1,0,,1.543,100,1419000,1419000,0,1.5445429999999998,2,,263.00478203999995,2452.5217820396647,0
156,A share,0,order shares,518880.SH,2018-04-26,-1,0,,2.702,100,-3200,-3200,0,2.6992979999999998,2,,5.355407232,14.001807231999631,0
157,A share,0,order shares,513030.SH,2018-05-15,-1,0,,1.098,100,-2057300,-2057300,0,1.096902,2,,1399.1270204520004,3658.042420451824,0
158,A share,0,order shares,513100.SH,2018-05-15,1,0,,2.311,100,962200,962200,0,2.3133109999999997,2,,267.104141304,2490.7483413037844,0
159,A share,0,order shares,513500.SH,2018-05-15,-1,0,,1.598,100,-25500,-25500,0,1.596402,2,,25.23911562,65.98811562000344,0
160,A share,0,order shares,511010.SH,2018-05-15,1,0,,112.066,100,100,100,0,112.17806599999999,2,,1.346136792,12.55273679200036,0
161,A share,0,order shares,511220.SH,2018-05-15,1,0,,93.403,100,200,200,0,93.496403,2,,2.243913672,20.924513671998284,0
162,A share,0,order shares,518880.SH,2018-05-15,1,0,,2.68,100,13200,13200,0,2.68268,2,,4.249365119999999,39.62536511999497,0
163,A share,0,order shares,513100.SH,2018-05-30,-1,0,,2.319,100,-1300,-1300,0,2.316681,2,,1.867244886,4.881944886000175,0
164,A share,0,order shares,513500.SH,2018-05-30,1,0,,1.597,100,1700,1700,0,1.5985969999999998,2,,0.32611378799999996,3.041013787999418,0
165,A share,0,order shares,518880.SH,2018-05-30,-1,0,,2.683,100,-300,-300,0,2.6803169999999996,2,,0.49853896200000003,1.303438961999975,0
166,A share,0,order shares,513100.SH,2018-06-14,-1,0,,2.436,100,-30700,-30700,0,2.433564,2,,46.320457176,121.10565717599843,0
167,A share,0,order shares,513500.SH,2018-06-14,-1,0,,1.66,100,-30300,-30300,0,1.65834,2,,31.15357524,81.4515752400025,0
168,A share,0,order shares,511010.SH,2018-06-14,1,0,,112.097,100,400,400,0,112.20909699999999,2,,5.386036655999999,50.224836655994295,0
169,A share,0,order shares,511220.SH,2018-06-14,1,0,,93.0,100,500,500,0,93.09299999999999,2,,5.585579999999999,52.08557999999175,0
170,A share,0,order shares,518880.SH,2018-06-14,1,0,,2.677,100,15800,15800,0,2.679677,2,,5.080667591999999,47.377267591997224,0
171,A share,0,order shares,513100.SH,2018-07-02,-1,0,,2.437,100,-1700,-1700,0,2.434563,2,,2.5660294020000003,6.708929401999827,0
172,A share,0,order shares,513500.SH,2018-07-02,-1,0,,1.66,100,-1800,-1800,0,1.65834,2,,1.85070744,4.838707439999829,0
173,A share,0,order shares,511010.SH,2018-07-02,-1,0,,112.842,100,-100,-100,0,112.729158,2,,6.9892077960000005,18.273407796000058,0
174,A share,0,order shares,518880.SH,2018-07-02,1,0,,2.667,100,2000,2000,0,2.6696669999999996,2,,0.64072008,5.974720080000225,0
175,A share,0,order shares,511220.SH,2018-07-02,1,0,,90.25,100,200,200,0,90.34024999999998,2,,2.168166,20.218165999998746,0
176,A share,0,order shares,513100.SH,2018-07-17,-1,0,,2.559,100,-26200,-26200,0,2.556441,2,,41.526827604,108.57262760400715,0
177,A share,0,order shares,513500.SH,2018-07-17,-1,0,,1.73,100,-28500,-28500,0,1.72827,2,,30.5385309,79.84353090000029,0
178,A share,0,order shares,511010.SH,2018-07-17,1,0,,113.243,100,200,200,0,113.35624299999998,2,,2.7205498319999997,25.369149831996765,0
179,A share,0,order shares,518880.SH,2018-07-17,1,0,,2.664,100,18300,18300,0,2.666664,2,,5.855994143999999,54.607194143995,0
180,A share,0,order shares,511220.SH,2018-07-17,1,0,,90.934,100,300,300,0,91.02493399999999,2,,3.276897624,30.557097623997834,0
181,A share,0,order shares,513100.SH,2018-08-01,-1,0,,2.617,100,-902300,-902300,0,2.614383,2,,1462.5538241580002,3823.8729241579645,0
182,A share,0,order shares,513030.SH,2018-08-01,1,0,,1.15,100,2037800,2037800,0,1.1511499999999997,2,,281.49761639999997,2624.96761639975,0
183,A share,0,order shares,513500.SH,2018-08-01,-1,0,,1.779,100,-15400,-15400,0,1.777221,2,,16.968906108,44.365506108000034,0
184,A share,0,order shares,511220.SH,2018-08-01,-1,0,,93.4,100,-100,-100,0,93.3066,2,,5.7850092,15.125009200000147,0
185,A share,0,order shares,511010.SH,2018-08-01,1,0,,113.71,100,300,300,0,113.82370999999998,2,,4.0976535599999995,38.21065355999599,0
186,A share,0,order shares,518880.SH,2018-08-01,1,0,,2.672,100,11600,11600,0,2.6746719999999997,2,,3.723143424,34.718343423995975,0
187,A share,0,order shares,513030.SH,2018-08-16,-1,0,,1.083,100,-2037800,-2037800,0,1.081917,2,,1366.932886812,3573.87028681217,0
188,A share,0,order shares,513100.SH,2018-08-16,1,0,,2.662,100,827000,827000,0,2.6646619999999994,2,,264.44105688,2465.915056880098,0
189,A share,0,order shares,513500.SH,2018-08-16,-1,0,,1.8,100,-35900,-35900,0,1.7982,2,,40.0243356,104.64433560000262,0
190,A share,0,order shares,511220.SH,2018-08-16,-1,0,,93.28,100,-400,-400,0,93.18672,2,,23.11030656,60.42230655999808,0
191,A share,0,order shares,511010.SH,2018-08-16,-1,0,,113.382,100,-200,-200,0,113.268618,2,,14.045308632000001,36.721708632000286,0
192,A share,0,order shares,518880.SH,2018-08-16,1,0,,2.604,100,8800,8800,0,2.606604,2,,2.7525738239999997,25.667773823995958,0
193,A share,0,order shares,513100.SH,2018-08-31,1,0,,2.74,100,28400,28400,0,2.74274,2,,9.347257919999999,87.16325791999407,0
194,A share,0,order shares,513500.SH,2018-08-31,-1,0,,1.844,100,-12200,-12200,0,1.8421560000000001,2,,13.934067983999999,36.4308679840008,0
195,A share,0,order shares,511220.SH,2018-08-31,1,0,,93.7,100,200,200,0,93.79369999999999,2,,2.2510488,20.99104879999868,0
196,A share,0,order shares,511010.SH,2018-08-31,1,0,,113.459,100,200,200,0,113.572459,2,,2.7257390159999995,25.417539015998045,0
197,A share,0,order shares,518880.SH,2018-08-31,-1,0,,2.646,100,-1100,-1100,0,2.643354,2,,1.802767428,4.713367428000159,0
198,A share,0,order shares,513500.SH,2018-09-17,-1,0,,1.85,100,-5900,-5900,0,1.8481500000000002,2,,6.760532699999999,17.675532700000872,0
199,A share,0,order shares,513100.SH,2018-09-17,1,0,,2.709,100,7200,7200,0,2.711709,2,,2.342916576,21.847716575997765,0
200,A share,0,order shares,511220.SH,2018-09-17,-1,0,,94.24,100,-100,-100,0,94.14576,2,,5.837037119999999,15.261037120000886,0
201,A share,0,order shares,511220.SH,2018-10-10,-1,0,,93.152,100,-200,-200,0,93.058848,2,,11.539297152,30.169697152001827,0
202,A share,0,order shares,518880.SH,2018-10-10,-1,0,,2.652,100,-1700,-1700,0,2.6493480000000003,2,,2.792412792000001,7.300812791999711,0
203,A share,0,order shares,513500.SH,2018-10-10,1,0,,1.853,100,100,100,0,1.8548529999999999,2,,0.022258236,0.2075582359999828,0
204,A share,0,order shares,513100.SH,2018-10-10,1,0,,2.685,100,10600,10600,0,2.6876849999999997,2,,3.4187353199999997,31.879735319995234,0
205,A share,0,order shares,518880.SH,2018-10-25,-1,0,,2.759,100,-52000,-52000,0,2.7562409999999997,2,,88.86120984,232.3292098399935,0
206,A share,0,order shares,511010.SH,2018-10-25,-1,0,,114.298,100,-500,-500,0,114.183702,2,,35.396947620000006,92.54594761999762,0
207,A share,0,order shares,511220.SH,2018-10-25,-1,0,,93.351,100,-500,-500,0,93.257649,2,,28.90987119,75.58537118999756,0
208,A share,0,order shares,513500.SH,2018-10-25,1,0,,1.713,100,74800,74800,0,1.714713,2,,15.391263888,143.5236638879869,0
209,A share,0,order shares,513100.SH,2018-10-25,1,0,,2.477,100,49400,49400,0,2.4794769999999997,2,,14.698339655999998,137.06213965598727,0
210,A share,0,order shares,513100.SH,2018-11-09,-1,0,,2.575,100,-922600,-922600,0,2.572425,2,,1471.4579691000004,3847.1529690998327,0
211,A share,0,order shares,518880.SH,2018-11-09,1,0,,2.718,100,26400,26400,0,2.7207179999999997,2,,8.619234623999999,80.37443462398369,0
212,A share,0,order shares,511010.SH,2018-11-09,1,0,,114.701,100,200,200,0,114.81570099999998,2,,2.7555768239999994,25.69577682399904,0
213,A share,0,order shares,511220.SH,2018-11-09,1,0,,93.931,100,100,100,0,94.02493099999998,2,,1.128299172,10.521399171999292,0
214,A share,0,order shares,513500.SH,2018-11-09,-1,0,,1.799,100,-42800,-42800,0,1.7972009999999998,2,,47.690525736,124.68772573599797,0
215,A share,0,order shares,513030.SH,2018-11-09,1,0,,1.012,100,2302300,2302300,0,1.0130119999999998,2,,279.870903312,2609.7985033118166,0
216,A share,0,order shares,513500.SH,2018-11-26,-1,0,,1.703,100,-1297300,-1297300,0,1.701297,2,,1368.397410822,3577.6993108218458,0
217,A share,0,order shares,510170.SH,2018-11-26,1,0,,1.56,100,1419300,1419300,0,1.5615599999999998,2,,265.95865295999994,2480.0666529596783,0
218,A share,0,order shares,511220.SH,2018-11-26,-1,0,,94.335,100,-300,-300,0,94.24066499999999,2,,17.528763689999998,45.82926369000119,0
219,A share,0,order shares,511010.SH,2018-11-26,-1,0,,114.685,100,-200,-200,0,114.57031500000001,2,,14.20671906,37.143719060001715,0
220,A share,0,order shares,518880.SH,2018-11-26,-1,0,,2.727,100,-14800,-14800,0,2.7242729999999997,2,,24.997929048,65.35752904800341,0
221,A share,0,order shares,513030.SH,2018-11-26,1,0,,0.991,100,19400,19400,0,0.9919909999999998,2,,2.309355048,21.53475504800008,0
222,A share,0,order shares,518880.SH,2018-12-11,-1,0,,2.763,100,-13900,-13900,0,2.760237,2,,23.787722465999998,62.19342246600298,0
223,A share,0,order shares,510170.SH,2018-12-11,1,0,,1.544,100,65600,65600,0,1.5455439999999998,2,,12.166522367999999,113.4529223679856,0
224,A share,0,order shares,511010.SH,2018-12-11,-1,0,,115.988,100,-300,-300,0,115.872012,2,,21.552194232,56.34859423199927,0
225,A share,0,order shares,511220.SH,2018-12-11,-1,0,,94.645,100,-200,-200,0,94.550355,2,,11.72424402,30.653244020000088,0
226,A share,0,order shares,513030.SH,2018-12-11,1,0,,0.956,100,66800,66800,0,0.9569559999999998,2,,7.6709592959999995,71.5317592959982,0
227,A share,0,order shares,518880.SH,2018-12-26,-1,0,,2.819,100,-19700,-19700,0,2.816181,2,,34.396834733999995,89.93113473399934,0
228,A share,0,order shares,511010.SH,2018-12-26,-1,0,,115.969,100,-100,-100,0,115.85303099999999,2,,7.182887921999999,18.77978792200046,0
229,A share,0,order shares,511220.SH,2018-12-26,-1,0,,94.66,100,-100,-100,0,94.56533999999999,2,,5.86305108,15.32905108000035,0
230,A share,0,order shares,510170.SH,2018-12-26,1,0,,1.535,100,2800,2800,0,1.5365349999999998,2,,0.51627576,4.814275759999873,0
231,A share,0,order shares,513030.SH,2018-12-26,1,0,,0.923,100,78100,78100,0,0.9239229999999999,2,,8.659006356,80.74530635599513,0
232,A share,0,order shares,511220.SH,2019-01-14,-1,0,,95.373,100,-200,-200,0,95.27762700000001,2,,11.814425748000001,30.88902574799992,0
233,A share,0,order shares,511010.SH,2019-01-14,-1,0,,116.47,100,-100,-100,0,116.35352999999999,2,,7.21391886,18.860918860000844,0
234,A share,0,order shares,513030.SH,2019-01-14,-1,0,,0.936,100,-30400,-30400,0,0.935064,2,,17.624086272,46.07848627199871,0
235,A share,0,order shares,510170.SH,2019-01-14,1,0,,1.49,100,39600,39600,0,1.4914899999999998,2,,7.08756048,66.09156047999568,0
236,A share,0,order shares,518880.SH,2019-01-29,-1,0,,2.833,100,-810200,-810200,0,2.8301670000000003,2,,1421.6608081080003,3716.957408108002,0
237,A share,0,order shares,510170.SH,2019-01-29,-1,0,,1.457,100,-1527300,-1527300,0,1.455543,2,,1378.291510818,3603.567610817901,0
238,A share,0,order shares,513100.SH,2019-01-29,1,0,,2.345,100,971300,971300,0,2.347345,2,,273.59714382,2551.2956438199617,0
239,A share,0,order shares,513500.SH,2019-01-29,1,0,,1.65,100,1351200,1351200,0,1.6516499999999996,2,,267.8051376,2497.2851375998,0
240,A share,0,order shares,513030.SH,2019-01-29,-1,0,,0.953,100,-43300,-43300,0,0.952047,2,,25.558653762000002,66.82355376200195,0
241,A share,0,order shares,513030.SH,2019-02-20,-1,0,,0.966,100,-2392900,-2392900,0,0.965034,2,,1431.722512332,3743.2639123319873,0
242,A share,0,order shares,513100.SH,2019-02-20,-1,0,,2.475,100,-26100,-26100,0,2.472525,2,,40.010399549999995,104.60789955000348,0
243,A share,0,order shares,513500.SH,2019-02-20,-1,0,,1.737,100,-4400,-4400,0,1.735263,2,,4.733797464,12.376597463999625,0
244,A share,0,order shares,518880.SH,2019-02-20,1,0,,2.898,100,805800,805800,0,2.9008979999999998,2,,280.505233008,2615.7136330078356,0
245,A share,0,order shares,511220.SH,2019-02-20,1,0,,96.023,100,300,300,0,96.11902299999998,2,,3.4602848279999994,32.26718482799697,0
246,A share,0,order shares,511010.SH,2019-02-20,1,0,,116.923,100,400,400,0,117.03992299999999,2,,5.6179163039999995,52.387116303994844,0
247,A share,0,order shares,518880.SH,2019-03-07,-1,0,,2.773,100,-805800,-805800,0,2.770227,2,,1383.994328292,3618.477728291794,0
248,A share,0,order shares,510170.SH,2019-03-07,1,0,,1.76,100,1270500,1270500,0,1.7617599999999998,2,,268.5979296,2504.6779295997694,0
249,A share,0,order shares,513100.SH,2019-03-07,-1,0,,2.471,100,-11000,-11000,0,2.468529,2,,16.83536778,44.01636778000049,0
250,A share,0,order shares,513500.SH,2019-03-07,-1,0,,1.721,100,-5500,-5500,0,1.719279,2,,5.86274139,15.328241390000247,0
251,A share,0,order shares,511220.SH,2019-03-07,-1,0,,95.676,100,-100,-100,0,95.580324,2,,5.925980088,15.49358008800031,0
252,A share,0,order shares,511010.SH,2019-03-07,-1,0,,116.357,100,-100,-100,0,116.240643,2,,7.206919866,18.842619866000724,0
253,A share,0,order shares,510170.SH,2019-03-22,-1,0,,1.726,100,-1270500,-1270500,0,1.724274,2,,1358.2278725400001,3551.1108725399145,0
254,A share,0,order shares,513100.SH,2019-03-22,-1,0,,2.615,100,-37400,-37400,0,2.612385,2,,60.57598338000001,158.37698338000678,0
255,A share,0,order shares,513030.SH,2019-03-22,1,0,,0.984,100,2379100,2379100,0,0.9849839999999999,2,,281.205052128,2622.239452127833,0
256,A share,0,order shares,513500.SH,2019-03-22,-1,0,,1.78,100,-24200,-24200,0,1.7782200000000001,2,,26.68041288,69.75641288000094,0
257,A share,0,order shares,511220.SH,2019-03-22,1,0,,95.29,100,100,100,0,95.38529,2,,1.14462348,10.67362347999915,0
258,A share,0,order shares,511010.SH,2019-03-22,1,0,,116.484,100,200,200,0,116.60048399999998,2,,2.7984116159999997,26.09521161599696,0
259,A share,0,order shares,513100.SH,2019-04-09,-1,0,,2.648,100,-4600,-4600,0,2.645352,2,,7.544543904000001,19.72534390400009,0
260,A share,0,order shares,513500.SH,2019-04-09,-1,0,,1.811,100,-12500,-12500,0,1.809189,2,,14.02121475,36.658714750000726,0
261,A share,0,order shares,513030.SH,2019-04-09,-1,0,,0.995,100,-4700,-4700,0,0.994005,2,,2.8965305700000004,7.573030569999578,0
262,A share,0,order shares,511220.SH,2019-04-09,1,0,,95.33,100,200,200,0,95.42532999999999,2,,2.29020792,21.35620791999827,0
263,A share,0,order shares,511010.SH,2019-04-09,1,0,,116.142,100,200,200,0,116.25814199999998,2,,2.7901954079999993,26.018595407997054,0
264,A share,0,order shares,513030.SH,2019-04-24,-1,0,,1.024,100,-30100,-30100,0,1.022976,2,,19.090778112,49.91317811200092,0
265,A share,0,order shares,513100.SH,2019-04-24,-1,0,,2.741,100,-16400,-16400,0,2.738259,2,,27.842617511999997,72.79501751200195,0
266,A share,0,order shares,513500.SH,2019-04-24,1,0,,1.838,100,1400,1400,0,1.8398379999999999,2,,0.309092784,2.8822927839996737,0
267,A share,0,order shares,511220.SH,2019-04-24,1,0,,95.749,100,300,300,0,95.84474899999998,2,,3.450410963999999,32.175110963995394,0
268,A share,0,order shares,511010.SH,2019-04-24,1,0,,115.787,100,400,400,0,115.90278699999999,2,,5.5633337759999995,51.878133775993774,0
269,A share,0,order shares,513100.SH,2019-05-14,-1,0,,2.624,100,-875800,-875800,0,2.621376,2,,1423.3966824960003,3721.4958824960554,0
270,A share,0,order shares,513030.SH,2019-05-14,1,0,,1.001,100,17500,17500,0,1.0020009999999997,2,,2.1042020999999993,19.621702099997492,0
271,A share,0,order shares,513500.SH,2019-05-14,1,0,,1.804,100,4500,4500,0,1.8058039999999997,2,,0.97513416,9.093134159999863,0
272,A share,0,order shares,511220.SH,2019-05-14,-1,0,,96.191,100,-400,-400,0,96.094809,2,,23.831512632000003,62.30791263199956,0
273,A share,0,order shares,518880.SH,2019-05-14,1,0,,2.858,100,808500,808500,0,2.860858,2,,277.56044316,2588.2534431600943,0
274,A share,0,order shares,511010.SH,2019-05-14,-1,0,,116.387,100,-300,-300,0,116.270613,2,,21.626334017999998,56.54243401800218,0
275,A share,0,order shares,518880.SH,2019-05-29,1,0,,2.861,100,12600,12600,0,2.863861,2,,4.330157832,40.37875783199706,0
276,A share,0,order shares,511010.SH,2019-05-29,-1,0,,116.696,100,-100,-100,0,116.579304,2,,7.227916848000001,18.897516847999263,0
277,A share,0,order shares,513030.SH,2019-05-29,-1,0,,1.013,100,-23900,-23900,0,1.011987,2,,14.995623365999998,39.20632336599963,0
278,A share,0,order shares,513500.SH,2019-05-29,1,0,,1.792,100,11000,11000,0,1.7937919999999998,2,,2.36780544,22.0798054400002,0
279,A share,0,order shares,513500.SH,2019-06-14,-1,0,,1.856,100,-1321500,-1321500,0,1.854144,2,,1519.15580352,3971.8598035199107,0
280,A share,0,order shares,510170.SH,2019-06-14,1,0,,1.62,100,1492100,1492100,0,1.6216199999999998,2,,290.35430424,2707.556304239668,0
281,A share,0,order shares,518880.SH,2019-06-14,-1,0,,3.022,100,-20000,-20000,0,3.0189779999999997,2,,37.435327199999996,97.87532720000232,0
282,A share,0,order shares,513030.SH,2019-06-14,1,0,,1.031,100,9900,9900,0,1.0320309999999997,2,,1.2260528279999998,11.432952827999543,0
283,A share,0,order shares,511010.SH,2019-06-14,1,0,,116.944,100,300,300,0,117.06094399999999,2,,4.214193984,39.29739398399397,0
284,A share,0,order shares,511220.SH,2019-06-14,1,0,,96.458,100,400,400,0,96.55445799999998,2,,4.634613983999999,43.217813983996166,0
285,A share,0,order shares,510170.SH,2019-07-01,-1,0,,1.683,100,-1492100,-1492100,0,1.681317,2,,1555.3897193340003,4066.594019333867,0
286,A share,0,order shares,518880.SH,2019-07-01,1,0,,3.034,100,8500,8500,0,3.0370339999999993,2,,3.0977746799999997,28.88677467999878,0
287,A share,0,order shares,513500.SH,2019-07-01,1,0,,1.911,100,1283300,1283300,0,1.9129109999999998,2,,294.580642356,2746.966942355968,0
288,A share,0,order shares,513030.SH,2019-07-01,-1,0,,1.06,100,-30700,-30700,0,1.05894,2,,20.15586396,52.697863960001285,0
289,A share,0,order shares,511010.SH,2019-07-01,1,0,,117.184,100,300,300,0,117.30118399999998,2,,4.222842623999999,39.37804262399732,0
290,A share,0,order shares,511220.SH,2019-07-01,1,0,,95.751,100,300,300,0,95.846751,2,,3.450483036,32.175783035996574,0
291,A share,0,order shares,518880.SH,2019-07-16,-1,0,,3.12,100,-809600,-809600,0,3.11688,2,,1564.52414976,4090.4761497600484,0
292,A share,0,order shares,513100.SH,2019-07-16,1,0,,2.849,100,865400,865400,0,2.851849,2,,296.158814952,2761.6834149514325,0
293,A share,0,order shares,513500.SH,2019-07-16,-1,0,,1.937,100,-8500,-8500,0,1.935063,2,,10.197782010000001,26.662282009998226,0
294,A share,0,order shares,513030.SH,2019-07-16,1,0,,1.041,100,54600,54600,0,1.0420409999999998,2,,6.827452631999999,63.666052631997445,0
295,A share,0,order shares,511010.SH,2019-07-16,1,0,,117.556,100,100,100,0,117.67355599999999,2,,1.412082672,13.1676826719995,0
296,A share,0,order shares,511220.SH,2019-07-16,1,0,,95.999,100,100,100,0,96.09499899999999,2,,1.153139988,10.753039987999728,0
297,A share,0,order shares,513030.SH,2019-07-31,-1,0,,1.027,100,-2371700,-2371700,0,1.0259729999999998,2,,1508.6461017419997,3944.382001742203,0
298,A share,0,order shares,518880.SH,2019-07-31,1,0,,3.164,100,769800,769800,0,3.1671639999999996,2,,292.569941664,2728.2171416636556,0
299,A share,0,order shares,513100.SH,2019-07-31,-1,0,,2.854,100,-1000,-1000,0,2.851146,2,,1.7677105200000003,4.621710519999815,0
300,A share,0,order shares,513500.SH,2019-07-31,-1,0,,1.947,100,-7700,-7700,0,1.9450530000000001,2,,9.285683021999999,24.277583022000897,0
301,A share,0,order shares,513100.SH,2019-08-15,-1,0,,2.764,100,-864400,-864400,0,2.761236,2,,1479.823687008,3869.0252870077966,0
302,A share,0,order shares,518880.SH,2019-08-15,-1,0,,3.414,100,-44400,-44400,0,3.4105860000000003,2,,93.886611408,245.46821140800498,0
303,A share,0,order shares,511010.SH,2019-08-15,-1,0,,118.526,100,-100,-100,0,118.407474,2,,7.341263388,19.193863388000167,0
304,A share,0,order shares,513880.SH,2019-08-15,1,0,,0.973,100,2540800,2540800,0,0.9739729999999999,2,,296.96047180799997,2769.1588718076237,0
305,A share,0,order shares,513500.SH,2019-08-15,1,0,,1.88,100,49200,49200,0,1.8818799999999998,2,,11.110619519999998,103.6066195199819,0
306,A share,0,order shares,518880.SH,2019-08-30,-1,0,,3.508,100,-6800,-6800,0,3.504492,2,,14.774938272,38.62933827200017,0
307,A share,0,order shares,513880.SH,2019-08-30,-1,0,,0.999,100,-17400,-17400,0,0.998001,2,,10.766434788,28.14903478800082,0
308,A share,0,order shares,511220.SH,2019-08-30,1,0,,96.999,100,300,300,0,97.09599899999998,2,,3.495455963999999,32.59515596399433,0
309,A share,0,order shares,511010.SH,2019-08-30,1,0,,118.191,100,100,100,0,118.30919099999998,2,,1.419710292,13.23881029199947,0
310,A share,0,order shares,513500.SH,2019-08-30,-1,0,,1.945,100,-20200,-20200,0,1.943055,2,,24.334820820000004,63.623820819997036,0
311,A share,0,order shares,518880.SH,2019-09-17,-1,0,,3.394,100,-718600,-718600,0,3.390606,2,,1510.623472392,3949.5518723920914,0
312,A share,0,order shares,513500.SH,2019-09-17,-1,0,,1.975,100,-1296100,-1296100,0,1.973025,2,,1585.48737555,4145.28487554987,0
313,A share,0,order shares,510170.SH,2019-09-17,1,0,,1.672,100,1509400,1509400,0,1.6736719999999998,2,,303.14886201599995,2826.865662015509,0
314,A share,0,order shares,513880.SH,2019-09-17,-1,0,,1.03,100,-69600,-69600,0,1.02897,2,,44.40211344000001,116.09011343999465,0
315,A share,0,order shares,513030.SH,2019-09-17,1,0,,1.041,100,2423800,2423800,0,1.0420409999999998,2,,303.083877096,2826.2596770958044,0
316,A share,0,order shares,511010.SH,2019-09-17,1,0,,118.232,100,300,300,0,118.35023199999999,2,,4.260608351999999,39.730208351997135,0
317,A share,0,order shares,510170.SH,2019-10-09,-1,0,,1.613,100,-1509400,-1509400,0,1.611387,2,,1507.9810734359999,3942.643273436137,0
318,A share,0,order shares,513030.SH,2019-10-09,-1,0,,1.017,100,-2423800,-2423800,0,1.0159829999999999,2,,1526.7745491479998,3991.779149148102,0
319,A share,0,order shares,513880.SH,2019-10-09,-1,0,,1.032,100,-28200,-28200,0,1.030968,2,,18.025444512000004,47.12784451199977,0
320,A share,0,order shares,511220.SH,2019-10-09,-1,0,,97.368,100,-500,-500,0,97.27063199999999,2,,30.153895920000004,78.8378959200011,0
321,A share,0,order shares,513500.SH,2019-10-09,1,0,,1.927,100,1296800,1296800,0,1.9289269999999998,2,,300.171904032,2799.1055040317588,0
322,A share,0,order shares,513100.SH,2019-10-09,1,0,,2.806,100,882800,882800,0,2.8088059999999997,2,,297.5536724159999,2774.6904724156484,0
323,A share,0,order shares,511010.SH,2019-10-09,-1,0,,118.464,100,-100,-100,0,118.345536,2,,7.337423232,19.183823232000357,0
324,A share,0,order shares,513100.SH,2019-10-24,-1,0,,2.888,100,-882800,-882800,0,2.885112,2,,1579.1256616320002,4128.652061631858,0
325,A share,0,order shares,513880.SH,2019-10-24,-1,0,,1.072,100,-49200,-49200,0,1.070928,2,,32.667587712,85.40998771200282,0
326,A share,0,order shares,513030.SH,2019-10-24,1,0,,1.09,100,2333200,2333200,0,1.09109,2,,305.48774255999996,2848.6757425596006,0
327,A share,0,order shares,511220.SH,2019-10-24,1,0,,97.491,100,300,300,0,97.58849099999999,2,,3.5131856759999995,32.76048567599719,0
328,A share,0,order shares,511010.SH,2019-10-24,1,0,,118.167,100,300,300,0,118.28516699999999,2,,4.258266011999999,39.708366011996986,0
329,A share,0,order shares,513500.SH,2019-10-24,-1,0,,1.977,100,-8500,-8500,0,1.9750230000000002,2,,10.408371210000002,27.212871209998372,0
330,A share,0,order shares,511220.SH,2019-11-08,-1,0,,96.799,100,-26038,-26038,0,96.702201,2,,1564.8350165820002,4091.2889165820807,0
331,A share,0,order shares,513030.SH,2019-11-08,-1,0,,1.105,100,-15300,-15300,0,1.103895,2,,10.47154797,27.37804797000096,0
332,A share,0,order shares,513100.SH,2019-11-08,1,0,,2.961,100,860000,860000,0,2.9639609999999994,2,,305.88077519999996,2852.3407751997,0
333,A share,0,order shares,513880.SH,2019-11-08,-1,0,,1.083,100,-12000,-12000,0,1.081917,2,,8.04946248,21.045462479999188,0
334,A share,0,order shares,513500.SH,2019-11-08,-1,0,,2.004,100,-10500,-10500,0,2.001996,2,,13.03299396,34.07499396000128,0
335,A share,0,order shares,511010.SH,2019-11-08,1,0,,118.079,100,100,100,0,118.19707899999997,2,,1.4183649479999998,13.226264947998061,0
336,A share,0,order shares,513100.SH,2019-11-25,-1,0,,3.042,100,-6600,-6600,0,3.0389579999999996,2,,12.435416135999999,32.51261613599972,0
337,A share,0,order shares,513500.SH,2019-11-25,-1,0,,2.05,100,-11400,-11400,0,2.0479499999999997,2,,14.474910599999998,37.84491059999898,0
338,A share,0,order shares,513030.SH,2019-11-25,1,0,,1.111,100,18600,18600,0,1.1121109999999998,2,,2.4822317519999997,23.146831751997524,0
339,A share,0,order shares,513880.SH,2019-11-25,1,0,,1.093,100,10600,10600,0,1.0940929999999998,2,,1.3916862959999998,12.97748629599846,0
340,A share,0,order shares,511010.SH,2019-11-25,1,0,,118.57,100,200,200,0,118.68856999999998,2,,2.84852568,26.562525679997634,0
341,A share,0,order shares,513030.SH,2019-12-10,-1,0,,1.104,100,-2336500,-2336500,0,1.102896,2,,1597.6882324800001,4177.18423247981,0
342,A share,0,order shares,513100.SH,2019-12-10,-1,0,,3.069,100,-5000,-5000,0,3.065931,2,,9.504386100000001,24.849386099999347,0
343,A share,0,order shares,513500.SH,2019-12-10,-1,0,,2.07,100,-8600,-8600,0,2.06793,2,,11.02620276,28.82820275999968,0
344,A share,0,order shares,513880.SH,2019-12-10,1,0,,1.096,100,400,400,0,1.097096,2,,0.052660608,0.4910606079999411,0
345,A share,0,order shares,511010.SH,2019-12-10,1,0,,118.719,100,100,100,0,118.83771899999998,2,,1.4260526279999999,13.297952627997802,0
346,A share,0,order shares,518880.SH,2019-12-10,1,0,,3.28,100,792400,792400,0,3.2832799999999995,2,,312.20052863999996,2911.272528639529,0
347,A share,0,order shares,518880.SH,2019-12-25,-1,0,,3.352,100,-792400,-792400,0,3.348648,2,,1645.150578624,4301.275378623874,0
348,A share,0,order shares,513500.SH,2019-12-25,-1,0,,2.107,100,-1257800,-1257800,0,2.104893,2,,1641.4713375480003,4291.655937547805,0
349,A share,0,order shares,510170.SH,2019-12-25,1,0,,1.704,100,1550100,1550100,0,1.7057039999999997,2,,317.28141244799997,2958.6518124477006,0
350,A share,0,order shares,513100.SH,2019-12-25,-1,0,,3.168,100,-13400,-13400,0,3.164832,2,,26.293424256,68.74462425600316,0
351,A share,0,order shares,513880.SH,2019-12-25,1,0,,1.105,100,18200,18200,0,1.106105,2,,2.4157333199999997,22.5267333199954,0
352,A share,0,order shares,511220.SH,2019-12-25,1,0,,96.197,100,27400,27400,0,96.29319699999999,2,,316.612031736,2952.409831735771,0
353,A share,0,order shares,511010.SH,2019-12-25,1,0,,119.32,100,200,200,0,119.43931999999998,2,,2.86654368,26.730543679997936,0
354,A share,0,order shares,513880.SH,2020-01-10,-1,0,,1.093,100,-2393600,-2393600,0,1.091907,2,,1620.424929024,4236.629729023949,0
355,A share,0,order shares,510170.SH,2020-01-10,-1,0,,1.806,100,-50600,-50600,0,1.804194,2,,56.601174168,147.98477416800102,0
356,A share,0,order shares,513100.SH,2020-01-10,-1,0,,3.366,100,-30500,-30500,0,3.362634,2,,63.58740894,166.25040894000045,0
357,A share,0,order shares,511220.SH,2020-01-10,1,0,,96.89,100,500,500,0,96.98688999999999,2,,5.819213399999999,54.264213399990695,0
358,A share,0,order shares,511010.SH,2020-01-10,1,0,,119.696,100,500,500,0,119.81569599999999,2,,7.188941759999999,67.03694175999408,0
359,A share,0,order shares,159985.SZ,2020-01-10,1,0,,0.956,100,2827900,2827900,0,0.9569559999999998,2,,324.741104688,3028.213504687883,0
360,A share,0,order shares,510170.SH,2020-02-04,-1,0,,1.607,100,-1499500,-1499500,0,1.605393,2,,1492.51781817,3902.2143181700785,0
361,A share,0,order shares,159985.SZ,2020-02-04,-1,0,,0.946,100,-2827900,-2827900,0,0.945054,2,,1656.961288092,4332.1546880922215,0
362,A share,0,order shares,518880.SH,2020-02-04,1,0,,3.492,100,760300,760300,0,3.4954919999999996,2,,318.91470811199997,2973.882308111526,0
363,A share,0,order shares,513100.SH,2020-02-04,-1,0,,3.422,100,-27400,-27400,0,3.418578,2,,58.074803064,151.8376030639968,0
364,A share,0,order shares,511010.SH,2020-02-04,-1,0,,121.336,100,-600,-600,0,121.214664,2,,45.091855008,117.89345500800616,0
365,A share,0,order shares,511220.SH,2020-02-04,-1,0,,97.397,100,-600,-600,0,97.299603,2,,36.19545231600001,94.63365231599687,0
366,A share,0,order shares,513500.SH,2020-02-04,1,0,,2.129,100,1243600,1243600,0,2.1311289999999996,2,,318.032642928,2965.6570429275744,0
367,A share,0,order shares,513500.SH,2020-02-19,-1,0,,2.223,100,-1243600,-1243600,0,2.220777,2,,1712.2901318640002,4476.8129318639185,0
368,A share,0,order shares,513100.SH,2020-02-19,-1,0,,3.799,100,-52700,-52700,0,3.795201,2,,124.00439747399999,324.2116974740091,0
369,A share,0,order shares,518880.SH,2020-02-19,1,0,,3.562,100,12200,12200,0,3.5655619999999995,2,,5.2199827679999995,48.676382767996984,0
370,A share,0,order shares,511010.SH,2020-02-19,1,0,,121.169,100,700,700,0,121.29016899999998,2,,10.188374195999998,95.00667419598904,0
371,A share,0,order shares,511220.SH,2020-02-19,1,0,,97.896,100,800,800,0,97.99389599999999,2,,9.407414015999999,87.72421401597967,0
372,A share,0,order shares,513880.SH,2020-02-19,1,0,,1.076,100,2553400,2553400,0,1.077076,2,,330.024703008,3077.4831030080095,0
373,A share,0,order shares,513880.SH,2020-03-05,-1,0,,0.995,100,-2553400,-2553400,0,0.994005,2,,1573.61726754,4114.250267539915,0
374,A share,0,order shares,513100.SH,2020-03-05,-1,0,,3.571,100,-724400,-724400,0,3.567429,2,,1602.232251912,4189.064651912188,0
375,A share,0,order shares,510170.SH,2020-03-05,1,0,,1.779,100,1512100,1512100,0,1.7807789999999997,2,,323.12591110799997,3013.151811107993,0
376,A share,0,order shares,518880.SH,2020-03-05,-1,0,,3.611,100,-26500,-26500,0,3.6073890000000004,2,,59.26940127,154.96090127000082,0
377,A share,0,order shares,159985.SZ,2020-03-05,1,0,,0.969,100,2602300,2602300,0,0.9699689999999999,2,,302.89803944399995,2824.5267394436523,0
378,A share,0,order shares,511220.SH,2020-03-05,-1,0,,99.31,100,-900,-900,0,99.21069,2,,55.35956502,144.7385650200008,0
379,A share,0,order shares,511010.SH,2020-03-05,-1,0,,121.976,100,-600,-600,0,121.854024,2,,45.329696928000004,118.51529692799707,0
380,A share,0,order shares,511220.SH,2020-03-20,-1,0,,98.578,100,-1000,-1000,0,98.479422,2,,61.05724164000001,159.63524163999406,0
381,A share,0,order shares,511010.SH,2020-03-20,-1,0,,121.701,100,-900,-900,0,121.57929899999999,2,,67.841248842,177.37214884199793,0
382,A share,0,order shares,159985.SZ,2020-03-20,1,0,,0.977,100,37100,37100,0,0.9779769999999999,2,,4.353953603999999,40.60065360399312,0
383,A share,0,order shares,518880.SH,2020-03-20,1,0,,3.346,100,24600,24600,0,3.3493459999999997,2,,9.887269391999999,92.19886939198477,0
384,A share,0,order shares,510170.SH,2020-03-20,1,0,,1.535,100,164400,164400,0,1.5365349999999998,2,,30.312762479999996,282.6667624799593,0
385,A share,0,order shares,159985.SZ,2020-04-07,1,0,,0.979,100,100,100,0,0.9799789999999998,2,,0.011759747999999999,0.10965974799999856,0
386,A share,0,order shares,518880.SH,2020-04-07,-1,0,,3.676,100,-44700,-44700,0,3.672324,2,,101.774787336,266.09198733599044,0
387,A share,0,order shares,510170.SH,2020-04-07,-1,0,,1.61,100,-19200,-19200,0,1.60839,2,,19.146274560000002,50.058274560000264,0
388,A share,0,order shares,510170.SH,2020-04-22,-1,0,,1.59,100,-1657300,-1657300,0,1.58841,2,,1632.1325736600002,4267.239573659844,0
389,A share,0,order shares,159985.SZ,2020-04-22,-1,0,,0.96,100,-2639500,-2639500,0,0.95904,2,,1569.4593696000002,4103.379369599926,0
390,A share,0,order shares,513030.SH,2020-04-22,1,0,,0.852,100,3114400,3114400,0,0.8528519999999998,2,,318.73467225599995,2972.203472255729,0
391,A share,0,order shares,513880.SH,2020-04-22,1,0,,0.908,100,2921700,2921700,0,0.9089079999999999,2,,318.666780432,2971.5703804320656,0
392,A share,0,order shares,518880.SH,2020-04-22,-1,0,,3.674,100,-2800,-2800,0,3.6703259999999998,2,,6.371685935999999,16.658885936000665,0
393,A share,0,order shares,511220.SH,2020-04-22,1,0,,98.557,100,400,400,0,98.65555699999999,2,,4.735466735999999,44.158266735990765,0
394,A share,0,order shares,513880.SH,2020-05-12,-1,0,,0.966,100,-2921700,-2921700,0,0.965034,2,,1748.114699436,4570.476899435857,0
395,A share,0,order shares,513030.SH,2020-05-12,-1,0,,0.881,100,-3114400,-3114400,0,0.880119,2,,1699.4464204319997,4443.232820432098,0
396,A share,0,order shares,513100.SH,2020-05-12,1,0,,3.656,100,741400,741400,0,3.6596559999999996,2,,325.59227500799994,3036.150675007608,0
397,A share,0,order shares,518880.SH,2020-05-12,1,0,,3.746,100,1600,1600,0,3.7497459999999996,2,,0.719951232,6.7135512320001,0
398,A share,0,order shares,511010.SH,2020-05-12,1,0,,125.188,100,400,400,0,125.31318799999998,2,,6.015033024,56.09023302399146,0
399,A share,0,order shares,511220.SH,2020-05-12,1,0,,98.38,100,700,700,0,98.47837999999999,2,,8.27218392,77.13818391998939,0
400,A share,0,order shares,511380.SH,2020-05-12,1,0,,9.945,100,272500,272500,0,9.954944999999999,2,,325.5267015,3035.5392014998943,0
401,A share,0,order shares,511380.SH,2020-05-27,-1,0,,9.614,100,-272500,-272500,0,9.604386000000002,2,,1622.6610147000001,4242.476014699944,0
402,A share,0,order shares,513100.SH,2020-05-27,-1,0,,3.772,100,-741400,-741400,0,3.7682279999999997,2,,1732.133828304,4528.694628304094,0
403,A share,0,order shares,513880.SH,2020-05-27,1,0,,1.017,100,2670000,2670000,0,1.0180169999999997,2,,326.17264679999994,3041.562646799721,0
404,A share,0,order shares,518880.SH,2020-05-27,-1,0,,3.835,100,-15600,-15600,0,3.831165,2,,37.05502788,96.88102788000093,0
405,A share,0,order shares,159985.SZ,2020-05-27,1,0,,0.98,100,2770200,2770200,0,0.9809799999999999,2,,326.10129551999995,3040.8972955197096,0
406,A share,0,order shares,511010.SH,2020-05-27,1,0,,123.787,100,300,300,0,123.910787,2,,4.460788332,41.596888331994705,0
407,A share,0,order shares,518880.SH,2020-06-11,-1,0,,3.855,100,-709100,-709100,0,3.851145,2,,1693.12509009,4426.705590090156,0
408,A share,0,order shares,511010.SH,2020-06-11,-1,0,,122.826,100,-21900,-21900,0,122.70317399999999,2,,1666.063696572,4355.953096572219,0
409,A share,0,order shares,513030.SH,2020-06-11,1,0,,1.037,100,2635300,2635300,0,1.0380369999999999,2,,328.2646687319999,3061.0707687316462,0
410,A share,0,order shares,513880.SH,2020-06-11,-1,0,,1.072,100,-116900,-116900,0,1.070928,2,,77.618719584,202.93551958400053,0
411,A share,0,order shares,513500.SH,2020-06-11,1,0,,2.084,100,1311100,1311100,0,2.086084,2,,328.207767888,3060.540167887695,0
412,A share,0,order shares,159985.SZ,2020-06-11,1,0,,0.972,100,44700,44700,0,0.9729719999999998,2,,5.219021808,48.66742180799338,0
413,A share,0,order shares,511220.SH,2020-06-11,1,0,,98.101,100,300,300,0,98.19910099999998,2,,3.5351676359999997,32.9654676359969,0
414,A share,0,order shares,513500.SH,2020-06-30,-1,0,,2.013,100,-1311100,-1311100,0,2.010987,2,,1634.6951345339999,4273.939434533904,0
415,A share,0,order shares,513880.SH,2020-06-30,-1,0,,1.056,100,-2553100,-2553100,0,1.054944,2,,1669.8940663680003,4365.967666367771,0
416,A share,0,order shares,513030.SH,2020-06-30,-1,0,,1.022,100,-2635300,-2635300,0,1.020978,2,,1668.161660508,4361.438260507983,0
417,A share,0,order shares,510170.SH,2020-06-30,1,0,,1.683,100,1602800,1602800,0,1.684683,2,,324.02518948799997,3021.5375894880854,0
418,A share,0,order shares,518880.SH,2020-06-30,1,0,,3.914,100,689000,689000,0,3.9179139999999997,2,,323.93312951999997,3020.6791295199655,0
419,A share,0,order shares,511380.SH,2020-06-30,1,0,,9.726,100,269400,269400,0,9.735726,2,,314.73655012800003,2934.9209501277655,0
420,A share,0,order shares,511220.SH,2020-06-30,-1,0,,97.272,100,-300,-300,0,97.174728,2,,18.074499408,47.25609940799989,0
421,A share,0,order shares,159985.SZ,2020-06-30,-1,0,,0.976,100,-48400,-48400,0,0.975024,2,,29.258520192,76.496920192002,0
422,A share,0,order shares,511220.SH,2020-07-15,-1,0,,95.1,100,-27840,-27840,0,95.00489999999999,2,,1643.3947602,4296.684760200037,0
423,A share,0,order shares,510170.SH,2020-07-15,-1,0,,1.956,100,-158100,-158100,0,1.954044,2,,191.53930096800002,500.7829009679871,0
424,A share,0,order shares,511380.SH,2020-07-15,1,0,,10.373,100,3000,3000,0,10.383372999999999,2,,3.738014279999999,34.85701427999447,0
425,A share,0,order shares,159985.SZ,2020-07-15,1,0,,0.999,100,61900,61900,0,0.9999989999999999,2,,7.427992571999999,69.26609257199016,0
426,A share,0,order shares,518880.SH,2020-07-15,1,0,,3.94,100,28100,28100,0,3.9439399999999996,2,,13.29896568,124.01296567999816,0
427,A share,0,order shares,511010.SH,2020-07-15,1,0,,121.617,100,23100,23100,0,121.73861699999999,2,,337.459446324,3146.812146323733,0
428,A share,0,order shares,510170.SH,2020-07-30,-1,0,,2.126,100,-1444700,-1444700,0,2.123874,2,,1902.383676036,4973.815876036156,0
429,A share,0,order shares,511380.SH,2020-07-30,-1,0,,10.317,100,-272400,-272400,0,10.306683,2,,1740.6750785039999,4551.0258785041315,0
430,A share,0,order shares,159985.SZ,2020-07-30,-1,0,,1.021,100,-2828400,-2828400,0,1.019979,2,,1788.643334232,4676.439734231875,0
431,A share,0,order shares,518880.SH,2020-07-30,-1,0,,4.174,100,-18500,-18500,0,4.1698260000000005,2,,47.82790422000001,125.04690421999733,0
432,A share,0,order shares,513500.SH,2020-07-30,1,0,,2.124,100,1370600,1370600,0,2.126124,2,,349.68786652800003,3260.842266527936,0
433,A share,0,order shares,513880.SH,2020-07-30,1,0,,1.068,100,2725200,2725200,0,1.069068,2,,349.610893632,3260.1244936315343,0
434,A share,0,order shares,511010.SH,2020-07-30,1,0,,121.985,100,700,700,0,122.10698499999998,2,,10.256986739999999,95.64648673999181,0
435,A share,0,order shares,511220.SH,2020-07-30,1,0,,95.945,100,30300,30300,0,96.04094499999998,2,,349.20487602,3256.3383760196157,0
436,A share,0,order shares,518880.SH,2020-08-14,-1,0,,4.088,100,-698600,-698600,0,4.083912,2,,1768.8729723840001,4624.7497723842025,0
437,A share,0,order shares,513880.SH,2020-08-14,-1,0,,1.078,100,-2725200,-2725200,0,1.0769220000000002,2,,1819.5932573280002,4757.358857328043,0
438,A share,0,order shares,513500.SH,2020-08-14,-1,0,,2.212,100,-46200,-46200,0,2.209788,2,,63.29716747200001,165.49156747199305,0
439,A share,0,order shares,513030.SH,2020-08-14,1,0,,1.119,100,2613700,2613700,0,1.1201189999999999,2,,351.3186036359999,3276.048903635703,0
440,A share,0,order shares,513080.SH,2020-08-14,1,0,,1.054,100,2774300,2774300,0,1.055054,2,,351.244357464,3275.3565574637614,0
441,A share,0,order shares,511010.SH,2020-08-14,1,0,,121.301,100,300,300,0,121.42230099999999,2,,4.371202836,40.761502836001455,0
442,A share,0,order shares,513080.SH,2020-08-31,-1,0,,1.053,100,-2774300,-2774300,0,1.051947,2,,1809.4182685019998,4730.756168502158,0
443,A share,0,order shares,513100.SH,2020-08-31,1,0,,5.058,100,578900,578900,0,5.063057999999999,2,,351.72051314399994,3279.796713143587,0
444,A share,0,order shares,513500.SH,2020-08-31,-1,0,,2.326,100,-54200,-54200,0,2.323674,2,,78.084741096,204.1539410959981,0
445,A share,0,order shares,513030.SH,2020-08-31,1,0,,1.128,100,5400,5400,0,1.1291279999999997,2,,0.7316749439999999,6.822874943998613,0
446,A share,0,order shares,511220.SH,2020-08-31,1,0,,96.041,100,400,400,0,96.13704099999998,2,,4.614577968,43.03097796799557,0
447,A share,0,order shares,511010.SH,2020-08-31,1,0,,120.488,100,400,400,0,120.60848799999998,2,,5.789207423999999,53.984407423995435,0
448,A share,0,order shares,513030.SH,2020-09-15,-1,0,,1.126,100,-2619100,-2619100,0,1.124874,2,,1826.6176459079998,4775.724245908057,0
449,A share,0,order shares,513500.SH,2020-09-15,-1,0,,2.178,100,-1270200,-1270200,0,2.175822,2,,1713.512044728,4480.007644728024,0
450,A share,0,order shares,513100.SH,2020-09-15,-1,0,,4.811,100,-578900,-578900,0,4.806189,2,,1725.0277435019998,4510.1156435021585,0
451,A share,0,order shares,159985.SZ,2020-09-15,1,0,,1.09,100,2643900,2643900,0,1.09109,2,,346.16794211999996,3228.0189421200193,0
452,A share,0,order shares,513880.SH,2020-09-15,1,0,,1.075,100,2680300,2680300,0,1.076075,2,,346.1044587,3227.4269586997107,0
453,A share,0,order shares,511220.SH,2020-09-15,-1,0,,96.301,100,-700,-700,0,96.204699,2,,41.752839366,109.16353936599309,0
454,A share,0,order shares,513080.SH,2020-09-15,1,0,,1.043,100,2698600,2698600,0,1.0440429999999998,2,,338.09453277599994,3152.734332775697,0
455,A share,0,order shares,511010.SH,2020-09-15,-1,0,,120.626,100,-500,-500,0,120.505374,2,,37.35666594,97.66966594000192,0
456,A share,0,order shares,513080.SH,2020-09-30,-1,0,,0.994,100,-2698600,-2698600,0,0.9930059999999999,2,,1661.4301147919998,4343.838514792073,0
457,A share,0,order shares,159985.SZ,2020-09-30,1,0,,1.078,100,5600,5600,0,1.079078,2,,0.7251404159999999,6.761940415998652,0
458,A share,0,order shares,513880.SH,2020-09-30,-1,0,,1.073,100,-18400,-18400,0,1.0719269999999999,2,,12.228543216,31.971743216000796,0
459,A share,0,order shares,511220.SH,2020-09-30,-1,0,,96.317,100,-600,-600,0,96.220683,2,,35.79409407599999,93.58429407600309,0
460,A share,0,order shares,511010.SH,2020-09-30,-1,0,,120.7,100,-300,-300,0,120.5793,2,,22.4277498,58.63774979999913,0
461,A share,0,order shares,511380.SH,2020-09-30,1,0,,10.164,100,279600,279600,0,10.174164,2,,341.36355052799996,3183.2179505275562,0
462,A share,0,order shares,159985.SZ,2020-10-23,-1,0,,1.131,100,-92900,-92900,0,1.129869,2,,65.078194662,170.14809466200222,0
463,A share,0,order shares,511220.SH,2020-10-23,1,0,,96.652,100,200,200,0,96.74865199999999,2,,2.321967648,21.6523676479992,0
464,A share,0,order shares,511380.SH,2020-10-23,1,0,,10.259,100,2200,2200,0,10.269259,2,,2.7110843759999996,25.28088437599581,0
465,A share,0,order shares,511010.SH,2020-10-23,1,0,,120.823,100,200,200,0,120.94382299999998,2,,2.9026517519999993,27.067251751996082,0
466,A share,0,order shares,513880.SH,2020-10-23,1,0,,1.073,100,32700,32700,0,1.0740729999999998,2,,4.214662452,39.30176245199982,0
467,A share,0,order shares,511380.SH,2020-11-09,-1,0,,10.414,100,-281800,-281800,0,10.403585999999999,2,,1817.6729315759997,4752.338131576163,0
468,A share,0,order shares,510170.SH,2020-11-09,1,0,,2.32,100,1262800,1262800,0,2.3223199999999995,2,,351.91508351999994,3281.611083519645,0
469,A share,0,order shares,159985.SZ,2020-11-09,1,0,,1.133,100,2400,2400,0,1.1341329999999998,2,,0.3266303039999999,3.045830303999537,0
470,A share,0,order shares,513880.SH,2020-11-09,-1,0,,1.136,100,-112000,-112000,0,1.1348639999999999,2,,78.80495615999999,206.0369561600036,0
471,A share,0,order shares,511220.SH,2020-11-09,1,0,,96.771,100,400,400,0,96.86777099999999,2,,4.649653008,43.35805300799257,0
472,A share,0,order shares,511010.SH,2020-11-09,1,0,,120.734,100,300,300,0,120.85473399999998,2,,4.350770423999999,40.57097042399255,0
473,A share,0,order shares,511220.SH,2020-11-24,-1,0,,95.108,100,-30300,-30300,0,95.01289200000001,2,,1784.9121891119999,4666.684589112132,0
474,A share,0,order shares,510170.SH,2020-11-24,-1,0,,2.485,100,-50800,-50800,0,2.482515,2,,78.18929244,204.42729243999756,0
475,A share,0,order shares,513880.SH,2020-11-24,-1,0,,1.177,100,-23800,-23800,0,1.175823,2,,17.350444188,45.36304418800184,0
476,A share,0,order shares,159985.SZ,2020-11-24,-1,0,,1.186,100,-19600,-19600,0,1.184814,2,,14.397859728,37.643459727998376,0
477,A share,0,order shares,511380.SH,2020-11-24,1,0,,10.359,100,290200,290200,0,10.369359,2,,361.10255781599994,3367.2843578155152,0
478,A share,0,order shares,511010.SH,2020-11-24,1,0,,120.524,100,700,700,0,120.64452399999999,2,,10.134140016,94.50094001599064,0
479,A share,0,order shares,510170.SH,2020-12-09,-1,0,,2.38,100,-1212000,-1212000,0,2.37762,2,,1786.6387728,4671.198772800056,0
480,A share,0,order shares,511380.SH,2020-12-09,-1,0,,10.276,100,-290200,-290200,0,10.265724,2,,1847.050124976,4829.145324975865,0
481,A share,0,order shares,159985.SZ,2020-12-09,-1,0,,1.131,100,-2539400,-2539400,0,1.129869,2,,1778.8973899320001,4650.958789932006,0
482,A share,0,order shares,513080.SH,2020-12-09,1,0,,1.122,100,2634600,2634600,0,1.123122,2,,355.077266544,3311.0984665439464,0
483,A share,0,order shares,513030.SH,2020-12-09,1,0,,1.104,100,2677000,2677000,0,1.1051039999999999,2,,355.00360896000007,3310.411608960014,0
484,A share,0,order shares,513880.SH,2020-12-09,-1,0,,1.196,100,-84200,-84200,0,1.194804,2,,62.373548016,163.07674801600356,0
485,A share,0,order shares,513500.SH,2020-12-09,1,0,,2.277,100,1280100,1280100,0,2.279277,2,,350.124298524,3264.911998523865,0
486,A share,0,order shares,511010.SH,2020-12-09,-1,0,,120.764,100,-300,-300,0,120.643236,2,,22.439641895999998,58.66884189600158,0
487,A share,0,order shares,513080.SH,2020-12-24,-1,0,,1.118,100,-2634600,-2634600,0,1.1168820000000002,2,,1824.3731366640002,4769.855936663882,0
488,A share,0,order shares,513030.SH,2020-12-24,-1,0,,1.129,100,-48000,-48000,0,1.127871,2,,33.565440960000004,87.75744096000274,0
489,A share,0,order shares,513880.SH,2020-12-24,1,0,,1.196,100,7000,7000,0,1.197196,2,,1.0056446399999999,9.377644639998834,0
490,A share,0,order shares,513500.SH,2020-12-24,1,0,,2.266,100,29600,29600,0,2.2682659999999997,2,,8.056880832,75.13048083198373,0
491,A share,0,order shares,511220.SH,2020-12-24,1,0,,95.85,100,30800,30800,0,95.94584999999998,2,,354.61586159999996,3306.795861599501,0
492,A share,0,order shares,511010.SH,2020-12-24,-1,0,,121.121,100,-100,-100,0,120.99987899999999,2,,7.501992498,19.614092498000282,0
493,A share,0,order shares,513500.SH,2021-01-11,-1,0,,2.308,100,-1309700,-1309700,0,2.3056919999999996,2,,1872.2541836879998,4895.041783687923,0
494,A share,0,order shares,513880.SH,2021-01-11,-1,0,,1.248,100,-2481600,-2481600,0,1.246752,2,,1918.2426531840001,5015.279453183885,0
495,A share,0,order shares,513030.SH,2021-01-11,-1,0,,1.16,100,-2629000,-2629000,0,1.1588399999999999,2,,1888.8860232000002,4938.526023200131,0
496,A share,0,order shares,159985.SZ,2021-01-11,1,0,,1.322,100,2279300,2279300,0,1.3233219999999999,2,,361.94974015199995,3375.1843401514925,0
497,A share,0,order shares,518880.SH,2021-01-11,1,0,,3.777,100,797600,797600,0,3.7807769999999996,2,,361.865728224,3374.4009282239713,0
498,A share,0,order shares,511380.SH,2021-01-11,1,0,,10.425,100,288900,288900,0,10.435425,2,,361.77531389999996,3373.5578138995916,0
499,A share,0,order shares,511220.SH,2021-01-11,1,0,,95.737,100,700,700,0,95.83273699999998,2,,8.049949907999999,75.06584990800184,0
500,A share,0,order shares,511010.SH,2021-01-11,1,0,,121.392,100,300,300,0,121.51339199999998,2,,4.374482111999999,40.792082111991476,0
501,A share,0,order shares,518880.SH,2021-01-26,-1,0,,3.799,100,-797600,-797600,0,3.795201,2,,1876.7724369119999,4906.854836912188,0
502,A share,0,order shares,159985.SZ,2021-01-26,-1,0,,1.257,100,-2279300,-2279300,0,1.2557429999999998,2,,1774.5733123379998,4639.653412337904,0
503,A share,0,order shares,513880.SH,2021-01-26,1,0,,1.269,100,2353900,2353900,0,1.2702689999999999,2,,358.81034389199993,3345.909443891607,0
504,A share,0,order shares,511380.SH,2021-01-26,-1,0,,10.47,100,-3100,-3100,0,10.45953,2,,20.103216660000005,52.56021665999852,0
505,A share,0,order shares,513500.SH,2021-01-26,1,0,,2.327,100,1263300,1263300,0,2.3293269999999997,2,,353.116655892,3292.8157558920793,0
506,A share,0,order shares,511010.SH,2021-01-26,-1,0,,121.452,100,-100,-100,0,121.330548,2,,7.522493976,19.66769397600084,0
507,A share,0,order shares,511220.SH,2021-01-26,-1,0,,95.901,100,-300,-300,0,95.805099,2,,17.819748414,46.59004841400014,0
508,A share,0,order shares,511380.SH,2021-02-10,-1,0,,10.301,100,-285800,-285800,0,10.290699,2,,1823.470700004,4767.496500003945,0
509,A share,0,order shares,513100.SH,2021-02-10,1,0,,4.553,100,653800,653800,0,4.5575529999999995,2,,357.56737816799995,3334.3187781674787,0
510,A share,0,order shares,513500.SH,2021-02-10,-1,0,,2.382,100,-2000,-2000,0,2.3796180000000002,2,,2.95072632,7.714726320000123,0
511,A share,0,order shares,513880.SH,2021-02-10,-1,0,,1.292,100,-28600,-28600,0,1.290708,2,,22.886834256,59.838034256003155,0
512,A share,0,order shares,511220.SH,2021-02-10,1,0,,95.9,100,100,100,0,95.99589999999999,2,,1.1519507999999998,10.741950799998449,0
513,A share,0,order shares,513880.SH,2021-03-04,-1,0,,1.244,100,-2325300,-2325300,0,1.242756,2,,1791.663926616,4684.3371266160775,0
514,A share,0,order shares,513100.SH,2021-03-04,-1,0,,4.234,100,-653800,-653800,0,4.229766,2,,1714.5610266960002,4482.750226695906,0
515,A share,0,order shares,513080.SH,2021-03-04,1,0,,1.144,100,2554400,2554400,0,1.1451439999999997,2,,351.0187000319999,3273.252300031483,0
516,A share,0,order shares,513500.SH,2021-03-04,-1,0,,2.327,100,-3700,-3700,0,2.3246729999999998,2,,5.332799862,13.94269986199947,0
517,A share,0,order shares,513030.SH,2021-03-04,1,0,,1.134,100,2437400,2437400,0,1.1351339999999999,2,,332.01307339199997,3096.024673392065,0
518,A share,0,order shares,511010.SH,2021-03-04,-1,0,,121.852,100,-600,-600,0,121.730148,2,,45.283615056,118.39481505599937,0
519,A share,0,order shares,511220.SH,2021-03-04,-1,0,,96.012,100,-800,-800,0,95.915988,2,,47.57433004800001,124.38393004799323,0
520,A share,0,order shares,513080.SH,2021-03-19,-1,0,,1.184,100,-27500,-27500,0,1.1828159999999999,2,,20.1670128,52.727012800001305,0
521,A share,0,order shares,513030.SH,2021-03-19,1,0,,1.186,100,85000,85000,0,1.1871859999999999,2,,12.109297199999999,112.91929719998734,0
522,A share,0,order shares,513500.SH,2021-03-19,-1,0,,2.405,100,-13600,-13600,0,2.402595,2,,20.25868104,52.96668103999872,0
523,A share,0,order shares,511220.SH,2021-03-19,1,0,,95.362,100,500,500,0,95.45736199999999,2,,5.72744172,53.408441719999246,0
524,A share,0,order shares,511010.SH,2021-03-19,1,0,,121.594,100,500,500,0,121.71559399999998,2,,7.302935639999999,68.0999356399916,0
525,A share,0,order shares,513080.SH,2021-04-06,-1,0,,1.211,100,-2526900,-2526900,0,1.209789,2,,1895.3498109420002,4955.425710942054,0
526,A share,0,order shares,513500.SH,2021-04-06,-1,0,,2.53,100,-33400,-33400,0,2.5274699999999997,2,,52.338848760000005,136.84084875999315,0
527,A share,0,order shares,513030.SH,2021-04-06,-1,0,,1.23,100,-32400,-32400,0,1.22877,2,,24.68353176,64.53553175999895,0
528,A share,0,order shares,513100.SH,2021-04-06,1,0,,4.549,100,672100,672100,0,4.553549,2,,367.252833948,3424.6357339476235,0
529,A share,0,order shares,511220.SH,2021-04-06,1,0,,95.836,100,600,600,0,95.93183599999999,2,,6.9070921919999995,64.40869219199521,0
530,A share,0,order shares,511010.SH,2021-04-06,1,0,,122.004,100,400,400,0,122.126004,2,,5.862048191999999,54.66364819199225,0
531,A share,0,order shares,513100.SH,2021-04-21,-1,0,,4.585,100,-1200,-1200,0,4.580415,2,,3.40782876,8.909828760000408,0
532,A share,0,order shares,513500.SH,2021-04-21,-1,0,,2.543,100,-900,-900,0,2.540457,2,,1.417575006,3.7062750060000624,0
533,A share,0,order shares,513030.SH,2021-04-21,1,0,,1.233,100,4700,4700,0,1.234233,2,,0.696107412,6.491207411999312,0
534,A share,0,order shares,513030.SH,2021-05-11,-1,0,,1.23,100,-2494700,-2494700,0,1.22877,2,,1900.55576178,4969.036761780146,0
535,A share,0,order shares,513500.SH,2021-05-11,-1,0,,2.546,100,-1209700,-1209700,0,2.5434539999999997,2,,1907.6261083559998,4987.522308355843,0
536,A share,0,order shares,513100.SH,2021-05-11,-1,0,,4.405,100,-670900,-670900,0,4.400595,2,,1830.4626950100003,4785.777195009862,0
537,A share,0,order shares,510170.SH,2021-05-11,1,0,,2.903,100,1049100,1049100,0,2.905903,2,,365.82994047599993,3411.3672404754907,0
538,A share,0,order shares,518880.SH,2021-05-11,1,0,,3.725,100,817400,817400,0,3.728725,2,,365.74317779999996,3410.558177799452,0
539,A share,0,order shares,511010.SH,2021-05-11,-1,0,,122.892,100,-100,-100,0,122.769108,2,,7.611684695999999,19.900884695999252,0
540,A share,0,order shares,511220.SH,2021-05-11,-1,0,,96.234,100,-200,-200,0,96.137766,2,,11.921082984,31.167882984000805,0
541,A share,0,order shares,511380.SH,2021-05-11,1,0,,10.276,100,295700,295700,0,10.286275999999999,2,,364.9982175839999,3403.6114175836556,0
542,A share,0,order shares,510170.SH,2021-05-26,-1,0,,2.846,100,-1049100,-1049100,0,2.843154,2,,1849.306774068,4835.045374067808,0
543,A share,0,order shares,513080.SH,2021-05-26,1,0,,1.281,100,2324900,2324900,0,1.2822809999999998,2,,357.74101162799997,3335.937911627814,0
544,A share,0,order shares,518880.SH,2021-05-26,-1,0,,3.852,100,-19900,-19900,0,3.8481479999999997,2,,47.478450024,124.13325002400389,0
545,A share,0,order shares,511380.SH,2021-05-26,-1,0,,10.468,100,-2200,-2200,0,10.457532,2,,14.264073647999998,37.293673648001665,0
546,A share,0,order shares,518880.SH,2021-06-10,-1,0,,3.764,100,-797500,-797500,0,3.760236,2,,1859.2486902,4861.038690200037,0
547,A share,0,order shares,511010.SH,2021-06-10,-1,0,,122.888,100,-24900,-24900,0,122.765112,2,,1895.2477990560003,4955.158999055973,0
548,A share,0,order shares,513080.SH,2021-06-10,1,0,,1.304,100,28000,28000,0,1.3053039999999998,2,,4.38582144,40.89782143999764,0
549,A share,0,order shares,513100.SH,2021-06-10,1,0,,4.509,100,679300,679300,0,4.513509,2,,367.923199644,3430.8868996435776,0
550,A share,0,order shares,513030.SH,2021-06-10,1,0,,1.253,100,2430200,2430200,0,1.2542529999999998,2,,365.7702768719999,3410.810876871459,0
551,A share,0,order shares,511380.SH,2021-06-10,-1,0,,10.52,100,-1900,-1900,0,10.50948,2,,12.38016744,32.368167440001194,0
552,A share,0,order shares,513030.SH,2021-06-28,-1,0,,1.239,100,-2430200,-2430200,0,1.2377610000000001,2,,1864.9642049640001,4875.982004964031,0
553,A share,0,order shares,513080.SH,2021-06-28,-1,0,,1.306,100,-2352900,-2352900,0,1.304694,2,,1903.284997812,4976.172397811891,0
554,A share,0,order shares,513100.SH,2021-06-28,-1,0,,4.767,100,-29300,-29300,0,4.762233,2,,86.510724678,226.18382467801453,0
555,A share,0,order shares,513500.SH,2021-06-28,1,0,,2.608,100,1186000,1186000,0,2.6106079999999996,2,,371.54173055999996,3464.62973055942,0
556,A share,0,order shares,511220.SH,2021-06-28,1,0,,96.35,100,100,100,0,96.44634999999998,2,,1.1573562,10.792356199997812,0
557,A share,0,order shares,511380.SH,2021-06-28,1,0,,10.537,100,2300,2300,0,10.547537,2,,2.911120212,27.146220211998298,0
558,A share,0,order shares,511010.SH,2021-06-28,1,0,,123.231,100,25000,25000,0,123.35423099999998,2,,370.06269299999997,3450.837692999281,0
559,A share,0,order shares,513100.SH,2021-07-13,-1,0,,4.94,100,-11800,-11800,0,4.93506,2,,36.10489896000001,94.3968989600013,0
560,A share,0,order shares,513500.SH,2021-07-13,-1,0,,2.675,100,-7500,-7500,0,2.672325,2,,12.426311250000001,32.48881125,0
561,A share,0,order shares,511010.SH,2021-07-13,1,0,,124.212,100,300,300,0,124.33621199999999,2,,4.476103632,41.739703631996235,0
562,A share,0,order shares,511220.SH,2021-07-13,1,0,,96.526,100,500,500,0,96.62252599999998,2,,5.797351559999999,54.06035155999416,0
563,A share,0,order shares,511380.SH,2021-07-28,-1,0,,10.568,100,-293900,-293900,0,10.557432,2,,1923.7541441759997,5029.689344176181,0
564,A share,0,order shares,510170.SH,2021-07-28,1,0,,3.131,100,992900,992900,0,3.1341309999999996,2,,373.42544038799997,3482.195340387523,0
565,A share,0,order shares,513100.SH,2021-07-28,-1,0,,4.98,100,-4100,-4100,0,4.975020000000001,2,,12.64650084,33.064500840001486,0
566,A share,0,order shares,513500.SH,2021-07-28,-1,0,,2.703,100,-10300,-10300,0,2.700297,2,,17.244096642,45.08499664199924,0
567,A share,0,order shares,510170.SH,2021-08-12,-1,0,,3.55,100,-992900,-992900,0,3.5464499999999997,2,,2183.1875271,5707.982527099925,0
568,A share,0,order shares,513100.SH,2021-08-12,-1,0,,4.992,100,-634100,-634100,0,4.987008,2,,1960.6022991360003,5126.029499135802,0
569,A share,0,order shares,513080.SH,2021-08-12,1,0,,1.33,100,2436300,2436300,0,1.33133,2,,389.22231347999997,3629.5013134796172,0
570,A share,0,order shares,511380.SH,2021-08-12,1,0,,10.974,100,295200,295200,0,10.984974,2,,389.131718976,3628.6565189757384,0
571,A share,0,order shares,513500.SH,2021-08-12,1,0,,2.718,100,25200,25200,0,2.7207179999999997,2,,8.227451232,76.72105123198708,0
572,A share,0,order shares,511220.SH,2021-08-12,1,0,,97.187,100,700,700,0,97.28418699999999,2,,8.171871708,76.2027717079909,0
573,A share,0,order shares,511010.SH,2021-08-12,1,0,,124.6,100,700,700,0,124.72459999999998,2,,10.476866399999999,97.6968663999869,0
574,A share,0,order shares,513080.SH,2021-08-27,-1,0,,1.296,100,-2436300,-2436300,0,1.294704,2,,1955.658160224,5113.102960224172,0
575,A share,0,order shares,511380.SH,2021-08-27,-1,0,,11.062,100,-2100,-2100,0,11.050937999999999,2,,14.388321275999997,37.618521276001786,0
576,A share,0,order shares,513500.SH,2021-08-27,-1,0,,2.748,100,-13800,-13800,0,2.7452520000000002,2,,23.488376111999997,61.410776112003106,0
577,A share,0,order shares,513030.SH,2021-08-27,1,0,,1.245,100,2591500,2591500,0,1.246245,2,,387.5572701,3613.9747700993903,0
578,A share,0,order shares,513030.SH,2021-09-13,-1,0,,1.225,100,-2591500,-2591500,0,1.223775,2,,1966.27600575,5140.863505749907,0
579,A share,0,order shares,511380.SH,2021-09-13,-1,0,,11.571,100,-11700,-11700,0,11.559429,2,,83.85209796599999,219.23279796600877,0
580,A share,0,order shares,518880.SH,2021-09-13,1,0,,3.642,100,892500,892500,0,3.6456419999999996,2,,390.4482582,3640.9332582000643,0
581,A share,0,order shares,513500.SH,2021-09-13,1,0,,2.729,100,13100,13100,0,2.7317289999999996,2,,4.294277988,40.04417798799841,0
582,A share,0,order shares,518880.SH,2021-09-30,-1,0,,3.543,100,-892500,-892500,0,3.539457,2,,1958.5585309500002,5120.686030949944,0
583,A share,0,order shares,513500.SH,2021-09-30,-1,0,,2.683,100,-1192700,-1192700,0,2.6803169999999996,2,,1982.024733258,5182.038833257797,0
584,A share,0,order shares,513880.SH,2021-09-30,1,0,,1.219,100,2619600,2619600,0,1.220219,2,,383.57828308800003,3576.8706830875017,0
585,A share,0,order shares,511010.SH,2021-09-30,-1,0,,125.349,100,-400,-400,0,125.223651,2,,31.055465448,81.19506544800225,0
586,A share,0,order shares,511220.SH,2021-09-30,-1,0,,96.281,100,-400,-400,0,96.184719,2,,23.853810312000004,62.36621031199962,0
587,A share,0,order shares,159985.SZ,2021-09-30,1,0,,1.261,100,2531700,2531700,0,1.2622609999999999,2,,383.47994084399994,3575.953640843276,0
588,A share,0,order shares,511380.SH,2021-09-30,1,0,,11.105,100,5700,5700,0,11.116105,2,,7.603415819999999,70.90191581998806,0
589,A share,0,order shares,511380.SH,2021-10-22,-1,0,,11.067,100,-287100,-287100,0,11.055933,2,,1967.9781858659999,5145.3138858661705,0
590,A share,0,order shares,513880.SH,2021-10-22,-1,0,,1.159,100,-2619600,-2619600,0,1.1578410000000001,2,,1880.5097758319998,4916.626175832173,0
591,A share,0,order shares,159985.SZ,2021-10-22,-1,0,,1.196,100,-2531700,-2531700,0,1.194804,2,,1875.4288778159998,4903.342077815835,0
592,A share,0,order shares,513500.SH,2021-10-22,1,0,,2.747,100,1135700,1135700,0,2.7497469999999997,2,,374.746520148,3494.514420147985,0
593,A share,0,order shares,511220.SH,2021-10-22,-1,0,,96.579,100,-900,-900,0,96.48242099999999,2,,53.83719091799999,140.75829091800682,0
594,A share,0,order shares,511010.SH,2021-10-22,-1,0,,124.453,100,-400,-400,0,124.328547,2,,30.833479656000005,80.61467965599763,0
595,A share,0,order shares,518880.SH,2021-10-22,1,0,,3.615,100,862800,862800,0,3.6186149999999997,2,,374.65692264,3493.678922639694,0
596,A share,0,order shares,513080.SH,2021-10-22,1,0,,1.271,100,2448800,2448800,0,1.2722709999999997,2,,373.86446697599996,3486.2892669755965,0
597,A share,0,order shares,511010.SH,2021-11-08,-1,0,,125.173,100,-25200,-25200,0,125.047827,2,,1953.747249048,5108.106849048083,0
598,A share,0,order shares,513100.SH,2021-11-08,1,0,,5.362,100,586600,586600,0,5.367361999999999,2,,377.819345904,3523.168545903638,0
599,A share,0,order shares,513500.SH,2021-11-08,-1,0,,2.835,100,-15100,-15100,0,2.832165,2,,26.51472873,69.32322872999919,0
600,A share,0,order shares,513080.SH,2021-11-08,-1,0,,1.315,100,-32900,-32900,0,1.313685,2,,26.796546629999998,70.06004663000093,0
601,A share,0,order shares,518880.SH,2021-11-08,1,0,,3.66,100,5100,5100,0,3.6636599999999997,2,,2.2421599199999998,20.90815991999625,0
602,A share,0,order shares,511220.SH,2021-11-08,1,0,,97.02,100,300,300,0,97.11701999999998,2,,3.4962127199999995,32.602212719997624,0
603,A share,0,order shares,511220.SH,2021-11-23,-1,0,,97.19,100,-32655,-32655,0,97.09281,2,,1968.4596299400002,5146.572629939896,0
604,A share,0,order shares,518880.SH,2021-11-23,-1,0,,3.632,100,-867900,-867900,0,3.628368,2,,1952.4175640640003,5104.630364063863,0
605,A share,0,order shares,513080.SH,2021-11-23,-1,0,,1.288,100,-2415900,-2415900,0,1.286712,2,,1927.311862896,5038.99106289613,0
606,A share,0,order shares,513100.SH,2021-11-23,1,0,,5.359,100,1800,1800,0,5.364358999999999,2,,1.158701544,10.804901543999222,0
607,A share,0,order shares,511380.SH,2021-11-23,1,0,,11.552,100,272500,272500,0,11.563551999999998,2,,378.1281503999999,3526.048150399234,0
608,A share,0,order shares,513500.SH,2021-11-23,-1,0,,2.822,100,-3300,-3300,0,2.819178,2,,5.768038188000001,15.080638187999295,0
609,A share,0,order shares,513880.SH,2021-11-23,1,0,,1.183,100,2660900,2660900,0,1.184183,2,,378.119105364,3525.963805363979,0
610,A share,0,order shares,511010.SH,2021-11-23,1,0,,125.258,100,25100,25100,0,125.38325799999998,2,,377.654373096,3521.630173095502,0
611,A share,0,order shares,513880.SH,2021-12-08,-1,0,,1.159,100,-2660900,-2660900,0,1.1578410000000001,2,,1910.1574524780003,4994.140552477838,0
612,A share,0,order shares,513500.SH,2021-12-08,-1,0,,2.826,100,-1117300,-1117300,0,2.823174,2,,1955.6860323240003,5113.175832324097,0
613,A share,0,order shares,513100.SH,2021-12-08,-1,0,,5.35,100,-588400,-588400,0,5.34465,2,,1949.7710772,5097.711077199944,0
614,A share,0,order shares,510170.SH,2021-12-08,1,0,,3.656,100,856900,856900,0,3.6596559999999996,2,,376.31510716799994,3509.141507167835,0
615,A share,0,order shares,159985.SZ,2021-12-08,1,0,,1.167,100,2684100,2684100,0,1.168167,2,,376.257245364,3508.6019453639165,0
616,A share,0,order shares,511380.SH,2021-12-08,-1,0,,11.582,100,-1600,-1600,0,11.570418,2,,11.477854656,30.00905465600126,0
617,A share,0,order shares,511220.SH,2021-12-08,1,0,,97.498,100,32000,32000,0,97.59549799999999,2,,374.76671231999995,3494.7027123197913,0
618,A share,0,order shares,511010.SH,2021-12-08,-1,0,,125.455,100,-100,-100,0,125.329545,2,,7.77043179,20.315931790000175,0
619,A share,0,order shares,510170.SH,2021-12-23,-1,0,,3.592,100,-856900,-856900,0,3.5884080000000003,2,,1906.442225424,4984.427025424209,0
620,A share,0,order shares,159985.SZ,2021-12-23,-1,0,,1.245,100,-131000,-131000,0,1.2437550000000002,2,,101.01778110000001,264.11278110000114,0
621,A share,0,order shares,511380.SH,2021-12-23,-1,0,,11.814,100,-1800,-1800,0,11.802186,2,,13.171239576,34.43643957600164,0
622,A share,0,order shares,511010.SH,2021-12-23,1,0,,125.859,100,200,200,0,125.98485899999999,2,,3.0236366159999997,28.195436615995277,0
623,A share,0,order shares,511220.SH,2021-12-23,1,0,,97.193,100,700,700,0,97.29019299999999,2,,8.172376211999998,76.20747621198825,0
624,A share,0,order shares,518880.SH,2021-12-23,1,0,,3.627,100,874900,874900,0,3.630626999999999,2,,381.17226747599994,3554.4345674756914,0
625,A share,0,order shares,159985.SZ,2022-01-10,1,0,,1.237,100,6700,6700,0,1.238237,2,,0.9955425480000001,9.283442547999584,0
626,A share,0,order shares,511220.SH,2022-01-10,-1,0,,97.193,100,-300,-300,0,97.095807,2,,18.059820102,47.21772010199834,0
627,A share,0,order shares,518880.SH,2022-01-10,1,0,,3.599,100,7600,7600,0,3.6025989999999997,2,,3.2855702879999997,30.637970287996723,0
628,A share,0,order shares,511220.SH,2022-01-25,-1,0,,98.4,100,-100,-100,0,98.30160000000001,2,,6.0946992,15.934699200000146,0
629,A share,0,order shares,511010.SH,2022-01-25,-1,0,,127.842,100,-100,-100,0,127.714158,2,,7.918277796000001,20.702477796000057,0
630,A share,0,order shares,518880.SH,2022-01-25,-1,0,,3.671,100,-8700,-8700,0,3.6673289999999996,2,,19.781572626,51.719272625998585,0
631,A share,0,order shares,511380.SH,2022-01-25,1,0,,11.758,100,3600,3600,0,11.769757999999998,2,,5.084535455999999,47.413335455996275,0
632,A share,0,order shares,159985.SZ,2022-01-25,1,0,,1.246,100,11100,11100,0,1.2472459999999999,2,,1.661331672,15.491931671998827,0
633,A share,0,order shares,159985.SZ,2022-02-16,-1,0,,1.42,100,-251700,-251700,0,1.41858,2,,221.37508332000002,578.7890833199898,0
634,A share,0,order shares,518880.SH,2022-02-16,1,0,,3.692,100,18100,18100,0,3.6956919999999998,2,,8.027043024,74.85224302399729,0
635,A share,0,order shares,511220.SH,2022-02-16,1,0,,98.867,100,600,600,0,98.96586699999999,2,,7.125542424,66.4457424239954,0
636,A share,0,order shares,511010.SH,2022-02-16,1,0,,127.134,100,800,800,0,127.26113399999998,2,,12.217068863999998,113.92426886399335,0
637,A share,0,order shares,511380.SH,2022-02-16,1,0,,11.634,100,10300,10300,0,11.645634,2,,14.394003623999998,134.2242036239768,0
638,A share,0,order shares,511380.SH,2022-03-03,-1,0,,11.799,100,-283000,-283000,0,11.787201,2,,2068.18228746,5407.299287460086,0
639,A share,0,order shares,159985.SZ,2022-03-03,-1,0,,1.502,100,-80200,-80200,0,1.500498,2,,74.610762552,195.07116255199628,0
640,A share,0,order shares,510170.SH,2022-03-03,1,0,,3.78,100,888200,888200,0,3.7837799999999993,2,,403.29040752,3760.6864075195044,0
641,A share,0,order shares,518880.SH,2022-03-03,-1,0,,3.827,100,-13300,-13300,0,3.823173,2,,31.525884557999998,82.42498455800236,0
642,A share,0,order shares,511220.SH,2022-03-03,1,0,,99.1,100,600,600,0,99.19909999999999,2,,7.142335199999999,66.6023351999902,0
643,A share,0,order shares,511010.SH,2022-03-03,1,0,,126.743,100,600,600,0,126.86974299999999,2,,9.134621496,85.18042149599933,0
644,A share,0,order shares,510170.SH,2022-03-18,-1,0,,3.447,100,-888200,-888200,0,3.443553,2,,1896.3095402520003,4957.934940251786,0
645,A share,0,order shares,159985.SZ,2022-03-18,-1,0,,1.641,100,-185200,-185200,0,1.639359,2,,188.237757816,492.15095781600996,0
646,A share,0,order shares,518880.SH,2022-03-18,-1,0,,3.851,100,-3400,-3400,0,3.847149,2,,8.109790092,21.203190091999748,0
647,A share,0,order shares,511220.SH,2022-03-18,1,0,,98.1,100,100,100,0,98.19809999999998,2,,1.1783772,10.988377199999377,0
648,A share,0,order shares,513500.SH,2022-03-18,1,0,,2.638,100,1275400,1275400,0,2.6406379999999996,2,,404.14436462399993,3768.649564623367,0
649,A share,0,order shares,159985.SZ,2022-04-06,-1,0,,1.517,100,-2053800,-2053800,0,1.515483,2,,1929.7493709479998,5045.363970947971,0
650,A share,0,order shares,513100.SH,2022-04-06,1,0,,0.967,100,3223700,3223700,0,0.9679669999999999,2,,374.45222614799997,3491.7701261476614,0
651,A share,0,order shares,513500.SH,2022-04-06,-1,0,,1.371,100,-96000,-96000,0,1.369629,2,,81.52031808000001,213.1363180800091,0
652,A share,0,order shares,518880.SH,2022-04-06,-1,0,,3.836,100,-6900,-6900,0,3.8321639999999997,2,,16.393997591999998,42.862397592001564,0
653,A share,0,order shares,511010.SH,2022-04-06,-1,0,,127.25,100,-300,-300,0,127.12275,2,,23.644831499999995,61.819831500002905,0
654,A share,0,order shares,511220.SH,2022-04-06,-1,0,,97.533,100,-100,-100,0,97.435467,2,,6.040998954,15.794298954000308,0
655,A share,0,order shares,513100.SH,2022-04-21,-1,0,,0.928,100,-3223700,-3223700,0,0.927072,2,,1852.9332439680002,4844.526843967789,0
656,A share,0,order shares,510170.SH,2022-04-21,1,0,,3.378,100,944000,944000,0,3.3813779999999998,2,,383.04249983999995,3571.874499839265,0
657,A share,0,order shares,513500.SH,2022-04-21,-1,0,,1.372,100,-4500,-4500,0,1.3706280000000002,2,,3.8240521200000006,9.99805211999998,0
658,A share,0,order shares,518880.SH,2022-04-21,-1,0,,3.937,100,-23300,-23300,0,3.9330629999999998,2,,56.817028098,148.54912809799382,0
659,A share,0,order shares,511220.SH,2022-04-21,-1,0,,98.239,100,-300,-300,0,98.140761,2,,18.254181546,47.725881545998234,0
660,A share,0,order shares,510170.SH,2022-05-11,-1,0,,3.274,100,-944000,-944000,0,3.270726,2,,1914.2905132800001,5004.94651327996,0
661,A share,0,order shares,513500.SH,2022-05-11,-1,0,,1.277,100,-2424792,-2424792,0,1.275723,2,,1917.8913408479998,5014.360940847953,0
662,A share,0,order shares,159985.SZ,2022-05-11,1,0,,1.55,100,2096900,2096900,0,1.55155,2,,390.4134234,3640.608423399739,0
663,A share,0,order shares,518880.SH,2022-05-11,-1,0,,3.89,100,-8200,-8200,0,3.88611,2,,19.75698324,51.654983240001044,0
664,A share,0,order shares,511220.SH,2022-05-11,-1,0,,98.72,100,-800,-800,0,98.62128,2,,48.91615488,127.8921548799951,0
665,A share,0,order shares,511010.SH,2022-05-11,-1,0,,127.532,100,-600,-600,0,127.404468,2,,47.394462096000005,123.91366209599519,0
666,A share,0,order shares,511380.SH,2022-05-11,1,0,,11.08,100,291900,291900,0,11.091079999999998,2,,388.49835024,3622.7503502396867,0
667,A share,0,order shares,159985.SZ,2022-05-26,-1,0,,1.626,100,-2096900,-2096900,0,1.624374,2,,2111.812901172,5521.372301172143,0
668,A share,0,order shares,511380.SH,2022-05-26,1,0,,11.249,100,1700,1700,0,11.260249,2,,2.297090796,21.420390795999992,0
669,A share,0,order shares,511220.SH,2022-05-26,1,0,,99.113,100,200,200,0,99.21211299999999,2,,2.3810907119999998,22.203690711998206,0
670,A share,0,order shares,511010.SH,2022-05-26,1,0,,128.316,100,100,100,0,128.444316,2,,1.5413317919999998,14.372931791996962,0
671,A share,0,order shares,513880.SH,2022-05-26,1,0,,1.019,100,3236200,3236200,0,1.0200189999999998,2,,396.1182585359999,3693.8060585353523,0
672,A share,0,order shares,518880.SH,2022-05-26,1,0,,3.901,100,9700,9700,0,3.9049009999999993,2,,4.545304763999999,42.38500476399349,0
673,A share,0,order shares,518880.SH,2022-06-13,-1,0,,3.926,100,-846500,-846500,0,3.9220740000000003,2,,2058.42209742,5381.781097420171,0
674,A share,0,order shares,513880.SH,2022-06-13,-1,0,,0.984,100,-3236200,-3236200,0,0.983016,2,,1972.366555104,5156.787355103964,0
675,A share,0,order shares,510170.SH,2022-06-13,1,0,,3.847,100,851200,851200,0,3.8508469999999995,2,,393.34091596799993,3667.9073159676045,0
676,A share,0,order shares,159985.SZ,2022-06-13,1,0,,1.642,100,1966100,1966100,0,1.6436419999999998,2,,387.787744344,3616.123944343999,0
677,A share,0,order shares,511380.SH,2022-06-13,-1,0,,11.267,100,-2600,-2600,0,11.255733,2,,18.144241595999997,47.438441596000274,0
678,A share,0,order shares,511220.SH,2022-06-13,-1,0,,99.11,100,-100,-100,0,99.01089,2,,6.13867518,16.049675180000058,0
679,A share,0,order shares,159985.SZ,2022-06-28,-1,0,,1.539,100,-1966100,-1966100,0,1.537461,2,,1874.1372847020002,4899.965184701917,0
680,A share,0,order shares,510170.SH,2022-06-28,1,0,,3.798,100,3800,3800,0,3.801798,2,,1.7336198879999998,16.166019887998118,0
681,A share,0,order shares,511380.SH,2022-06-28,-1,0,,11.585,100,-10700,-10700,0,11.573415,2,,76.77803511000002,200.73753510999722,0
682,A share,0,order shares,511220.SH,2022-06-28,-1,0,,98.238,100,-400,-400,0,98.139762,2,,24.338660976,63.63386097600048,0
683,A share,0,order shares,511010.SH,2022-06-28,-1,0,,127.622,100,-200,-200,0,127.494378,2,,15.809302872000004,41.333702871998426,0
684,A share,0,order shares,518880.SH,2022-06-28,1,0,,3.832,100,843000,843000,0,3.8358319999999995,2,,388.03276511999997,3618.4087651195005,0
685,A share,0,order shares,518880.SH,2022-07-13,-1,0,,3.646,100,-843000,-843000,0,3.642354,2,,1903.7127416399999,4977.290741640212,0
686,A share,0,order shares,510170.SH,2022-07-13,-1,0,,0.893,100,-3462750,-3462750,0,0.892107,2,,1915.296634152,5007.577034152047,0
687,A share,0,order shares,511380.SH,2022-07-13,-1,0,,11.587,100,-5400,-5400,0,11.575413,2,,38.754482724,101.32428272399748,0
688,A share,0,order shares,513100.SH,2022-07-13,1,0,,0.821,100,3872400,3872400,0,0.8218209999999999,2,,381.89035684799995,3561.1307568475604,0
689,A share,0,order shares,511220.SH,2022-07-13,-1,0,,98.479,100,-700,-700,0,98.380521,2,,42.697146114000006,111.63244611399737,0
690,A share,0,order shares,511010.SH,2022-07-13,-1,0,,127.753,100,-500,-500,0,127.625247,2,,39.56382657,103.44032656999849,0
691,A share,0,order shares,513500.SH,2022-07-13,1,0,,1.217,100,2600400,2600400,0,1.2182169999999999,2,,380.14217841600004,3544.8289784155786,0
692,A share,0,order shares,513500.SH,2022-07-28,-1,0,,1.277,100,-2600400,-2600400,0,1.275723,2,,2056.7818553039997,5377.492655304,0
693,A share,0,order shares,513100.SH,2022-07-28,-1,0,,0.864,100,-94800,-94800,0,0.863136,2,,50.731681535999996,132.63888153600146,0
694,A share,0,order shares,513880.SH,2022-07-28,1,0,,0.996,100,3271500,3271500,0,0.9969959999999999,2,,391.40068967999997,3649.8146896800026,0
695,A share,0,order shares,511380.SH,2022-07-28,1,0,,11.793,100,1700,1700,0,11.804792999999998,2,,2.4081777719999993,22.45627777199479,0
696,A share,0,order shares,511220.SH,2022-07-28,1,0,,99.038,100,500,500,0,99.13703799999999,2,,5.9482222799999995,55.46722227999271,0
697,A share,0,order shares,511010.SH,2022-07-28,1,0,,128.24,100,400,400,0,128.36824,2,,6.161675519999999,57.45767551999597,0
698,A share,0,order shares,511380.SH,2022-08-12,-1,0,,11.938,100,-276600,-276600,0,11.926062,2,,2045.2242245040002,5347.2750245038515,0
699,A share,0,order shares,513880.SH,2022-08-12,-1,0,,1.037,100,-3271500,-3271500,0,1.035963,2,,2101.2748317899996,5493.820331790007,0
700,A share,0,order shares,513100.SH,2022-08-12,-1,0,,0.914,100,-125300,-125300,0,0.9130860000000001,2,,70.933998996,185.45819899599985,0
701,A share,0,order shares,513080.SH,2022-08-12,1,0,,1.178,100,2829100,2829100,0,1.1791779999999998,2,,400.32149757599996,3733.0012975754216,0
702,A share,0,order shares,513500.SH,2022-08-12,1,0,,1.342,100,2482800,2482800,0,1.343342,2,,400.229942112,3732.1475421120413,0
703,A share,0,order shares,511220.SH,2022-08-12,1,0,,99.362,100,600,600,0,99.46136199999998,2,,7.161218063999999,66.77841806399374,0
704,A share,0,order shares,511010.SH,2022-08-12,1,0,,128.755,100,500,500,0,128.88375499999998,2,,7.7330252999999995,72.11052529999142,0
705,A share,0,order shares,513080.SH,2022-08-29,-1,0,,1.101,100,-2829100,-2829100,0,1.099899,2,,1929.269041758,5044.108141757983,0
706,A share,0,order shares,513100.SH,2022-08-29,-1,0,,0.879,100,-3652300,-3652300,0,0.878121,2,,1988.440023546,5198.811723546018,0
707,A share,0,order shares,513500.SH,2022-08-29,-1,0,,1.314,100,-5900,-5900,0,1.312686,2,,4.801805388000001,12.554405387999804,0
708,A share,0,order shares,159985.SZ,2022-08-29,1,0,,1.639,100,1982500,1982500,0,1.6406389999999997,2,,390.3080180999999,3639.625518099405,0
709,A share,0,order shares,518880.SH,2022-08-29,1,0,,3.767,100,818200,818200,0,3.7707669999999993,2,,370.22898712799997,3452.3883871277794,0
710,A share,0,order shares,511010.SH,2022-08-29,-1,0,,129.34,100,-700,-700,0,129.21066,2,,56.07742644,146.61542644000048,0
711,A share,0,order shares,511220.SH,2022-08-29,-1,0,,99.358,100,-700,-700,0,99.25864200000001,2,,43.078250628000006,112.62885062800231,0
712,A share,0,order shares,513500.SH,2022-09-14,-1,0,,1.29,100,-2476900,-2476900,0,1.28871,2,,1979.0435953800002,5174.244595379885,0
713,A share,0,order shares,159985.SZ,2022-09-14,-1,0,,1.75,100,-106500,-106500,0,1.74825,2,,115.4369475,301.8119475,0
714,A share,0,order shares,511010.SH,2022-09-14,1,0,,129.313,100,100,100,0,129.44231299999998,2,,1.5533077559999997,14.484607755997786,0
715,A share,0,order shares,511220.SH,2022-09-14,1,0,,99.369,100,200,200,0,99.468369,2,,2.3872408559999996,22.261040855995816,0
716,A share,0,order shares,518880.SH,2022-09-14,1,0,,3.76,100,54800,54800,0,3.7637599999999996,2,,24.750485759999997,230.79848575999495,0
717,A share,0,order shares,511380.SH,2022-09-14,1,0,,11.649,100,281300,281300,0,11.660648999999998,2,,393.6168676439999,3670.480567643419,0
718,A share,0,order shares,159985.SZ,2022-09-29,-1,0,,1.8,100,-55600,-55600,0,1.7982,2,,61.9875504,162.06755040000175,0
719,A share,0,order shares,511010.SH,2022-09-29,1,0,,128.684,100,100,100,0,128.812684,2,,1.545752208,14.414152207998995,0
720,A share,0,order shares,518880.SH,2022-09-29,-1,0,,3.78,100,-6200,-6200,0,3.77622,2,,14.51578968,37.95178968000151,0
721,A share,0,order shares,511220.SH,2022-09-29,1,0,,97.481,100,200,200,0,97.57848099999998,2,,2.3418835439999994,21.838083543996618,0
722,A share,0,order shares,511380.SH,2022-09-29,1,0,,11.316,100,8200,8200,0,11.327316,2,,11.146078944000001,103.9372789439949,0
723,A share,0,order shares,518880.SH,2022-10-21,-1,0,,3.771,100,-1000,-1000,0,3.767229,2,,2.33568198,6.106681980000186,0
724,A share,0,order shares,511010.SH,2022-10-21,-1,0,,129.264,100,-100,-100,0,129.134736,2,,8.006353632000001,20.932753632000285,0
725,A share,0,order shares,159985.SZ,2022-10-21,1,0,,1.741,100,18800,18800,0,1.7427409999999999,2,,3.931623696,36.66242369599786,0
726,A share,0,order shares,511220.SH,2022-10-21,-1,0,,98.24,100,-200,-200,0,98.14175999999999,2,,12.16957824,31.817578240001048,0
727,A share,0,order shares,511380.SH,2022-10-21,-1,0,,11.372,100,-2400,-2400,0,11.360628,2,,16.904614464,44.197414463999266,0
728,A share,0,order shares,511380.SH,2022-11-07,-1,0,,11.357,100,-287100,-287100,0,11.345642999999999,2,,2019.547145286,5280.141845285783,0
729,A share,0,order shares,159985.SZ,2022-11-07,-1,0,,1.833,100,-1839200,-1839200,0,1.831167,2,,2088.087054768,5459.340654767939,0
730,A share,0,order shares,513030.SH,2022-11-07,1,0,,0.97,100,3399500,3399500,0,0.9709699999999999,2,,396.0975018,3693.6125017995946,0
731,A share,0,order shares,513080.SH,2022-11-07,1,0,,1.184,100,2784500,2784500,0,1.1851839999999998,2,,396.01738176,3692.8653817595914,0
732,A share,0,order shares,518880.SH,2022-11-07,-1,0,,3.832,100,-4200,-4200,0,3.828168,2,,9.968549472,26.06294947199995,0
733,A share,0,order shares,511010.SH,2022-11-07,1,0,,129.412,100,200,200,0,129.54141199999998,2,,3.108993888,28.99139388799813,0
734,A share,0,order shares,511220.SH,2022-11-07,1,0,,97.667,100,400,400,0,97.76466699999999,2,,4.6927040159999995,43.759504015994025,0
735,A share,0,order shares,511010.SH,2022-11-22,-1,0,,128.863,100,-25500,-25500,0,128.734137,2,,2035.28670597,5321.293205970134,0
736,A share,0,order shares,513030.SH,2022-11-22,-1,0,,1.053,100,-159000,-159000,0,1.051947,2,,103.70093526000001,271.12793525999604,0
737,A share,0,order shares,513080.SH,2022-11-22,-1,0,,1.258,100,-72100,-72100,0,1.256742,2,,56.17888088400001,146.8806808839953,0
738,A share,0,order shares,513880.SH,2022-11-22,1,0,,1.032,100,3300900,3300900,0,1.033032,2,,409.192239456,3815.721039455384,0
739,A share,0,order shares,518880.SH,2022-11-22,1,0,,3.932,100,5900,5900,0,3.9359319999999993,2,,2.786639856,25.985439855998266,0
740,A share,0,order shares,511220.SH,2022-11-22,1,0,,97.631,100,1200,1200,0,97.728631,2,,14.072922863999999,131.23012286398443,0
741,A share,0,order shares,513880.SH,2022-12-07,-1,0,,1.024,100,-3300900,-3300900,0,1.022976,2,,2093.579716608,5473.701316608188,0
742,A share,0,order shares,513030.SH,2022-12-07,1,0,,1.038,100,27500,27500,0,1.039038,2,,3.4288254,31.973825399996713,0
743,A share,0,order shares,513080.SH,2022-12-07,-1,0,,1.263,100,-26500,-26500,0,1.2617369999999999,2,,20.73033891,54.199838909999244,0
744,A share,0,order shares,518880.SH,2022-12-07,1,0,,3.898,100,2700,2700,0,3.9018979999999996,2,,1.264214952,11.788814951998575,0
745,A share,0,order shares,511220.SH,2022-12-07,-1,0,,97.666,100,-100,-100,0,97.568334,2,,6.049236708,15.815836708000834,0
746,A share,0,order shares,511010.SH,2022-12-07,1,0,,128.355,100,26300,26300,0,128.483355,2,,405.4934683799999,3781.2299683797173,0
747,A share,0,order shares,513030.SH,2022-12-22,-1,0,,1.048,100,-3268000,-3268000,0,1.046952,2,,2121.29226432,5546.15626432006,0
748,A share,0,order shares,513080.SH,2022-12-22,-1,0,,1.269,100,-2685900,-2685900,0,1.267731,2,,2111.0991895979996,5519.506289597953,0
749,A share,0,order shares,159985.SZ,2022-12-22,1,0,,1.929,100,1765200,1765200,0,1.930929,2,,409.01710449599994,3814.087904495187,0
750,A share,0,order shares,518880.SH,2022-12-22,-1,0,,3.981,100,-13600,-13600,0,3.977019,2,,33.534224208,87.67582420800265,0
751,A share,0,order shares,511010.SH,2022-12-22,1,0,,128.64,100,200,200,0,128.76863999999998,2,,3.0904473599999993,28.818447359994025,0
752,A share,0,order shares,511220.SH,2022-12-22,1,0,,96.074,100,300,300,0,96.17007399999999,2,,3.462122664,32.284322663996136,0
753,A share,0,order shares,511380.SH,2022-12-22,1,0,,10.895,100,312400,312400,0,10.905895,2,,408.84019176,3812.4381917598657,0
754,A share,0,order shares,511380.SH,2023-01-09,-1,0,,11.147,100,-312400,-312400,0,11.135853000000001,2,,2156.881095864,5639.203895864199,0
755,A share,0,order shares,159985.SZ,2023-01-09,-1,0,,1.949,100,-1700,-1700,0,1.947051,2,,2.0521917540000003,5.3654917539998,0
756,A share,0,order shares,518880.SH,2023-01-09,-1,0,,4.015,100,-500,-500,0,4.010985,2,,1.24340535,3.250905349999936,0
757,A share,0,order shares,513080.SH,2023-01-09,1,0,,1.298,100,2643500,2643500,0,1.2992979999999998,2,,412.16331156,3843.426311559975,0
758,A share,0,order shares,511010.SH,2023-01-09,1,0,,128.96,100,100,100,0,129.08896,2,,1.54906752,14.445067519998702,0
759,A share,0,order shares,511220.SH,2023-01-09,1,0,,95.881,100,300,300,0,95.97688099999999,2,,3.4551677159999996,32.21946771599687,0
760,A share,0,order shares,511220.SH,2023-01-31,-1,0,,9.415,100,-357730,-357730,0,9.405584999999999,2,,2086.49735406,5455.184354059918,0
761,A share,0,order shares,159985.SZ,2023-01-31,-1,0,,1.992,100,-1763500,-1763500,0,1.990008,2,,2175.81504696,5688.707046959993,0
762,A share,0,order shares,510170.SH,2023-01-31,1,0,,0.876,100,3950000,3950000,0,0.8768759999999999,2,,415.63922399999996,3875.83922399953,0
763,A share,0,order shares,513080.SH,2023-01-31,-1,0,,1.337,100,-51800,-51800,0,1.335663,2,,42.896152908000005,112.15275290799335,0
764,A share,0,order shares,511380.SH,2023-01-31,1,0,,11.38,100,303900,303900,0,11.39138,2,,415.42084584,3873.8028458398767,0
765,A share,0,order shares,518880.SH,2023-01-31,-1,0,,4.069,100,-4700,-4700,0,4.064931,2,,11.845208934,30.969508933999492,0
766,A share,0,order shares,511010.SH,2023-01-31,1,0,,128.838,100,200,200,0,128.96683799999997,2,,3.0952041119999993,28.8628041119955,0
767,A share,0,order shares,518880.SH,2023-02-15,-1,0,,4.002,100,-851400,-851400,0,3.997998,2,,2110.415208264,5517.718008264179,0
768,A share,0,order shares,510170.SH,2023-02-15,-1,0,,0.87,100,-3950000,-3950000,0,0.86913,2,,2128.49937,5564.9993699999995,0
769,A share,0,order shares,513500.SH,2023-02-15,1,0,,1.323,100,2611700,2611700,0,1.324323,2,,415.04812549199994,3870.3272254914045,0
770,A share,0,order shares,513080.SH,2023-02-15,-1,0,,1.368,100,-62300,-62300,0,1.366632,2,,52.78752763200001,138.01392763199956,0
771,A share,0,order shares,513880.SH,2023-02-15,1,0,,1.023,100,3376800,3376800,0,1.024023,2,,414.95050396799996,3869.416903967969,0
772,A share,0,order shares,511380.SH,2023-02-15,1,0,,11.339,100,1100,1100,0,11.350339,2,,1.4982447479999998,13.97114474799855,0
773,A share,0,order shares,511380.SH,2023-03-02,-1,0,,11.319,100,-305000,-305000,0,11.307681,2,,2138.2824771000005,5590.577477099926,0
774,A share,0,order shares,513880.SH,2023-03-02,-1,0,,1.005,100,-3376800,-3376800,0,1.003995,2,,2101.97999592,5495.663995919892,0
775,A share,0,order shares,513080.SH,2023-03-02,-1,0,,1.374,100,-38300,-38300,0,1.3726260000000001,2,,32.594376996,85.21857699599838,0
776,A share,0,order shares,513030.SH,2023-03-02,1,0,,1.114,100,3067400,3067400,0,1.115114,2,,410.46008203199995,3827.5436820313334,0
777,A share,0,order shares,511220.SH,2023-03-02,1,0,,9.557,100,357400,357400,0,9.566557,2,,410.290496616,3825.9622966158204,0
778,A share,0,order shares,513500.SH,2023-03-02,1,0,,1.278,100,43300,43300,0,1.279278,2,,6.647128488,61.98452848799934,0
779,A share,0,order shares,511010.SH,2023-03-02,-1,0,,128.991,100,-200,-200,0,128.862009,2,,15.978889116000003,41.77708911600109,0
780,A share,0,order shares,513030.SH,2023-03-17,-1,0,,1.095,100,-3067400,-3067400,0,1.093905,2,,2080.37540214,5439.17840213984,0
781,A share,0,order shares,513500.SH,2023-03-17,-1,0,,1.281,100,-2655000,-2655000,0,1.2797189999999998,2,,2106.5454459000002,5507.600445900168,0
782,A share,0,order shares,513080.SH,2023-03-17,-1,0,,1.339,100,-2491100,-2491100,0,1.337661,2,,2065.993336602,5401.576236601804,0
783,A share,0,order shares,518880.SH,2023-03-17,1,0,,4.198,100,807700,807700,0,4.202198,2,,407.293838952,3798.0184389520437,0
784,A share,0,order shares,511220.SH,2023-03-17,-1,0,,9.61,100,-4000,-4000,0,9.600389999999999,2,,23.808967199999998,62.248967200002326,0
785,A share,0,order shares,511010.SH,2023-03-17,-1,0,,129.436,100,-300,-300,0,129.306564,2,,24.051020903999998,62.88182090400336,0
786,A share,0,order shares,513880.SH,2023-03-17,1,0,,1.025,100,3307500,3307500,0,1.0260249999999997,2,,407.2293224999999,3797.4168224995956,0
787,A share,0,order shares,511380.SH,2023-03-17,1,0,,11.233,100,301600,301600,0,11.244233,2,,406.951280736,3794.824080735445,0
788,A share,0,order shares,513880.SH,2023-04-03,-1,0,,1.06,100,-3307500,-3307500,0,1.05894,2,,2171.515311,5677.465311000186,0
789,A share,0,order shares,513100.SH,2023-04-03,1,0,,0.92,100,3727000,3727000,0,0.92092,2,,411.8722608,3840.712260799948,0
790,A share,0,order shares,518880.SH,2023-04-03,1,0,,4.221,100,5700,5700,0,4.2252209999999994,2,,2.890051164,26.949751163996552,0
791,A share,0,order shares,511220.SH,2023-04-03,-1,0,,9.625,100,-100,-100,0,9.615375,2,,0.59615325,1.5586532499999772,0
792,A share,0,order shares,511010.SH,2023-04-03,1,0,,129.47,100,200,200,0,129.59947,2,,3.11038728,29.0043872799979,0
793,A share,0,order shares,511380.SH,2023-04-03,1,0,,11.341,100,1100,1100,0,11.352340999999997,2,,1.4985090119999995,13.973609011998633,0
794,A share,0,order shares,518880.SH,2023-04-19,-1,0,,4.297,100,-813400,-813400,0,4.2927029999999995,2,,2164.8444645239997,5660.024264524041,0
795,A share,0,order shares,513100.SH,2023-04-19,-1,0,,0.912,100,-3727000,-3727000,0,0.911088,2,,2105.28748512,5504.311485120208,0
796,A share,0,order shares,513080.SH,2023-04-19,1,0,,1.469,100,2348300,2348300,0,1.470469,2,,414.37228232399997,3864.0249823234044,0
797,A share,0,order shares,513030.SH,2023-04-19,1,0,,1.193,100,2876700,2876700,0,1.1941929999999998,2,,412.240200372,3844.14330037171,0
798,A share,0,order shares,511380.SH,2023-04-19,-1,0,,11.44,100,-700,-700,0,11.42856,2,,4.959995040000001,12.967995039999812,0
799,A share,0,order shares,511220.SH,2023-04-19,-1,0,,9.759,100,-2900,-2900,0,9.749241,2,,17.529135318,45.83023531800059,0
800,A share,0,order shares,511010.SH,2023-04-19,1,0,,129.812,100,100,100,0,129.941812,2,,1.5593017439999999,14.540501743998902,0
801,A share,0,order shares,511380.SH,2023-05-09,-1,0,,11.421,100,-302000,-302000,0,11.409578999999999,2,,2136.32957196,5585.471571959993,0
802,A share,0,order shares,513080.SH,2023-05-09,-1,0,,1.479,100,-1900,-1900,0,1.477521,2,,1.7405197380000001,4.550619738000147,0
803,A share,0,order shares,513030.SH,2023-05-09,1,0,,1.199,100,17500,17500,0,1.200199,2,,2.5204179,23.502917899997556,0
804,A share,0,order shares,518880.SH,2023-05-09,1,0,,4.377,100,787000,787000,0,4.381377,2,,413.77724387999996,3858.476243879646,0
805,A share,0,order shares,511220.SH,2023-05-09,-1,0,,9.861,100,-2000,-2000,0,9.851139,2,,12.21541236,31.937412360001574,0
806,A share,0,order shares,518880.SH,2023-05-24,-1,0,,4.352,100,-787000,-787000,0,4.347648,2,,2121.39136512,5546.415365120209,0
807,A share,0,order shares,513030.SH,2023-05-24,-1,0,,1.205,100,-2894200,-2894200,0,1.2037950000000002,2,,2160.09456318,5647.605563179941,0
808,A share,0,order shares,513080.SH,2023-05-24,-1,0,,1.46,100,-2346400,-2346400,0,1.45854,2,,2121.83731872,5547.581318719947,0
809,A share,0,order shares,513100.SH,2023-05-24,1,0,,0.977,100,3536500,3536500,0,0.9779769999999999,2,,415.03387926,3870.194379259832,0
810,A share,0,order shares,513880.SH,2023-05-24,1,0,,1.133,100,3048900,3048900,0,1.1341329999999998,2,,414.942972444,3869.346672443673,0
811,A share,0,order shares,513500.SH,2023-05-24,1,0,,1.381,100,2476600,2476600,0,1.3823809999999999,2,,410.832574152,3831.017174151726,0
812,A share,0,order shares,511220.SH,2023-05-24,-1,0,,9.864,100,-1300,-1300,0,9.854136,2,,7.942433616000001,20.765633616000727,0
813,A share,0,order shares,511010.SH,2023-05-24,-1,0,,131.183,100,-200,-200,0,131.051817,2,,16.250425308,42.487025308000185,0
814,A share,0,order shares,513100.SH,2023-06-08,-1,0,,1.03,100,-91000,-91000,0,1.02897,2,,58.054487400000006,151.78448739999592,0
815,A share,0,order shares,513880.SH,2023-06-08,-1,0,,1.174,100,-26000,-26000,0,1.172826,2,,18.90595512,49.42995512000125,0
816,A share,0,order shares,513500.SH,2023-06-08,-1,0,,1.433,100,-100,-100,0,1.431567,2,,0.088757154,0.23205715400001065,0
817,A share,0,order shares,511010.SH,2023-06-08,1,0,,131.393,100,600,600,0,131.52439299999998,2,,9.469756295999998,88.30555629599257,0
818,A share,0,order shares,511220.SH,2023-06-08,1,0,,9.878,100,8600,8600,0,9.887877999999999,2,,10.204290096,95.15509009598463,0
819,A share,0,order shares,513880.SH,2023-06-27,-1,0,,1.192,100,-3022900,-3022900,0,1.1908079999999999,2,,2231.8099719839997,5835.106771984127,0
820,A share,0,order shares,513100.SH,2023-06-27,-1,0,,1.076,100,-92700,-92700,0,1.074924,2,,61.78018197600001,161.52538197600484,0
821,A share,0,order shares,159985.SZ,2023-06-27,1,0,,1.9,100,1895600,1895600,0,1.9018999999999997,2,,432.6289968,4034.2689967998303,0
822,A share,0,order shares,513500.SH,2023-06-27,-1,0,,1.474,100,-29600,-29600,0,1.472526,2,,27.023797152,70.65419715200183,0
823,A share,0,order shares,511220.SH,2023-06-27,1,0,,9.84,100,7200,7200,0,9.849839999999999,2,,8.51026176,79.3582617600041,0
824,A share,0,order shares,511010.SH,2023-06-27,1,0,,131.363,100,400,400,0,131.494363,2,,6.311729423999999,58.85692942399328,0
825,A share,0,order shares,513500.SH,2023-07-12,-1,0,,1.506,100,-2446900,-2446900,0,1.504494,2,,2282.4347485319995,5967.46614853221,0
826,A share,0,order shares,513100.SH,2023-07-12,-1,0,,1.102,100,-3352800,-3352800,0,1.1008980000000002,2,,2288.476304928,5983.261904928061,0
827,A share,0,order shares,159985.SZ,2023-07-12,-1,0,,2.05,100,-90900,-90900,0,2.0479499999999997,2,,115.41836609999999,301.7633661000011,0
828,A share,0,order shares,518880.SH,2023-07-12,1,0,,4.371,100,845000,845000,0,4.375371,2,,443.66261940000004,4137.157619399484,0
829,A share,0,order shares,511380.SH,2023-07-12,1,0,,11.347,100,325400,325400,0,11.358346999999998,2,,443.52073365599995,4135.83453365555,0
830,A share,0,order shares,511220.SH,2023-07-12,1,0,,9.88,100,7800,7800,0,9.88988,2,,9.25692768,86.32092768000439,0
831,A share,0,order shares,511010.SH,2023-07-12,1,0,,131.817,100,600,600,0,131.948817,2,,9.500314824,88.59051482399809,0
832,A share,0,order shares,159985.SZ,2023-07-27,-1,0,,2.186,100,-82400,-82400,0,2.183814,2,,111.56668963199999,291.6930896320083,0
833,A share,0,order shares,518880.SH,2023-07-27,1,0,,4.448,100,1400,1400,0,4.4524479999999995,2,,0.7480112640000001,6.975211263998972,0
834,A share,0,order shares,511380.SH,2023-07-27,1,0,,11.393,100,5000,5000,0,11.404392999999999,2,,6.8426358,63.807635799996206,0
835,A share,0,order shares,511220.SH,2023-07-27,1,0,,9.896,100,6100,6100,0,9.905896,2,,7.251115872,67.61671587199089,0
836,A share,0,order shares,511010.SH,2023-07-27,1,0,,131.937,100,500,500,0,132.068937,2,,7.9241362199999985,73.89263621998543,0
837,A share,0,order shares,518880.SH,2023-08-11,-1,0,,4.415,100,-846400,-846400,0,4.410585,2,,2314.5338692799996,6051.389869280145,0
838,A share,0,order shares,159985.SZ,2023-08-11,-1,0,,2.206,100,-12100,-12100,0,2.203794,2,,16.532862588,43.22546258799849,0
839,A share,0,order shares,510170.SH,2023-08-11,1,0,,0.826,100,4548900,4548900,0,0.8268259999999998,2,,451.33785496799993,4208.729254967533,0
840,A share,0,order shares,511380.SH,2023-08-11,-1,0,,11.47,100,-1500,-1500,0,11.458530000000001,2,,10.656432899999999,27.861432900001745,0
841,A share,0,order shares,511220.SH,2023-08-11,-1,0,,9.923,100,-200,-200,0,9.913077,2,,1.229221548,3.2138215480000003,0
842,A share,0,order shares,510170.SH,2023-08-28,-1,0,,0.81,100,-4548900,-4548900,0,0.8091900000000001,2,,2282.1731224200003,5966.782122420172,0
843,A share,0,order shares,159985.SZ,2023-08-28,-1,0,,2.357,100,-96500,-96500,0,2.3546430000000003,2,,140.87829069000003,368.3287906900063,0
844,A share,0,order shares,511220.SH,2023-08-28,1,0,,9.977,100,1000,1000,0,9.986977,2,,1.1984372399999998,11.175437239999155,0
845,A share,0,order shares,511010.SH,2023-08-28,1,0,,132.232,100,200,200,0,132.364232,2,,3.1767415679999997,29.623141567997664,0
846,A share,0,order shares,518880.SH,2023-08-28,1,0,,4.45,100,853200,853200,0,4.45445,2,,456.06440879999997,4252.804408799857,0
847,A share,0,order shares,511380.SH,2023-08-28,1,0,,11.326,100,6800,6800,0,11.337326,2,,9.251258016,86.26805801599403,0
848,A share,0,order shares,159985.SZ,2023-09-12,1,0,,2.321,100,5200,5200,0,2.323321,2,,1.449752304,13.518952303998958,0
849,A share,0,order shares,518880.SH,2023-09-12,-1,0,,4.546,100,-17500,-17500,0,4.541454,2,,49.27477590000001,128.82977589999302,0
850,A share,0,order shares,511220.SH,2023-09-12,1,0,,9.926,100,1500,1500,0,9.935925999999998,2,,1.78846668,16.67746667999927,0
851,A share,0,order shares,511010.SH,2023-09-12,1,0,,131.85,100,100,100,0,131.98184999999998,2,,1.5837821999999997,14.768782199997077,0
852,A share,0,order shares,511380.SH,2023-09-12,1,0,,11.29,100,700,700,0,11.301289999999998,2,,0.9493083599999999,8.85230835999937,0
853,A share,0,order shares,159985.SZ,2023-09-27,-1,0,,2.288,100,-1618900,-1618900,0,2.2857119999999997,2,,2294.2102772159997,5998.253477216189,0
854,A share,0,order shares,518880.SH,2023-09-27,1,0,,4.511,100,1400,1400,0,4.515511,2,,0.758605848,7.074005847999615,0
855,A share,0,order shares,510170.SH,2023-09-27,1,0,,0.833,100,4476900,4476900,0,0.8338329999999998,2,,447.9584349239999,4177.21613492351,0
856,A share,0,order shares,511220.SH,2023-09-27,-1,0,,9.94,100,-2700,-2700,0,9.93006,2,,16.62292044,43.46092043999974,0
857,A share,0,order shares,511380.SH,2023-09-27,-1,0,,11.253,100,-800,-800,0,11.241747,2,,5.5759065119999995,14.578306511999397,0
858,A share,0,order shares,510170.SH,2023-10-20,-1,0,,0.801,100,-4476900,-4476900,0,0.800199,2,,2221.0947599220003,5807.091659922144,0
859,A share,0,order shares,511220.SH,2023-10-20,-1,0,,9.958,100,-4300,-4300,0,9.948042000000001,2,,26.521479972,69.34087997200032,0
860,A share,0,order shares,518880.SH,2023-10-20,-1,0,,4.597,100,-23400,-23400,0,4.592403,2,,66.626582724,174.1963827239975,0
861,A share,0,order shares,511010.SH,2023-10-20,-1,0,,131.54,100,-300,-300,0,131.40846,2,,24.44197356,63.903973559999535,0
862,A share,0,order shares,511380.SH,2023-10-20,1,0,,10.919,100,6900,6900,0,10.929919,2,,9.049972932,84.3910729319905,0
863,A share,0,order shares,513500.SH,2023-10-20,1,0,,1.467,100,2539800,2539800,0,1.468467,2,,447.55349839199994,4173.44009839138,0
864,A share,0,order shares,511380.SH,2023-11-06,-1,0,,11.065,100,-342500,-342500,0,11.053935,2,,2347.30309725,6137.065597250186,0
865,A share,0,order shares,518880.SH,2023-11-06,1,0,,4.587,100,7200,7200,0,4.591587,2,,3.967131168,36.99353116799466,0
866,A share,0,order shares,159985.SZ,2023-11-06,1,0,,2.357,100,1589500,1589500,0,2.359357,2,,450.02375418,4196.475254179444,0
867,A share,0,order shares,513500.SH,2023-11-06,-1,0,,1.494,100,-19800,-19800,0,1.4925059999999999,2,,18.322003656,47.903203656000535,0
868,A share,0,order shares,511220.SH,2023-11-06,1,0,,9.981,100,1500,1500,0,9.990980999999998,2,,1.7983765799999998,16.7698765799978,0
869,A share,0,order shares,518880.SH,2023-11-21,-1,0,,4.516,100,-820900,-820900,0,4.511484,2,,2296.155873672,6003.340273672144,0
870,A share,0,order shares,159985.SZ,2023-11-21,-1,0,,2.306,100,-1589500,-1589500,0,2.303694,2,,2270.26740006,5935.654400060104,0
871,A share,0,order shares,513500.SH,2023-11-21,-1,0,,1.53,100,-2520000,-2520000,0,1.52847,2,,2388.081528,6243.681528000094,0
872,A share,0,order shares,513030.SH,2023-11-21,1,0,,1.218,100,3077800,3077800,0,1.219218,2,,450.30109924799996,4199.061499247793,0
873,A share,0,order shares,513080.SH,2023-11-21,1,0,,1.486,100,2522200,2522200,0,1.4874859999999999,2,,450.208462704,4198.197662703693,0
874,A share,0,order shares,511380.SH,2023-11-21,1,0,,11.055,100,336000,336000,0,11.066054999999999,2,,446.18333759999996,4160.663337599486,0
875,A share,0,order shares,511010.SH,2023-11-21,-1,0,,132.306,100,-100,-100,0,132.173694,2,,8.194769028,21.425369028000777,0
876,A share,0,order shares,511220.SH,2023-11-21,-1,0,,10.016,100,-2400,-2400,0,10.005984,2,,14.888904192,38.92730419200127,0
877,A share,0,order shares,511380.SH,2023-12-06,-1,0,,10.874,100,-336000,-336000,0,10.863126000000001,2,,2263.00640832,5916.670408319873,0
878,A share,0,order shares,513030.SH,2023-12-06,-1,0,,1.255,100,-74700,-74700,0,1.2537449999999999,2,,58.06594592999999,151.8144459300015,0
879,A share,0,order shares,513080.SH,2023-12-06,-1,0,,1.503,100,-14600,-14600,0,1.5014969999999999,2,,13.591550844,35.53535084400092,0
880,A share,0,order shares,513500.SH,2023-12-06,1,0,,1.546,100,2433800,2433800,0,1.5475459999999999,2,,451.970094576,4214.6248945756815,0
881,A share,0,order shares,511220.SH,2023-12-06,1,0,,10.013,100,1500,1500,0,10.023012999999999,2,,1.8041423399999998,16.823642339999424,0
882,A share,0,order shares,511010.SH,2023-12-06,1,0,,132.073,100,100,100,0,132.205073,2,,1.5864608759999999,14.793760875998487,0
883,A share,0,order shares,513030.SH,2023-12-21,1,0,,1.271,100,2500,2500,0,1.2722709999999997,2,,0.38168129999999995,3.5591812999996364,0
884,A share,0,order shares,513500.SH,2023-12-21,-1,0,,1.588,100,-28100,-28100,0,1.5864120000000002,2,,27.638469864000005,72.26126986399737,0
885,A share,0,order shares,513080.SH,2023-12-21,-1,0,,1.538,100,-23700,-23700,0,1.536462,2,,22.576772628,59.027372627996485,0
886,A share,0,order shares,511010.SH,2023-12-21,1,0,,132.61,100,300,300,0,132.74260999999998,2,,4.77873396,44.5617339599994,0
887,A share,0,order shares,511220.SH,2023-12-21,1,0,,10.033,100,4500,4500,0,10.043032999999998,2,,5.42323782,50.571737819998816,0
888,A share,0,order shares,513030.SH,2024-01-08,-1,0,,1.264,100,-3005600,-3005600,0,1.262736,2,,2353.073179392,6152.151579391999,0
889,A share,0,order shares,513080.SH,2024-01-08,-1,0,,1.518,100,-2483900,-2483900,0,1.516482,2,,2335.409576676,6105.969776676182,0
890,A share,0,order shares,513500.SH,2024-01-08,1,0,,1.584,100,400,400,0,1.5855839999999999,2,,0.07610803199999999,0.7097080319998668,0
891,A share,0,order shares,518880.SH,2024-01-08,1,0,,4.65,100,818300,818300,0,4.65465,2,,457.06801140000005,4262.163011399563,0
892,A share,0,order shares,513880.SH,2024-01-08,1,0,,1.206,100,3102900,3102900,0,1.2072059999999998,2,,449.50073968799995,4191.598139687441,0
893,A share,0,order shares,511010.SH,2024-01-08,-1,0,,133.423,100,-200,-200,0,133.289577,2,,16.527907548,43.2125075480005,0
894,A share,0,order shares,511220.SH,2024-01-08,-1,0,,10.099,100,-3500,-3500,0,10.088901,2,,21.892915170000002,57.23941516999965,0
895,A share,0,order shares,518880.SH,2024-01-23,-1,0,,4.632,100,-818300,-818300,0,4.627368,2,,2347.6766453279997,6138.042245328135,0
896,A share,0,order shares,513880.SH,2024-01-23,-1,0,,1.3,100,-102700,-102700,0,1.2987,2,,82.69342379999999,216.20342380000932,0
897,A share,0,order shares,513100.SH,2024-01-23,1,0,,1.271,100,3063600,3063600,0,1.2722709999999997,2,,467.7275322719999,4361.563132271636,0
898,A share,0,order shares,513500.SH,2024-01-23,-1,0,,1.656,100,-51400,-51400,0,1.6543439999999998,2,,52.720634591999996,137.83903459200667,0
899,A share,0,order shares,511220.SH,2024-01-23,1,0,,10.114,100,8200,8200,0,10.124114,2,,9.962128175999998,92.8969281759928,0
900,A share,0,order shares,511010.SH,2024-01-23,1,0,,133.559,100,500,500,0,133.692559,2,,8.02155354,74.80105353999534,0
901,A share,0,order shares,513880.SH,2024-02-07,-1,0,,1.271,100,-3000200,-3000200,0,1.2697289999999999,2,,2361.853386396,6175.10758639585,0
902,A share,0,order shares,513100.SH,2024-02-07,-1,0,,1.279,100,-4600,-4600,0,1.2777209999999999,2,,3.644060292,9.52746029199971,0
903,A share,0,order shares,513500.SH,2024-02-07,-1,0,,1.701,100,-54600,-54600,0,1.6992990000000001,2,,57.52466974800001,150.39926974799556,0
904,A share,0,order shares,511220.SH,2024-02-07,-1,0,,10.156,100,-200,-200,0,10.145844,2,,1.2580846560000003,3.289284655999899,0
905,A share,0,order shares,511010.SH,2024-02-07,1,0,,133.961,100,100,100,0,134.094961,2,,1.6091395320000002,15.005239531998086,0
906,A share,0,order shares,518880.SH,2024-02-07,1,0,,4.642,100,841400,841400,0,4.646642,2,,469.162149456,4374.940949455369,0
907,A share,0,order shares,513100.SH,2024-03-01,-1,0,,1.321,100,-3059000,-3059000,0,1.319679,2,,2502.8767978200003,6543.8157978197805,0
908,A share,0,order shares,513500.SH,2024-03-01,-1,0,,1.781,100,-64100,-64100,0,1.7792189999999999,2,,70.709721498,184.87182149800137,0
909,A share,0,order shares,511380.SH,2024-03-01,1,0,,10.869,100,365700,365700,0,10.879869,2,,477.45217119599994,4452.2454711957835,0
910,A share,0,order shares,511010.SH,2024-03-01,1,0,,134.54,100,300,300,0,134.67453999999998,2,,4.8482834399999994,45.210283439992054,0
911,A share,0,order shares,511220.SH,2024-03-01,1,0,,10.182,100,5700,5700,0,10.192181999999999,2,,6.971452488,65.00885248799023,0
912,A share,0,order shares,518880.SH,2024-03-01,1,0,,4.667,100,11600,11600,0,4.671666999999999,2,,6.502960463999999,60.640160463997745,0
913,A share,0,order shares,511380.SH,2024-03-18,-1,0,,10.9,100,-365700,-365700,0,10.889100000000001,2,,2468.9291994,6455.059199399888,0
914,A share,0,order shares,513500.SH,2024-03-18,-1,0,,1.781,100,-2236000,-2236000,0,1.7792189999999999,2,,2466.56688408,6448.882884080108,0
915,A share,0,order shares,159985.SZ,2024-03-18,1,0,,2.148,100,1866200,1866200,0,2.1501479999999997,2,,481.512743712,4490.110343711451,0
916,A share,0,order shares,513080.SH,2024-03-18,1,0,,1.667,100,2372400,2372400,0,1.668667,2,,475.049470896,4429.840270895511,0
917,A share,0,order shares,518880.SH,2024-03-18,-1,0,,4.86,100,-27200,-27200,0,4.8551400000000005,2,,81.87708096,214.06908096001,0
918,A share,0,order shares,511010.SH,2024-03-18,1,0,,134.677,100,200,200,0,134.81167699999997,2,,3.2354802479999996,30.170880247998866,0
919,A share,0,order shares,511220.SH,2024-03-18,1,0,,10.188,100,2900,2900,0,10.198188,2,,3.5489694239999996,33.09416942399548,0
920,A share,0,order shares,159985.SZ,2024-04-02,-1,0,,2.137,100,-1866200,-1866200,0,2.134863,2,,2470.130424972,6458.19982497192,0
921,A share,0,order shares,513080.SH,2024-04-02,-1,0,,1.665,100,-2372400,-2372400,0,1.663335,2,,2446.57949148,6396.625491480089,0
922,A share,0,order shares,518880.SH,2024-04-02,-1,0,,5.159,100,-39200,-39200,0,5.153841,2,,125.258951664,327.49175166399795,0
923,A share,0,order shares,513030.SH,2024-04-02,1,0,,1.409,100,2875200,2875200,0,1.4104089999999998,2,,486.624954816,4537.781754815485,0
924,A share,0,order shares,513500.SH,2024-04-02,1,0,,1.842,100,2198900,2198900,0,1.843842,2,,486.530900856,4536.9047008557245,0
925,A share,0,order shares,511010.SH,2024-04-02,1,0,,134.926,100,300,300,0,135.06092599999997,2,,4.862193335999999,45.339993335990584,0
926,A share,0,order shares,511220.SH,2024-04-02,1,0,,10.205,100,3600,3600,0,10.215205,2,,4.4129685599999995,41.15096855999582,0
927,A share,0,order shares,513500.SH,2024-04-19,-1,0,,1.709,100,-2198900,-2198900,0,1.7072910000000001,2,,2327.580551538,6085.500651538221,0
928,A share,0,order shares,513030.SH,2024-04-19,-1,0,,1.32,100,-2875200,-2875200,0,1.31868,2,,2350.71061632,6145.974616319967,0
929,A share,0,order shares,518880.SH,2024-04-19,-1,0,,5.471,100,-54400,-54400,0,5.465529,2,,184.34136211200004,481.963762111993,0
930,A share,0,order shares,510170.SH,2024-04-19,1,0,,0.938,100,4263800,4263800,0,0.9389379999999998,2,,480.4132613279999,4479.857661327347,0
931,A share,0,order shares,511380.SH,2024-04-19,1,0,,10.981,100,350100,350100,0,10.991981,2,,461.795105772,4306.2432057717815,0
932,A share,0,order shares,511220.SH,2024-04-19,-1,0,,10.208,100,-9100,-9100,0,10.197792,2,,57.535942464,150.42874246400146,0
933,A share,0,order shares,511010.SH,2024-04-19,-1,0,,135.706,100,-400,-400,0,135.570294,2,,33.621432911999996,87.9038329119964,0
934,A share,0,order shares,510170.SH,2024-05-09,-1,0,,0.94,100,-4263800,-4263800,0,0.9390599999999999,2,,2482.45769736,6490.429697360067,0
935,A share,0,order shares,159985.SZ,2024-05-09,1,0,,2.31,100,1726400,1726400,0,2.3123099999999996,2,,479.03663808,4467.020638079848,0
936,A share,0,order shares,511380.SH,2024-05-09,1,0,,11.295,100,3400,3400,0,11.306294999999999,2,,4.61296836,43.01596835999953,0
937,A share,0,order shares,518880.SH,2024-05-09,1,0,,5.25,100,22800,22800,0,5.255249999999999,2,,14.378363999999998,134.07836399998632,0
938,A share,0,order shares,511220.SH,2024-05-09,-1,0,,10.221,100,-1500,-1500,0,10.210779,2,,9.49602447,24.827524470000235,0
939,A share,0,order shares,511010.SH,2024-05-09,-1,0,,135.596,100,-100,-100,0,135.460404,2,,8.398545048,21.958145048000503,0
940,A share,0,order shares,511220.SH,2024-05-24,-1,0,,10.241,100,-390808,-390808,0,10.230758999999999,2,,2479.506289722,6482.713189722106,0
941,A share,0,order shares,518880.SH,2024-05-24,-1,0,,5.319,100,-755000,-755000,0,5.313681,2,,2487.3340761,6503.179076100205,0
942,A share,0,order shares,511010.SH,2024-05-24,-1,0,,135.874,100,-29500,-29500,0,135.738126,2,,2482.65032454,6490.933324539821,0
943,A share,0,order shares,513100.SH,2024-05-24,1,0,,1.358,100,2945800,2945800,0,1.3593579999999998,2,,480.527615568,4480.924015567638,0
944,A share,0,order shares,159985.SZ,2024-05-24,-1,0,,2.322,100,-1100,-1100,0,2.319678,2,,1.582020396,4.136220396000037,0
945,A share,0,order shares,513500.SH,2024-05-24,1,0,,1.818,100,2200000,2200000,0,1.819818,2,,480.43195199999997,4480.031951999757,0
946,A share,0,order shares,513030.SH,2024-05-24,1,0,,1.388,100,2880900,2880900,0,1.3893879999999998,2,,480.32254670399993,4479.011746703647,0
947,A share,0,order shares,511380.SH,2024-05-24,1,0,,11.288,100,1200,1200,0,11.299287999999999,2,,1.6270974719999998,15.172697471996798,0
948,A share,0,order shares,513030.SH,2024-06-11,-1,0,,1.389,100,-2880900,-2880900,0,1.387611,2,,2478.492488538,6480.062588538129,0
949,A share,0,order shares,159985.SZ,2024-06-11,-1,0,,2.247,100,-1725300,-1725300,0,2.2447529999999998,2,,2401.180857558,6277.929957558132,0
950,A share,0,order shares,513100.SH,2024-06-11,-1,0,,1.395,100,-62700,-62700,0,1.393605,2,,54.175000770000004,141.641500769995,0
951,A share,0,order shares,513500.SH,2024-06-11,-1,0,,1.889,100,-70900,-70900,0,1.887111,2,,82.95362533800001,216.88372533799776,0
952,A share,0,order shares,511010.SH,2024-06-11,1,0,,136.254,100,29400,29400,0,136.39025399999997,2,,481.1848161119999,4487.052416111343,0
953,A share,0,order shares,511220.SH,2024-06-11,1,0,,10.267,100,390900,390900,0,10.277266999999998,2,,482.08604043599996,4495.456340435427,0
954,A share,0,order shares,511380.SH,2024-06-11,1,0,,11.18,100,4800,4800,0,11.19118,2,,6.44611968,60.11011967999366,0
955,A share,0,order shares,511380.SH,2024-06-26,-1,0,,11.001,100,-359500,-359500,0,10.989999,2,,2449.56087711,6404.420377109787,0
956,A share,0,order shares,513100.SH,2024-06-26,-1,0,,1.456,100,-92800,-92800,0,1.454544,2,,83.688643584,218.80544358398888,0
957,A share,0,order shares,513500.SH,2024-06-26,-1,0,,1.933,100,-27300,-27300,0,1.931067,2,,32.685240042,85.45614004200317,0
958,A share,0,order shares,511010.SH,2024-06-26,1,0,,136.662,100,300,300,0,136.79866199999998,2,,4.924751832,45.923351831996115,0
959,A share,0,order shares,511220.SH,2024-06-26,1,0,,10.275,100,4400,4400,0,10.285274999999999,2,,5.430625199999999,50.64062519999425,0
960,A share,0,order shares,513880.SH,2024-06-26,1,0,,1.314,100,3086800,3086800,0,1.3153139999999999,2,,487.213350624,4543.268550623208,0
961,A share,0,order shares,513100.SH,2024-07-11,-1,0,,1.555,100,-85600,-85600,0,1.553445,2,,82.44443303999999,215.55243304000743,0
962,A share,0,order shares,513880.SH,2024-07-11,-1,0,,1.406,100,-95600,-95600,0,1.404594,2,,83.253095568,217.66669556799985,0
963,A share,0,order shares,513500.SH,2024-07-11,-1,0,,2.004,100,-3100,-3100,0,2.001996,2,,3.847836312,10.060236312000344,0
964,A share,0,order shares,511010.SH,2024-07-11,1,0,,136.808,100,1000,1000,0,136.94480799999997,2,,16.43337696,153.2413769599807,0
965,A share,0,order shares,511220.SH,2024-07-11,1,0,,10.29,100,13300,13300,0,10.300289999999999,2,,16.439262839999998,153.29626283998368,0
966,A share,0,order shares,513880.SH,2024-07-26,-1,0,,1.301,100,-2991200,-2991200,0,1.299699,2,,2410.3489822559995,6301.900182256103,0
967,A share,0,order shares,513500.SH,2024-07-26,-1,0,,1.927,100,-2098700,-2098700,0,1.925073,2,,2504.893437162,6549.088337162002,0
968,A share,0,order shares,513100.SH,2024-07-26,-1,0,,1.409,100,-2704700,-2704700,0,1.407591,2,,2360.409054174,6171.33135417421,0
969,A share,0,order shares,518880.SH,2024-07-26,1,0,,5.35,100,753100,753100,0,5.355349999999999,2,,483.9736901999999,4513.0586901996285,0
970,A share,0,order shares,511010.SH,2024-07-26,-1,0,,137.567,100,-1300,-1300,0,137.42943300000002,2,,110.76812299800001,289.6052229980043,0
971,A share,0,order shares,511220.SH,2024-07-26,-1,0,,10.333,100,-18100,-18100,0,10.322667000000001,2,,115.84096907400003,302.86826907398705,0
972,A share,0,order shares,513030.SH,2024-07-26,1,0,,1.374,100,2931700,2931700,0,1.3753739999999999,2,,483.862074696,4512.017874695361,0
973,A share,0,order shares,511380.SH,2024-07-26,1,0,,10.641,100,378300,378300,0,10.651641,2,,483.541894836,4509.0321948355995,0
974,A share,0,order shares,513030.SH,2024-08-12,-1,0,,1.331,100,-2931700,-2931700,0,1.329669,2,,2416.878176526,6318.970876525921,0
975,A share,0,order shares,511010.SH,2024-08-12,-1,0,,137.204,100,-100,-100,0,137.066796,2,,8.498141352000001,22.218541352000155,0
976,A share,0,order shares,511220.SH,2024-08-12,-1,0,,10.316,100,-1700,-1700,0,10.305684000000001,2,,10.862190936000001,28.39939093599885,0
977,A share,0,order shares,518880.SH,2024-08-12,-1,0,,5.437,100,-15500,-15500,0,5.431563000000001,2,,52.197320430000005,136.47082042999568,0
978,A share,0,order shares,511380.SH,2024-08-12,1,0,,10.562,100,1300,1300,0,10.572561999999998,2,,1.6493196719999998,15.379919671999232,0
979,A share,0,order shares,159985.SZ,2024-08-12,1,0,,1.925,100,2074500,2074500,0,1.9269249999999998,2,,479.68870949999996,4473.101209499408,0
980,A share,0,order shares,511380.SH,2024-08-27,-1,0,,10.335,100,-379600,-379600,0,10.324665000000001,2,,2429.93055708,6353.096557080202,0
981,A share,0,order shares,159985.SZ,2024-08-27,-1,0,,1.891,100,-2074500,-2074500,0,1.889109,2,,2429.75310471,6352.632604709806,0
982,A share,0,order shares,518880.SH,2024-08-27,-1,0,,5.534,100,-16300,-16300,0,5.528466,2,,55.870677396000005,146.07487739599287,0
983,A share,0,order shares,513030.SH,2024-08-27,1,0,,1.415,100,2816300,2816300,0,1.416415,2,,478.68594773999996,4463.750447739381,0
984,A share,0,order shares,511010.SH,2024-08-27,-1,0,,137.856,100,-300,-300,0,137.718144,2,,25.615574783999996,66.97237478400137,0
985,A share,0,order shares,511220.SH,2024-08-27,-1,0,,10.292,100,-1000,-1000,0,10.281708,2,,6.37465896,16.66665895999946,0
986,A share,0,order shares,510170.SH,2024-08-27,1,0,,0.805,100,4945400,4945400,0,0.805805,2,,478.20336564,4459.250365639571,0
987,A share,0,order shares,510170.SH,2024-09-11,-1,0,,0.762,100,-4945400,-4945400,0,0.761238,2,,2334.068371224,6102.463171223893,0
988,A share,0,order shares,513030.SH,2024-09-11,1,0,,1.372,100,49200,49200,0,1.373372,2,,8.108388288,75.61078828800237,0
989,A share,0,order shares,513080.SH,2024-09-11,1,0,,1.528,100,2415400,2415400,0,1.5295279999999998,2,,443.330631744,4134.061831743922,0
990,A share,0,order shares,518880.SH,2024-09-11,-1,0,,5.542,100,-12000,-12000,0,5.536458,2,,41.19124752,107.6952475200008,0
991,A share,0,order shares,511010.SH,2024-09-11,-1,0,,138.866,100,-600,-600,0,138.727134,2,,51.606493848,134.92609384800255,0
992,A share,0,order shares,511220.SH,2024-09-11,-1,0,,10.329,100,-7200,-7200,0,10.318671,2,,46.062547344,120.43134734399655,0
993,A share,0,order shares,513030.SH,2024-09-30,-1,0,,1.449,100,-2865500,-2865500,0,1.447551,2,,2571.7335821100005,6723.843082109788,0
994,A share,0,order shares,513080.SH,2024-09-30,-1,0,,1.594,100,-2415400,-2415400,0,1.592406,2,,2384.7044204880003,6234.852020487793,0
995,A share,0,order shares,511380.SH,2024-09-30,1,0,,11.223,100,357300,357300,0,11.234223,2,,481.678545348,4491.656445347238,0
996,A share,0,order shares,159985.SZ,2024-09-30,1,0,,1.998,100,2007000,2007000,0,1.9999979999999997,2,,481.67951831999994,4491.6655183197,0
997,A share,0,order shares,518880.SH,2024-09-30,-1,0,,5.707,100,-5600,-5600,0,5.701293,2,,19.794889296,51.75408929600115,0
998,A share,0,order shares,511010.SH,2024-09-30,1,0,,137.844,100,700,700,0,137.98184399999997,2,,11.590474895999998,108.08127489598701,0
999,A share,0,order shares,511220.SH,2024-09-30,1,0,,10.171,100,10300,10300,0,10.181170999999999,2,,12.583927355999997,117.34522735598148,0
1000,A share,0,order shares,511380.SH,2024-10-22,-1,0,,11.158,100,-357300,-357300,0,11.146842,2,,2469.3153208920003,6456.0687208918125,0
1001,A share,0,order shares,159985.SZ,2024-10-22,-1,0,,1.891,100,-2007000,-2007000,0,1.889109,2,,2350.69389306,6145.930893060197,0
1002,A share,0,order shares,518880.SH,2024-10-22,-1,0,,6.018,100,-36500,-36500,0,6.011982,2,,136.05115266,355.70815266000653,0
1003,A share,0,order shares,513100.SH,2024-10-22,1,0,,1.459,100,2747200,2747200,0,1.460459,2,,481.460755776,4489.625555775594,0
1004,A share,0,order shares,513880.SH,2024-10-22,1,0,,1.303,100,3059300,3059300,0,1.3043029999999998,2,,478.83050014799994,4465.098400147166,0
1005,A share,0,order shares,511220.SH,2024-10-22,-1,0,,10.204,100,-1400,-1400,0,10.193796,2,,8.848214928,23.13381492799925,0
1006,A share,0,order shares,513880.SH,2024-11-06,-1,0,,1.322,100,-3059300,-3059300,0,1.320678,2,,2505.017127348,6549.4117273482325,0
1007,A share,0,order shares,518880.SH,2024-11-06,1,0,,5.994,100,6500,6500,0,5.999993999999999,2,,4.67999532,43.64099531999818,0
1008,A share,0,order shares,513500.SH,2024-11-06,1,0,,2.029,100,1975600,1975600,0,2.0310289999999998,2,,481.50010708799994,4489.992507087532,0
1009,A share,0,order shares,513100.SH,2024-11-06,-1,0,,1.489,100,-35600,-35600,0,1.487511,2,,32.832342792000006,85.8407427919988,0
1010,A share,0,order shares,511220.SH,2024-11-06,1,0,,10.199,100,2500,2500,0,10.209198999999998,2,,3.0627597,28.560259699996095,0
1011,A share,0,order shares,518880.SH,2024-11-21,-1,0,,5.933,100,-673700,-673700,0,5.927067,2,,2475.7003234979998,6472.762423498214,0
1012,A share,0,order shares,513500.SH,2024-11-21,-1,0,,2.107,100,-40800,-40800,0,2.104893,2,,53.24537332800001,139.2109733279959,0
1013,A share,0,order shares,513100.SH,2024-11-21,-1,0,,1.51,100,-11900,-11900,0,1.50849,2,,11.12963922,29.098639220000962,0
1014,A share,0,order shares,511380.SH,2024-11-21,1,0,,11.341,100,358800,358800,0,11.352340999999997,2,,488.7863940959999,4557.937194095459,0
1015,A share,0,order shares,511010.SH,2024-11-21,1,0,,139.311,100,100,100,0,139.450311,2,,1.673403732,15.604503731998193,0
1016,A share,0,order shares,511220.SH,2024-11-21,1,0,,10.236,100,2300,2300,0,10.246236,2,,2.827961136,26.370761135996872,0
1017,A share,0,order shares,511380.SH,2024-12-06,-1,0,,11.563,100,-358800,-358800,0,11.551437,2,,2569.6864692720005,6718.490869271791,0
1018,A share,0,order shares,513500.SH,2024-12-06,-1,0,,2.228,100,-55600,-55600,0,2.225772,2,,76.72681238400001,200.6036123839982,0
1019,A share,0,order shares,513100.SH,2024-12-06,-1,0,,1.584,100,-56500,-56500,0,1.582416,2,,55.432032480000004,144.9280324799992,0
1020,A share,0,order shares,513030.SH,2024-12-06,1,0,,1.481,100,2822400,2822400,0,1.482481,2,,502.098524928,4682.072924927808,0
1021,A share,0,order shares,511220.SH,2024-12-06,1,0,,10.315,100,7600,7600,0,10.325314999999998,2,,9.416687279999998,87.81068727998354,0
1022,A share,0,order shares,511010.SH,2024-12-06,1,0,,139.925,100,700,700,0,140.064925,2,,11.765453700000002,109.71295370000007,0
1023,A share,0,order shares,513500.SH,2024-12-23,-1,0,,2.194,100,-1879200,-1879200,0,2.191806,2,,2553.6819378239998,6676.6467378241905,0
1024,A share,0,order shares,513100.SH,2024-12-23,-1,0,,1.652,100,-101900,-101900,0,1.650348,2,,104.265685944,272.6044859439977,0
1025,A share,0,order shares,513030.SH,2024-12-23,1,0,,1.447,100,78700,78700,0,1.4484469999999998,2,,13.679133468,127.55803346798348,0
1026,A share,0,order shares,511380.SH,2024-12-23,1,0,,11.607,100,359200,359200,0,11.618606999999997,2,,500.8084361279999,4670.042836127337,0
1027,A share,0,order shares,511010.SH,2024-12-23,-1,0,,141.361,100,-200,-200,0,141.219639,2,,17.511235235999997,45.78343523599943,0
1028,A share,0,order shares,511220.SH,2024-12-23,1,0,,10.329,100,600,600,0,10.339329,2,,0.7444316879999999,6.9418316879991835,0
1029,A share,0,order shares,511380.SH,2025-01-08,-1,0,,11.544,100,-359200,-359200,0,11.532456,2,,2568.3240810240004,6714.928881023856,0
1030,A share,0,order shares,513030.SH,2025-01-08,-1,0,,1.491,100,-2901100,-2901100,0,1.4895090000000002,2,,2679.153027138,7004.693127137867,0
1031,A share,0,order shares,513100.SH,2025-01-08,1,0,,1.642,100,25700,25700,0,1.6436419999999998,2,,5.068991927999999,47.26839192799525,0
1032,A share,0,order shares,518880.SH,2025-01-08,1,0,,6.03,100,697800,697800,0,6.036029999999999,2,,505.4330080799999,4713.167008079588,0
1033,A share,0,order shares,513880.SH,2025-01-08,1,0,,1.355,100,3105100,3105100,0,1.3563549999999998,2,,505.39414925999995,4712.804649258964,0
1034,A share,0,order shares,513880.SH,2025-01-23,-1,0,,1.373,100,-3105100,-3105100,0,1.371627,2,,2640.6041785740003,6903.906478573632,0
1035,A share,0,order shares,513100.SH,2025-01-23,-1,0,,1.643,100,-2567000,-2567000,0,1.641357,2,,2612.28531978,6829.866319780238,0
1036,A share,0,order shares,513080.SH,2025-01-23,1,0,,1.791,100,2362700,0,0,0,1,,508.29927548399996,4739.8949754834175,-11
1037,A share,0,order shares,518880.SH,2025-01-23,-1,0,,6.187,100,-12700,-12700,0,6.180813000000001,2,,48.667721562000004,127.24262156200689,0
1038,A share,0,order shares,511380.SH,2025-01-23,1,0,,11.769,100,359500,359500,0,11.780769,2,,508.2223746599999,4739.177874659188,0
1039,A share,0,order shares,511220.SH,2025-01-23,1,0,,10.335,100,3700,3700,0,10.345335,2,,4.59332874,42.83282873999269,0
1040,A share,0,order shares,511010.SH,2025-01-23,1,0,,141.146,100,300,300,0,141.28714599999998,2,,5.086337255999999,47.43013725599303,0
1041,A share,0,order shares,518880.SH,2025-02-17,-1,0,,6.494,100,-23600,-23600,0,6.487506,2,,94.925187792,248.18358779199153,0
1042,A share,0,order shares,159985.SZ,2025-02-17,1,0,,1.933,100,2218500,2218500,0,1.9349329999999998,2,,515.1178632599999,4803.4783632596955,0
1043,A share,0,order shares,511380.SH,2025-02-17,-1,0,,11.99,100,-1300,-1300,0,11.97801,2,,9.65427606,25.241276059999535,0
1044,A share,0,order shares,511220.SH,2025-02-17,1,0,,10.344,100,5100,5100,0,10.354343999999998,2,,6.336858527999999,59.09125852798752,0
1045,A share,0,order shares,511010.SH,2025-02-17,1,0,,140.832,100,400,400,0,140.97283199999998,2,,6.766695936,63.09949593599595,0
1046,A share,0,order shares,159985.SZ,2025-03-04,-1,0,,2.017,100,-71500,-71500,0,2.014983,2,,89.32419639000001,233.53969638999115,0
1047,A share,0,order shares,518880.SH,2025-03-04,1,0,,6.499,100,4800,4800,0,6.505498999999999,2,,3.7471674239999997,34.9423674239988,0
1048,A share,0,order shares,511380.SH,2025-03-04,1,0,,12.021,100,2000,2000,0,12.033021,2,,2.88792504,26.929925039996306,0
1049,A share,0,order shares,511220.SH,2025-03-04,1,0,,10.312,100,4800,4800,0,10.322311999999998,2,,5.945651711999999,55.44325171199307,0
1050,A share,0,order shares,511010.SH,2025-03-04,1,0,,140.594,100,300,300,0,140.734594,2,,5.066445383999999,47.24464538399479,0
1051,A share,0,order shares,159985.SZ,2025-03-19,-1,0,,1.972,100,-2147000,-2147000,0,1.970028,2,,2622.3830719200005,6856.267071919613,0
1052,A share,0,order shares,510170.SH,2025-03-19,1,0,,0.896,100,4726300,4726300,0,0.8968959999999999,2,,508.6799477759999,4743.444747774862,0
1053,A share,0,order shares,518880.SH,2025-03-19,-1,0,,6.8,100,-26400,-26400,0,6.7932,2,,111.1910976,290.71109759998956,0
1054,A share,0,order shares,511380.SH,2025-03-19,-1,0,,12.199,100,-3500,-3500,0,12.186800999999999,2,,26.445358170000002,69.1418581699982,0
1055,A share,0,order shares,511220.SH,2025-03-19,1,0,,10.146,100,4700,4700,0,10.156146,2,,5.728066344,53.41426634399977,0
1056,A share,0,order shares,511010.SH,2025-03-19,1,0,,139.792,100,400,400,0,139.93179199999997,2,,6.716726016,62.633526015990356,0
1057,A share,0,order shares,518880.SH,2025-04-03,-1,0,,7.094,100,-24100,-24100,0,7.086906,2,,105.89254945200001,276.8579494519864,0
1058,A share,0,order shares,510170.SH,2025-04-03,1,0,,0.877,100,253800,253800,0,0.8778769999999999,2,,26.736621911999997,249.3192219119519,0
1059,A share,0,order shares,511220.SH,2025-04-03,-1,0,,10.234,100,-2000,-2000,0,10.223766,2,,12.67746984,33.14546984000076,0
1060,A share,0,order shares,511380.SH,2025-04-03,1,0,,11.966,100,7300,7300,0,11.977965999999999,2,,10.492698215999997,97.84449821598537,0
1061,A share,0,order shares,510170.SH,2025-04-21,-1,0,,0.875,100,-4980100,-4980100,0,0.874125,2,,2699.00254575,7056.590045750372,0
1062,A share,0,order shares,518880.SH,2025-04-21,-1,0,,7.724,100,-42600,-42600,0,7.716276000000001,2,,203.80228171200002,532.8446817119766,0
1063,A share,0,order shares,511010.SH,2025-04-21,1,0,,141.099,100,200,200,0,141.240099,2,,3.3897623759999993,31.609562375993846,0
1064,A share,0,order shares,511220.SH,2025-04-21,1,0,,10.222,100,6200,6200,0,10.232221999999998,2,,7.612773167999999,70.98917316799634,0
1065,A share,0,order shares,159985.SZ,2025-04-21,1,0,,1.974,100,2239000,2239000,0,1.9759739999999997,2,,530.90469432,4950.690694319084,0
1066,A share,0,order shares,511380.SH,2025-04-21,1,0,,11.75,100,12600,12600,0,11.76175,2,,17.783766,165.8337659999961,0
1067,A share,0,order shares,159985.SZ,2025-05-09,-1,0,,1.914,100,-2239000,-2239000,0,1.912086,2,,2654.31954348,6939.765543480462,0
1068,A share,0,order shares,513030.SH,2025-05-09,1,0,,1.868,100,2295000,2295000,0,1.8698679999999999,2,,514.9616472,4802.021647199988,0
1069,A share,0,order shares,518880.SH,2025-05-09,1,0,,7.531,100,300,300,0,7.538530999999999,2,,0.27138711599999993,2.5306871159996263,0
1070,A share,0,order shares,511010.SH,2025-05-09,-1,0,,141.41,100,-200,-200,0,141.26859,2,,17.517305160000003,45.79930515999925,0
1071,A share,0,order shares,511380.SH,2025-05-09,-1,0,,11.943,100,-8700,-8700,0,11.931057,2,,64.35612145799999,168.26022145799973,0
1072,A share,0,order shares,511220.SH,2025-05-09,-1,0,,10.252,100,-4400,-4400,0,10.241748000000001,2,,27.939488544,73.04828854400179,0
1073,A share,0,order shares,518880.SH,2025-05-26,-1,0,,7.425,100,-573500,-573500,0,7.417575,2,,2637.46714275,6895.7046427498135,0
1074,A share,0,order shares,511380.SH,2025-05-26,-1,0,,11.951,100,-367900,-367900,0,11.939049,2,,2723.273198802,7120.046098802215,0
1075,A share,0,order shares,513030.SH,2025-05-26,-1,0,,1.89,100,-2295000,-2295000,0,1.88811,2,,2686.591719,7024.141718999814,0
1076,A share,0,order shares,511010.SH,2025-05-26,-1,0,,141.146,100,-31100,-31100,0,141.004854,2,,2718.855594828,7108.496194827577,0
1077,A share,0,order shares,513100.SH,2025-05-26,1,0,,1.543,100,2838600,2838600,0,1.5445429999999998,2,,526.120771176,4906.080571175553,0
1078,A share,0,order shares,513500.SH,2025-05-26,1,0,,1.991,100,2199400,2199400,0,1.992991,2,,526.006128648,4905.011528647505,0
1079,A share,0,order shares,513080.SH,2025-05-26,1,0,,1.693,100,2585900,2585900,0,1.6946929999999998,2,,525.876795444,4903.805495442823,0
1080,A share,0,order shares,513880.SH,2025-05-26,1,0,,1.358,100,3219800,3219800,0,1.3593579999999998,2,,525.2233066079999,4897.7117066076025,0
1081,A share,0,order shares,511220.SH,2025-05-26,-1,0,,10.276,100,-2000,-2000,0,10.265724,2,,12.729497760000001,33.28149775999968,0
1082,A share,0,order shares,513880.SH,2025-06-11,-1,0,,1.365,100,-3219800,-3219800,0,1.363635,2,,2722.19182326,7117.218823259769,0
1083,A share,0,order shares,513080.SH,2025-06-11,-1,0,,1.689,100,-2585900,-2585900,0,1.687311,2,,2705.1948592380004,7072.779959237793,0
1084,A share,0,order shares,513100.SH,2025-06-11,-1,0,,1.577,100,-31400,-31400,0,1.575423,2,,30.670334964,80.18813496400145,0
1085,A share,0,order shares,513500.SH,2025-06-11,-1,0,,2.046,100,-35700,-35700,0,2.043954,2,,45.240877836,118.28307783599624,0
1086,A share,0,order shares,159985.SZ,2025-06-11,1,0,,1.977,100,2235500,2235500,0,1.9789769999999998,2,,530.88037002,4950.463870019652,0
1087,A share,0,order shares,511220.SH,2025-06-11,1,0,,10.284,100,3700,3700,0,10.294284,2,,4.570662096,42.6214620959945,0
1088,A share,0,order shares,511010.SH,2025-06-11,1,0,,141.399,100,31200,31200,0,141.54039899999998,2,,529.927253856,4941.576053855941,0
1089,A share,0,order shares,159985.SZ,2025-06-26,-1,0,,1.912,100,-2235500,-2235500,0,1.910088,2,,2647.4010688800004,6921.677068879606,0
1090,A share,0,order shares,513500.SH,2025-06-26,-1,0,,2.071,100,-28600,-28600,0,2.0689290000000002,2,,36.686249028000006,95.9168490280026,0
1091,A share,0,order shares,511380.SH,2025-06-26,1,0,,12.362,100,350500,350500,0,12.374361999999998,2,,520.46566572,4853.346665719524,0
1092,A share,0,order shares,513100.SH,2025-06-26,-1,0,,1.603,100,-49400,-49400,0,1.601397,2,,49.04758731599999,128.23578731600412,0
1093,A share,0,order shares,511220.SH,2025-06-26,-1,0,,10.294,100,-800,-800,0,10.283706,2,,5.100718176000001,13.335918175999169,0
1094,A share,0,order shares,513100.SH,2025-07-11,-1,0,,1.633,100,-15100,-15100,0,1.631367,2,,15.272857854000002,39.931157853999146,0
1095,A share,0,order shares,513500.SH,2025-07-11,-1,0,,2.124,100,-26500,-26500,0,2.1218760000000003,2,,34.86242268,91.14842268000007,0
1096,A share,0,order shares,511380.SH,2025-07-11,1,0,,12.608,100,4700,4700,0,12.620607999999999,2,,7.118022912,66.37562291198992,0
1097,A share,0,order shares,511220.SH,2025-07-11,1,0,,10.316,100,4600,4600,0,10.326316,2,,5.700126432,53.153726431992254,0
1098,A share,0,order shares,511010.SH,2025-07-11,1,0,,141.499,100,400,400,0,141.64049899999998,2,,6.798743952,63.39834395199432,0
1099,A share,0,order shares,513100.SH,2025-07-28,-1,0,,1.684,100,-2742700,-2742700,0,1.682316,2,,2860.734617784,7479.441417783811,0
1100,A share,0,order shares,510170.SH,2025-07-28,1,0,,1.009,100,4497300,4497300,0,1.0100089999999997,2,,545.0776170839998,5082.85331708286,0
1101,A share,0,order shares,511380.SH,2025-07-28,-1,0,,12.853,100,-1600,-1600,0,12.840147,2,,12.737425823999999,33.302225824000104,0
1102,A share,0,order shares,513500.SH,2025-07-28,-1,0,,2.185,100,-28900,-28900,0,2.182815,2,,39.11167917,102.25817917000256,0
1103,A share,0,order shares,511220.SH,2025-07-28,1,0,,10.299,100,7000,7000,0,10.309298999999998,2,,8.65981116,80.75281115999678,0
1104,A share,0,order shares,511010.SH,2025-07-28,1,0,,141.238,100,500,500,0,141.379238,2,,8.48275428,79.10175427999638,0
1105,A share,0,order shares,510170.SH,2025-08-12,1,0,,1.012,100,16500,16500,0,1.0130119999999998,2,,2.00576376,18.703763759996946,0
1106,A share,0,order shares,511380.SH,2025-08-12,-1,0,,13.114,100,-5200,-5200,0,13.100886000000001,2,,42.237256464,110.43005646400435,0
1107,A share,0,order shares,513500.SH,2025-08-12,1,0,,2.187,100,9000,9000,0,2.1891869999999995,2,,2.36432196,22.047321959998953,0
1108,A share,0,order shares,511220.SH,2025-08-12,1,0,,10.317,100,1600,1600,0,10.327316999999999,2,,1.9828448639999996,18.490044863996445,0
1109,A share,0,order shares,511010.SH,2025-08-12,1,0,,141.313,100,200,200,0,141.45431299999998,2,,3.3949035119999995,31.657503511996765,0
1110,A share,0,order shares,510170.SH,2025-08-27,-1,0,,1.068,100,-4513800,-4513800,0,1.066932,2,,2985.8689501920003,7806.607350192147,0
1111,A share,0,order shares,513500.SH,2025-08-27,-1,0,,2.206,100,-2088700,-2088700,0,2.203794,2,,2853.9000072360004,7461.572207235914,0
1112,A share,0,order shares,511380.SH,2025-08-27,-1,0,,13.306,100,-100,-100,0,13.292694,2,,0.8241470279999998,2.1547470280000036,0
1113,A share,0,order shares,159985.SZ,2025-08-27,1,0,,1.986,100,2329400,2329400,0,1.9879859999999998,2,,555.697750608,5181.886150607839,0
1114,A share,0,order shares,518880.SH,2025-08-27,1,0,,7.45,100,620800,620800,0,7.45745,2,,555.5501951999998,5180.5101951994,0
1115,A share,0,order shares,511010.SH,2025-08-27,1,0,,141.184,100,500,500,0,141.32518399999998,2,,8.479511039999998,79.07151103999058,0
1116,A share,0,order shares,511220.SH,2025-08-27,1,0,,10.292,100,7300,7300,0,10.302292,2,,9.024807792,84.1564077919902,0
1117,A share,0,order shares,511380.SH,2025-09-11,-1,0,,13.365,100,-348300,-348300,0,13.351635,2,,2883.23217171,7538.261671710179,0
1118,A share,0,order shares,518880.SH,2025-09-11,-1,0,,7.923,100,-27400,-27400,0,7.915077,2,,134.461328076,351.551528076006,0
1119,A share,0,order shares,159985.SZ,2025-09-11,1,0,,2.005,100,15300,15300,0,2.0070049999999995,2,,3.68486118,34.36136117999922,0
1120,A share,0,order shares,513500.SH,2025-09-11,1,0,,2.21,100,2123800,2123800,0,2.21221,2,,563.7949917599999,5257.392991758883,0
1121,A share,0,order shares,511010.SH,2025-09-11,1,0,,141.256,100,400,400,0,141.397256,2,,6.7870682879999995,63.28946828799235,0
1122,A share,0,order shares,511220.SH,2025-09-11,1,0,,10.281,100,7100,7100,0,10.291281,2,,8.768171412,81.76327141198271,0
1123,A share,0,order shares,159985.SZ,2025-09-26,-1,0,,1.948,100,-2344700,-2344700,0,1.946052,2,,2829.003037128,7396.4786371275395,0
1124,A share,0,order shares,518880.SH,2025-09-26,-1,0,,8.16,100,-15300,-15300,0,8.15184,2,,77.32835424,202.17635423999815,0
1125,A share,0,order shares,513100.SH,2025-09-26,1,0,,1.78,100,2636400,2636400,0,1.78178,2,,563.6981750399999,5256.490175039507,0
1126,A share,0,order shares,513500.SH,2025-09-26,-1,0,,2.265,100,-41700,-41700,0,2.262735,2,,58.50075069,152.95125069000628,0
1127,A share,0,order shares,511010.SH,2025-09-26,1,0,,139.856,100,100,100,0,139.99585599999997,2,,1.6799502719999997,15.665550271998654,0
1128,A share,0,order shares,511220.SH,2025-09-26,1,0,,10.108,100,4800,4800,0,10.118108,2,,5.8280302079999995,54.34643020799558,0
1129,A share,0,order shares,513500.SH,2025-10-21,-1,0,,2.326,100,-2082100,-2082100,0,2.323674,2,,2999.6354139480004,7842.6000139476,0
1130,A share,0,order shares,513100.SH,2025-10-21,-1,0,,1.873,100,-2636400,-2636400,0,1.871127,2,,3058.4843181360006,7996.461518135617,0
1131,A share,0,order shares,518880.SH,2025-10-21,-1,0,,9.49,100,-56800,-56800,0,9.48051,2,,333.86564016,872.8976401600065,0
1132,A share,0,order shares,513880.SH,2025-10-21,1,0,,1.727,100,2859700,2859700,0,1.728727,2,,593.236872228,5531.938772227615,0
1133,A share,0,order shares,513080.SH,2025-10-21,1,0,,1.815,100,2720400,2720400,0,1.8168149999999998,2,,593.0956231199999,5530.621623119339,0
1134,A share,0,order shares,511010.SH,2025-10-21,1,0,,140.142,100,1600,1600,0,140.282142,2,,26.934171263999993,251.16137126396643,0
1135,A share,0,order shares,511220.SH,2025-10-21,1,0,,10.153,100,20400,20400,0,10.163153,2,,24.879398543999997,232.00059854396386,0
1136,A share,0,order shares,518880.SH,2025-11-05,-1,0,,8.706,100,-521300,-521300,0,8.697294,2,,2811.017604564,7349.455404564422,0
1137,A share,0,order shares,513080.SH,2025-11-05,-1,0,,1.775,100,-2720400,-2720400,0,1.7732249999999998,2,,2990.8063998000002,7819.5163997999625,0
1138,A share,0,order shares,513880.SH,2025-11-05,-1,0,,1.805,100,-149800,-149800,0,1.8031949999999999,2,,167.47353882,437.86253882002467,0
1139,A share,0,order shares,513100.SH,2025-11-05,1,0,,1.912,100,2554000,2554000,0,1.9139119999999996,2,,586.57574976,5469.8237497592345,0
1140,A share,0,order shares,511220.SH,2025-11-05,-1,0,,10.208,100,-7800,-7800,0,10.197792,2,,49.316522112,128.93892211199292,0
1141,A share,0,order shares,511010.SH,2025-11-05,-1,0,,140.626,100,-400,-400,0,140.485374,2,,34.840372752,91.09077275199718,0
1142,A share,0,order shares,159985.SZ,2025-11-05,1,0,,1.984,100,2459300,2459300,0,1.9859839999999997,2,,586.095654144,5465.346854143776,0
1143,A share,0,order shares,513880.SH,2025-11-20,-1,0,,1.76,100,-2709900,-2709900,0,1.75824,2,,2954.0858371200006,7723.509837119651,0
1144,A share,0,order shares,513100.SH,2025-11-20,-1,0,,1.907,100,-2554000,-2554000,0,1.905093,2,,3016.6766636400002,7887.15466364012,0
1145,A share,0,order shares,510170.SH,2025-11-20,1,0,,1.194,100,4062800,4062800,0,1.1951939999999999,2,,582.700101984,5433.683301983401,0
1146,A share,0,order shares,159985.SZ,2025-11-20,-1,0,,1.982,100,-8300,-8300,0,1.980018,2,,10.189172628,26.639772628000124,0
1147,A share,0,order shares,511380.SH,2025-11-20,1,0,,13.57,100,352100,352100,0,13.583569999999998,2,,573.9329996399999,5351.92999963928,0
1148,A share,0,order shares,511220.SH,2025-11-20,-1,0,,10.216,100,-3600,-3600,0,10.205784,2,,22.779309888,59.55690988800126,0
1149,A share,0,order shares,511010.SH,2025-11-20,-1,0,,140.652,100,-300,-300,0,140.511348,2,,26.135110728,68.3307107279991,0
1150,A share,0,order shares,510170.SH,2025-12-05,-1,0,,1.204,100,-4062800,-4062800,0,1.202796,2,,3029.7661450560004,7921.37734505616,0
1151,A share,0,order shares,511380.SH,2025-12-05,-1,0,,13.407,100,-352100,-352100,0,13.393593,2,,2923.8481390859997,7644.452839086025,0
1152,A share,0,order shares,159985.SZ,2025-12-05,-1,0,,1.956,100,-2451000,-2451000,0,1.954044,2,,2969.40434328,7763.560343280425,0
1153,A share,0,order shares,518880.SH,2025-12-05,1,0,,9.136,100,528000,528000,0,9.145135999999999,2,,579.4358169599999,5403.243816959672,0
1154,A share,0,order shares,513500.SH,2025-12-05,1,0,,2.451,100,1967800,1967800,0,2.453451,2,,579.3481053359999,5402.425905334763,0
1155,A share,0,order shares,513080.SH,2025-12-05,1,0,,1.815,100,2644600,2644600,0,1.8168149999999998,2,,576.5698738799999,5376.518873878755,0
1156,A share,0,order shares,511010.SH,2025-12-05,-1,0,,140.483,100,-100,-100,0,140.34251700000002,2,,8.701236054,22.74953605400038,0
1157,A share,0,order shares,511220.SH,2025-12-05,-1,0,,10.188,100,-1400,-1400,0,10.177812000000001,2,,8.834340816000001,23.097540815999416,0
1158,A share,0,order shares,513080.SH,2025-12-22,-1,0,,1.805,100,-2644600,-2644600,0,1.8031949999999999,2,,2956.61228814,7730.115288139561,0
1159,A share,0,order shares,518880.SH,2025-12-22,-1,0,,9.511,100,-16400,-16400,0,9.501489,2,,96.611140152,252.5915401520004,0
1160,A share,0,order shares,513500.SH,2025-12-22,1,0,,2.456,100,13200,13200,0,2.4584559999999995,2,,3.894194304,36.313394303997484,0
1161,A share,0,order shares,513030.SH,2025-12-22,1,0,,1.873,100,2593500,2593500,0,1.8748729999999998,2,,583.4979750599999,5441.123475058936,0
1162,A share,0,order shares,511010.SH,2025-12-22,1,0,,140.715,100,100,100,0,140.85571499999998,2,,1.69026858,15.761768579997806,0
1163,A share,0,order shares,511220.SH,2025-12-22,1,0,,10.192,100,3200,3200,0,10.202191999999998,2,,3.9176417279999995,36.53204172799451,0
1164,A share,0,order shares,513030.SH,2026-01-08,-1,0,,1.915,100,-2593500,-2593500,0,1.913085,2,,3076.1832874499996,8042.735787450223,0
1165,A share,0,order shares,518880.SH,2026-01-08,-1,0,,9.511,100,-511600,-511600,0,9.501489,2,,3013.7962988879995,7879.623898888425,0
1166,A share,0,order shares,513500.SH,2026-01-08,-1,0,,2.458,100,-1981000,-1981000,0,2.4555420000000003,2,,3015.94579524,7885.243795240417,0
1167,A share,0,order shares,510170.SH,2026-01-08,1,0,,1.311,100,3714500,3714500,0,1.3123109999999998,2,,584.94950514,5454.659005139954,0
1168,A share,0,order shares,511380.SH,2026-01-08,1,0,,14.135,100,344400,344400,0,14.149134999999998,2,,584.75545128,5452.849451279268,0
1169,A share,0,order shares,159985.SZ,2026-01-08,1,0,,1.972,100,2468300,2468300,0,1.9739719999999998,2,,584.6826105119999,5452.170210511424,0
1170,A share,0,order shares,511220.SH,2026-01-08,1,0,,10.202,100,500,500,0,10.212202,2,,0.61273212,5.713732119999804,0
1171,A share,0,order shares,511010.SH,2026-01-08,1,0,,139.904,100,300,300,0,140.04390399999997,2,,5.0415805439999986,47.01278054399154,0
1172,A share,0,order shares,510170.SH,2026-01-23,-1,0,,1.449,100,-244400,-244400,0,1.447551,2,,219.34450792800004,573.4801079279796,0
1173,A share,0,order shares,511380.SH,2026-01-23,-1,0,,14.827,100,-5200,-5200,0,14.812173,2,,47.754445752,124.85484575199573,0
1174,A share,0,order shares,159985.SZ,2026-01-23,1,0,,1.966,100,89100,89100,0,1.9679659999999997,2,,21.041492471999998,196.2120924719784,0
1175,A share,0,order shares,511220.SH,2026-01-23,1,0,,10.24,100,13200,13200,0,10.25024,2,,16.236380159999996,151.40438015997643,0
1176,A share,0,order shares,511010.SH,2026-01-23,1,0,,140.349,100,900,900,0,140.48934899999998,2,,15.172849691999998,141.4869496919855,0
1177,A share,0,order shares,510170.SH,2026-02-09,-1,0,,1.439,100,-3470100,-3470100,0,1.437561,2,,3092.8578641820004,8086.331764181634,0
1178,A share,0,order shares,513880.SH,2026-02-09,1,0,,1.814,100,2750700,2750700,0,1.8158139999999998,2,,599.371148376,5589.140948375687,0
1179,A share,0,order shares,511380.SH,2026-02-09,1,0,,14.635,100,100,100,0,14.649634999999998,2,,0.17579561999999999,1.639295619999757,0
1180,A share,0,order shares,511220.SH,2026-02-09,-1,0,,10.261,100,-1700,-1700,0,10.250739,2,,10.804278905999999,28.24797890599981,0
1181,A share,0,order shares,159985.SZ,2026-02-09,-1,0,,1.985,100,-28700,-28700,0,1.9830150000000002,2,,35.28576891,92.25526890999924,0
1182,A share,0,order shares,511380.SH,2026-03-04,-1,0,,14.279,100,-339300,-339300,0,14.264721,2,,3000.812297886,7845.676997885802,0
1183,A share,0,order shares,513080.SH,2026-03-04,1,0,,1.826,100,2685900,2685900,0,1.827826,2,,589.122942408,5493.576342406683,0
1184,A share,0,order shares,513880.SH,2026-03-04,1,0,,1.775,100,1400,1400,0,1.7767749999999998,2,,0.2984982,2.7834981999994852,0
1185,A share,0,order shares,159985.SZ,2026-03-04,-1,0,,2.102,100,-133800,-133800,0,2.099898,2,,174.19913848800002,455.44673848800244,0
1186,A share,0,order shares,511220.SH,2026-03-04,1,0,,10.282,100,300,300,0,10.292281999999998,2,,0.37052215199999994,3.4551221519996034,0
1187,A share,0,order shares,513880.SH,2026-03-19,-1,0,,1.735,100,-2752100,-2752100,0,1.733265,2,,2957.47353603,7732.3670360302385,0
1188,A share,0,order shares,513080.SH,2026-03-19,-1,0,,1.719,100,-2685900,-2685900,0,1.717281,2,,2859.7159234980004,7476.778023497749,0
1189,A share,0,order shares,159985.SZ,2026-03-19,-1,0,,2.244,100,-157600,-157600,0,2.241756,2,,219.046462272,572.7008622719994,0
1190,A share,0,order shares,511220.SH,2026-03-19,-1,0,,10.295,100,-1800,-1800,0,10.284705,2,,11.477730780000002,30.00873077999904,0
1191,A share,0,order shares,513100.SH,2026-03-19,1,0,,1.764,100,2841500,2841500,0,1.765764,2,,602.09020872,5614.496208719909,0
1192,A share,0,order shares,513500.SH,2026-03-19,1,0,,2.259,100,2213400,2213400,0,2.2612589999999995,2,,600.6084804719999,5600.679080471396,0
1193,A share,0,order shares,513500.SH,2026-04-03,-1,0,,2.206,100,-2213400,-2213400,0,2.203794,2,,3024.2841365520003,7907.044536552028,0
1194,A share,0,order shares,511220.SH,2026-04-03,-1,0,,10.321,100,-13900,-13900,0,10.310679,2,,88.85743162200001,232.3193316219948,0
1195,A share,0,order shares,511010.SH,2026-04-03,-1,0,,140.476,100,-900,-900,0,140.335524,2,,78.307222392,204.73562239200433,0
1196,A share,0,order shares,159985.SZ,2026-04-03,1,0,,2.058,100,138900,138900,0,2.0600579999999997,2,,34.33704674399999,320.19324674399104,0
1197,A share,0,order shares,513100.SH,2026-04-03,-1,0,,1.731,100,-16100,-16100,0,1.7292690000000002,2,,17.261563158,45.13066315799989,0
1198,A share,0,order shares,511380.SH,2026-04-03,1,0,,13.666,100,357100,357100,0,13.679666,2,,586.201047432,5466.32964743115,0
1199,A share,0,order shares,159985.SZ,2026-04-21,-1,0,,2.127,100,-2376200,-2376200,0,2.1248729999999996,2,,3130.4563980119997,8184.6337980123935,0
1200,A share,0,order shares,513880.SH,2026-04-21,1,0,,1.876,100,2686900,2686900,0,1.8778759999999997,2,,605.4798029279998,5646.10420292709,0
1201,A share,0,order shares,513100.SH,2026-04-21,-1,0,,1.892,100,-152600,-152600,0,1.890108,2,,178.826898096,467.5460980959923,0
1202,A share,0,order shares,511380.SH,2026-04-21,-1,0,,14.278,100,-2900,-2900,0,14.263722,2,,25.646172156000006,67.05237215599763,0
1203,A share,0,order shares,511220.SH,2026-04-21,1,0,,10.329,100,15600,15600,0,10.339329,2,,19.355223888,180.4876238879806,0
1204,A share,0,order shares,511010.SH,2026-04-21,1,0,,140.734,100,1000,1000,0,140.874734,2,,16.90496808,157.63896807999117,0
1205,A share,0,order shares,511380.SH,2026-05-11,-1,0,,14.534,100,-354200,-354200,0,14.519466000000001,2,,3188.5328114639997,8336.47561146431,0
1206,A share,0,order shares,513100.SH,2026-05-11,-1,0,,2.108,100,-180300,-180300,0,2.105892,2,,235.409243112,615.4816431120046,0
1207,A share,0,order shares,513880.SH,2026-05-11,-1,0,,1.994,100,-51900,-51900,0,1.992006,2,,64.09876906800001,167.58736906799697,0
1208,A share,0,order shares,513500.SH,2026-05-11,1,0,,2.492,100,2104900,2104900,0,2.4944919999999997,2,,630.078745296,5875.489545295946,0
1209,A share,0,order shares,511010.SH,2026-05-11,1,0,,140.911,100,1400,1400,0,141.051911,2,,23.696721047999997,220.9721210479911,0
1210,A share,0,order shares,511220.SH,2026-05-11,1,0,,10.338,100,18500,18500,0,10.348337999999998,2,,22.973310359999992,214.22631035995437,0
1211,A share,0,order shares,513880.SH,2026-05-26,-1,0,,2.066,100,-2635000,-2635000,0,2.0639339999999997,2,,3371.8489758,8815.758975800149,0
1212,A share,0,order shares,513100.SH,2026-05-26,-1,0,,2.185,100,-44800,-44800,0,2.182815,2,,60.62986943999999,158.51786944000628,0
1213,A share,0,order shares,513500.SH,2026-05-26,1,0,,2.529,100,9800,9800,0,2.5315289999999995,2,,2.977078104,27.76127810399703,0
1214,A share,0,order shares,511010.SH,2026-05-26,1,0,,141.23,100,600,600,0,141.37122999999997,2,,10.17872856,94.91672855999786,0
1215,A share,0,order shares,511220.SH,2026-05-26,1,0,,10.366,100,7900,7900,0,10.376365999999999,2,,9.836794968,91.72819496798911,0
1216,A share,0,order shares,511380.SH,2026-05-26,1,0,,14.114,100,378300,378300,0,14.128114,2,,641.359863144,5980.686063143425,0
1217,A share,0,order shares,511380.SH,2026-06-10,-1,0,,13.77,100,-378300,-378300,0,13.75623,2,,3226.4687215800004,8435.659721579643,0
1218,A share,0,order shares,513100.SH,2026-06-10,-1,0,,2.143,100,-2447700,-2447700,0,2.140857,2,,3248.908920918,8494.33002091792,0
1219,A share,0,order shares,513880.SH,2026-06-10,1,0,,2.076,100,2544300,2544300,0,2.078076,2,,634.4698520159999,5916.436652015895,0
1220,A share,0,order shares,513500.SH,2026-06-10,-1,0,,2.515,100,-11500,-11500,0,2.5124850000000003,2,,17.91401805,46.83651805000058,0
1221,A share,0,order shares,511220.SH,2026-06-10,-1,0,,10.36,100,-5300,-5300,0,10.349639999999999,2,,34.00891704,88.91691704000309,0
1222,A share,0,order shares,511010.SH,2026-06-10,-1,0,,141.278,100,-300,-300,0,141.136722,2,,26.251430292,68.6348302919988,0
1223,A share,0,order shares,513080.SH,2026-06-10,1,0,,1.724,100,3059900,3059900,0,1.7257239999999998,2,,633.6651441119999,5908.932744110934,0
1224,A share,0,order shares,513500.SH,2026-06-26,-1,0,,2.482,100,-2103200,-2103200,0,2.479518,2,,3233.2517997120003,8453.394199712246,0
1225,A share,0,order shares,513880.SH,2026-06-26,-1,0,,2.353,100,-234300,-234300,0,2.3506470000000004,2,,341.469087102,892.7769871020143,0
1226,A share,0,order shares,511010.SH,2026-06-26,1,0,,140.721,100,700,700,0,140.861721,2,,11.832384563999998,110.33708456398745,0
1227,A share,0,order shares,511220.SH,2026-06-26,1,0,,10.374,100,13300,13300,0,10.384374,2,,16.573460904,154.54766090400517,0
1228,A share,0,order shares,513080.SH,2026-06-26,1,0,,1.747,100,51200,51200,0,1.7487469999999998,2,,10.744301568,100.19070156798989,0
1229,A share,0,order shares,511380.SH,2026-06-26,1,0,,13.792,100,393400,393400,0,13.805791999999999,2,,651.743828736,6077.516628735699,0
1230,A share,0,order shares,513880.SH,2026-07-13,-1,0,,2.148,100,-2310000,-2310000,0,2.145852,2,,3073.2892344,8035.169234399888,0
1231,A share,0,order shares,513080.SH,2026-07-13,-1,0,,1.73,100,-3111100,-3111100,0,1.72827,2,,3333.6288941400003,8715.831894139747,0
1232,A share,0,order shares,159985.SZ,2026-07-13,1,0,,2.206,100,2408500,2408500,0,2.2082059999999997,2,,638.21569812,5951.366698119789,0
1233,A share,0,order shares,513030.SH,2026-07-13,1,0,,1.78,100,2812800,2812800,0,1.78178,2,,601.41489408,5608.198894078843,0
1234,A share,0,order shares,511380.SH,2026-07-13,-1,0,,13.73,100,-5900,-5900,0,13.71627,2,,50.174115660000005,131.1811156599978,0
1235,A share,0,order shares,511010.SH,2026-07-13,-1,0,,140.775,100,-800,-800,0,140.63422500000001,2,,69.75457560000001,182.37457559999535,0
1236,A share,0,order shares,511220.SH,2026-07-13,-1,0,,10.382,100,-11500,-11500,0,10.371618,2,,73.94963634000001,193.3426363399964,0
