now,currency,cash,frozen_cash,total_returns,daily_returns,daily_pnl,market_value,dividend_receivable,total_value,units,units_net_value,static_unit_net_value,transaction_cost,pnl,start_date,annualized_returns
2016-12-31,CNY,10000000,0,0,0,0,0,0,10000000,0,0,0,0,0,2017-01-01,0
2017-01-03,CNY,15468.416519488574,0,-0.001117018348051002,-0.001117018348051049,-11170.183480510488,9973361.4,0,9988829.81651949,0,0,0,11171.361571366433,-11170.183480510488,2017-01-01,-0.12713978754907818
2017-01-04,CNY,15469.594700075437,0,-8.780052999235455e-05,0.0010303687588675684,10292.178180586547,9983652.4,0,9999121.994700076,0,0,0,11171.361571366433,-878.0052999239415,2017-01-01,-0.007980138379126478
2017-01-05,CNY,15470.772970400607,0,-0.0009108327029598851,-0.000823104441973738,-8230.321729674935,9975420.9,0,9990891.672970401,0,0,0,11171.361571366433,-9108.327029598877,2017-01-01,-0.06435681398604953
2017-01-06,CNY,15471.951330470918,0,-0.0011801248669527364,-0.00026953766771529406,-2692.9216399285942,9972726.8,0,9988198.751330473,0,0,0,11171.361571366433,-11801.248669527471,2017-01-01,-0.06931399399628968
2017-01-09,CNY,15473.129780293206,0,0.001222762978029257,0.0024057269031234714,24028.878449819982,9996754.5,0,10012227.629780293,0,0,0,11171.361571366433,12227.629780292511,2017-01-01,0.050808153655732324
2017-01-10,CNY,15474.308319874306,0,0.0035335108319873854,0.0023079258077245103,23107.478539582342,10019860.8,0,10035335.108319875,0,0,0,11171.361571366433,35335.10831987485,2017-01-01,0.1374009791069306
2017-01-11,CNY,15475.486949221056,0,0.004734408694921921,0.001196669418581641,12008.978629345074,10031868.6,0,10047344.08694922,0,0,0,11171.361571366433,47344.08694921993,2017-01-01,0.16967458669675217
2017-01-12,CNY,15476.665668340293,0,0.005990806566833928,0.001250477599890173,12563.978719118983,10044431.399999999,0,10059908.065668339,0,0,0,11171.361571366433,59908.06566833891,2017-01-01,0.1992264370371708
2017-01-13,CNY,15477.844477238854,0,0.0034089744477239226,-0.0025664569718297065,-25818.321191100404,10018611.9,0,10034089.744477239,0,0,0,11171.361571366433,34089.744477238506,2017-01-01,0.10026464881558805
2017-01-16,CNY,15479.023375923578,0,0.00663304233759221,0.0032131144647604875,32240.67889868468,10050851.4,0,10066330.423375923,0,0,0,11171.361571366433,66330.42337592319,2017-01-01,0.16278343390247607
2017-01-17,CNY,15480.202364401302,0,0.0035494002364402366,-0.003063322950328806,-30836.42101152055,10020013.8,0,10035494.002364403,0,0,0,11171.361571366433,35494.00236440264,2017-01-01,0.07904110855466895
2017-01-18,CNY,10786.20526915809,0,0.003932440526915659,0.0003816855357446326,3830.4029047545046,10028538.2,0,10039324.405269157,0,0,0,11327.680155336424,39324.40526915714,2017-01-01,0.08283735456871621
2017-01-19,CNY,10787.026820455085,0,0.0016733226820453417,-0.0022502687966578826,-22591.17844870314,10005946.2,0,10016733.226820454,0,0,0,11327.680155336424,16733.226820454,2017-01-01,0.03263991189547055
2017-01-20,CNY,10787.848434327056,0,0.0038454348434326935,0.002168483588612848,21721.12161387317,10027666.5,0,10038454.348434327,0,0,0,11327.680155336424,38454.34843432717,2017-01-01,0.07255601197766581
2017-01-23,CNY,10788.670110778769,0,0.006136637011078028,0.0022824252500611673,22912.02167645283,10050577.700000001,0,10061366.37011078,0,0,0,11327.680155336424,61366.37011078,2017-01-01,0.10195752627924715
2017-01-24,CNY,10789.491849814991,0,0.005019569184981476,-0.0011102545966470236,-11170.678260965273,10039406.2,0,10050195.691849815,0,0,0,11327.680155336424,50195.69184981473,2017-01-01,0.0791226230951747
2017-01-25,CNY,10790.313651440487,0,0.006058661365144102,0.0010339024353578686,10390.921801626682,10049796.3,0,10060586.613651441,0,0,0,11327.680155336424,60586.61365144141,2017-01-01,0.09219514930984829
2017-01-26,CNY,10791.135515660026,0,0.01543390355156582,0.009318782836877756,93752.42186421715,10143547.899999999,0,10154339.035515659,0,0,0,11327.680155336424,154339.03551565856,2017-01-01,0.23987832525319575
2017-01-27,CNY,10791.957442478375,0,0.015433985744247813,8.094340914616128e-08,0.8219268191605806,10143547.899999999,0,10154339.857442478,0,0,0,11327.680155336424,154339.85744247772,2017-01-01,0.2300451678477895
2017-01-30,CNY,10792.779431900302,0,0.01543406794318991,8.094956760768016e-08,0.8219894208014011,10143547.899999999,0,10154340.679431899,0,0,0,11327.680155336424,154340.67943189852,2017-01-01,0.20484001003222296
2017-01-31,CNY,10793.601483930577,0,0.015434150148392778,8.095572680143654e-08,0.8220520298928022,10143547.899999999,0,10154341.501483928,0,0,0,11327.680155336424,154341.5014839284,2017-01-01,0.19762035790974086
2017-02-01,CNY,10794.423598573967,0,0.015434232359857303,8.096188654399668e-08,0.8221146445721388,10143547.899999999,0,10154342.323598573,0,0,0,11327.680155336424,154342.32359857298,2017-01-01,0.1908912294145555
2017-02-02,CNY,10795.24577583524,0,0.015434314577583486,8.09680464684936e-08,0.8221772611141205,10143547.899999999,0,10154343.145775834,0,0,0,11327.680155336424,154343.1457758341,2017-01-01,0.1846043724012576
2017-02-03,CNY,10796.068015719165,0,0.012493596801571805,-0.0028960196969855232,-29407.177760116756,10114139.899999999,0,10124935.968015717,0,0,0,11327.680155336424,124935.96801571734,2017-01-01,0.14258302882568175
2017-02-06,CNY,10796.890318230515,0,0.013871839031822875,0.0013612355027281745,13782.422302512452,10127921.5,0,10138718.39031823,0,0,0,11327.680155336424,138718.3903182298,2017-01-01,0.145571188239084
2017-02-07,CNY,10797.712683374059,0,0.011983271268337425,-0.0018627282963979194,-18885.677634855732,10109035.0,0,10119832.712683374,0,0,0,11327.680155336424,119832.71268337406,2017-01-01,0.12122101385078876
2017-02-08,CNY,10798.535111154566,0,0.013214553511115446,0.0012167021706148769,12312.822427781299,10121347.0,0,10132145.535111155,0,0,0,11327.680155336424,132145.53511115536,2017-01-01,0.13073135817441783
2017-02-09,CNY,10951.28257141873,0,0.014192068257141921,0.000964765796779091,9775.147460263222,10130969.4,0,10141920.682571419,0,0,0,17078.06675626023,141920.68257141858,2017-01-01,0.13722634933708977
2017-02-10,CNY,10952.116696134122,0,0.01612793166961346,0.0019087739621138989,19358.634124716744,10150327.200000001,0,10161279.316696135,0,0,0,17078.06675626023,161279.31669613533,2017-01-01,0.15307515442999442
2017-02-13,CNY,10952.95088438217,0,0.018409095088438132,0.002244956907223668,22811.634188245982,10173138.0,0,10184090.950884381,0,0,0,17078.06675626023,184090.9508843813,2017-01-01,0.16337258160939516
2017-02-14,CNY,10953.78513616771,0,0.01823507851361672,-0.00017087099443698843,-1740.1657482143492,10171397.0,0,10182350.785136167,0,0,0,17078.06675626023,182350.78513616696,2017-01-01,0.1578610438399839
2017-02-15,CNY,10954.61945149558,0,0.019629861945149596,0.0013698049310664566,13947.834315327927,10185344.0,0,10196298.619451495,0,0,0,17078.06675626023,196298.6194514949,2017-01-01,0.16678212902207767
2017-02-16,CNY,10955.453830370623,0,0.021858675383037207,0.002185904435591699,22288.134378876537,10207631.3,0,10218586.753830371,0,0,0,17078.06675626023,218586.75383037142,2017-01-01,0.18284771586573534
2017-02-17,CNY,10956.28827279768,0,0.021553168827279867,-0.00029897143618493223,-3055.0655575729907,10204575.4,0,10215531.688272798,0,0,0,17078.06675626023,215531.68827279843,2017-01-01,0.17603974623227825
2017-02-20,CNY,10957.122778781588,0,0.023356202277877935,0.0017649922741348112,18030.334505980834,10222604.899999999,0,10233562.02277878,0,0,0,17078.06675626023,233562.02277877927,2017-01-01,0.17967022463327464
2017-02-21,CNY,10957.957348327189,0,0.02388850573483281,0.0005201546204244383,5323.034569548443,10227927.1,0,10238885.057348328,0,0,0,17078.06675626023,238885.0573483277,2017-01-01,0.1802277992595549
2017-02-22,CNY,10958.791981439324,0,0.028872709198143998,0.004867916218801775,49842.03463311307,10277768.3,0,10288727.09198144,0,0,0,17078.06675626023,288727.0919814408,2017-01-01,0.21655599251558155
2017-02-23,CNY,10959.626678122837,0,0.030035502667812075,0.0011301626131907231,11627.934696679935,10289395.399999999,0,10300355.02667812,0,0,0,17078.06675626023,300355.0266781207,2017-01-01,0.22143767367439415
2017-02-24,CNY,13521.2578639613,0,0.0315973757863961,0.0015163294027621013,15618.731185840443,10302452.5,0,10315973.757863961,0,0,0,22818.565363628146,315973.75786396116,2017-01-01,0.22930257242477237
2017-02-27,CNY,13522.287735603639,0,0.02944056877356016,-0.0020907449587022615,-21568.0701283589,10280883.399999999,0,10294405.687735602,0,0,0,22818.565363628146,294405.68773560226,2017-01-01,0.20033136204319835
2017-02-28,CNY,13523.317685688058,0,0.03059109176856878,0.001117619637216378,11505.229950085282,10292387.6,0,10305910.917685688,0,0,0,22818.565363628146,305910.91768568754,2017-01-01,0.204919795561612
2017-03-01,CNY,13524.347714220532,0,0.03173193477142222,0.0011069792975753239,11408.430028533563,10303795.0,0,10317319.347714221,0,0,0,22818.565363628146,317319.3477142211,2017-01-01,0.20929376165094493
2017-03-02,CNY,13525.377821207037,0,0.04723548778212061,0.015026725923854796,155035.53010698594,10458829.5,0,10472354.877821207,0,0,0,22818.565363628146,472354.87782120705,2017-01-01,0.31806706634421245
2017-03-03,CNY,13526.408006653548,0,0.0453504208006652,-0.0018000411592695082,-18850.669814554974,10439977.799999999,0,10453504.208006652,0,0,0,22818.565363628146,453504.2080066521,2017-01-01,0.29836458211394246
2017-03-06,CNY,13527.438270566041,0,0.05496033382705656,0.009193006321297333,96099.13026391342,10536075.9,0,10549603.338270565,0,0,0,22818.565363628146,549603.3382705655,2017-01-01,0.3504540458964365
2017-03-07,CNY,13528.468612950492,0,0.04536019686129511,-0.009099998035883789,-96001.3696576152,10440073.5,0,10453601.96861295,0,0,0,22818.565363628146,453601.9686129503,2017-01-01,0.2780463262768458
2017-03-08,CNY,13529.49903381288,0,0.0391754099033812,-0.005916417112956578,-61847.869579138234,10378224.6,0,10391754.099033812,0,0,0,22818.565363628146,391754.09903381206,2017-01-01,0.23286899762469115
2017-03-09,CNY,13530.529533159179,0,0.03258639295331589,-0.006340620541317363,-65890.1695006527,10312333.4,0,10325863.92953316,0,0,0,22818.565363628146,325863.92953315936,2017-01-01,0.1878237048860958
2017-03-10,CNY,13531.56011099537,0,0.03684187601109956,0.0041211883933627794,42554.83057783544,10354887.2,0,10368418.760110995,0,0,0,22818.565363628146,368418.7601109948,2017-01-01,0.21092432173896536
2017-03-13,CNY,11226.929040610052,0,0.04186687290406099,0.004846444775449727,50249.96892961487,10407441.799999999,0,10418668.72904061,0,0,0,34443.65148872581,418668.7290406097,2017-01-01,0.23111353978807947
2017-03-14,CNY,11227.784160449182,0,0.044307578416044935,0.0023426270433005623,24407.05511984043,10431848.0,0,10443075.78416045,0,0,0,34443.65148872581,443075.7841604501,2017-01-01,0.24205877723148728
2017-03-15,CNY,11228.639345420099,0,0.04143236393454197,-0.0027532257171435483,-28752.144815029576,10403095.0,0,10414323.63934542,0,0,0,34443.65148872581,414323.6393454205,2017-01-01,0.22169855644909964
2017-03-16,CNY,11229.494595527762,0,0.05115274945955273,0.00933366953211152,97203.85525010712,10500298.0,0,10511527.494595528,0,0,0,34443.65148872581,511527.49459552765,2017-01-01,0.27479507111641666
2017-03-17,CNY,11230.349910777133,0,0.045830654991077635,-0.005063102837538572,-53220.94468475133,10447076.2,0,10458306.549910776,0,0,0,34443.65148872581,458306.5499107763,2017-01-01,0.2401259016181445
2017-03-20,CNY,11231.205291173173,0,0.0474179205291172,0.0015177079869141518,15872.655380396172,10462948.0,0,10474179.205291172,0,0,0,34443.65148872581,474179.2052911725,2017-01-01,0.23868105131241246
2017-03-21,CNY,11232.060736720847,0,0.05032482207367206,0.002775302472471011,29069.01544554904,10492016.16,0,10503248.220736722,0,0,0,34443.65148872581,503248.22073672153,2017-01-01,0.25109145584144055
2017-03-22,CNY,11232.916247425113,0,0.039719430824742386,-0.010097248990070808,-106053.91248929687,10385961.391999999,0,10397194.308247425,0,0,0,34443.65148872581,397194.30824742466,2017-01-01,0.19186520811909813
2017-03-23,CNY,11233.771823290937,0,0.038804525982329086,-0.0008799535867937641,-9149.048424134031,10376811.488,0,10388045.25982329,0,0,0,34443.65148872581,388045.25982329063,2017-01-01,0.18466544449980482
2017-03-24,CNY,11234.627464323281,0,0.038855968346432235,4.952073543818568e-05,514.423641031608,10377325.056,0,10388559.683464322,0,0,0,34443.65148872581,388559.68346432224,2017-01-01,0.18250667270375587
2017-03-27,CNY,11235.483170527108,0,0.0358557947170528,-0.002887959178936898,-30001.736293794587,10347322.464,0,10358557.947170528,0,0,0,34443.65148872581,358557.94717052765,2017-01-01,0.1612696481173992
2017-03-28,CNY,15.276269661588818,0,0.03919645762696611,0.0032250270037112276,33406.62909913249,10391949.299999999,0,10391964.57626966,0,0,0,40180.75955304786,391964.57626966015,2017-01-01,0.17504200348732124
2017-03-29,CNY,15.277433206954454,0,0.03904495774332051,-0.00014578560438067179,-1514.998836454004,10390434.299999999,0,10390449.577433206,0,0,0,40180.75955304786,390449.57743320614,2017-01-01,0.1721810664680583
2017-03-30,CNY,15.278596840943678,0,0.03626577785968399,-0.002674744593990019,-27791.798836365342,10362642.5,0,10362657.77859684,0,0,0,40180.75955304786,362657.7785968408,2017-01-01,0.1573084473002182
2017-03-31,CNY,15.279760563563238,0,0.03837826197605643,0.0020385543569097016,21124.8411637228,10383767.34,0,10383782.619760564,0,0,0,40180.75955304786,383782.6197605636,2017-01-01,0.16501359907231739
2017-04-03,CNY,15.280924374819888,0,0.03837826209243733,1.1207962783688605e-10,0.0011638104915618896,10383767.34,0,10383782.620924374,0,0,0,40180.75955304786,383782.6209243741,2017-01-01,0.15928785349059238
2017-04-04,CNY,15.282088274720376,0,0.03837826220882734,1.120882380745988e-10,0.0011638998985290527,10383767.34,0,10383782.622088274,0,0,0,40180.75955304786,383782.622088274,2017-01-01,0.15746641849911103
2017-04-05,CNY,15.283252263271455,0,0.04180264832522629,0.003297821459700584,34243.86116398871,10418011.2,0,10418026.483252263,0,0,0,40180.75955304786,418026.4832522627,2017-01-01,0.17039807370212068
2017-04-06,CNY,15.284416340479877,0,0.041516438441633996,-0.00027472562490830774,-2862.0988359227777,10415149.1,0,10415164.38441634,0,0,0,40180.75955304786,415164.3844163399,2017-01-01,0.16726131953735157
2017-04-07,CNY,15.285580506352396,0,0.04386996055805059,0.002259707124678842,23535.221164166927,10438684.32,0,10438699.605580507,0,0,0,40180.75955304786,438699.60558050685,2017-01-01,0.17534209014917246
2017-04-10,CNY,15.286744760895765,0,0.04313468467447601,-0.0007043749809427477,-7352.758835747838,10431331.559999999,0,10431346.846744759,0,0,0,40180.75955304786,431346.846744759,2017-01-01,0.1666548997330528
2017-04-11,CNY,15.287909104116736,0,0.04223241879091044,-0.0008649562677010131,-9022.658835655078,10422308.9,0,10422324.187909104,0,0,0,40180.75955304786,422324.18790910393,2017-01-01,0.16123868193597124
2017-04-12,CNY,15.289073536022064,0,0.043594781707353425,0.0013071584532206321,13623.629164431244,10435932.527999999,0,10435947.817073535,0,0,0,40180.75955304786,435947.8170735352,2017-01-01,0.16497103674270197
2017-04-13,CNY,15.290238056618506,0,0.046628901823805746,0.002907373790704676,30341.201164521277,10466273.728,0,10466289.018238056,0,0,0,40180.75955304786,466289.01823805645,2017-01-01,0.17527436121682927
2017-04-14,CNY,32094.32487739604,0,0.04531846568773967,-0.0012520542226404016,-13104.361360659823,10421090.332,0,10453184.656877397,0,0,0,40324.86925121386,453184.6568773966,2017-01-01,0.16830237907545476
2017-04-17,CNY,32096.769401078953,0,0.04275929694010783,-0.002448219209394809,-25591.68747631833,10395496.2,0,10427592.969401078,0,0,0,40324.86925121386,427592.9694010783,2017-01-01,0.1535323366150021
2017-04-18,CNY,32099.214110953537,0,0.041356119411095404,-0.0013456389534285832,-14031.775290124118,10381461.98,0,10413561.194110954,0,0,0,40324.86925121386,413561.1941109542,2017-01-01,0.1467771372304616
2017-04-19,CNY,32101.659007033977,0,0.03228331350070324,-0.008712491088565295,-90728.05910392106,10290731.476,0,10322833.135007033,0,0,0,40324.86925121386,322833.1350070331,2017-01-01,0.11226263964038452
2017-04-20,CNY,32104.104089334454,0,0.033471518408933365,0.0011510453503318651,11882.049082301557,10302611.08,0,10334715.184089335,0,0,0,40324.86925121386,334715.1840893347,2017-01-01,0.11543704461812077
2017-04-21,CNY,32106.549357869153,0,0.03242858333578691,-0.001009157054228483,-10429.350731465966,10292179.284,0,10324285.833357869,0,0,0,40324.86925121386,324285.8333578687,2017-01-01,0.11064621396424323
2017-04-24,CNY,32108.994812652258,0,0.035262889481265214,0.0027452805852398445,28343.061454784125,10320519.9,0,10352628.894812653,0,0,0,40324.86925121386,352628.89481265284,2017-01-01,0.11734804387097819
2017-04-25,CNY,32111.440453697953,0,0.044826080445369954,0.009237451724842947,95631.90964104608,10416149.364,0,10448260.804453699,0,0,0,40324.86925121386,448260.8044536989,2017-01-01,0.1493280736430891
2017-04-26,CNY,32113.886281020426,0,0.04104413742810209,-0.0036196866522088624,-37819.43017267808,10378327.488,0,10410441.37428102,0,0,0,40324.86925121386,410441.37428102084,2017-01-01,0.13492604188490454
2017-04-27,CNY,32116.332294633867,0,0.04151233722946346,0.0004497405869054327,4681.998013613746,10383007.040000001,0,10415123.372294635,0,0,0,40324.86925121386,415123.3722946346,2017-01-01,0.13529035266659828
2017-04-28,CNY,32118.778494552465,0,0.04323815384945506,0.0016570294544782428,17258.166199916974,10400262.76,0,10432381.538494552,0,0,0,40324.86925121386,432381.53849455155,2017-01-01,0.13989303050870605
2017-05-01,CNY,32121.22488079041,0,0.04323839848807909,2.3449930675302996e-07,2.4463862385600805,10400262.76,0,10432383.98488079,0,0,0,40324.86925121386,432383.9848807901,2017-01-01,0.13619939018906635
2017-05-02,CNY,13126.738842509614,0,0.037620073884250926,-0.00538546569218545,-56183.24603828043,10363074.0,0,10376200.73884251,0,0,0,46131.15503571772,376200.7388425097,2017-01-01,0.11682115840511553
2017-05-03,CNY,13127.738664880158,0,0.03690345706648834,-0.0006906350752063833,-7166.168177627027,10355906.832000002,0,10369034.570664883,0,0,0,46131.15503571772,369034.57066488266,2017-01-01,0.11353315351846871
2017-05-04,CNY,13128.738563404024,0,0.032355620656340456,-0.004385978635864715,-45478.36410147883,10310427.468,0,10323556.206563404,0,0,0,46131.15503571772,323556.20656340383,2017-01-01,0.09826537574936234
2017-05-05,CNY,13129.738538087013,0,0.03491698065380855,0.0024810830165673146,25613.599974682555,10336040.068,0,10349169.806538086,0,0,0,46131.15503571772,349169.8065380864,2017-01-01,0.10541180282973661
2017-05-08,CNY,13130.738588934924,0,0.04080085705889358,0.005685360772965326,58838.76405084878,10394877.832,0,10408008.570588935,0,0,0,46131.15503571772,408008.57058893517,2017-01-01,0.12079172107566238
2017-05-09,CNY,13131.738715953561,0,0.04141658467159526,0.0005915902245139703,6157.2761270180345,10401034.108,0,10414165.846715953,0,0,0,46131.15503571772,414165.8467159532,2017-01-01,0.12167681168281796
2017-05-10,CNY,13132.738919148724,0,0.04233141389191486,0.0008784469479214463,9148.292203195393,10410181.4,0,10423314.138919149,0,0,0,46131.15503571772,423314.1389191486,2017-01-01,0.123452775045376
2017-05-11,CNY,13133.739198526215,0,0.04564890391985266,0.0031827593256072207,33174.90027937852,10443355.3,0,10456489.039198527,0,0,0,46131.15503571772,456489.0391985271,2017-01-01,0.1324371585402464
2017-05-12,CNY,13134.739554091837,0,0.038556619955409266,-0.006782662840133388,-70922.83964443393,10372431.46,0,10385566.199554093,0,0,0,46131.15503571772,385566.1995540932,2017-01-01,0.1102785065657037
2017-05-15,CNY,13135.739985851393,0,0.04215459079858541,0.0034643954638991802,35979.70843175985,10408410.168000001,0,10421545.907985853,0,0,0,46131.15503571772,421545.90798585303,2017-01-01,0.11810659601141715
2017-05-16,CNY,13136.740493810687,0,0.04216115204938098,6.295851741709907e-06,65.61250795610249,10408474.78,0,10421611.52049381,0,0,0,46131.15503571772,421611.52049380913,2017-01-01,0.11720804282829445
2017-05-17,CNY,11781.83222852132,0,0.0377425996228522,-0.004239797672212003,-44185.524265287444,10365644.164,0,10377425.996228522,0,0,0,51976.860617729646,377425.9962285217,2017-01-01,0.10373946787136434
2017-05-18,CNY,11782.729613589265,0,0.028479102961358915,-0.008926584169195544,-92634.96661493182,10273008.3,0,10284791.02961359,0,0,0,51976.860617729646,284791.02961358987,2017-01-01,0.07710028199793073
2017-05-19,CNY,11783.627067008205,0,0.02968121870670104,0.0011688285565361932,12021.15745341964,10285028.56,0,10296812.18706701,0,0,0,51976.860617729646,296812.1870670095,2017-01-01,0.0798321424211863
2017-05-22,CNY,11784.524588783346,0,0.03751033245887858,0.0076034345484236945,78291.13752177544,10363318.8,0,10375103.324588785,0,0,0,51976.860617729646,375103.32458878495,2017-01-01,0.0992774109628507
2017-05-23,CNY,11785.422178919895,0,0.040244425817892004,0.0026352444630924443,27340.933590134606,10390658.836,0,10402444.25817892,0,0,0,51976.860617729646,402444.25817891955,2017-01-01,0.10595435438529544
2017-05-24,CNY,11786.319837423058,0,0.038139871983742246,-0.0020231339692062364,-21045.53834149614,10369612.4,0,10381398.719837423,0,0,0,51976.860617729646,381398.7198374234,2017-01-01,0.09952249358603726
2017-05-25,CNY,11787.217564298044,0,0.04029959175642972,0.0020803745535372233,21597.19772687368,10391208.7,0,10402995.917564297,0,0,0,51976.860617729646,402995.9175642971,2017-01-01,0.10456659559375736
2017-05-26,CNY,11788.11535955006,0,0.04410433953595505,0.003657357755088178,38047.47779525444,10429255.280000001,0,10441043.395359552,0,0,0,51976.860617729646,441043.39535955153,2017-01-01,0.11393474921840974
2017-05-29,CNY,11789.013223184313,0,0.044104429322318506,8.599366939991193e-08,0.8978636339306831,10429255.280000001,0,10441044.293223185,0,0,0,51976.860617729646,441044.29322318546,2017-01-01,0.11151763770422662
2017-05-30,CNY,11789.911155206013,0,0.04410451911552071,8.60002118303573e-08,0.8979320209473372,10429255.280000001,0,10441045.191155206,0,0,0,51976.860617729646,441045.1911552064,2017-01-01,0.11073470169917554
2017-05-31,CNY,11790.809155620367,0,0.041317282515562104,-0.0026694996036600045,-27872.365999585018,10401382.016,0,10413172.825155621,0,0,0,51976.860617729646,413172.8251556214,2017-01-01,0.10281366335585163
2017-06-01,CNY,11791.707224432586,0,0.0403459711224432,-0.0009327717972495154,-9713.113931190223,10391668.003999999,0,10403459.711224431,0,0,0,51976.860617729646,403459.7112244312,2017-01-01,0.09963688145838412
2017-06-02,CNY,11792.60536164788,0,0.049129600536164775,0.008442988830191686,87836.2941372171,10479503.4,0,10491296.005361648,0,0,0,51976.860617729646,491296.0053616483,2017-01-01,0.12121896050024783
2017-06-05,CNY,8803.31247422216,0,0.055090038047422185,0.005681316691675969,59604.37511257455,10542097.068,0,10550900.380474223,0,0,0,57865.123974683396,550900.3804742228,2017-01-01,0.13368267833852898
2017-06-06,CNY,8803.982994817734,0,0.049608361099481746,-0.005195458918449321,-54816.769479405135,10487279.628,0,10496083.610994818,0,0,0,57865.123974683396,496083.6109948177,2017-01-01,0.1191417084377413
2017-06-07,CNY,8804.65356648475,0,0.04604676935664864,-0.003393257785315582,-35615.91742833145,10451663.040000001,0,10460467.693566486,0,0,0,57865.123974683396,460467.69356648624,2017-01-01,0.10959763306294779
2017-06-08,CNY,8805.3241892271,0,0.04533520641892297,-0.0006802400796699954,-7115.629377257079,10444546.740000002,0,10453352.06418923,0,0,0,57865.123974683396,453352.06418922916,2017-01-01,0.1071413090620652
2017-06-09,CNY,8805.994863048672,0,0.04494146548630473,-0.00037666475806066754,-3937.4093261808157,10440608.66,0,10449414.654863048,0,0,0,57865.123974683396,449414.65486304834,2017-01-01,0.10548674875950814
2017-06-12,CNY,8806.665587953357,0,0.04184108055879543,-0.002967041724262005,-31003.849275093526,10409604.14,0,10418410.805587955,0,0,0,57865.123974683396,418410.8055879548,2017-01-01,0.09613035632337308
2017-06-13,CNY,8807.336363945047,0,0.04005644043639456,-0.001712967702755367,-17846.401224009693,10391757.068,0,10400564.404363945,0,0,0,57865.123974683396,400564.4043639451,2017-01-01,0.09134489207720287
2017-06-14,CNY,8808.007191027633,0,0.04169436391910275,0.0015748409596127383,16379.234827082604,10408135.632,0,10416943.639191028,0,0,0,57865.123974683396,416943.63919102773,2017-01-01,0.09457046631953969
2017-06-15,CNY,8808.678069205005,0,0.03650914780692038,-0.004977675114487774,-51852.16112182289,10356282.8,0,10365091.478069205,0,0,0,57865.123974683396,365091.47806920484,2017-01-01,0.08203708006546728
2017-06-16,CNY,8809.348998481057,0,0.035417719699848194,-0.0010529845389030145,-10914.281070722267,10345367.848000001,0,10354177.196998483,0,0,0,57865.123974683396,354177.19699848257,2017-01-01,0.07903883308738302
2017-06-19,CNY,8810.019978859678,0,0.039012551997886113,0.003471866696544337,35948.32298037782,10381315.5,0,10390125.51997886,0,0,0,57865.123974683396,390125.5199788604,2017-01-01,0.08563996603292034
2017-06-20,CNY,216.25238101887163,0,0.042470815638101955,0.003328413726635161,34582.63640215993,10424491.904000001,0,10424708.15638102,0,0,0,69323.90804253283,424708.1563810203,2017-01-01,0.0928422059745233
2017-06-21,CNY,216.26885228190352,0,0.04170970768522819,-0.0007301000099536628,-7611.079528737813,10416880.808,0,10417097.076852283,0,0,0,69323.90804253283,417097.0768522825,2017-01-01,0.09058663806039036
2017-06-22,CNY,216.28532479949968,0,0.04184608133247991,0.0001309132921058781,1363.736472517252,10418244.528,0,10418460.8133248,0,0,0,69323.90804253283,418460.81332479976,2017-01-01,0.09034121732097966
2017-06-23,CNY,216.30179857175563,0,0.042546694579856936,0.0006724728920427442,7006.132473770529,10425250.644,0,10425466.94579857,0,0,0,69323.90804253283,425466.9457985703,2017-01-01,0.0913372626984823
2017-06-26,CNY,216.31827359876695,0,0.04577569702735995,0.003097225730310479,32290.02447502874,10457540.652,0,10457756.970273599,0,0,0,69323.90804253283,457756.970273599,2017-01-01,0.0966931607014061
2017-06-27,CNY,216.3347498806292,0,0.04762457747498816,0.0017679512469869452,18488.804476281628,10476029.44,0,10476245.77474988,0,0,0,69323.90804253283,476245.77474988066,2017-01-01,0.10010209677945303
2017-06-28,CNY,216.351227417438,0,0.045269003122741625,-0.0022484909221238423,-23555.743522463366,10452473.68,0,10452690.031227417,0,0,0,69323.90804253283,452690.0312274173,2017-01-01,0.0944806288412583
2017-06-29,CNY,216.36770620928888,0,0.04488745717062104,-0.00036502178002114965,-3815.4595212079585,10448658.204,0,10448874.57170621,0,0,0,69323.90804253283,448874.57170620933,2017-01-01,0.09312226609773266
2017-06-30,CNY,216.38418625627747,0,0.044215238418625624,-0.0006433408185562114,-6722.187519952655,10441936.0,0,10442152.384186257,0,0,0,69323.90804253283,442152.3841862567,2017-01-01,0.09116767087137734
2017-07-03,CNY,216.40066755849935,0,0.0448910236667559,0.0006471704522849199,6757.852481301874,10448693.836,0,10448910.236667559,0,0,0,69323.90804253283,448910.23666755855,2017-01-01,0.09101584112524108
2017-07-04,CNY,216.41715011605012,0,0.04472165011501139,-0.00016209685786182688,-1693.735517444089,10447000.083999999,0,10447216.501150114,0,0,0,69323.90804253283,447216.50115011446,2017-01-01,0.09015351659873994
2017-07-05,CNY,3496.4295472982167,0,0.04860626095472975,0.0037183213722916,38846.10839718394,10482566.18,0,10486062.609547298,0,0,0,69627.3619370988,486062.6095472984,2017-01-01,0.09761278146352126
2017-07-06,CNY,3496.695859328978,0,0.05701359158593289,0.008017623911141207,84073.30631203018,10566639.219999999,0,10570135.915859329,0,0,0,69627.3619370988,570135.9158593286,2017-01-01,0.11430014086970153
2017-07-07,CNY,3496.9621916438878,0,0.06238283941916434,0.005079639349930683,53692.47833231464,10620331.432,0,10623828.394191643,0,0,0,69627.3619370988,623828.3941916432,2017-01-01,0.12466808980580502
2017-07-10,CNY,3497.228544244492,0,0.05734828565442451,-0.004738926098893273,-50345.53764739819,10569985.628,0,10573482.856544245,0,0,0,69627.3619370988,573482.856544245,2017-01-01,0.11245024581655683
2017-07-11,CNY,3497.4949171323346,0,0.05329428829171312,-0.0038341173080941255,-40539.973627112806,10529445.388,0,10532942.882917132,0,0,0,69627.3619370988,532942.8829171322,2017-01-01,0.10374303149027564
2017-07-12,CNY,3497.761310308962,0,0.05210892213103091,-0.0011253893369199827,-11853.661606822163,10517591.46,0,10521089.22131031,0,0,0,69627.3619370988,521089.22131031007,2017-01-01,0.10083193433269888
2017-07-13,CNY,3498.0277237759187,0,0.06115829437237763,0.008601174318546179,90493.72241346724,10608084.916000001,0,10611582.943723777,0,0,0,69627.3619370988,611582.9437237773,2017-01-01,0.11815995261809031
2017-07-14,CNY,3498.2941575347504,0,0.0596432894157537,-0.001427689878747212,-15150.049566240981,10592934.600000001,0,10596432.894157536,0,0,0,69627.3619370988,596432.8941575363,2017-01-01,0.11453518335328616
2017-07-17,CNY,3498.5606115870028,0,0.05803905806115872,-0.00151393527484092,-16042.313545949757,10576892.02,0,10580390.580611587,0,0,0,69627.3619370988,580390.5806115866,2017-01-01,0.10960211437135015
2017-07-18,CNY,3498.8270859342215,0,0.0690623551085936,0.010418610696314903,110232.97047434933,10687124.724000001,0,10690623.551085936,0,0,0,69627.3619370988,690623.5510859359,2017-01-01,0.13030728098243216
2017-07-19,CNY,3499.0935805779523,0,0.07703490335805796,0.007457514719667084,79725.48249464296,10766849.940000001,0,10770349.033580579,0,0,0,69627.3619370988,770349.0335805789,2017-01-01,0.14503653547791817
2017-07-20,CNY,8402.092234870941,0,0.07564413442348705,-0.0012912942099040346,-13907.689345708117,10748039.252,0,10756441.34423487,0,0,0,75906.0031949788,756441.3442348707,2017-01-01,0.14158349441354434
2017-07-21,CNY,8402.73219578405,0,0.07651545201957832,0.0008100426230261961,8713.175960911438,10756751.787999999,0,10765154.520195782,0,0,0,75906.0031949788,765154.5201957822,2017-01-01,0.14250577762516659
2017-07-24,CNY,8403.372205440968,0,0.08014027122054412,0.003367178050408537,36248.192009659484,10792999.34,0,10801402.712205442,0,0,0,75906.0031949788,801402.7122054417,2017-01-01,0.14712571021876442
2017-07-25,CNY,8404.012263845407,0,0.07082729042638469,-0.008622010531683967,-93129.80794159509,10699868.892,0,10708272.904263847,0,0,0,75906.0031949788,708272.9042638466,2017-01-01,0.12890712688356643
2017-07-26,CNY,8404.652371001079,0,0.0752893804371002,0.00416695582061486,44620.90010715462,10744489.152,0,10752893.804371001,0,0,0,75906.0031949788,752893.8043710012,2017-01-01,0.13654906598815675
2017-07-27,CNY,8405.292526911697,0,0.07050062965269133,-0.0044534530625256015,-47887.5078440886,10696601.004,0,10705006.296526913,0,0,0,75906.0031949788,705006.2965269126,2017-01-01,0.1269881958100063
2017-07-28,CNY,8405.932731580975,0,0.07395157287315812,0.0032236722939495547,34509.43220466934,10731109.796,0,10739515.728731582,0,0,0,75906.0031949788,739515.7287315819,2017-01-01,0.13269252137560228
2017-07-31,CNY,8406.572985012628,0,0.07883562329850147,0.004547738043976084,48840.504253432155,10779949.660000002,0,10788356.232985014,0,0,0,75906.0031949788,788356.2329850141,2017-01-01,0.13956483915143614
2017-08-01,CNY,8407.213287210368,0,0.07590217452872117,-0.00271908778912151,-29334.487697802484,10750614.532000002,0,10759021.745287212,0,0,0,75906.0031949788,759021.7452872116,2017-01-01,0.13356472341967307
2017-08-02,CNY,8407.853638177912,0,0.07958703056381777,0.0034248987708484307,36848.56035096571,10787462.452,0,10795870.305638177,0,0,0,75906.0031949788,795870.3056381773,2017-01-01,0.1395267148418391
2017-08-03,CNY,8408.494037918972,0,0.08120726940379197,0.0015007950207850122,16202.388399742544,10803664.200000001,0,10812072.69403792,0,0,0,75906.0031949788,812072.6940379199,2017-01-01,0.14173777149696165
2017-08-04,CNY,18228.913431575613,0,0.0818772433431576,0.0006196535653473394,6699.739393655211,10800543.52,0,10818772.433431575,0,0,0,87958.2721345225,818772.4334315751,2017-01-01,0.14223237814094714
2017-08-07,CNY,18230.30187052136,0,0.08297216218705206,0.0010120546028967023,10949.188438946381,10811491.32,0,10829721.621870521,0,0,0,87958.2721345225,829721.6218705215,2017-01-01,0.14207727146934102
2017-08-08,CNY,18231.69041522013,0,0.08267765504152202,-0.00027194341259466657,-2945.071455301717,10808544.86,0,10826776.55041522,0,0,0,87958.2721345225,826776.5504152197,2017-01-01,0.14087290320500023
2017-08-09,CNY,18233.07906567998,0,0.0804037743065682,-0.0021002379834528283,-22738.80734953843,10785804.664,0,10804037.743065681,0,0,0,87958.2721345225,804037.7430656813,2017-01-01,0.13624044358380516
2017-08-10,CNY,18234.467821908962,0,0.08076192798219095,0.00033149983750541606,3581.5367562286556,10789384.812,0,10807619.27982191,0,0,0,87958.2721345225,807619.27982191,2017-01-01,0.136205908714083
2017-08-11,CNY,18235.856683915135,0,0.07648246566839134,-0.00395967160111702,-42794.6231379956,10746588.799999999,0,10764824.656683914,0,0,0,87958.2721345225,764824.6566839144,2017-01-01,0.12820513963018465
2017-08-14,CNY,18237.245651706555,0,0.07851878616517083,0.0018916429776818981,20363.204967793077,10766950.616,0,10785187.861651707,0,0,0,87958.2721345225,785187.8616517074,2017-01-01,0.12984329089992208
2017-08-15,CNY,18238.63472529128,0,0.08141083147252903,0.0026814973873950207,28920.453073583543,10795869.68,0,10814108.314725291,0,0,0,87958.2721345225,814108.314725291,2017-01-01,0.13410867953598893
2017-08-16,CNY,18240.023904677364,0,0.07858012159046779,-0.002617608220371591,-28307.098820613697,10767561.192,0,10785801.215904677,0,0,0,87958.2721345225,785801.2159046773,2017-01-01,0.12873678039586278
2017-08-17,CNY,18241.41318987287,0,0.08064049331898726,0.0019102630275452553,20603.717285195366,10788163.52,0,10806404.933189873,0,0,0,87958.2721345225,806404.9331898727,2017-01-01,0.13157688659595745
2017-08-18,CNY,18242.802580885855,0,0.07731066385808849,-0.003081348035248829,-33298.29460898787,10754863.836,0,10773106.638580885,0,0,0,87958.2721345225,773106.6385808848,2017-01-01,0.12544349532368604
2017-08-21,CNY,3332.4618915519095,0,0.07511730418915508,-0.0020359583753478375,-21933.59668933414,10747840.579999998,0,10751173.04189155,0,0,0,93850.6666276564,751173.0418915506,2017-01-01,0.12015039048370091
2017-08-22,CNY,3332.715714682554,0,0.07287727957146828,-0.002083516476721837,-22400.246176868677,10725440.08,0,10728772.795714682,0,0,0,93850.6666276564,728772.795714682,2017-01-01,0.11597085630439663
2017-08-23,CNY,3332.969557146107,0,0.07320419295571456,0.0003047071556749066,3269.1338424645364,10728708.96,0,10732041.929557147,0,0,0,93850.6666276564,732041.9295571465,2017-01-01,0.11597786757521189
2017-08-24,CNY,3333.2234189440414,0,0.0741327803418943,0.0008652476316014852,9285.873861797154,10737994.58,0,10741327.803418944,0,0,0,93850.6666276564,741327.8034189437,2017-01-01,0.11695216207757952
2017-08-25,CNY,3333.47730007783,0,0.07425582373000772,0.00011455137611033062,1230.4338811337948,10739224.76,0,10742558.237300077,0,0,0,93850.6666276564,742558.2373000775,2017-01-01,0.1166279874462135
2017-08-28,CNY,3333.7312005489453,0,0.07589174032005475,0.0015228370690762232,16359.165900470689,10755583.671999998,0,10758917.403200548,0,0,0,93850.6666276564,758917.4032005481,2017-01-01,0.11767286039831237
2017-08-29,CNY,3333.98512035886,0,0.07514241051203596,-0.0006964732416255986,-7493.298080189154,10748090.120000001,0,10751424.105120359,0,0,0,93850.6666276564,751424.105120359,2017-01-01,0.11597885360508053
2017-08-30,CNY,3334.2390595090474,0,0.07364067590595091,-0.0013967773863276145,-15017.346060849726,10733072.52,0,10736406.75905951,0,0,0,93850.6666276564,736406.7590595093,2017-01-01,0.11312379815998352
2017-08-31,CNY,3334.49301800098,0,0.07607703330180016,0.002269248409197391,24363.573958491907,10757435.84,0,10760770.333018001,0,0,0,93850.6666276564,760770.3330180012,2017-01-01,0.11642760102691607
2017-09-01,CNY,3334.7469958361316,0,0.08668021069958365,0.00985354864906746,106031.77397783473,10863467.36,0,10866802.106995836,0,0,0,93850.6666276564,866802.1069958359,2017-01-01,0.13241256461397977
2017-09-04,CNY,3335.0009930159754,0,0.08798996809930149,0.001205283198149627,13097.573997179046,10876564.68,0,10879899.680993015,0,0,0,93850.6666276564,879899.680993015,2017-01-01,0.13271800119923638
2017-09-05,CNY,14517.40862535084,0,0.08610778086253523,-0.0017299674555404931,-18821.87236766331,10846560.4,0,10861077.808625352,0,0,0,99876.36465641594,861077.8086253516,2017-01-01,0.12926754107091454
2017-09-06,CNY,14518.514370660478,0,0.08705361263706601,0.0008708452247527383,9458.317745309323,10856017.612,0,10870536.126370661,0,0,0,99876.36465641594,870536.126370661,2017-01-01,0.13015747752452822
2017-09-07,CNY,14519.620200191255,0,0.0849024320200189,-0.0019789094043196143,-21511.806170471013,10834504.7,0,10849024.32020019,0,0,0,99876.36465641594,849024.32020019,2017-01-01,0.12634230620155185
2017-09-08,CNY,14520.726113949586,0,0.0853217142113949,0.0003864699525054549,4192.821913758293,10838696.416,0,10853217.142113948,0,0,0,99876.36465641594,853217.1421139482,2017-01-01,0.12644129762455014
2017-09-11,CNY,14521.832111941887,0,0.08635169761119421,0.0009490120637159296,10299.833997994661,10848995.144000001,0,10863516.976111943,0,0,0,99876.36465641594,863516.9761119429,2017-01-01,0.12639267116096908
2017-09-12,CNY,14522.938194174572,0,0.08864999061941736,0.0021156067719845695,22982.93008223176,10871976.968,0,10886499.906194175,0,0,0,99876.36465641594,886499.9061941747,2017-01-01,0.12927798456734263
2017-09-13,CNY,14524.04436065406,0,0.09020631563606551,0.0014295917237480851,15563.250166479498,10887539.112,0,10902063.156360654,0,0,0,99876.36465641594,902063.1563606542,2017-01-01,0.1310431973822348
2017-09-14,CNY,14525.150611386764,0,0.0893685682611387,-0.000768430124565846,-8377.473749266937,10879160.532,0,10893685.682611387,0,0,0,99876.36465641594,893685.6826113872,2017-01-01,0.12926781928899
2017-09-15,CNY,14526.256946379104,0,0.08752417129463796,-0.0016930881064843022,-18443.969665007666,10860715.456,0,10875241.71294638,0,0,0,99876.36465641594,875241.7129463796,2017-01-01,0.12603316756082417
2017-09-18,CNY,14527.363365637499,0,0.08590609583656383,-0.001487852408970317,-16180.754580741748,10844533.595,0,10859060.958365638,0,0,0,99876.36465641594,859060.9583656378,2017-01-01,0.12215881526016781
2017-09-19,CNY,14528.469869168364,0,0.08298415528691683,-0.0026907856589531926,-29219.405496468768,10815313.083,0,10829841.552869169,0,0,0,99876.36465641594,829841.552869169,2017-01-01,0.11746281921298074
2017-09-20,CNY,19642.428576980703,0,0.08361366595769804,0.0005812741282575442,6295.106707811356,10816494.231,0,10836136.65957698,0,0,0,111726.501936603,836136.6595769804,2017-01-01,0.11789222259075993
2017-09-21,CNY,19643.924678924886,0,0.0833456311678924,-0.0002473527219396812,-2680.3478980567306,10813812.386999998,0,10833456.311678924,0,0,0,111726.501936603,833456.3116789237,2017-01-01,0.11703829344135563
2017-09-22,CNY,19645.420894822444,0,0.08410246248948217,0.0006986055971573346,7568.31321589835,10821379.204,0,10841024.624894822,0,0,0,111726.501936603,841024.624894822,2017-01-01,0.1176463857585861
2017-09-25,CNY,19646.917224682056,0,0.0839805797224682,-0.00011242735002569158,-1218.827670140192,10820158.879999999,0,10839805.797224682,0,0,0,111726.501936603,839805.7972246818,2017-01-01,0.11608480209102656
2017-09-26,CNY,19648.413668512403,0,0.07942973586685143,-0.004198270652396721,-45508.43855616823,10774648.945,0,10794297.358668514,0,0,0,111726.501936603,794297.3586685136,2017-01-01,0.10927876262661029
2017-09-27,CNY,19649.910226322165,0,0.08199576452263213,0.002377207677830152,25660.28655780852,10800307.735,0,10819957.645226322,0,0,0,111726.501936603,819957.6452263221,2017-01-01,0.1124176928689713
2017-09-28,CNY,19651.406898120025,0,0.08575530368981221,0.003474633903801454,37595.39167179912,10837901.63,0,10857553.036898121,0,0,0,111726.501936603,857553.0368981212,2017-01-01,0.11718750788841148
2017-09-29,CNY,19652.903683914665,0,0.08981954536839121,0.0037432390749253565,40642.416785791516,10878542.549999999,0,10898195.453683913,0,0,0,111726.501936603,898195.4536839128,2017-01-01,0.12234549357585789
2017-10-02,CNY,19654.400583714767,0,0.0898196950583714,1.3735299635033684e-07,1.496899800375104,10878542.549999999,0,10898196.950583713,0,0,0,111726.501936603,898196.9505837131,2017-01-01,0.12093340302631561
2017-10-03,CNY,19655.897597529012,0,0.08981984475975269,1.37363439249201e-07,1.4970138147473335,10878542.549999999,0,10898198.447597528,0,0,0,111726.501936603,898198.4475975279,2017-01-01,0.12047005135581834
2017-10-04,CNY,19657.394725366088,0,0.08981999447253641,1.3737388282741177e-07,1.4971278365701437,10878542.549999999,0,10898199.944725364,0,0,0,111726.501936603,898199.9447253644,2017-01-01,0.12001023466312333
2017-10-05,CNY,19658.89196723468,0,0.08982014419672346,1.3738432742679465e-07,1.4972418695688248,10878542.549999999,0,10898201.441967234,0,0,0,111726.501936603,898201.441967234,2017-01-01,0.11955391268712301
2017-10-06,CNY,19660.389323143467,0,0.08982029393231428,1.373947725346095e-07,1.4973559081554413,10878542.549999999,0,10898202.939323142,0,0,0,111726.501936603,898202.9393231422,2017-01-01,0.11910104577524838
2017-10-09,CNY,19661.88679310114,0,0.09697173187931019,0.006562034114075749,71514.37946995907,10950055.432,0,10969717.318793101,0,0,0,111726.501936603,969717.3187931012,2017-01-01,0.1272649610131238
2017-10-10,CNY,19663.384377116385,0,0.0978713214377116,0.0008200663082360005,8995.895584015176,10959049.83,0,10978713.214377116,0,0,0,111726.501936603,978713.2143771164,2017-01-01,0.12797981471702613
2017-10-11,CNY,19664.88207519789,0,0.10025308570751967,0.0021694384608654266,23817.64269808121,10982865.975,0,11002530.857075198,0,0,0,111726.501936603,1002530.8570751976,2017-01-01,0.1306462610975634
2017-10-12,CNY,9848.86951787897,0,0.1017460197517881,0.001356900574660348,14929.340442683548,11007611.328000002,0,11017460.197517881,0,0,0,111877.26459417299,1017460.1975178812,2017-01-01,0.13212358607045194
2017-10-13,CNY,9849.619675262817,0,0.09982222996752621,-0.0017461281908650477,-19237.897842619568,10988372.68,0,10998222.299675262,0,0,0,111877.26459417299,998222.2996752616,2017-01-01,0.1291112868883033
2017-10-16,CNY,9850.36988978379,0,0.10102975798897829,0.0010979301823057872,12075.280214522034,11000447.209999999,0,11010297.579889784,0,0,0,111877.26459417299,1010297.5798897836,2017-01-01,0.1292528532184396
2017-10-17,CNY,9851.12016144624,0,0.10347094681614455,0.0022171869647056213,24411.888271661475,11024858.348,0,11034709.468161445,0,0,0,111877.26459417299,1034709.4681614451,2017-01-01,0.1319304875360825
2017-10-18,CNY,9851.870490254523,0,0.10144722704902542,-0.0018339583592646776,-20237.197671191767,11004620.399999999,0,11014472.270490253,0,0,0,111877.26459417299,1014472.2704902533,2017-01-01,0.1288464558457978
2017-10-19,CNY,9852.620876212988,0,0.10330663708762144,0.0016881517270488865,18594.10038596019,11023213.75,0,11033066.370876214,0,0,0,111877.26459417299,1033066.3708762135,2017-01-01,0.13075961273656067
2017-10-20,CNY,9853.37131932599,0,0.10437572363193248,0.0009689840597109806,10690.865443112329,11033903.865,0,11043757.236319326,0,0,0,111877.26459417299,1043757.2363193259,2017-01-01,0.13164997629030606
2017-10-23,CNY,9854.12181959788,0,0.10542645048195975,0.0009514215384703673,10507.268500272185,11044410.383,0,11054264.504819598,0,0,0,111877.26459417299,1054264.504819598,2017-01-01,0.13155850594973884
2017-10-24,CNY,9854.872377033013,0,0.10295328023770312,-0.002237299680298318,-24731.702442565933,11019677.93,0,11029532.802377032,0,0,0,111877.26459417299,1029532.8023770321,2017-01-01,0.12797853062695563
2017-10-25,CNY,9855.622991635742,0,0.10403810659916357,0.0009835651073331305,10848.26361460425,11030525.443,0,11040381.065991636,0,0,0,111877.26459417299,1040381.0659916364,2017-01-01,0.1288812658241434
2017-10-26,CNY,9856.373663410424,0,0.10237121296634122,-0.001509815306970806,-16668.936328224838,11013855.756000001,0,11023712.129663412,0,0,0,111877.26459417299,1023712.1296634115,2017-01-01,0.12634422821595037
2017-10-27,CNY,12415.992115649928,0,0.10653052071156521,0.00377305547922635,41593.07745224051,11052889.215000002,0,11065305.207115652,0,0,0,111966.79175693898,1065305.207115652,2017-01-01,0.131068219988695
2017-10-30,CNY,12416.93780267994,0,0.11192754138026806,0.004877425943237564,53970.20668702759,11106858.476,0,11119275.41380268,0,0,0,111966.79175693898,1119275.4138026796,2017-01-01,0.13633054168083314
2017-10-31,CNY,12417.883561739956,0,0.1123529653561739,0.00038260044838701554,4254.239759059623,11111111.77,0,11123529.65356174,0,0,0,111966.79175693898,1123529.6535617393,2017-01-01,0.1363747181660433
2017-11-01,CNY,12418.829392835463,0,0.11409584763928349,0.0015668428434058646,17428.822831096128,11128539.647,0,11140958.476392835,0,0,0,111966.79175693898,1140958.4763928354,2017-01-01,0.13802871977737619
2017-11-02,CNY,12419.775295971947,0,0.11555094282959733,0.0013060772045754491,14550.95190313831,11143089.653,0,11155509.428295974,0,0,0,111966.79175693898,1155509.4282959737,2017-01-01,0.1393203693878009
2017-11-03,CNY,12420.721271154895,0,0.11743823512711571,0.0016918028796884276,18872.922975182533,11161961.63,0,11174382.351271156,0,0,0,111966.79175693898,1174382.3512711562,2017-01-01,0.14112747302552453
2017-11-06,CNY,12421.667318389793,0,0.1201449256318392,0.0024222282893476416,27066.90504723601,11189027.589000002,0,11201449.256318392,0,0,0,111966.79175693898,1201449.2563183922,2017-01-01,0.14292153396580942
2017-11-07,CNY,12422.61343768213,0,0.11851496274376827,-0.0014551357157213645,-16299.62888070941,11172727.014,0,11185149.627437683,0,0,0,111966.79175693898,1185149.6274376828,2017-01-01,0.14047991401465199
2017-11-08,CNY,12423.559629037396,0,0.11702982126290395,-0.0013277797171539648,-14851.414808643982,11157874.653,0,11170298.212629039,0,0,0,111966.79175693898,1170298.2126290388,2017-01-01,0.1382289200509541
2017-11-09,CNY,12424.505892461078,0,0.11867710258924613,0.0014746977161986476,16472.81326342188,11174346.52,0,11186771.02589246,0,0,0,111966.79175693898,1186771.0258924607,2017-01-01,0.13971502241923783
2017-11-10,CNY,12425.452227958667,0,0.11517101372279592,-0.0031341384018096223,-35060.88866450079,11139284.685,0,11151710.13722796,0,0,0,111966.79175693898,1151710.13722796,2017-01-01,0.1350910320160874
2017-11-13,CNY,12070.071641301356,0,0.11572210846413022,0.0004941795783361312,5510.947413342074,11145151.013,0,11157221.084641302,0,0,0,112149.79161293499,1157221.084641302,2017-01-01,0.13437580074515654
2017-11-14,CNY,12070.990980657903,0,0.11285045199806598,-0.002573809772414805,-28716.564660642296,11116433.529000001,0,11128504.51998066,0,0,0,112149.79161293499,1128504.5199806597,2017-01-01,0.13057690113329445
2017-11-15,CNY,12071.910390037636,0,0.10693466303900379,-0.005315888535104249,-59157.889590620995,11057274.72,0,11069346.630390039,0,0,0,112149.79161293499,1069346.6303900387,2017-01-01,0.12327063514819603
2017-11-16,CNY,12072.829869445886,0,0.10678160938694448,-0.00013826800909755242,-1530.536520594731,11055743.263999999,0,11067816.093869444,0,0,0,112149.79161293499,1067816.093869444,2017-01-01,0.12268557777217937
2017-11-17,CNY,12073.749418887988,0,0.11364379134188884,0.006200122857792628,68621.81954944506,11124364.164,0,11136437.913418889,0,0,0,112149.79161293499,1136437.913418889,2017-01-01,0.13019633003850872
2017-11-20,CNY,12074.669038369277,0,0.10969185390383696,-0.0035486548470674457,-39519.37438051961,11084843.870000001,0,11096918.53903837,0,0,0,112149.79161293499,1096918.5390383694,2017-01-01,0.12440418787677521
2017-11-21,CNY,12075.588727895085,0,0.11178896717278985,0.0018898158633635848,20971.132689528167,11105814.083000002,0,11117889.671727898,0,0,0,112149.79161293499,1117889.6717278976,2017-01-01,0.1263844608057656
2017-11-22,CNY,12076.508487470748,0,0.11491693444874707,0.002813454143111005,31279.672759573907,11137092.836000001,0,11149169.344487472,0,0,0,112149.79161293499,1149169.3444874715,2017-01-01,0.12952077592326816
2017-11-23,CNY,12077.428317101603,0,0.1107369418317099,-0.003749151607517629,-41799.92617037147,11095291.989999998,0,11107369.4183171,0,0,0,112149.79161293499,1107369.4183171,2017-01-01,0.12437609134907435
2017-11-24,CNY,12078.348216792985,0,0.11345056892167915,0.002443087096296664,27136.270899690688,11122427.340999998,0,11134505.68921679,0,0,0,112149.79161293499,1134505.6892167907,2017-01-01,0.12703045375643107
2017-11-27,CNY,12079.26818655023,0,0.11759037181865506,0.0037179943255003256,41398.02896975912,11163824.45,0,11175903.71818655,0,0,0,112149.79161293499,1175903.7181865498,2017-01-01,0.1304261590661926
2017-11-28,CNY,10999.69302500657,0,0.1184230120025005,0.0007450316366725488,8326.40183845535,11173230.427,0,11184230.120025005,0,0,0,118277.10452265665,1184230.1200250052,2017-01-01,0.13093442233747332
2017-11-29,CNY,11000.530836993803,0,0.12301921108369962,0.004109535508367009,45961.990811990574,11219191.580000002,0,11230192.110836996,0,0,0,118277.10452265665,1230192.1108369958,2017-01-01,0.13560997196620161
2017-11-30,CNY,11001.368712794536,0,0.11921099687127934,-0.0033910499258025433,-38082.1421242021,11181108.6,0,11192109.968712794,0,0,0,118277.10452265665,1192109.9687127937,2017-01-01,0.13097160750839998
2017-12-01,CNY,11002.206652413632,0,0.12424823596524148,0.004500705504184265,50372.390939621255,11231480.153,0,11242482.359652415,0,0,0,118277.10452265665,1242482.359652415,2017-01-01,0.1361012560919681
2017-12-04,CNY,11003.044655855949,0,0.13274500846558568,0.007557737009077126,84967.7250034418,11316447.040000001,0,11327450.084655857,0,0,0,118277.10452265665,1327450.0846558567,2017-01-01,0.14407981522185542
2017-12-05,CNY,11003.882723126351,0,0.12281891827231273,-0.008762863768182748,-99260.90193272941,11217185.3,0,11228189.182723127,0,0,0,118277.10452265665,1228189.1827231273,2017-01-01,0.13283924037416162
2017-12-06,CNY,11004.7208542297,0,0.115020752685423,-0.006945167613392905,-77981.65586889721,11139202.806,0,11150207.52685423,0,0,0,118277.10452265665,1150207.52685423,2017-01-01,0.12398272924245912
2017-12-07,CNY,11005.559049170854,0,0.11644288090491695,0.0012754275793243981,14221.282194940373,11153423.25,0,11164428.80904917,0,0,0,118277.10452265665,1164428.8090491705,2017-01-01,0.1251315452433397
2017-12-08,CNY,11006.397307954678,0,0.11966841373079551,0.0028891158527197007,32255.328258784488,11185677.74,0,11196684.137307955,0,0,0,118277.10452265665,1196684.137307955,2017-01-01,0.128212124145068
2017-12-11,CNY,11007.235630586034,0,0.12201507146305857,0.002095850613882936,23466.57732263021,11209143.478999998,0,11220150.714630585,0,0,0,118277.10452265665,1220150.7146305852,2017-01-01,0.12952842724129132
2017-12-12,CNY,11008.074017069786,0,0.12377859240170697,0.0015717444297329408,17635.209386484697,11226777.85,0,11237785.92401707,0,0,0,118277.10452265665,1237785.9240170699,2017-01-01,0.13100311718929025
2017-12-13,CNY,4407.81963787126,0,0.1228971272637871,-0.0007843761608201916,-8814.651379199699,11224563.453,0,11228971.27263787,0,0,0,124449.99460603054,1228971.2726378702,2017-01-01,0.12966914287622378
2017-12-14,CNY,4408.155367615878,0,0.12351515553676151,0.0005503872598556449,6180.282729744911,11230743.399999999,0,11235151.555367615,0,0,0,124449.99460603054,1235151.555367615,2017-01-01,0.12992533183382493
2017-12-15,CNY,4408.491122931974,0,0.11827878911229317,-0.004660699411719695,-52363.66424468346,11178379.4,0,11182787.891122932,0,0,0,124449.99460603054,1182787.8911229316,2017-01-01,0.1240247639569747
2017-12-18,CNY,4408.826903821496,0,0.12555069769038196,0.006502768941778312,72719.0857808888,11251098.149999999,0,11255506.97690382,0,0,0,124449.99460603054,1255506.9769038204,2017-01-01,0.13047787395984445
2017-12-19,CNY,4409.16271028639,0,0.1306794732710288,0.004556681090572685,51287.755806466565,11302385.57,0,11306794.732710287,0,0,0,124449.99460603054,1306794.732710287,2017-01-01,0.13541008907155638
2017-12-20,CNY,4409.498542328606,0,0.12895808995423308,-0.0015224326234700215,-17213.833167957142,11285171.401,0,11289580.89954233,0,0,0,124449.99460603054,1289580.8995423298,2017-01-01,0.1332212282730183
2017-12-21,CNY,4409.834399950091,0,0.12582543843999505,-0.0027748164808889656,-31326.51514237933,11253844.55,0,11258254.38439995,0,0,0,124449.99460603054,1258254.3843999505,2017-01-01,0.12959027936045042
2017-12-22,CNY,4410.170283152794,0,0.1282852597283155,0.002184904696885233,24598.21288320422,11278442.427000001,0,11282852.597283155,0,0,0,124449.99460603054,1282852.5972831547,2017-01-01,0.13173334426044025
2017-12-25,CNY,4410.506191938663,0,0.12572359661919408,-0.0022704037715943442,-25616.631091214716,11252825.46,0,11257235.96619194,0,0,0,124449.99460603054,1257235.96619194,2017-01-01,0.1279539084584549
2017-12-26,CNY,4410.842126309646,0,0.12535635691263125,-0.0003262254674821928,-3672.39706562832,11249152.727000002,0,11253563.569126312,0,0,0,124449.99460603054,1253563.5691263117,2017-01-01,0.12720376469919725
2017-12-27,CNY,4411.178086267693,0,0.12122120700862671,-0.0036745248548194086,-41351.499040044844,11207800.891999999,0,11212212.070086267,0,0,0,124449.99460603054,1212212.0700862668,2017-01-01,0.12264358655339969
2017-12-28,CNY,40.50718358936792,0,0.11816932541835912,-0.0027219263881120667,-30518.815902676433,11181652.747000001,0,11181693.25418359,0,0,0,124505.26859377853,1181693.2541835904,2017-01-01,0.11920481686757545
2017-12-29,CNY,40.510268894012604,0,0.1181738860268895,4.078638562822987e-06,45.60608530417085,11181698.350000001,0,11181738.860268895,0,0,0,124505.26859377853,1181738.8602688946,2017-01-01,0.11886223308561328
2018-01-02,CNY,40.51335443365523,0,0.11613044673544337,-0.0018274789967657654,-20434.392914460972,11161263.954,0,11161304.467354434,0,0,0,124505.26859377853,1161304.4673544336,2017-01-01,0.11546238116548024
2018-01-03,CNY,40.516440208313696,0,0.12219545564402079,0.005433960632753028,60650.089085774496,11221914.04,0,11221954.556440208,0,0,0,124505.26859377853,1221954.556440208,2017-01-01,0.12114126734187769
2018-01-04,CNY,40.51952621800591,0,0.12564133975262148,0.0030706630393750743,34458.841086007655,11256372.877999999,0,11256413.397526216,0,0,0,124505.26859377853,1256413.3975262158,2017-01-01,0.1241981142423847
2018-01-05,CNY,40.522612462749755,0,0.12558231096124617,-5.2440141713728107e-05,-590.2879137545824,11255782.587,0,11255823.109612461,0,0,0,124505.26859377853,1255823.1096124612,2017-01-01,0.12378433009986645
2018-01-08,CNY,40.52569894256315,0,0.1306643275698942,0.004515011082848277,50820.16608648002,11306602.749999998,0,11306643.275698941,0,0,0,124505.26859377853,1306643.2756989412,2017-01-01,0.12769019479902322
2018-01-09,CNY,40.528785657464,0,0.1313828788785656,0.0006355124957518859,7185.513086715713,11313788.26,0,11313828.788785657,0,0,0,124505.26859377853,1313828.788785657,2017-01-01,0.12802709558095127
2018-01-10,CNY,40.531872607470206,0,0.133322072187261,0.001714002699614264,19391.933086952195,11333180.190000001,0,11333220.72187261,0,0,0,124505.26859377853,1333220.721872609,2017-01-01,0.12954600641022496
2018-01-11,CNY,40.53495979259967,0,0.13139233249597915,-0.0017027284111368094,-19297.396912816912,11313882.79,0,11313923.324959792,0,0,0,124505.26859377853,1313923.3249597922,2017-01-01,0.12731363268993823
2018-01-12,CNY,40.53804721287031,0,0.13752681260472133,0.005422062650193755,61344.801087420434,11375227.588,0,11375268.126047213,0,0,0,124505.26859377853,1375268.1260472126,2017-01-01,0.1328707657154986
2018-01-15,CNY,17913.089250137382,0,0.13648423922501385,-0.000916526422195031,-10425.733797075227,11346929.303,0,11364842.392250137,0,0,0,137076.781670554,1364842.3922501374,2017-01-01,0.13075918595838565
2018-01-16,CNY,17914.453633749545,0,0.14071467506337498,0.003722388478740427,42304.35838361271,11389232.297,0,11407146.75063375,0,0,0,137076.781670554,1407146.75063375,2017-01-01,0.13442527395733683
2018-01-17,CNY,17915.81812128251,0,0.13615507781212832,-0.003997140872228513,-45595.97251246683,11343634.96,0,11361550.778121283,0,0,0,137076.781670554,1361550.7781212833,2017-01-01,0.12971916111518222
2018-01-18,CNY,17917.182712744197,0,0.13467660427127437,-0.0013012955447076493,-14784.735408538952,11328848.86,0,11346766.042712744,0,0,0,137076.781670554,1346766.0427127443,2017-01-01,0.12795884682237824
2018-01-19,CNY,17918.547408142516,0,0.13346476314081412,-0.0010680057435735384,-12118.4113046024,11316729.083999999,0,11334647.631408142,0,0,0,137076.781670554,1334647.631408142,2017-01-01,0.1264604798797635
2018-01-22,CNY,17919.912207485388,0,0.1331937885207486,-0.00023906752894089548,-2709.7462006565183,11314017.973,0,11331937.885207485,0,0,0,137076.781670554,1331937.8852074854,2017-01-01,0.125167361209217
2018-01-23,CNY,17921.277110780728,0,0.1393308720110782,0.00541574049601953,61370.83490329608,11375387.443,0,11393308.720110781,0,0,0,137076.781670554,1393308.7201107815,2017-01-01,0.13055515573307885
2018-01-24,CNY,17922.642118036456,0,0.14186346571180364,0.0022228781497468045,25325.93700725399,11400712.014999999,0,11418634.657118035,0,0,0,137076.781670554,1418634.6571180355,2017-01-01,0.13255571407187383
2018-01-25,CNY,17924.00722926049,0,0.14506112372292623,0.0028003856040085162,31976.580111226067,11432687.23,0,11450611.237229262,0,0,0,137076.781670554,1450611.2372292615,2017-01-01,0.13516136475205864
2018-01-26,CNY,17925.372444460747,0,0.14435689724444623,-0.0006150121280777956,-7042.264784799889,11425643.600000001,0,11443568.972444462,0,0,0,137076.781670554,1443568.9724444617,2017-01-01,0.13414185192256145
2018-01-29,CNY,17926.73776364515,0,0.14743019377636446,0.002685610179235705,30732.965319182724,11456375.2,0,11474301.937763644,0,0,0,137076.781670554,1474301.9377636444,2017-01-01,0.13587404922358637
2018-01-30,CNY,14827.973369465994,0,0.14341796573694654,-0.003496707739764931,-40122.280394177884,11419351.684,0,11434179.657369466,0,0,0,143564.075378766,1434179.6573694665,2017-01-01,0.13183827932834813
2018-01-31,CNY,14829.102769514437,0,0.1404926172769514,-0.0025584244324075695,-29253.484599951655,11390097.07,0,11404926.172769515,0,0,0,143564.075378766,1404926.1727695148,2017-01-01,0.1288158988797885
2018-02-01,CNY,14830.232255585724,0,0.1404529318255585,-3.479676307573911e-05,-396.8545139301568,11389699.086,0,11404529.318255585,0,0,0,143564.075378766,1404529.3182555847,2017-01-01,0.12843532108053535
2018-02-02,CNY,14831.36182768641,0,0.13767589188276874,-0.002435032490419862,-27770.399427898228,11361927.557,0,11376758.918827686,0,0,0,143564.075378766,1376758.9188276865,2017-01-01,0.1255733468389162
2018-02-05,CNY,14832.491485823048,0,0.12284322414858218,-0.013037691876936567,-148326.67734186538,11213599.749999998,0,11228432.241485821,0,0,0,143564.075378766,1228432.241485821,2017-01-01,0.11122421100184843
2018-02-06,CNY,14833.621230002189,0,0.09847056412300015,-0.021706200386134005,-243726.60025581904,10969872.02,0,10984705.641230002,0,0,0,143564.075378766,984705.641230002,2017-01-01,0.08901601164609474
2018-02-07,CNY,14834.751060230386,0,0.10626421080602322,0.007094998207116502,77936.46683022939,11047807.357,0,11062642.108060231,0,0,0,143564.075378766,1062642.1080602314,2017-01-01,0.095779792989519
2018-02-08,CNY,14835.880976514196,0,0.10840261019765163,0.0019329915681448226,21383.993916284293,11069190.221,0,11084026.101976516,0,0,0,143564.075378766,1084026.1019765157,2017-01-01,0.09744478303431747
2018-02-09,CNY,14837.010978860171,0,0.0959501879978859,-0.011234565928661124,-124524.22199765593,10944664.868999999,0,10959501.87997886,0,0,0,143564.075378766,959501.8799788598,2017-01-01,0.08607760450245494
2018-02-12,CNY,14838.141067274868,0,0.10536981210672769,0.008594938175109663,94196.24108841643,11038859.98,0,11053698.121067276,0,0,0,143564.075378766,1053698.1210672762,2017-01-01,0.09376051187927081
2018-02-13,CNY,14839.271241764842,0,0.11137905612417653,0.0054364104679101004,60092.44017448835,11098951.29,0,11113790.561241765,0,0,0,143564.075378766,1113790.5612417646,2017-01-01,0.09882460739870491
2018-02-14,CNY,164.80554439227092,0,0.11710084055443937,0.005148364456513128,57217.84430262819,11170843.6,0,11171008.405544393,0,0,0,143995.75362790196,1171008.4055443928,2017-01-01,0.10360573024457498
2018-02-15,CNY,164.81809711172775,0,0.11710084180971103,1.1236870696803398e-09,0.012552717700600624,11170843.6,0,11171008.41809711,0,0,0,143995.75362790196,1171008.4180971105,2017-01-01,0.10334105142567473
2018-02-16,CNY,164.8306507872857,0,0.11710084306507884,1.1237729391122323e-09,0.012553676962852478,11170843.6,0,11171008.430650787,0,0,0,143995.75362790196,1171008.4306507874,2017-01-01,0.10307772047222108
2018-02-20,CNY,164.84320541901758,0,0.11710084432054191,1.1238583083261976e-09,0.012554630637168884,11170843.6,0,11171008.443205418,0,0,0,143995.75362790196,1171008.443205418,2017-01-01,0.10203766835561323
2018-02-21,CNY,164.85576100699623,0,0.11710084557610068,1.1239440110182997e-09,0.012555588036775589,11170843.6,0,11171008.455761006,0,0,0,143995.75362790196,1171008.455761006,2017-01-01,0.10178092486020929
2018-02-22,CNY,164.8683175512945,0,0.12038605883175535,0.0029408385721527487,32852.13255654648,11203695.72,0,11203860.588317553,0,0,0,143995.75362790196,1203860.5883175526,2017-01-01,0.10435361148491928
2018-02-23,CNY,164.8808750519852,0,0.12453568408750537,0.0037037458856610563,41496.2525575012,11245191.96,0,11245356.840875054,0,0,0,143995.75362790196,1245356.8408750538,2017-01-01,0.10765343186111487
2018-02-26,CNY,164.89343350914123,0,0.1354563289433508,0.009711247949154228,109206.44855845533,11354398.396,0,11354563.28943351,0,0,0,143995.75362790196,1354563.289433509,2017-01-01,0.11613956813062631
2018-02-27,CNY,164.9059929228354,0,0.13952809519929232,0.0035860174910739106,40717.66255941428,11395116.046,0,11395280.951992923,0,0,0,143995.75362790196,1395280.9519929234,2017-01-01,0.11930162983289905
2018-02-28,CNY,164.91855329314055,0,0.13305433805532907,-0.005681086031346263,-64737.571439633146,11330378.461999997,0,11330543.38055329,0,0,0,143995.75362790196,1330543.3805532902,2017-01-01,0.11352942188043613
2018-03-01,CNY,164.93111462012956,0,0.13062578301146188,-0.002143370324176327,-24285.55043867044,11306092.899,0,11306257.83011462,0,0,0,143995.75362790196,1306257.8301146198,2017-01-01,0.11119815841942082
2018-03-02,CNY,164.9436769038753,0,0.12458046436769021,-0.005346878458467265,-60453.18643771671,11245639.7,0,11245804.643676903,0,0,0,143995.75362790196,1245804.643676903,2017-01-01,0.10583179668809062
2018-03-05,CNY,164.95624014445067,0,0.12739080562401428,0.0024990130500836733,28103.412563240156,11273743.1,0,11273908.056240143,0,0,0,143995.75362790196,1273908.0562401433,2017-01-01,0.10740326685375856
2018-03-06,CNY,164.96880434192852,0,0.13304595388043428,0.00501613835079117,56551.482564199716,11330294.57,0,11330459.538804343,0,0,0,143995.75362790196,1330459.538804343,2017-01-01,0.11185285889776808
2018-03-07,CNY,164.98136949638172,0,0.13146379713694967,-0.0013963747349047893,-15821.567434847355,11314472.989999998,0,11314637.971369496,0,0,0,143995.75362790196,1314637.9713694956,2017-01-01,0.11026473898010125
2018-03-08,CNY,74002.31936090803,0,0.13435817823609075,0.0025580854698710916,28943.81099141203,11269579.463,0,11343581.782360908,0,0,0,144121.65173088995,1343581.7823609076,2017-01-01,0.11239455656631647
2018-03-09,CNY,74007.95588459125,0,0.136211022988459,0.0016333859868225005,18528.44752368331,11288102.274,0,11362110.229884591,0,0,0,144121.65173088995,1362110.229884591,2017-01-01,0.113652001715425
2018-03-12,CNY,74013.59283759074,0,0.14515032428375885,0.007867641762344202,89393.01295299828,11377489.649999999,0,11451503.24283759,0,0,0,144121.65173088995,1451503.2428375892,2017-01-01,0.12015234715081013
2018-03-13,CNY,74019.23021993919,0,0.14378075402199375,-0.001195974216417125,-13695.702617650852,11363788.309999999,0,11437807.540219938,0,0,0,144121.65173088995,1437807.5402199384,2017-01-01,0.11874277448013237
2018-03-14,CNY,74024.86803166929,0,0.13972528110316684,-0.0035456733334305757,-40554.729188269004,11323227.943,0,11397252.81103167,0,0,0,144121.65173088995,1397252.8110316694,2017-01-01,0.11515050354893397
2018-03-15,CNY,74030.50627281377,0,0.1393373005272811,-0.0003404158724199523,-3879.8057588580996,11319342.498999998,0,11393373.005272811,0,0,0,144121.65173088995,1393373.0052728113,2017-01-01,0.11455812655187914
2018-03-16,CNY,74036.14494340532,0,0.1372915584943406,-0.0017955543384682812,-20457.420329404995,11298879.440000001,0,11372915.584943406,0,0,0,144121.65173088995,1372915.5849434063,2017-01-01,0.11262345425150544
2018-03-19,CNY,74041.78404347665,0,0.13601215310434767,-0.0011249581344705455,-12794.053899928927,11286079.747000001,0,11360121.531043477,0,0,0,144121.65173088995,1360121.5310434774,2017-01-01,0.11078900651273615
2018-03-20,CNY,74047.4235730605,0,0.13086684735730603,-0.004529269984463842,-51453.05747041665,11234621.05,0,11308668.47357306,0,0,0,144121.65173088995,1308668.4735730607,2017-01-01,0.10638958733614112
2018-03-21,CNY,74053.06353218955,0,0.131853885953219,0.0008728159271974091,9870.38595912978,11244485.796,0,11318538.85953219,0,0,0,144121.65173088995,1318538.8595321905,2017-01-01,0.10693007693938616
2018-03-22,CNY,74058.70392089653,0,0.13462676239208982,0.002449853707517727,27728.764388708398,11272208.920000002,0,11346267.623920899,0,0,0,144121.65173088995,1346267.623920899,2017-01-01,0.10889628094004977
2018-03-23,CNY,25099.161715375445,0,0.12338592467153764,-0.009907079661027603,-112408.37720552273,11208760.085,0,11233859.246715376,0,0,0,144253.10551493993,1233859.2467153762,2017-01-01,0.0996631706500013
2018-03-26,CNY,25101.073439503274,0,0.11985982684395013,-0.0031388125399723563,-35260.97827587463,11173497.194999998,0,11198598.268439502,0,0,0,144253.10551493993,1198598.2684395015,2017-01-01,0.0961681904778886
2018-03-27,CNY,25102.98530924111,0,0.13062809903092432,0.009615732191520607,107682.72186974064,11281178.005,0,11306280.990309242,0,0,0,144253.10551493993,1306280.9903092422,2017-01-01,0.1044660417678307
2018-03-28,CNY,25104.897324600046,0,0.11694171973245981,-0.012105111583725157,-136863.79298464395,11144312.299999999,0,11169417.197324598,0,0,0,144253.10551493993,1169417.1973245982,2017-01-01,0.09341669774989536
2018-03-29,CNY,25106.809485591173,0,0.11358509144855922,-0.003005195548344807,-33566.28283900581,11110744.105,0,11135850.914485592,0,0,0,144253.10551493993,1135850.9144855924,2017-01-01,0.09055329956326186
2018-03-30,CNY,25108.72179222558,0,0.11571245317922263,0.0019103719572035624,21273.61730663292,11132015.81,0,11157124.531792225,0,0,0,144253.10551493993,1157124.5317922253,2017-01-01,0.09201940985080492
2018-04-02,CNY,25110.634244514364,0,0.11437309592445133,-0.001200450215424812,-13393.572547711432,11118620.325,0,11143730.959244514,0,0,0,144253.10551493993,1143730.959244514,2017-01-01,0.09034201592995261
2018-04-03,CNY,25112.54684246862,0,0.1076349066842468,-0.006046618735545422,-67381.89240204543,11051236.52,0,11076349.066842468,0,0,0,144253.10551493993,1076349.0668424685,2017-01-01,0.08487973504814694
2018-04-04,CNY,25114.459586099438,0,0.10858686045860977,0.0008594472498277467,9519.537743629888,11060754.145,0,11085868.604586098,0,0,0,144253.10551493993,1085868.6045860983,2017-01-01,0.08542844564265883
2018-04-05,CNY,25116.372475417917,0,0.1085870517475418,1.725520468237691e-07,1.9128893185406923,11060754.145,0,11085870.517475417,0,0,0,144253.10551493993,1085870.517475417,2017-01-01,0.08523518153123111
2018-04-06,CNY,25118.285510435155,0,0.1085872430510435,1.725651598901419e-07,1.9130350183695555,11060754.145,0,11085872.430510435,0,0,0,144253.10551493993,1085872.4305104353,2017-01-01,0.08504279007479298
2018-04-09,CNY,25120.198691162244,0,0.11080706186911593,0.0020023853169760923,22198.18818072416,11082950.419999998,0,11108070.61869116,0,0,0,144253.10551493993,1108070.6186911594,2017-01-01,0.08617819255286707
2018-04-10,CNY,25122.11201761029,0,0.11809085670176112,0.006557209692553616,72837.9483264517,11155786.455,0,11180908.567017611,0,0,0,144253.10551493993,1180908.567017611,2017-01-01,0.09157081126445998
2018-04-11,CNY,1178.065054810916,0,0.11831878650548111,0.00020385624509290502,2279.2980371993035,11182009.799999999,0,11183187.86505481,0,0,0,156464.54220041327,1183187.8650548104,2017-01-01,0.09153984992101072
2018-04-12,CNY,1178.1547843172227,0,0.11835872897843203,3.5716535779337144e-05,399.42472950927913,11182409.135000002,0,11183587.28978432,0,0,0,156464.54220041327,1183587.2897843197,2017-01-01,0.09136560754964407
2018-04-13,CNY,1178.2445206579434,0,0.11925518345206587,0.0008015804324724562,8964.54473633878,11191373.59,0,11192551.834520658,0,0,0,156464.54220041327,1192551.8345206585,2017-01-01,0.09184383746117653
2018-04-16,CNY,1178.3342638335987,0,0.11709637592638344,-0.0019287893928032938,-21588.075256824493,11169785.425,0,11170963.759263834,0,0,0,156464.54220041327,1170963.759263834,2017-01-01,0.08960150805327549
2018-04-17,CNY,1178.4240138447092,0,0.11022115740138472,-0.006154543755723087,-68752.18524998613,11101033.150000002,0,11102211.574013848,0,0,0,156464.54220041327,1102211.5740138479,2017-01-01,0.08421496347935209
2018-04-18,CNY,1178.5137706917953,0,0.11655031137706917,0.005700804685166134,63291.53975684382,11164324.6,0,11165503.113770692,0,0,0,156464.54220041327,1165503.1137706917,2017-01-01,0.08879534282603418
2018-04-19,CNY,1178.603534375378,0,0.12254580385343772,0.005369657251695286,59954.92476368509,11224279.435,0,11225458.038534377,0,0,0,156464.54220041327,1225458.0385343768,2017-01-01,0.09309838543350368
2018-04-20,CNY,1178.693304895978,0,0.11708557233048977,-0.004864150312801689,-54602.31522947922,11169677.030000001,0,11170855.723304898,0,0,0,156464.54220041327,1170855.7233048975,2017-01-01,0.08880632469113037
2018-04-23,CNY,1178.7830822541157,0,0.11155192780822554,-0.004953644250117572,-55336.44522264227,11114340.495000001,0,11115519.278082255,0,0,0,156464.54220041327,1115519.2780822553,2017-01-01,0.08410634185150867
2018-04-24,CNY,1178.8728664503121,0,0.11574173628664486,0.0037693322044619385,41898.084784192964,11156238.489999998,0,11157417.362866448,0,0,0,156464.54220041327,1157417.3628664482,2017-01-01,0.08703548647814419
2018-04-25,CNY,1178.9626574850881,0,0.11068338726574845,-0.004533619973499633,-50583.49020896293,11105654.91,0,11106833.872657485,0,0,0,156464.54220041327,1106833.8726574853,2017-01-01,0.08309763060430919
2018-04-26,CNY,9810.699415959274,0,0.10447224044159586,-0.005592184861468957,-62111.468241525814,11034911.705,0,11044722.40441596,0,0,0,162486.4526351151,1044722.4044159595,2017-01-01,0.07831937630735375
2018-04-27,CNY,9811.44666604663,0,0.10937938466660446,0.004442976514327421,49071.442250085995,11083982.399999999,0,11093793.846666045,0,0,0,162486.4526351151,1093793.8466660455,2017-01-01,0.08177617787854663
2018-04-30,CNY,9812.193973049672,0,0.10937945939730476,6.736261849403187e-08,0.7473070025444031,11083982.399999999,0,11093794.593973048,0,0,0,162486.4526351151,1093794.593973048,2017-01-01,0.08125038780622384
2018-05-01,CNY,9812.941336972735,0,0.10937953413369716,6.736774480424764e-08,0.7473639231175184,11083982.399999999,0,11093795.341336971,0,0,0,162486.4526351151,1093795.3413369711,2017-01-01,0.0810766596249215
2018-05-02,CNY,9813.688757820157,0,0.1083403683757822,-0.0009367089674378018,-10391.65757915005,11073589.995000001,0,11083403.683757821,0,0,0,162486.4526351151,1083403.683757821,2017-01-01,0.08014467967798677
2018-05-03,CNY,9814.436235596271,0,0.10947396462355963,0.001022787114971512,11335.96247777529,11084925.21,0,11094739.646235596,0,0,0,162486.4526351151,1094739.6462355964,2017-01-01,0.08080011795030817
2018-05-04,CNY,9815.183770305413,0,0.10950334087703051,2.647764112314769e-05,293.76253470778465,11085218.225,0,11095033.408770304,0,0,0,162486.4526351151,1095033.4087703042,2017-01-01,0.08064975042329503
2018-05-07,CNY,9815.931361951922,0,0.11352639313619517,0.0036259938216903027,40230.52259164862,11125448.0,0,11135263.931361953,0,0,0,162486.4526351151,1135263.9313619528,2017-01-01,0.08304301927122859
2018-05-08,CNY,9816.679010540132,0,0.11381900840105397,0.00026278251387876016,2926.15264858678,11128373.405,0,11138190.08401054,0,0,0,162486.4526351151,1138190.0840105396,2017-01-01,0.08307845123575341
2018-05-09,CNY,9817.426716074382,0,0.11231017767160756,-0.0013546462379129085,-15088.307294463739,11113284.350000001,0,11123101.776716076,0,0,0,162486.4526351151,1123101.7767160758,2017-01-01,0.08181941758901323
2018-05-10,CNY,9818.174478559007,0,0.11531872844785584,0.0027047768119374946,30085.50776248239,11143369.11,0,11153187.284478558,0,0,0,162486.4526351151,1153187.2844785582,2017-01-01,0.08380406117946548
2018-05-11,CNY,9818.922297998348,0,0.11677257222980009,0.0013035231498061848,14538.43781944178,11157906.8,0,11167725.722298,0,0,0,162486.4526351151,1167725.722298,2017-01-01,0.0846675128258807
2018-05-14,CNY,9819.67017439674,0,0.11795502701743965,0.0010588143163999548,11824.547876397148,11169730.6,0,11179550.270174397,0,0,0,162486.4526351151,1179550.2701743972,2017-01-01,0.08497718127722553
2018-05-15,CNY,14289.877013485107,0,0.11336562920134852,-0.004105172126946055,-45893.97816091217,11119366.415,0,11133656.292013485,0,0,0,168774.33412807476,1133656.292013485,2017-01-01,0.08154750883920214
2018-05-16,CNY,14290.965428428211,0,0.10785060704284288,-0.00495346902567998,-55150.22158505581,11064215.105,0,11078506.07042843,0,0,0,168774.33412807476,1078506.0704284292,2017-01-01,0.07747316605870713
2018-05-17,CNY,14292.053926272454,0,0.10891476539262723,0.0009605612372455234,10641.583497842774,11074855.6,0,11089147.653926272,0,0,0,168774.33412807476,1089147.653926272,2017-01-01,0.07806533354476408
2018-05-18,CNY,14293.142507024151,0,0.10895156675070239,3.318682303073457e-05,368.01358075253665,11075222.525,0,11089515.667507024,0,0,0,168774.33412807476,1089515.6675070245,2017-01-01,0.07793019787210453
2018-05-21,CNY,14294.231170689616,0,0.11404498311706868,0.00459300164144258,50934.16366366297,11126155.599999998,0,11140449.831170687,0,0,0,168774.33412807476,1140449.8311706875,2017-01-01,0.08101817296942926
2018-05-22,CNY,14295.319917275167,0,0.11347694649172735,-0.0005098866149479659,-5680.36625341326,11120474.145,0,11134769.464917274,0,0,0,168774.33412807476,1134769.4649172742,2017-01-01,0.08045529581573807
2018-05-23,CNY,14296.408746787116,0,0.1112149428746787,-0.0020314777276490667,-22620.03617048636,11097853.020000001,0,11112149.428746788,0,0,0,168774.33412807476,1112149.4287467878,2017-01-01,0.07871345465170698
2018-05-24,CNY,14297.497659231782,0,0.11659636976592314,0.004842831646344499,53814.26891244389,11151666.2,0,11165963.697659232,0,0,0,168774.33412807476,1165963.6976592317,2017-01-01,0.08229588276709565
2018-05-25,CNY,14298.58665461548,0,0.11899747366546154,0.0021503776696333737,24011.038995383307,11175676.15,0,11189974.736654615,0,0,0,168774.33412807476,1189974.736654615,2017-01-01,0.0837929483905846
2018-05-28,CNY,14299.675732944526,0,0.11946857257329424,0.0004210008681160279,4710.989078328013,11180386.049999999,0,11194685.725732943,0,0,0,168774.33412807476,1194685.725732943,2017-01-01,0.08360754131878845
2018-05-29,CNY,14300.764894225242,0,0.1181667814894225,-0.001162865234241784,-13017.910838717595,11167367.05,0,11181667.814894225,0,0,0,168774.33412807476,1181667.8148942254,2017-01-01,0.08254345432859145
2018-05-30,CNY,15397.41117960334,0,0.11408817961796047,-0.003647579179583013,-40786.01871462166,11125484.385,0,11140881.796179604,0,0,0,168783.56052571075,1140881.7961796038,2017-01-01,0.07957712378723092
2018-05-31,CNY,15398.583951937011,0,0.11949323139519374,0.004851547549034093,54050.5177723337,11179533.73,0,11194932.313951937,0,0,0,168783.56052571075,1194932.3139519375,2017-01-01,0.08311866845219695
2018-06-01,CNY,15399.75681359706,0,0.11726850618135964,-0.0019872609779529177,-22247.252138340846,11157285.305,0,11172685.061813597,0,0,0,168783.56052571075,1172685.0618135966,2017-01-01,0.08143158299334141
2018-06-04,CNY,15400.929764590288,0,0.12317863897645909,0.0052898052369695974,59101.32795099355,11216385.459999999,0,11231786.38976459,0,0,0,168783.56052571075,1231786.3897645902,2017-01-01,0.08495369118861595
2018-06-05,CNY,15402.102804923501,0,0.12723612178049226,0.0036124999739408224,40574.828040333465,11256959.115,0,11272361.217804924,0,0,0,168783.56052571075,1272361.2178049237,2017-01-01,0.08752782883623467
2018-06-06,CNY,15403.275934603504,0,0.12779825709346038,0.00049868461638723,5621.353129679337,11262579.295,0,11277982.570934603,0,0,0,168783.56052571075,1277982.570934603,2017-01-01,0.0877321604271728
2018-06-07,CNY,15404.4491536371,0,0.13008689691536368,0.002029298952635062,22886.398219034076,11285464.52,0,11300868.969153637,0,0,0,168783.56052571075,1300868.969153637,2017-01-01,0.08909704599162982
2018-06-08,CNY,15405.622462031097,0,0.12624093374620293,-0.0034032455200201386,-38459.631691606715,11247003.715,0,11262409.33746203,0,0,0,168783.56052571075,1262409.3374620304,2017-01-01,0.08633696120199863
2018-06-11,CNY,15406.795859792299,0,0.1316330490859794,0.004787710318644324,53921.15339776315,11300923.695,0,11316330.490859793,0,0,0,168783.56052571075,1316330.4908597935,2017-01-01,0.0894228841630722
2018-06-12,CNY,15407.969346927515,0,0.13325487693469285,0.0014331746938845802,16218.278487134725,11317140.8,0,11332548.769346928,0,0,0,168783.56052571075,1332548.7693469282,2017-01-01,0.09032509785209686
2018-06-13,CNY,15409.142923443553,0,0.13501565329234433,0.001553733757064583,17607.76357651502,11334747.39,0,11350156.532923443,0,0,0,168783.56052571075,1350156.5329234432,2017-01-01,0.09131528372782993
2018-06-14,CNY,6505.1934491479315,0,0.13284758934491459,-0.0019101621560379213,-21680.639474296942,11321970.7,0,11328475.893449146,0,0,0,169135.80544237475,1328475.8934491463,2017-01-01,0.08969956440033044
2018-06-15,CNY,6505.688929252564,0,0.13824570389292523,0.004765084552223043,53981.14548010565,11375951.35,0,11382457.038929252,0,0,0,169135.80544237475,1382457.038929252,2017-01-01,0.09308930350261235
2018-06-18,CNY,6506.184447096356,0,0.13824575344470968,4.3533469323848036e-08,0.49551784433424473,11375951.35,0,11382457.534447096,0,0,0,169135.80544237475,1382457.5344470963,2017-01-01,0.09254287941843486
2018-06-19,CNY,6506.680002682183,0,0.12817923050026803,-0.008843892379107923,-100665.22944441624,11275285.624999998,0,11281792.30500268,0,0,0,169135.80544237475,1281792.30500268,2017-01-01,0.08576188445933197
2018-06-20,CNY,6507.1755960129185,0,0.13066286105960145,0.0022014503477715136,24836.30559333414,11300121.435,0,11306628.610596014,0,0,0,169135.80544237475,1306628.6105960142,2017-01-01,0.0872220894758291
2018-06-21,CNY,6507.671227091438,0,0.13678341712270914,0.00541324587010127,61205.56063107774,11361326.5,0,11367834.171227092,0,0,0,169135.80544237475,1367834.171227092,2017-01-01,0.09104902845527141
2018-06-22,CNY,6508.166895920615,0,0.13516467118959197,-0.0014239703964140642,-16187.459331171587,11345138.545,0,11351646.71189592,0,0,0,169135.80544237475,1351646.7118959203,2017-01-01,0.08981821836510329
2018-06-25,CNY,6508.662602503327,0,0.1359765522602503,0.0007152099525854552,8118.81070658192,11353256.86,0,11359765.522602502,0,0,0,169135.80544237475,1359765.5226025023,2017-01-01,0.08982411184650752
2018-06-26,CNY,6509.15834684245,0,0.13019004403468437,-0.005093862381272195,-57865.08225565776,11295391.282000002,0,11301900.440346844,0,0,0,169135.80544237475,1301900.4403468445,2017-01-01,0.08591014749342896
2018-06-27,CNY,6509.654128940857,0,0.12375760541289416,-0.0056914663650964965,-64324.386217903346,11231066.4,0,11237576.054128941,0,0,0,169135.80544237475,1237576.0541289411,2017-01-01,0.08158765582589411
2018-06-28,CNY,6510.149948801426,0,0.11918539229488023,-0.004068682690991881,-45722.13118013926,11185343.773,0,11191853.922948802,0,0,0,169135.80544237475,1191853.922948802,2017-01-01,0.0784775441771548
2018-06-29,CNY,6510.645806427033,0,0.13097331558064274,0.010532592157579502,117879.23285762593,11303222.510000002,0,11309733.155806428,0,0,0,169135.80544237475,1309733.1558064278,2017-01-01,0.08592134146912223
2018-07-02,CNY,1485.8450392284622,0,0.1312964395039229,0.00028570428570562513,3231.239232800901,11311478.55,0,11312964.395039229,0,0,0,169191.81937309276,1312964.3950392287,2017-01-01,0.08563797042095689
2018-07-03,CNY,1485.958211367194,0,0.14106919082113678,0.008638541566964739,97727.51317213848,11409205.95,0,11410691.908211367,0,0,0,169191.81937309276,1410691.9082113672,2017-01-01,0.0917007103669587
2018-07-04,CNY,1486.0713921258914,0,0.1365398171392127,-0.003969411950089275,-45293.736819241196,11363912.1,0,11365398.171392126,0,0,0,169191.81937309276,1365398.171392126,2017-01-01,0.08864930206868338
2018-07-05,CNY,1486.1845815052109,0,0.1403322697581506,0.003336840963903871,37924.526189379394,11401836.513,0,11403322.697581505,0,0,0,169191.81937309276,1403322.6975815054,2017-01-01,0.0908861566613346
2018-07-06,CNY,1486.297779505809,0,0.14586910977795053,0.004855462014570758,55368.40019799955,11457204.799999999,0,11458691.097779505,0,0,0,169191.81937309276,1458691.097779505,2017-01-01,0.0942132145526191
2018-07-09,CNY,1486.4109861283425,0,0.15520484699861292,0.008147298099755533,93357.3722066246,11550562.059,0,11552048.46998613,0,0,0,169191.81937309276,1552048.4699861296,2017-01-01,0.09953275825233643
2018-07-10,CNY,1486.524201373468,0,0.1572587415201374,0.0017779483239363958,20538.945215243846,11571100.891,0,11572587.415201373,0,0,0,169191.81937309276,1572587.4152013734,2017-01-01,0.10062787148750196
2018-07-11,CNY,1486.6374252418423,0,0.15256885624252425,-0.004052581423107321,-46898.85277613066,11524201.925,0,11525688.562425243,0,0,0,169191.81937309276,1525688.5624252427,2017-01-01,0.09751401335253229
2018-07-12,CNY,1486.7506577341221,0,0.15547559406577327,0.002521964572880485,29067.37823249027,11553269.19,0,11554755.940657733,0,0,0,169191.81937309276,1554755.940657733,2017-01-01,0.09914046371677232
2018-07-13,CNY,1486.8638988509645,0,0.1579971829898852,0.002182295270503361,25215.889241117984,11578484.966,0,11579971.829898851,0,0,0,169191.81937309276,1579971.829898851,2017-01-01,0.10051995640382261
2018-07-16,CNY,1486.9771485930262,0,0.15840433861485925,0.00035160329485680876,4071.556249741465,11582556.409,0,11584043.386148592,0,0,0,169191.81937309276,1584043.3861485925,2017-01-01,0.1002085736405558
2018-07-17,CNY,18860.263966009898,0,0.15439710579660093,-0.0034592695181459203,-40072.328182583675,11525110.794,0,11543971.057966009,0,0,0,169490.76897319674,1543971.0579660088,2017-01-01,0.09755345571154472
2018-07-18,CNY,18861.700492938162,0,0.15812537004929395,0.0032296202355083883,37282.6425269302,11562392.0,0,11581253.700492939,0,0,0,169490.76897319674,1581253.700492939,2017-01-01,0.09966463169876705
2018-07-19,CNY,18863.13712928216,0,0.16343709251292826,0.004586483122641842,53117.22463634424,11615507.788,0,11634370.925129283,0,0,0,169490.76897319674,1634370.9251292832,2017-01-01,0.10273480131182744
2018-07-20,CNY,18864.573875050228,0,0.1645256796875052,0.0009356648344652953,10885.871745768934,11626392.223000001,0,11645256.796875052,0,0,0,169490.76897319674,1645256.7968750522,2017-01-01,0.10320943927052317
2018-07-23,CNY,18866.010730250695,0,0.1640608091730249,-0.0003991930127336965,-4648.705144802108,11621742.081,0,11640608.09173025,0,0,0,169490.76897319674,1640608.09173025,2017-01-01,0.1023558867900487
2018-07-24,CNY,18867.4476948919,0,0.17088836026948906,0.005865287313739558,68275.51096463948,11690016.154999997,0,11708883.60269489,0,0,0,169490.76897319674,1708883.6026948895,2017-01-01,0.1063026515812131
2018-07-25,CNY,18868.884768982178,0,0.1723352891768981,0.0012357530884294574,14469.28907409124,11704484.007,0,11723352.89176898,0,0,0,169490.76897319674,1723352.8917689808,2017-01-01,0.10698048968319118
2018-07-26,CNY,18870.321952529866,0,0.1772313901952529,0.004176365808959338,48961.010183548555,11753443.58,0,11772313.90195253,0,0,0,169490.76897319674,1772313.9019525293,2017-01-01,0.1097311545096058
2018-07-27,CNY,18871.7592455433,0,0.17917954372455425,0.0016548603320696107,19481.535293012857,11772923.678,0,11791795.437245542,0,0,0,169490.76897319674,1791795.4372455422,2017-01-01,0.11069877945277495
2018-07-30,CNY,18873.19664803082,0,0.17584439466480317,-0.002828364075259206,-33351.49059751071,11739570.75,0,11758443.946648031,0,0,0,169490.76897319674,1758443.9466480315,2017-01-01,0.10810096747327269
2018-07-31,CNY,18874.634160000758,0,0.16791059341600012,-0.006747322421913378,-79338.0124880299,11660231.3,0,11679105.934160002,0,0,0,169490.76897319674,1679105.9341600016,2017-01-01,0.10316917923192825
2018-08-01,CNY,1771.0089890572601,0,0.17339136089890572,0.004692797131735104,54807.67482905649,11732142.600000001,0,11733913.608989058,0,0,0,176072.02902604648,1733913.608989058,2017-01-01,0.10624760063371141
2018-08-02,CNY,1771.143881236265,0,0.16673884528812377,-0.005669477237062433,-66525.15610782057,11665617.309,0,11667388.452881237,0,0,0,176072.02902604648,1667388.4528812375,2017-01-01,0.10209747806219682
2018-08-03,CNY,1771.2787836895825,0,0.17424494387836909,0.006433400773925264,75060.98590245284,11740678.16,0,11742449.43878369,0,0,0,176072.02902604648,1742449.4387836903,2017-01-01,0.10636867470632838
2018-08-06,CNY,1771.4136964179952,0,0.17444547136964172,0.0001707714325858496,2005.2749127279967,11742683.3,0,11744454.713696418,0,0,0,176072.02902604648,1744454.7136964183,2017-01-01,0.10591156503437804
2018-08-07,CNY,1771.5486194222856,0,0.1770878030619425,0.0022498547243911134,26423.31692300737,11769106.482000003,0,11770878.030619426,0,0,0,176072.02902604648,1770878.0306194257,2017-01-01,0.1072751088496835
2018-08-08,CNY,1771.6835527032365,0,0.17283120335527036,-0.003616212567660359,-42565.99706672318,11726540.35,0,11728312.033552703,0,0,0,176072.02902604648,1728312.0335527025,2017-01-01,0.10458267043792957
2018-08-09,CNY,1771.8184962616306,0,0.17080815004962613,-0.0017249313454967422,-20230.533056441694,11706309.682,0,11708081.50049626,0,0,0,176072.02902604648,1708081.5004962608,2017-01-01,0.1032082432268231
2018-08-10,CNY,1771.9534500982506,0,0.16978541424500992,-0.0008735297961265056,-10227.35804616101,11696082.189000001,0,11697854.1424501,0,0,0,176072.02902604648,1697854.1424500998,2017-01-01,0.10242443536457735
2018-08-13,CNY,1772.0884142138796,0,0.16313291244142158,-0.005686942000283086,-66525.01803588495,11629557.036,0,11631329.124414215,0,0,0,176072.02902604648,1631329.1244142149,2017-01-01,0.09799712983690978
2018-08-14,CNY,1772.2233886093002,0,0.16293281233886114,-0.00017203545735834896,-2001.0010256040841,11627555.900000002,0,11629328.12338861,0,0,0,176072.02902604648,1629328.1233886108,2017-01-01,0.09770681008721449
2018-08-15,CNY,1772.3583732852956,0,0.16339664683732846,0.00039884892192063135,4638.344984674826,11632194.11,0,11633966.468373286,0,0,0,176072.02902604648,1633966.4683732856,2017-01-01,0.09780384191609914
2018-08-16,CNY,102669.53632474347,0,0.15493288163247443,-0.007275046930780406,-84637.65204854123,11446659.280000001,0,11549328.816324744,0,0,0,182339.2704943547,1549328.8163247444,2017-01-01,0.09270913540484149
2018-08-17,CNY,102677.35634008943,0,0.155555395834009,0.0005390046568373983,6225.142015345395,11452876.602,0,11555553.95834009,0,0,0,182339.2704943547,1555553.9583400898,2017-01-01,0.09290787135072232
2018-08-20,CNY,102685.17695106135,0,0.15519880149510623,-0.00030859129747342245,-3565.943389028311,11449302.838,0,11551988.014951061,0,0,0,182339.2704943547,1551988.0149510615,2017-01-01,0.0922139415551495
2018-08-21,CNY,102692.99815770458,0,0.15481418031577032,-0.0003329480422226529,-3846.2117933575064,11445448.805,0,11548141.803157704,0,0,0,182339.2704943547,1548141.803157704,2017-01-01,0.09183090639205171
2018-08-22,CNY,102700.8199600645,0,0.15427845109600646,-0.00046390945737904206,-5357.292197639123,11440083.691,0,11542784.510960065,0,0,0,182339.2704943547,1542784.5109600648,2017-01-01,0.09136215360416622
2018-08-23,CNY,102708.64235818648,0,0.15812503423581847,0.0033324568574936322,38465.83139812015,11478541.7,0,11581250.342358185,0,0,0,182339.2704943547,1581250.342358185,2017-01-01,0.09341383595955621
2018-08-24,CNY,102716.46535211589,0,0.15849017743521165,0.0003152882362430673,3651.431993931532,11482185.309,0,11584901.774352117,0,0,0,182339.2704943547,1584901.7743521165,2017-01-01,0.09346069785507449
2018-08-27,CNY,102724.28894189812,0,0.16150595359418962,0.002603195277541921,30157.76158978045,11512335.247,0,11615059.535941897,0,0,0,182339.2704943547,1615059.535941897,2017-01-01,0.09469405047378765
2018-08-28,CNY,102732.11312757856,0,0.16710194761275776,0.004817878032610794,55959.940185680985,11568287.363,0,11671019.476127578,0,0,0,182339.2704943547,1671019.476127578,2017-01-01,0.09770874363586834
2018-08-29,CNY,102739.93790920258,0,0.16794878359092036,0.0007255886941964503,8468.35978162475,11576747.898,0,11679487.835909203,0,0,0,182339.2704943547,1679487.8359092027,2017-01-01,0.0980194768419389
2018-08-30,CNY,102747.76328681558,0,0.17283439632868158,0.004183071044211525,48856.127377612516,11625596.2,0,11728343.963286815,0,0,0,182339.2704943547,1728343.9632868152,2017-01-01,0.1006095264003648
2018-08-31,CNY,8733.312343912135,0,0.1719441212343913,-0.0007590799665128242,-8902.75094290264,11710707.9,0,11719441.212343913,0,0,0,182513.9865755027,1719441.2123439126,2017-01-01,0.09993446333545974
2018-09-03,CNY,8733.977532818166,0,0.17006186955328184,-0.001606093368280196,-18822.516811095178,11691884.717999998,0,11700618.695532817,0,0,0,182513.9865755027,1700618.6955328174,2017-01-01,0.09836498726480714
2018-09-04,CNY,8734.642772389541,0,0.17059101157723888,0.00045223422600650125,5291.420239571482,11697175.473,0,11705910.115772389,0,0,0,182513.9865755027,1705910.1157723889,2017-01-01,0.0984927881748614
2018-09-05,CNY,8735.30806263012,0,0.16749518370626282,-0.002644670803344642,-30958.278709759936,11666216.529,0,11674951.837062629,0,0,0,182513.9865755027,1674951.837062629,2017-01-01,0.09659398022049781
2018-09-06,CNY,8735.973403543761,0,0.16386371594035443,-0.003110477727522827,-36314.67765908502,11629901.186,0,11638637.159403544,0,0,0,182513.9865755027,1638637.159403544,2017-01-01,0.09440066197320784
2018-09-07,CNY,8736.638795134326,0,0.16221610887951332,-0.0014156357297468451,-16476.070608410984,11613424.45,0,11622161.088795133,0,0,0,182513.9865755027,1622161.088795133,2017-01-01,0.0933205325372779
2018-09-10,CNY,8737.304237405673,0,0.16413750042374042,0.0016532136575524838,19213.915442271158,11632637.7,0,11641375.004237404,0,0,0,182513.9865755027,1641375.004237404,2017-01-01,0.09391382243162383
2018-09-11,CNY,8737.969730361663,0,0.1663517829730361,0.001902079907648171,22142.825492957607,11654779.86,0,11663517.829730362,0,0,0,182513.9865755027,1663517.8297303617,2017-01-01,0.09498146186747491
2018-09-12,CNY,8738.635274006156,0,0.17036073352740044,0.00343717102583367,40089.50554364361,11694868.7,0,11703607.335274005,0,0,0,182513.9865755027,1703607.3352740053,2017-01-01,0.09703502510901973
2018-09-13,CNY,8739.300868343013,0,0.1682829371868344,-0.001775346934533397,-20777.963405661285,11674090.071,0,11682829.371868344,0,0,0,182513.9865755027,1682829.371868344,2017-01-01,0.09572645047680228
2018-09-14,CNY,8739.966513376095,0,0.17262652065133754,0.003717920827434345,43435.83464503102,11717525.239999998,0,11726265.206513375,0,0,0,182513.9865755027,1726265.206513375,2017-01-01,0.09795382358007987
2018-09-17,CNY,9520.107288354327,0,0.1702708947288354,-0.002008845852465951,-23556.259225020185,11693188.84,0,11702708.947288355,0,0,0,182568.77086189872,1702708.9472883549,2017-01-01,0.09617340196618995
2018-09-18,CNY,9520.832404954199,0,0.1659545082404954,-0.003688365239007507,-43163.8648834005,11650024.25,0,11659545.082404954,0,0,0,182568.77086189872,1659545.0824049544,2017-01-01,0.09365375933087305
2018-09-19,CNY,9521.557576783918,0,0.16945715575767828,0.0030041030695688096,35026.47517182864,11685050.0,0,11694571.557576783,0,0,0,182568.77086189872,1694571.557576783,2017-01-01,0.09540872677521706
2018-09-20,CNY,9522.282803847693,0,0.17000550148038474,0.00046888910808465023,5483.457227064297,11690532.731999999,0,11700055.014803847,0,0,0,182568.77086189872,1700055.0148038473,2017-01-01,0.09554823779659971
2018-09-21,CNY,9523.00808614973,0,0.17509258310861497,0.004347912571174777,50870.81628230214,11741402.822999999,0,11750925.83108615,0,0,0,182568.77086189872,1750925.8310861494,2017-01-01,0.09815049530959552
2018-09-24,CNY,9523.733423694237,0,0.1750926556423693,6.172599120124653e-08,0.7253375444561243,11741402.822999999,0,11750926.556423694,0,0,0,182568.77086189872,1750926.556423694,2017-01-01,0.09766258763018132
2018-09-25,CNY,9524.458816485421,0,0.17420552388164845,-0.000754946221867036,-8871.317607209086,11732530.78,0,11742055.238816485,0,0,0,182568.77086189872,1742055.2388164848,2017-01-01,0.09702317750178024
2018-09-26,CNY,9525.18426452749,0,0.17775601082645287,0.0030237355152846345,35504.869448043406,11768034.924,0,11777560.108264528,0,0,0,182568.77086189872,1777560.1082645282,2017-01-01,0.09877115049232055
2018-09-27,CNY,9525.909767824653,0,0.1745159749767824,-0.002751024677341047,-32400.358496703207,11735633.84,0,11745159.749767825,0,0,0,182568.77086189872,1745159.749767825,2017-01-01,0.09686993299206659
2018-09-28,CNY,9526.635326381116,0,0.17689235553263827,0.0020232850012130697,23763.80555855669,11759396.92,0,11768923.555326382,0,0,0,182568.77086189872,1768923.5553263817,2017-01-01,0.09798339359574948
2018-10-01,CNY,9527.360940201092,0,0.17689242809402006,6.165507117316948e-08,0.7256138194352388,11759396.92,0,11768924.280940201,0,0,0,182568.77086189872,1768924.2809402011,2017-01-01,0.09750168707994655
2018-10-02,CNY,9528.086609288786,0,0.176892500660929,6.165976350254283e-08,0.7256690878421068,11759396.92,0,11768925.006609289,0,0,0,182568.77086189872,1768925.006609289,2017-01-01,0.09734219412438505
2018-10-03,CNY,9528.812333648411,0,0.17689257323336482,6.166445614758416e-08,0.7257243599742651,11759396.92,0,11768925.732333649,0,0,0,182568.77086189872,1768925.732333649,2017-01-01,0.09718322187941975
2018-10-04,CNY,9529.538113284176,0,0.17689264581132846,6.16691491082933e-08,0.7257796358317137,11759396.92,0,11768926.458113285,0,0,0,182568.77086189872,1768926.4581132848,2017-01-01,0.09702476780086666
2018-10-05,CNY,9530.26394820029,0,0.17689271839482013,6.167384238467011e-08,0.7258349154144526,11759396.92,0,11768927.1839482,0,0,0,182568.77086189872,1768927.1839482002,2017-01-01,0.0968668293610786
2018-10-08,CNY,9530.989838400965,0,0.17167257898384025,-0.004435526985076157,-52201.394109798595,11707194.8,0,11716725.789838402,0,0,0,182568.77086189872,1716725.7898384016,2017-01-01,0.09364558852494964
2018-10-09,CNY,9531.715783890411,0,0.17196779677838903,0.0002519627068553066,2952.177945489064,11710146.252,0,11719677.96778389,0,0,0,182568.77086189872,1719677.9677838907,2017-01-01,0.09364970975387177
2018-10-10,CNY,3954.959194238272,0,0.17233564351942365,0.0003138710313080442,3678.467410346493,11719401.476,0,11723356.435194237,0,0,0,182638.32866539873,1723356.4351942372,2017-01-01,0.09369194517886137
2018-10-11,CNY,3955.2604310286456,0,0.14761891604310295,-0.021083319962975494,-247167.27476320788,11472233.9,0,11476189.16043103,0,0,0,182638.32866539873,1476189.1604310293,2017-01-01,0.08051411990368562
2018-10-12,CNY,3955.561690763277,0,0.1575409941690764,0.008645795208904312,99220.78125973418,11571454.38,0,11575409.941690763,0,0,0,182638.32866539873,1575409.9416907635,2017-01-01,0.0856207142892611
2018-10-15,CNY,3955.862973443914,0,0.15740225629734428,-0.00011985568755739395,-1387.3787173200399,11570066.7,0,11574022.562973443,0,0,0,182638.32866539873,1574022.5629734434,2017-01-01,0.0851383508913679
2018-10-16,CNY,3956.1642790723045,0,0.15852825642790735,0.0009728684426149642,11260.00130563043,11581326.400000002,0,11585282.564279074,0,0,0,182638.32866539873,1585282.5642790738,2017-01-01,0.08559177603233104
2018-10-17,CNY,3956.4656076501956,0,0.17020597696076512,0.010079789135971157,116777.20532857627,11698103.304,0,11702059.76960765,0,0,0,182638.32866539873,1702059.76960765,2017-01-01,0.09153911621081967
2018-10-18,CNY,3956.766959179336,0,0.16739156269591815,-0.0024050588701969417,-28144.142648469657,11669958.860000001,0,11673915.62695918,0,0,0,182638.32866539873,1673915.6269591805,2017-01-01,0.08993212282233776
2018-10-19,CNY,3957.0683336614734,0,0.16525644283336627,-0.0018289663303896575,-21351.19862551801,11648607.360000001,0,11652564.428333662,0,0,0,182638.32866539873,1652564.4283336625,2017-01-01,0.08868149369013656
2018-10-22,CNY,3957.3697310983566,0,0.1626294649731097,-0.002254420369364251,-26269.778602564707,11622337.28,0,11626294.649731098,0,0,0,182638.32866539873,1626294.6497310977,2017-01-01,0.08690362183938749
2018-10-23,CNY,3957.671151491734,0,0.157344891915149,-0.004545363090451991,-52845.73057960719,11569491.248,0,11573448.91915149,0,0,0,182638.32866539873,1573448.9191514906,2017-01-01,0.08403612338882116
2018-10-24,CNY,3957.972594843353,0,0.15912308325948432,0.001536440309848165,17781.913443353027,11587272.86,0,11591230.832594844,0,0,0,182638.32866539873,1591230.8325948436,2017-01-01,0.08482189063492895
2018-10-25,CNY,73.2318400632724,0,0.14790238198400618,-0.00968033631417745,-112207.01275478117,11478950.588,0,11479023.819840062,0,0,0,183319.37499759268,1479023.8198400624,2017-01-01,0.07889542234210367
2018-10-26,CNY,73.23741790197323,0,0.14972232374179018,0.0015854499357676184,18199.417577840388,11497150.0,0,11497223.237417903,0,0,0,183319.37499759268,1497223.2374179028,2017-01-01,0.07971187846855043
2018-10-29,CNY,73.24299616552047,0,0.14768686829961664,-0.001770388727905334,-20354.554421735927,11476795.440000001,0,11476868.682996167,0,0,0,183319.37499759268,1476868.6829961669,2017-01-01,0.07829340716466215
2018-10-30,CNY,73.24857485394648,0,0.14407268325748546,-0.0031491037685965834,-36141.850421311334,11440653.584,0,11440726.832574856,0,0,0,183319.37499759268,1440726.8325748555,2017-01-01,0.07631520587683882
2018-10-31,CNY,73.25415396728363,0,0.14909585181539664,0.004390602652629425,50231.6855791118,11490885.264,0,11490958.518153967,0,0,0,183319.37499759268,1490958.5181539673,2017-01-01,0.07877232471468987
2018-11-01,CNY,73.25973350556427,0,0.1535215239733505,0.0038514386340895556,44256.72157953866,11535141.98,0,11535215.239733506,0,0,0,183319.37499759268,1535215.239733506,2017-01-01,0.08091146057835896
2018-11-02,CNY,73.26531346882078,0,0.1588928825313467,0.004656487500549011,53713.58557996154,11588855.559999999,0,11588928.825313468,0,0,0,183319.37499759268,1588928.8253134675,2017-01-01,0.08352082343378742
2018-11-05,CNY,73.27089385708553,0,0.15287659308938562,-0.005191411158570401,-60162.8944196105,11528692.66,0,11528765.930893857,0,0,0,183319.37499759268,1528765.930893857,2017-01-01,0.08008530235360634
2018-11-06,CNY,73.27647467039087,0,0.15539071244746694,0.002180735885481073,25141.193580811843,11553833.848,0,11553907.124474669,0,0,0,183319.37499759268,1553907.1244746689,2017-01-01,0.08123490355987029
2018-11-07,CNY,73.2820559087692,0,0.1600233194055909,0.004009558765026577,46326.069581240416,11600159.912,0,11600233.19405591,0,0,0,183319.37499759268,1600233.1940559093,2017-01-01,0.08344835382785498
2018-11-08,CNY,73.28763757225288,0,0.17006922516375722,0.008660089491402595,100459.05758166313,11700618.964,0,11700692.251637572,0,0,0,183319.37499759268,1700692.2516375724,2017-01-01,0.08836809564464287
2018-11-09,CNY,12052.074727479467,0,0.16662891027274784,-0.0029402661116293485,-34403.14891009405,11654237.027999999,0,11666289.102727478,0,0,0,190017.6058063603,1666289.1027274784,2017-01-01,0.08650845252845962
2018-11-12,CNY,12052.992696067748,0,0.1660496284696067,-0.0004965433292800285,-5792.818031411618,11648443.292,0,11660496.284696067,0,0,0,190017.6058063603,1660496.2846960668,2017-01-01,0.08582231625213232
2018-11-13,CNY,12053.910734574807,0,0.15877269107345748,-0.006240675541142995,-72769.37396149151,11575673.0,0,11587726.910734575,0,0,0,190017.6058063603,1587726.9107345752,2017-01-01,0.08205980242683197
2018-11-14,CNY,12054.82884300597,0,0.15959915288430082,0.0007132216846408943,8264.61810843274,11583936.700000001,0,11595991.528843008,0,0,0,190017.6058063603,1595991.528843008,2017-01-01,0.0823471752629692
2018-11-15,CNY,12055.74702136656,0,0.1604301235021366,0.0007166016082099472,8309.706178357825,11592245.488,0,11604301.235021366,0,0,0,190017.6058063603,1604301.2350213658,2017-01-01,0.0826357350739717
2018-11-16,CNY,12056.665269661906,0,0.161354386526966,0.0007964831368218205,9242.630248295143,11601487.2,0,11613543.865269661,0,0,0,190017.6058063603,1613543.865269661,2017-01-01,0.08296958932111598
2018-11-19,CNY,12057.583587897334,0,0.16148716955878983,0.0001143346366656955,1327.8303182367235,11602814.112,0,11614871.695587898,0,0,0,190017.6058063603,1614871.6955878977,2017-01-01,0.08265892408041453
2018-11-20,CNY,12058.50197607817,0,0.1566378341976078,-0.00417510885034059,-48493.353611819446,11554319.84,0,11566378.341976078,0,0,0,190017.6058063603,1566378.3419760782,2017-01-01,0.08013745488286039
2018-11-21,CNY,12059.420434209744,0,0.15274804604342096,-0.0033630130704528807,-38897.88154186867,11515421.04,0,11527480.46043421,0,0,0,190017.6058063603,1527480.4604342096,2017-01-01,0.07809392822024819
2018-11-22,CNY,12060.338962297381,0,0.15362807349622987,0.0007634169980417757,8800.27452808991,11524220.396000002,0,11536280.7349623,0,0,0,190017.6058063603,1536280.7349622995,2017-01-01,0.07841123453969057
2018-11-23,CNY,12061.25756034641,0,0.14968914055603477,-0.0034143872108257953,-39389.32940195128,11484830.148000002,0,11496891.405560348,0,0,0,190017.6058063603,1496891.4055603482,2017-01-01,0.07635008661431297
2018-11-26,CNY,73404.81691770448,0,0.15046040969177055,0.0006708501529054425,7712.6913573574275,11431199.280000001,0,11504604.096917706,0,0,0,196245.23703698785,1504604.0969177056,2017-01-01,0.0763873350208204
2018-11-27,CNY,73410.40793150771,0,0.15153759959315094,0.0009363120123959991,10771.899013804272,11441965.588000001,0,11515375.99593151,0,0,0,196245.23703698785,1515375.9959315099,2017-01-01,0.07680186046648219
2018-11-28,CNY,73415.99937116087,0,0.15126443193711614,-0.00023721991894255356,-2731.6765603479,11439228.32,0,11512644.319371162,0,0,0,196245.23703698785,1512644.319371162,2017-01-01,0.07655379057603384
2018-11-29,CNY,73421.59123669639,0,0.15358815152366945,0.0020184064773401803,23237.195865532383,11462459.923999999,0,11535881.515236694,0,0,0,196245.23703698785,1535881.5152366944,2017-01-01,0.07757562996655554
2018-11-30,CNY,73427.18352814669,0,0.15750198435281448,0.0033927470770012077,39138.32829145156,11501592.66,0,11575019.843528146,0,0,0,196245.23703698785,1575019.843528146,2017-01-01,0.07936774861436868
2018-12-03,CNY,73432.77624554423,0,0.15784127402455428,0.00029312232404461416,3392.896717397496,11504979.964,0,11578412.740245543,0,0,0,196245.23703698785,1578412.7402455434,2017-01-01,0.0791799482244071
2018-12-04,CNY,73438.36938892145,0,0.15344638493889207,-0.0037957612880614726,-43948.89085662179,11461025.48,0,11534463.849388922,0,0,0,196245.23703698785,1534463.8493889216,2017-01-01,0.07693444573924646
2018-12-05,CNY,73443.96295831079,0,0.1500519934958311,-0.00294282550743866,-33943.914430610836,11427075.972,0,11500519.93495831,0,0,0,196245.23703698785,1500519.9349583108,2017-01-01,0.07517693928971747
2018-12-06,CNY,73449.5569537447,0,0.1479874996953745,-0.0017951308394163654,-20644.938004566357,11406425.44,0,11479874.996953744,0,0,0,196245.23703698785,1479874.9969537444,2017-01-01,0.07406680650746345
2018-12-07,CNY,73455.15137525563,0,0.14859472433752563,0.0005289470854973181,6072.246421512216,11412492.092,0,11485947.243375257,0,0,0,196245.23703698785,1485947.2433752567,2017-01-01,0.07425176037345294
2018-12-10,CNY,73460.74622287604,0,0.14800927182228762,-0.0005097120009634573,-5854.5251523815095,11406631.972,0,11480092.718222875,0,0,0,196245.23703698785,1480092.7182228751,2017-01-01,0.07364440342943745
2018-12-11,CNY,110.4746943628732,0,0.14645159346943637,-0.0013568517180864406,-15576.783528512344,11464405.459999999,0,11464515.934694363,0,0,0,196579.41697936982,1464515.9346943628,2017-01-01,0.0727878772038173
2018-12-12,CNY,110.48310887253383,0,0.1491768447108872,0.0023771184557419317,27252.51241450943,11491657.964,0,11491768.447108872,0,0,0,196579.41697936982,1491768.4471088722,2017-01-01,0.07399012992441123
2018-12-13,CNY,110.49152402310118,0,0.1485330371524023,-0.0005602336676448654,-6438.075584849343,11485219.879999999,0,11485330.371524023,0,0,0,196579.41697936982,1485330.371524023,2017-01-01,0.07357400409481607
2018-12-14,CNY,110.49993981462406,0,0.13999289639398138,-0.007435694474749082,-85401.407584209,11399818.464,0,11399928.963939814,0,0,0,196579.41697936982,1399928.963939814,2017-01-01,0.06937352815168518
2018-12-17,CNY,110.50835624715128,0,0.1373545848356248,-0.002314322805608865,-26383.11558356695,11373435.34,0,11373545.848356247,0,0,0,196579.41697936982,1373545.848356247,2017-01-01,0.0678110468324924
2018-12-18,CNY,110.51677332073167,0,0.13389459607733212,-0.0030421372581820295,-34599.88758292608,11338835.444,0,11338945.96077332,0,0,0,196579.41697936982,1338945.9607733209,2017-01-01,0.06605859071681408
2018-12-19,CNY,110.52519103541405,0,0.13351141251910348,-0.00033793578305622217,-3831.8355822861195,11335003.6,0,11335114.125191035,0,0,0,196579.41697936982,1335114.1251910347,2017-01-01,0.06578047821661825
2018-12-20,CNY,110.53360939124727,0,0.14296353576093934,0.008338798478287515,94521.23241835833,11429524.824000001,0,11429635.357609393,0,0,0,196579.41697936982,1429635.357609393,2017-01-01,0.07018807417221007
2018-12-21,CNY,110.54202838828013,0,0.14396123740283895,0.0008729076743776465,9977.016418995336,11439501.832,0,11439612.374028388,0,0,0,196579.41697936982,1439612.3740283884,2017-01-01,0.07056068028943963
2018-12-24,CNY,110.5504480265615,0,0.14460804504480262,0.0005654104534453537,6468.07641963847,11445969.9,0,11446080.450448027,0,0,0,196579.41697936982,1446080.4504480269,2017-01-01,0.0705632996270027
2018-12-25,CNY,110.5588683061402,0,0.1435896170868305,-0.0008897613138236115,-10184.279579721391,11435785.612,0,11435896.170868305,0,0,0,196579.41697936982,1435896.1708683055,2017-01-01,0.06998220007164213
2018-12-26,CNY,113.86798475951576,0,0.14185843479847593,-0.0015138142761077463,-17311.822883546352,11418470.48,0,11418584.34798476,0,0,0,196789.01653522183,1418584.3479847591,2017-01-01,0.06906668297269647
2018-12-27,CNY,113.87665772542277,0,0.13762490166577268,-0.003707581433639273,-42335.3313270323,11376135.14,0,11376249.016657727,0,0,0,196789.01653522183,1376249.0166577268,2017-01-01,0.06697394032048609
2018-12-28,CNY,113.88533135192229,0,0.1377682837331351,0.0001260363298592159,1433.8206736240536,11377568.952,0,11377682.83733135,0,0,0,196789.01653522183,1377682.837331351,2017-01-01,0.06694631062178957
2018-12-31,CNY,113.89400563906463,0,0.1377682846005639,7.623949702735871e-10,0.008674288168549538,11377568.952,0,11377682.846005639,0,0,0,196789.01653522183,1377682.846005639,2017-01-01,0.0666622167305655
2019-01-02,CNY,113.90268058690012,0,0.13005612666805866,-0.006778320363546347,-77121.57932505198,11300447.364,0,11300561.266680587,0,0,0,196789.01653522183,1300561.266680587,2017-01-01,0.0628634338553935
2019-01-03,CNY,113.91135619547907,0,0.13524566833561957,0.004592286652931204,51895.416675608605,11352342.772,0,11352456.683356196,0,0,0,196789.01653522183,1352456.6833561957,2017-01-01,0.06520253595134595
2019-01-04,CNY,113.92003246485181,0,0.13610744200324643,0.0007591076466209045,8617.73667626828,11360960.5,0,11361074.420032464,0,0,0,196789.01653522183,1361074.420032464,2017-01-01,0.06551286016690172
2019-01-07,CNY,113.92870939506868,0,0.1421732228709396,0.0053390908671434156,60657.80867693201,11421618.3,0,11421732.228709396,0,0,0,196789.01653522183,1421732.228709396,2017-01-01,0.06805057716086083
2019-01-08,CNY,113.93738698618,0,0.1418453553386987,-0.00028705587355379585,-3278.6753224097192,11418339.616,0,11418453.553386986,0,0,0,196789.01653522183,1418453.5533869863,2017-01-01,0.0678036725102118
2019-01-09,CNY,113.94606523823612,0,0.13986993220652355,-0.001730026857786765,-19754.23132175021,11398585.375999998,0,11398699.322065236,0,0,0,196789.01653522183,1398699.322065236,2017-01-01,0.06679614933809774
2019-01-10,CNY,113.95474415128737,0,0.14412127107441508,0.0037296701560168137,42513.3886789158,11441098.756000001,0,11441212.710744152,0,0,0,196789.01653522183,1441212.7107441518,2017-01-01,0.06866343128575814
2019-01-11,CNY,113.9634237253841,0,0.14278261234237255,-0.0011700322036540302,-13386.587320426479,11427712.16,0,11427826.123423725,0,0,0,196789.01653522183,1427826.1234237254,2017-01-01,0.06795162921339704
2019-01-14,CNY,124.05288036310769,0,0.14009351768803646,-0.002353111278814568,-26890.94654336013,11400811.124000002,0,11400935.176880365,0,0,0,196950.93652658182,1400935.1768803652,2017-01-01,0.0664352894578033
2019-01-15,CNY,124.06232908044758,0,0.13431354783290805,-0.0050697331100078985,-57799.69855128415,11343011.416000001,0,11343135.478329081,0,0,0,196950.93652658182,1343135.478329081,2017-01-01,0.06369117238636468
2019-01-16,CNY,124.07177851746653,0,0.13335544277785183,-0.0008446562741728456,-9581.050550563261,11333430.356,0,11333554.427778518,0,0,0,196950.93652658182,1333554.4277785178,2017-01-01,0.0631634859087069
2019-01-17,CNY,124.08122867421933,0,0.13970164292286724,0.005599479126743301,63462.00145015493,11396892.348,0,11397016.429228673,0,0,0,196950.93652658182,1397016.4292286728,2017-01-01,0.06598076698932154
2019-01-18,CNY,124.09067955076083,0,0.14299852666795498,0.0028927603689615894,32968.83745087683,11429861.175999999,0,11429985.26667955,0,0,0,196950.93652658182,1429985.2666795496,2017-01-01,0.06739318300497965
2019-01-21,CNY,124.10013114714583,0,0.14470810841311454,0.0014956989928441662,17095.81745159626,11446956.984,0,11447081.084131146,0,0,0,196950.93652658182,1447081.0841311458,2017-01-01,0.06789055920204001
2019-01-22,CNY,124.10958346342919,0,0.14533114535834613,0.0005442758207551572,6230.369452316314,11453187.343999999,0,11453311.453583462,0,0,0,196950.93652658182,1453311.4535834622,2017-01-01,0.06807933316502535
2019-01-23,CNY,124.11903649966571,0,0.14228090190364973,-0.002663197859464546,-30502.434546964243,11422684.899999999,0,11422809.019036498,0,0,0,196950.93652658182,1422809.019036498,2017-01-01,0.06660627850383549
2019-01-24,CNY,124.12849025591025,0,0.14194776284902555,-0.0002916437227209087,-3331.390546241775,11419353.5,0,11419477.628490256,0,0,0,196950.93652658182,1419477.6284902561,2017-01-01,0.06636448421759833
2019-01-25,CNY,124.13794473221763,0,0.14557561259447316,0.0031768964075874206,36278.49745447561,11455631.988,0,11455756.125944732,0,0,0,196950.93652658182,1455756.1259447318,2017-01-01,0.06791002941339253
2019-01-28,CNY,124.14739992864271,0,0.14402223033999273,-0.0013559840462754964,-15533.822544803843,11440098.156,0,11440222.303399928,0,0,0,196950.93652658182,1440222.303399928,2017-01-01,0.06693501290167281
2019-01-29,CNY,42350.5435077152,0,0.1402014531507716,-0.003339775301469215,-38207.77189221233,11359663.988,0,11402014.531507716,0,0,0,209386.86588068947,1402014.5315077156,2017-01-01,0.06512901154040662
2019-01-30,CNY,42353.76921528139,0,0.1399417593215282,-0.00022776135614073603,-2596.9382924325764,11357063.824000001,0,11399417.593215283,0,0,0,209386.86588068947,1399417.593215283,2017-01-01,0.06492408040397435
2019-01-31,CNY,42356.99516853957,0,0.14996075951685395,0.008789045680095671,100190.00195325539,11457250.6,0,11499607.595168538,0,0,0,209386.86588068947,1499607.5951685384,2017-01-01,0.06931466407378184
2019-02-01,CNY,42360.22136750846,0,0.15720680213675098,0.0063011216338733295,72460.42619897053,11529707.8,0,11572068.021367509,0,0,0,209386.86588068947,1572068.021367509,2017-01-01,0.07244252078584168
2019-02-04,CNY,42363.44781220676,0,0.1572071247812208,2.788131467005413e-07,3.226444698870182,11529707.8,0,11572071.247812208,0,0,0,209386.86588068947,1572071.2478122078,2017-01-01,0.0721485652431284
2019-02-05,CNY,42366.6745026532,0,0.15720744745026538,2.78834305273395e-07,3.226690446957946,11529707.8,0,11572074.474502655,0,0,0,209386.86588068947,1572074.4745026547,2017-01-01,0.07205120448586566
2019-02-06,CNY,42369.901438866495,0,0.15720777014388676,2.7885546527717137e-07,3.226936211809516,11529707.8,0,11572077.701438867,0,0,0,209386.86588068947,1572077.7014388666,2017-01-01,0.07195410642028577
2019-02-07,CNY,42373.128620865355,0,0.15720809286208648,2.788766271947484e-07,3.227181999012828,11529707.8,0,11572080.928620866,0,0,0,209386.86588068947,1572080.9286208656,2017-01-01,0.071857269985097
2019-02-08,CNY,42376.35604866851,0,0.15720841560486676,2.788977905432419e-07,3.227427802979946,11529707.8,0,11572084.156048669,0,0,0,209386.86588068947,1572084.1560486685,2017-01-01,0.07176069412471553
2019-02-11,CNY,42379.58372229468,0,0.15595030837222934,-0.001087191568668217,-12581.072326375172,11517123.499999998,0,11559503.083722293,0,0,0,209386.86588068947,1559503.0837222934,2017-01-01,0.07092117752553206
2019-02-12,CNY,42382.811641762586,0,0.15931955716417634,0.0029147003703744786,33692.487919470295,11550812.760000002,0,11593195.571641764,0,0,0,209386.86588068947,1593195.5716417637,2017-01-01,0.07229888109015126
2019-02-13,CNY,42386.03980709096,0,0.16711052838070906,0.006720296546700506,77909.71216532774,11628719.244,0,11671105.283807091,0,0,0,209386.86588068947,1671105.2838070914,2017-01-01,0.07559411546427919
2019-02-14,CNY,42389.26821829852,0,0.16630479042183,-0.0006903698829596883,-8057.379588792101,11620658.636,0,11663047.9042183,0,0,0,209386.86588068947,1663047.9042182993,2017-01-01,0.07514323044897608
2019-02-15,CNY,42392.496875404,0,0.16189702928754035,-0.00377925321964542,-44077.611342895776,11576577.796,0,11618970.292875404,0,0,0,209386.86588068947,1618970.2928754035,2017-01-01,0.07312992466094914
2019-02-18,CNY,42395.72577842613,0,0.17325883257784258,0.009778666270684255,113618.03290302306,11690192.6,0,11732588.325778427,0,0,0,209386.86588068947,1732588.3257784266,2017-01-01,0.07774108744321562
2019-02-19,CNY,42398.95492738364,0,0.17310436549273822,-0.00013165644341670634,-1544.6708510443568,11688644.7,0,11731043.654927382,0,0,0,209386.86588068947,1731043.6549273822,2017-01-01,0.07757125293385303
2019-02-20,CNY,8836.211559054074,0,0.16934728355590534,-0.0032026834502954095,-37570.8193683289,11684636.624,0,11693472.835559053,0,0,0,215947.48222417527,1693472.8355590533,2017-01-01,0.07585407572377534
2019-02-21,CNY,8836.884585469363,0,0.16902506445854693,-0.0002755546636055925,-3222.190973583609,11681413.76,0,11690250.64458547,0,0,0,215947.48222417527,1690250.6445854697,2017-01-01,0.07561512212804034
2019-02-22,CNY,8837.557663146954,0,0.16561882456631483,-0.0029137441067697617,-34062.39892232232,11647350.688000001,0,11656188.245663147,0,0,0,215947.48222417527,1656188.2456631474,2017-01-01,0.07405302784271384
2019-02-25,CNY,8838.230792090753,0,0.1651439174792091,-0.00040742915016184206,-4749.070871056989,11642600.944,0,11651439.17479209,0,0,0,215947.48222417527,1651439.1747920904,2017-01-01,0.07355702822431387
2019-02-26,CNY,8838.903972304664,0,0.1613485703972306,-0.003257406252602402,-37953.47081978433,11604646.8,0,11613485.703972306,0,0,0,215947.48222417527,1613485.703972306,2017-01-01,0.0718370721259356
2019-02-27,CNY,8839.577203792594,0,0.16194177772037954,0.0005107917969416749,5932.073231488466,11610578.200000001,0,11619417.777203795,0,0,0,215947.48222417527,1619417.7772037946,2017-01-01,0.07199625085233974
2019-02-28,CNY,8840.250486558447,0,0.15954062904865585,-0.0020664965472145754,-24011.486717235297,11586566.040000001,0,11595406.29048656,0,0,0,215947.48222417527,1595406.2904865593,2017-01-01,0.07087650592696204
2019-03-01,CNY,8840.923820606127,0,0.16336178038206062,0.003295400986975131,38211.51333404705,11624776.88,0,11633617.803820606,0,0,0,215947.48222417527,1633617.8038206063,2017-01-01,0.07241257427422143
2019-03-04,CNY,8841.597205939543,0,0.1618583597205936,-0.001292307076628563,-15034.206614669412,11609741.999999998,0,11618583.597205937,0,0,0,215947.48222417527,1618583.597205937,2017-01-01,0.07149103414125046
2019-03-05,CNY,8842.270642562598,0,0.1574596670642563,-0.0037859112683884095,-43986.9265633747,11565754.4,0,11574596.670642562,0,0,0,215947.48222417527,1574596.6706425622,2017-01-01,0.06953131002137569
2019-03-06,CNY,8842.944130479202,0,0.15876453441304772,0.0011273544866587848,13048.673487914726,11578802.399999999,0,11587645.344130477,0,0,0,215947.48222417527,1587645.344130477,2017-01-01,0.0699942442621444
2019-03-07,CNY,58883.792314957966,0,0.1541464680314959,-0.003985336316744529,-46180.66381551884,11482580.888,0,11541464.680314958,0,0,0,222164.3186911908,1541464.680314958,2017-01-01,0.06794600227503755
2019-03-08,CNY,58888.277308033954,0,0.14066297853080356,-0.011682650230424953,-134834.895006923,11347741.508000001,0,11406629.785308035,0,0,0,222164.3186911908,1406629.785308035,2017-01-01,0.06212639089449379
2019-03-11,CNY,58892.762642717746,0,0.14292010106427178,0.0019787812666414188,22571.22533468157,11370308.248,0,11429201.010642717,0,0,0,222164.3186911908,1429201.0106427167,2017-01-01,0.06284452841171317
2019-03-12,CNY,58897.24831903536,0,0.15389968683190358,0.009606608333695362,109795.85767631978,11480099.620000001,0,11538996.868319036,0,0,0,222164.3186911908,1538996.8683190364,2017-01-01,0.06740384862326554
2019-03-13,CNY,58901.734337012815,0,0.15135516743370148,-0.0022051478367138733,-25445.193982021883,11454649.940000001,0,11513551.674337015,0,0,0,222164.3186911908,1513551.6743370146,2017-01-01,0.06624524389674336
2019-03-14,CNY,58906.22069667614,0,0.15554552086966766,0.0036394967899490314,41903.53435966186,11496548.988,0,11555455.208696676,0,0,0,222164.3186911908,1555455.2086966764,2017-01-01,0.06792209502171942
2019-03-15,CNY,58910.70739805135,0,0.15743269793980508,0.0016331481850383443,18871.77070137486,11515416.272,0,11574326.979398051,0,0,0,222164.3186911908,1574326.9793980513,2017-01-01,0.06862617011483696
2019-03-18,CNY,58915.19444116448,0,0.1675805446441163,0.008767547972658931,101478.46704311296,11616890.252,0,11675805.446441164,0,0,0,222164.3186911908,1675805.4464411642,2017-01-01,0.07258898718012063
2019-03-19,CNY,58919.68182604156,0,0.16943246228260422,0.0015861155335131195,18519.176384877414,11635404.941,0,11694324.622826042,0,0,0,222164.3186911908,1694324.6228260417,2017-01-01,0.0732640786245009
2019-03-20,CNY,58924.16955270862,0,0.16656505275527067,-0.0024519667614977814,-28674.095273334533,11606726.358,0,11665650.527552707,0,0,0,222164.3186911908,1665650.5275527071,2017-01-01,0.07198227230330434
2019-03-21,CNY,58928.65762119168,0,0.16548785226211948,-0.00092339513395084,-10772.00493151322,11595949.865000002,0,11654878.522621194,0,0,0,222164.3186911908,1654878.522621194,2017-01-01,0.07144416053676594
2019-03-22,CNY,12391.148788080072,0,0.17216923587880806,0.005732692626285745,66813.83616688661,11709301.21,0,11721692.35878808,0,0,0,228602.57124721454,1721692.3587880805,2017-01-01,0.07411281214824816
2019-03-25,CNY,12392.09258287204,0,0.1567612013582873,-0.013144889021907314,-154080.3452052083,11555219.921,0,11567612.013582872,0,0,0,228602.57124721454,1567612.0135828722,2017-01-01,0.06747734713291087
2019-03-26,CNY,12393.036449549883,0,0.16040321644495492,0.00314845888882779,36420.15086667612,11591639.127999999,0,11604032.164449548,0,0,0,228602.57124721454,1604032.1644495483,2017-01-01,0.0688955891766716
2019-03-27,CNY,12393.98038811908,0,0.1630475821388122,0.0022788334747629283,26443.656938573346,11618081.841000002,0,11630475.821388122,0,0,0,228602.57124721454,1630475.8213881217,2017-01-01,0.06989710232162483
2019-03-28,CNY,12394.924398585106,0,0.16141327043985831,-0.0014051976239427399,-16343.116989538074,11601737.78,0,11614132.704398584,0,0,0,228602.57124721454,1614132.7043985836,2017-01-01,0.06913676311770911
2019-03-29,CNY,12395.868480953437,0,0.16587425184809557,0.003840994004268277,44609.81408237107,11646346.65,0,11658742.518480955,0,0,0,228602.57124721454,1658742.5184809547,2017-01-01,0.07087968010696488
2019-04-01,CNY,12396.812635229551,0,0.17111927026352314,0.004498785702757733,52450.184154275805,11698795.89,0,11711192.70263523,0,0,0,228602.57124721454,1711192.7026352305,2017-01-01,0.07275037266257911
2019-04-02,CNY,12397.756861418924,0,0.17332439728614157,0.00188292266945827,22051.27022618614,11720846.215999998,0,11733243.972861417,0,0,0,228602.57124721454,1733243.9728614166,2017-01-01,0.07355509977959973
2019-04-03,CNY,12398.701159527032,0,0.17708473301595284,0.003204855995928048,37603.35729811154,11758448.629,0,11770847.330159528,0,0,0,228602.57124721454,1770847.3301595282,2017-01-01,0.07498692960696651
2019-04-04,CNY,12399.645529559355,0,0.17934563255295588,0.0019207619244284249,22608.995370030403,11781056.68,0,11793456.325529559,0,0,0,228602.57124721454,1793456.3255295586,2017-01-01,0.07580665489402105
2019-04-05,CNY,12400.589971521369,0,0.17934572699715212,8.008186378260713e-08,0.9444419629871845,11781056.68,0,11793457.269971522,0,0,0,228602.57124721454,1793457.2699715216,2017-01-01,0.07571141236989987
2019-04-08,CNY,12401.534485418555,0,0.182416129248542,0.0026034793539360685,30704.02251389809,11811759.758000001,0,11824161.29248542,0,0,0,228602.57124721454,1824161.2924854197,2017-01-01,0.07666033847355092
2019-04-09,CNY,9491.325462186667,0,0.1812293695462186,-0.001003673472449666,-11867.597023233771,11802802.37,0,11812293.695462186,0,0,0,228713.90313976654,1812293.695462186,2017-01-01,0.07608853728266074
2019-04-10,CNY,9492.048386565453,0,0.17690772693865675,-0.0036585973215532857,-43216.426075618714,11759585.221,0,11769077.269386567,0,0,0,228713.90313976654,1769077.2693865672,2017-01-01,0.0742605213733365
2019-04-11,CNY,9492.771366007113,0,0.1805982768366008,0.0031358022498023386,36905.49897943996,11796489.997,0,11805982.768366007,0,0,0,228713.90313976654,1805982.7683660071,2017-01-01,0.07564611719775938
2019-04-12,CNY,9493.494400515841,0,0.1807879749400516,0.0001606796377503543,1896.981034507975,11798386.254999999,0,11807879.749400515,0,0,0,228713.90313976654,1807879.749400515,2017-01-01,0.07562765791934511
2019-04-15,CNY,9494.21749009583,0,0.1845147672490095,0.0031561909403314088,37267.92308958061,11835653.455,0,11845147.672490096,0,0,0,228713.90313976654,1845147.6724900957,2017-01-01,0.07682824156557166
2019-04-16,CNY,9494.940634751278,0,0.1872017021634751,0.0022683844800904635,26869.34914465621,11862522.081,0,11872017.021634752,0,0,0,228713.90313976654,1872017.021634752,2017-01-01,0.07779860035256747
2019-04-17,CNY,9495.663834486377,0,0.1880884763834485,0.0007469448690625937,8867.742199733853,11871389.1,0,11880884.763834486,0,0,0,228713.90313976654,1880884.7638344858,2017-01-01,0.07805309449500397
2019-04-18,CNY,9496.387089305323,0,0.18847568010893045,0.00032590479007121577,3872.037254817784,11875260.413999999,0,11884756.801089304,0,0,0,228713.90313976654,1884756.8010893036,2017-01-01,0.0781094160642617
2019-04-19,CNY,9497.11039921231,0,0.19156284553992142,0.002597584016786968,30871.65430990979,11906131.345,0,11915628.455399213,0,0,0,228713.90313976654,1915628.4553992134,2017-01-01,0.0792301010272014
2019-04-22,CNY,9497.833764211537,0,0.19012557327642132,-0.0012062076867199038,-14372.722635000944,11891757.899,0,11901255.732764212,0,0,0,228713.90313976654,1901255.7327642124,2017-01-01,0.07837260095888321
2019-04-23,CNY,9498.557184307198,0,0.19279117571843063,0.00223976570360635,26656.024420093745,11918413.2,0,11927911.757184306,0,0,0,228713.90313976654,1927911.7571843062,2017-01-01,0.0793210995933944
2019-04-24,CNY,7451.58097139569,0,0.2002303201971396,0.006236753448673196,74391.44478708878,11994851.621,0,12002303.201971395,0,0,0,228923.5468729145,2002303.201971395,2017-01-01,0.0821292079446545
2019-04-25,CNY,7452.148534858367,0,0.20142430745348583,0.000994798445143559,11939.872563462704,12006790.925999999,0,12014243.074534858,0,0,0,228923.5468729145,2014243.0745348576,2017-01-01,0.08249295458026062
2019-04-26,CNY,7452.716141550567,0,0.20174428881415496,0.0002663350147688236,3199.813606692478,12009990.172,0,12017442.88814155,0,0,0,228923.5468729145,2017442.8881415501,2017-01-01,0.08251590043015278
2019-04-29,CNY,7453.283791475582,0,0.20575216547914765,0.003335049479575609,40078.76664992608,12050068.371000001,0,12057521.654791476,0,0,0,228923.5468729145,2057521.6547914762,2017-01-01,0.08376285536333072
2019-04-30,CNY,7453.851484636704,0,0.20864946064846346,0.002402894435743782,28972.951693158597,12079040.754999999,0,12086494.606484635,0,0,0,228923.5468729145,2086494.6064846348,2017-01-01,0.08477768800745689
2019-05-01,CNY,7454.4192210372275,0,0.2086495174221037,4.69727924132252e-08,0.5677364021539688,12079040.754999999,0,12086495.174221037,0,0,0,228923.5468729145,2086495.174221037,2017-01-01,0.08467398525388936
2019-05-02,CNY,7454.987000680445,0,0.2086495742000678,4.6976367707444675e-08,0.5677796415984631,12079040.754999999,0,12086495.742000679,0,0,0,228923.5468729145,2086495.7420006786,2017-01-01,0.08457053581458984
2019-05-03,CNY,7455.55482356965,0,0.2086496309823569,4.697994377170825e-08,0.567822890356183,12079040.754999999,0,12086496.309823569,0,0,0,228923.5468729145,2086496.309823569,2017-01-01,0.08446733876301105
2019-05-06,CNY,7456.122689708137,0,0.19419819736897082,-0.01195667730576336,-144514.33613386005,11934525.851,0,11941981.973689709,0,0,0,228923.5468729145,1941981.9736897089,2017-01-01,0.07861269082767719
2019-05-07,CNY,7456.6905990992,0,0.2014682010599098,0.006087769774695794,72700.03690939024,12007225.32,0,12014682.0105991,0,0,0,228923.5468729145,2014682.010599099,2017-01-01,0.08130896726930859
2019-05-08,CNY,7457.258551746133,0,0.18944669625517463,-0.010005678713868699,-120215.04804735258,11887009.704,0,11894466.962551747,0,0,0,228923.5468729145,1894466.9625517465,2017-01-01,0.07659498758629368
2019-05-09,CNY,7457.826547652231,0,0.1894893877547652,3.589189807740866e-05,426.9149959050119,11887436.050999999,0,11894893.877547652,0,0,0,228923.5468729145,1894893.8775476515,2017-01-01,0.07651891052305815
2019-05-10,CNY,7458.394586820789,0,0.19033530525868203,0.0007111601941347005,8459.175039168447,11895894.658,0,11903353.05258682,0,0,0,228923.5468729145,1903353.05258682,2017-01-01,0.07675144946324686
2019-05-13,CNY,7458.962669255103,0,0.1913525536669256,0.0008545897981430971,10172.484082436189,11906066.574000001,0,11913525.536669256,0,0,0,228923.5468729145,1913525.5366692562,2017-01-01,0.0768636798810991
2019-05-14,CNY,36167.60272331548,0,0.18185473417233156,-0.007972299606325806,-94978.19494594075,11782379.739,0,11818547.341723315,0,0,0,235380.86138148067,1818547.3417233154,2017-01-01,0.07313651463705462
2019-05-15,CNY,36170.357495747965,0,0.18480427964957458,0.002495692060927222,29495.454772431403,11811872.439,0,11848042.796495747,0,0,0,235380.86138148067,1848042.7964957468,2017-01-01,0.07417815717953458
2019-05-16,CNY,36173.11247800279,0,0.18745279834780026,0.00223540608665668,26485.18698225543,11838354.871,0,11874527.983478002,0,0,0,235380.86138148067,1874527.9834780023,2017-01-01,0.0751007298165367
2019-05-17,CNY,36175.86767009594,0,0.1928065490670099,0.004508600869574508,53537.50719209574,11891889.623000002,0,11928065.490670098,0,0,0,235380.86138148067,1928065.490670098,2017-01-01,0.07704874267017514
2019-05-20,CNY,36178.623072043396,0,0.19079803730720424,-0.0016838537325071798,-20085.11759805493,11871801.75,0,11907980.373072043,0,0,0,235380.86138148067,1907980.373072043,2017-01-01,0.07601205806527833
2019-05-21,CNY,36181.37868386114,0,0.18802939936838614,-0.0023250272943672067,-27686.379388181493,11844112.615,0,11880293.993683862,0,0,0,235380.86138148067,1880293.9936838616,2017-01-01,0.07487255270420556
2019-05-22,CNY,36184.13450556517,0,0.1887472894505564,0.0006042696271253224,7178.900821702555,11851288.76,0,11887472.894505564,0,0,0,235380.86138148067,1887472.8945055641,2017-01-01,0.07505535784840589
2019-05-23,CNY,36186.89053717146,0,0.18671690305371702,-0.0017080050695869396,-20303.863968392834,11830982.14,0,11867169.030537171,0,0,0,235380.86138148067,1867169.0305371713,2017-01-01,0.07419820822327772
2019-05-24,CNY,36189.646778696,0,0.18500640757786946,-0.001441367752870223,-17104.954758476466,11813874.429,0,11850064.075778695,0,0,0,235380.86138148067,1850064.0757786948,2017-01-01,0.07346341644938881
2019-05-27,CNY,36192.40323015478,0,0.18703479092301567,0.00171170664747044,20283.833451461047,11834155.506000001,0,11870347.909230156,0,0,0,235380.86138148067,1870347.9092301559,2017-01-01,0.07396730119596473
2019-05-28,CNY,36195.15989156379,0,0.18871600698915647,0.001416315746595419,16812.160661408678,11850964.91,0,11887160.069891565,0,0,0,235380.86138148067,1887160.0698915645,2017-01-01,0.07451204342025841
2019-05-29,CNY,16195.530956732731,0,0.184100709095673,-0.0038825908512608084,-46152.97893483378,11824811.559999999,0,11841007.09095673,0,0,0,235501.42378496667,1841007.0909567308,2017-01-01,0.07269001155810284
2019-05-30,CNY,16196.764519337095,0,0.1806704347519339,-0.0028969447593347433,-34302.74343739264,11790507.583,0,11806704.347519338,0,0,0,235501.42378496667,1806704.3475193381,2017-01-01,0.07131457321528134
2019-05-31,CNY,16197.99817589804,0,0.1798905084175897,-0.0006605792026188106,-7799.263343440369,11782707.086,0,11798905.084175898,0,0,0,235501.42378496667,1798905.0841758978,2017-01-01,0.07093757872726125
2019-06-03,CNY,16199.23192642272,0,0.17854265119264223,-0.0011423578843390014,-13478.572249475867,11769227.28,0,11785426.511926422,0,0,0,235501.42378496667,1785426.511926422,2017-01-01,0.0701833392588267
2019-06-04,CNY,16200.465770918294,0,0.18131710107709198,0.002354136171178912,27744.498844496906,11796970.545,0,11813171.010770919,0,0,0,235501.42378496667,1813171.0107709188,2017-01-01,0.07113957888387068
2019-06-05,CNY,16201.699709391918,0,0.19271697447093916,0.009650138293480343,113998.73393847235,11910968.045,0,11927169.744709391,0,0,0,235501.42378496667,1927169.7447093911,2017-01-01,0.07530247274740942
2019-06-06,CNY,16202.933741850751,0,0.19511535337418495,0.0020108533328366553,23983.789032457396,11934950.599999998,0,11951153.533741849,0,0,0,235501.42378496667,1951153.5337418485,2017-01-01,0.07610363805524267
2019-06-07,CNY,16204.167868301953,0,0.19511547678682994,1.0326421186119034e-07,1.2341264504939318,11934950.599999998,0,11951154.767868299,0,0,0,235501.42378496667,1951154.767868299,2017-01-01,0.07601480369117186
2019-06-10,CNY,16205.40208875268,0,0.20355420940887492,0.007061018609459687,84387.32622045092,12019336.691999998,0,12035542.09408875,0,0,0,235501.42378496667,2035542.09408875,2017-01-01,0.0788546135875754
2019-06-11,CNY,16206.636403210094,0,0.2027500998403211,-0.0006681124641231696,-8041.095685539767,12011294.362,0,12027500.99840321,0,0,0,235501.42378496667,2027500.9984032102,2017-01-01,0.07846784040038912
2019-06-12,CNY,16207.870811681352,0,0.20399371758116813,0.001033978497289067,12436.177408471704,12023729.305,0,12039937.175811682,0,0,0,235501.42378496667,2039937.175811682,2017-01-01,0.07883222094599351
2019-06-13,CNY,16209.10531417362,0,0.20460123753141723,0.0005045873092008802,6075.199502490461,12029803.27,0,12046012.375314172,0,0,0,235501.42378496667,2046012.3753141724,2017-01-01,0.07896285774371914
2019-06-14,CNY,21408.19618913421,0,0.2103409878189133,0.0047648550480145204,57397.50287496112,12082001.682,0,12103409.878189133,0,0,0,242372.66338072222,2103409.8781891335,2017-01-01,0.08096476194348456
2019-06-17,CNY,21409.82678403822,0,0.20589574777840403,-0.0036727170981129187,-44452.40040509403,12037547.651,0,12058957.47778404,0,0,0,242372.66338072222,2058957.4777840395,2017-01-01,0.0790686339751796
2019-06-18,CNY,21411.457503139514,0,0.2076011499503141,0.0014142202384012114,17054.021719101816,12054600.042000001,0,12076011.499503141,0,0,0,242372.66338072222,2076011.4995031413,2017-01-01,0.07959656739641963
2019-06-19,CNY,21413.088346447545,0,0.21115068503464474,0.0029393273470108123,35495.35084330663,12090093.762,0,12111506.850346448,0,0,0,242372.66338072222,2111506.850346448,2017-01-01,0.08079041321125024
2019-06-20,CNY,21414.71931397178,0,0.21946012233139722,0.006860779091674093,83094.37296752445,12173186.504,0,12194601.223313972,0,0,0,242372.66338072222,2194601.2233139724,2017-01-01,0.0836947379350137
2019-06-21,CNY,21416.35040572167,0,0.22612332744057229,0.0054640615032463796,66632.05109175108,12239816.924000002,0,12261233.274405723,0,0,0,242372.66338072222,2261233.2744057234,2017-01-01,0.0859901978867772
2019-06-24,CNY,21417.981621706687,0,0.2311492289621706,0.004099017944703258,50259.01521598175,12290074.307999998,0,12311492.289621705,0,0,0,242372.66338072222,2311492.289621705,2017-01-01,0.0874859418549141
2019-06-25,CNY,21419.61296193629,0,0.23515793629619375,0.0032560694022465498,40087.07334023155,12330159.75,0,12351579.362961937,0,0,0,242372.66338072222,2351579.3629619367,2017-01-01,0.08881029494095394
2019-06-26,CNY,21421.244426419944,0,0.23065149154264208,-0.0036484765398220407,-45064.447535516694,12285093.671,0,12306514.91542642,0,0,0,242372.66338072222,2306514.91542642,2017-01-01,0.08710792738240114
2019-06-27,CNY,21422.87601516711,0,0.2262991249015167,-0.0035366362215752127,-43523.66641125269,12241568.373,0,12262991.249015167,0,0,0,242372.66338072222,2262991.2490151674,2017-01-01,0.08546093723906356
2019-06-28,CNY,21424.50772818725,0,0.22537855897281855,-0.0007506862803739461,-9205.659286981449,12232361.081999999,0,12253785.589728186,0,0,0,242372.66338072222,2253785.589728186,2017-01-01,0.08503578241038046
2019-07-01,CNY,16149.538268001445,0,0.2279348667268002,0.002086137165746144,25563.0775398165,12263199.129,0,12279348.667268002,0,0,0,249339.36280671204,2279348.6672680024,2017-01-01,0.08564962942351007
2019-07-02,CNY,16150.768327487507,0,0.2288185691327489,0.0007196655375575201,8837.024059485644,12272034.923,0,12288185.691327488,0,0,0,249339.36280671204,2288185.691327488,2017-01-01,0.08586417035040683
2019-07-03,CNY,16151.99848066333,0,0.23714697484806635,0.006777571502028426,83284.05715317465,12355317.75,0,12371469.748480663,0,0,0,249339.36280671204,2371469.7484806627,2017-01-01,0.08869906156118135
2019-07-04,CNY,16153.228727536045,0,0.2378801842727536,0.0005926615346389288,7332.094246873632,12362648.614,0,12378801.842727536,0,0,0,249339.36280671204,2378801.8427275363,2017-01-01,0.08885526707705771
2019-07-05,CNY,16154.459068112792,0,0.2381723910068112,0.00023605413332404652,2922.0673405751586,12365569.451,0,12381723.910068111,0,0,0,249339.36280671204,2381723.9100681115,2017-01-01,0.08885648272091595
2019-07-08,CNY,16155.689502400708,0,0.23273503895024006,-0.004391433774540677,-54373.52056571096,12311194.7,0,12327350.3895024,0,0,0,249339.36280671204,2327350.3895024005,2017-01-01,0.08665281888924103
2019-07-09,CNY,16156.920030406929,0,0.2287837910030408,-0.0032052694393793118,-39512.4794719927,12271680.99,0,12287837.910030408,0,0,0,249339.36280671204,2287837.910030408,2017-01-01,0.08517160596103901
2019-07-10,CNY,16158.150652138595,0,0.2282298985652138,-0.00045076476584614847,-5538.924378270283,12266140.834999999,0,12282298.985652138,0,0,0,249339.36280671204,2282298.9856521375,2017-01-01,0.08488143574245766
2019-07-11,CNY,16159.381367602842,0,0.23609392583676025,0.006402732322941464,78640.2727154661,12344779.877,0,12360939.258367604,0,0,0,249339.36280671204,2360939.2583676036,2017-01-01,0.08752988750869384
2019-07-12,CNY,16160.612176806813,0,0.23447731041768072,-0.001307841892342606,-16166.154190795496,12328612.492,0,12344773.104176808,0,0,0,249339.36280671204,2344773.104176808,2017-01-01,0.0868683996599311
2019-07-15,CNY,16161.843079757646,0,0.23682053430797567,0.0018981506347022761,23432.238902948797,12352043.5,0,12368205.343079757,0,0,0,249339.36280671204,2368205.343079757,2017-01-01,0.08738762263576172
2019-07-16,CNY,7893.835660561766,0,0.23454800566605605,-0.0018373956276454674,-22725.286419196054,12337586.220999999,0,12345480.05666056,0,0,0,256305.7714287255,2345480.056660561,2017-01-01,0.08650230258049962
2019-07-17,CNY,7894.436909171762,0,0.23219244579091725,-0.0019080342476176057,-23555.59875138849,12314030.021,0,12321924.457909172,0,0,0,256305.7714287255,2321924.4579091724,2017-01-01,0.08558939052395376
2019-07-18,CNY,7895.038203576971,0,0.22560561442035754,-0.005345619016785779,-65868.31370559707,12248161.105999999,0,12256056.144203575,0,0,0,256305.7714287255,2256056.1442035753,2017-01-01,0.08320988983191402
2019-07-19,CNY,7895.6395437808815,0,0.23179353665437818,0.005048869033573339,61879.222340205684,12310039.727,0,12317935.366543781,0,0,0,256305.7714287255,2317935.366543781,2017-01-01,0.08525975981162603
2019-07-22,CNY,7896.240929786982,0,0.22608181259297866,-0.004636916732744744,-57117.24061399512,12252921.885,0,12260818.125929786,0,0,0,256305.7714287255,2260818.125929786,2017-01-01,0.08300333913743119
2019-07-23,CNY,7896.842361598761,0,0.23119040143615988,0.004166597033502569,51085.88843181357,12304007.172,0,12311904.0143616,0,0,0,256305.7714287255,2311904.0143615995,2017-01-01,0.0846719269684908
2019-07-24,CNY,7897.443839219708,0,0.23575871218392197,0.0037104827510295547,45683.107477620244,12349689.678,0,12357587.12183922,0,0,0,256305.7714287255,2357587.1218392197,2017-01-01,0.08614685558523139
2019-07-25,CNY,7898.045362653312,0,0.23931838573626552,0.0028805571162452285,35596.735523434356,12385285.812,0,12393183.857362654,0,0,0,256305.7714287255,2393183.857362654,2017-01-01,0.0872698518835715
2019-07-26,CNY,7898.646931903062,0,0.23454977469319038,-0.0038477691430698177,-47686.110430750996,12337599.1,0,12345497.746931903,0,0,0,256305.7714287255,2345497.746931903,2017-01-01,0.08554132589198327
2019-07-29,CNY,7899.248546972448,0,0.23883379085469736,0.0034701040406180926,42840.161615069956,12380438.66,0,12388337.908546973,0,0,0,256305.7714287255,2388337.908546973,2017-01-01,0.08671776480810633
2019-07-30,CNY,7899.850207864959,0,0.23877209132078647,-4.9804529361679186e-05,-616.995339108631,12379821.063,0,12387720.913207864,0,0,0,256305.7714287255,2387720.9132078644,2017-01-01,0.08660073699474524
2019-07-31,CNY,19134.409067616558,0,0.23345102380676153,-0.0042954370309969655,-53210.67514024861,12315375.829,0,12334510.238067616,0,0,0,263007.2698656734,2334510.238067616,2017-01-01,0.08469420949409034
2019-08-01,CNY,19135.86647531412,0,0.22341267434753131,-0.00813842565734738,-100383.49459230341,12214990.876999998,0,12234126.743475312,0,0,0,263007.2698656734,2234126.7434753124,2017-01-01,0.08117556173143825
2019-08-02,CNY,19137.323994017836,0,0.22926625719940175,0.004784634796261506,58535.82851870544,12273525.248,0,12292662.571994018,0,0,0,263007.2698656734,2292662.571994018,2017-01-01,0.08308324776574039
2019-08-05,CNY,19138.781623736162,0,0.23554841316237374,0.005110492479704443,62821.559629719704,12336345.350000001,0,12355484.131623738,0,0,0,263007.2698656734,2355484.1316237375,2017-01-01,0.08493893700632471
2019-08-06,CNY,19140.239364477555,0,0.22702704593644762,-0.006896829889583873,-85213.67225926183,12251130.219999999,0,12270270.459364476,0,0,0,263007.2698656734,2270270.4593644757,2017-01-01,0.08195878298784143
2019-08-07,CNY,19141.69721625047,0,0.23467397172162485,0.006232075984389875,76469.25785177387,12327598.02,0,12346739.71721625,0,0,0,263007.2698656734,2346739.7172162496,2017-01-01,0.08445720955211455
2019-08-08,CNY,19143.155179063368,0,0.2409661417179063,0.005096219844585823,62921.69996281341,12390518.262,0,12409661.417179063,0,0,0,263007.2698656734,2409661.417179063,2017-01-01,0.08648454509169534
2019-08-09,CNY,19144.6132529247,0,0.24994063432529257,0.0072318593599681675,89744.92607386224,12480261.73,0,12499406.343252925,0,0,0,263007.2698656734,2499406.343252925,2017-01-01,0.08939851342936089
2019-08-12,CNY,19146.07143784293,0,0.24944181714378422,-0.00039907269818258243,-4988.171815082431,12475272.1,0,12494418.171437843,0,0,0,263007.2698656734,2494418.171437843,2017-01-01,0.08893890733498933
2019-08-13,CNY,19147.52973382651,0,0.24734420297338278,-0.0016788410165402303,-20976.141704015434,12454294.5,0,12473442.029733827,0,0,0,263007.2698656734,2473442.0297338273,2017-01-01,0.0881427387328757
2019-08-14,CNY,19148.98814088391,0,0.2464316418140884,-0.0007316033193716283,-9125.611592942849,12445167.43,0,12464316.418140884,0,0,0,263007.2698656734,2464316.4181408845,2017-01-01,0.0877426065383815
2019-08-15,CNY,83.94168083891591,0,0.2378222298680841,-0.0069072475835691115,-86094.11946004443,12378138.357,0,12378222.29868084,0,0,0,270013.7227188048,2378222.29868084,2017-01-01,0.08477554642055307
2019-08-16,CNY,83.94807441247069,0,0.23923819780744116,0.001143918654222253,14159.67939357087,12392298.03,0,12392381.97807441,0,0,0,270013.7227188048,2392381.978074411,2017-01-01,0.08515598500142829
2019-08-19,CNY,83.95446847300383,0,0.24296252504684723,0.0030053360572612152,37243.27239406109,12429541.295999998,0,12429625.250468472,0,0,0,270013.7227188048,2429625.250468472,2017-01-01,0.08611637347826617
2019-08-20,CNY,83.96086302055242,0,0.24406138818630185,0.0008840677955381091,10988.631394546479,12440529.920999998,0,12440613.881863018,0,0,0,270013.7227188048,2440613.8818630185,2017-01-01,0.08638729712580284
2019-08-21,CNY,83.96725805515358,0,0.24347817682580541,-0.00046879628773522486,-5832.113604964688,12434697.800999999,0,12434781.768258054,0,0,0,270013.7227188048,2434781.768258054,2017-01-01,0.08610078074735972
2019-08-22,CNY,83.97365357684438,0,0.24653875306535777,0.0024613027366230124,30605.76239552349,12465303.557,0,12465387.530653577,0,0,0,270013.7227188048,2465387.5306535773,2017-01-01,0.08701903394183041
2019-08-23,CNY,83.98004958566194,0,0.24853055250495837,0.0015978640332702406,19917.99439600669,12485221.544999998,0,12485305.525049584,0,0,0,270013.7227188048,2485305.525049584,2017-01-01,0.08758163105982097
2019-08-26,CNY,83.98644608164335,0,0.2517313084446082,0.002563618433868545,32007.559396497905,12517229.098000001,0,12517313.084446082,0,0,0,270013.7227188048,2517313.084446082,2017-01-01,0.088348886749118
2019-08-27,CNY,83.99284306482572,0,0.25698359328430653,0.004196016193143518,52522.848396983,12569751.94,0,12569835.932843065,0,0,0,270013.7227188048,2569835.932843065,2017-01-01,0.08997158898164948
2019-08-28,CNY,83.99924053524616,0,0.25674842862405356,-0.00018708649938584628,-2351.6466025300324,12567400.287,0,12567484.286240535,0,0,0,270013.7227188048,2567484.286240535,2017-01-01,0.0897980561817282
2019-08-29,CNY,84.00563849294178,0,0.2609410252638491,0.003336066745184516,41925.966397956014,12609326.246999998,0,12609410.25263849,0,0,0,270013.7227188048,2609410.252638491,2017-01-01,0.09106664701648581
2019-08-30,CNY,39517.979209176614,0,0.2604105900209175,-0.0004206661789123345,-5304.352429315448,12564587.920999998,0,12604105.900209175,0,0,0,270189.9588789408,2604105.9002091754,2017-01-01,0.09079646047528178
2019-09-02,CNY,39520.98916923799,0,0.25938560191692384,-0.0008132176229785449,-10249.881039937958,12554335.03,0,12593856.019169237,0,0,0,270189.9588789408,2593856.0191692375,2017-01-01,0.09017273733537334
2019-09-03,CNY,39523.99935855855,0,0.2603729029358559,0.0007839545072051866,9873.010189320892,12564205.03,0,12603729.029358558,0,0,0,270189.9588789408,2603729.0293585584,2017-01-01,0.09039581567924371
2019-09-04,CNY,39527.00977715575,0,0.2635192971777156,0.0024963994660077943,31463.94241859764,12595665.962,0,12635192.971777156,0,0,0,270189.9588789408,2635192.971777156,2017-01-01,0.09131529362784674
2019-09-05,CNY,39530.020425047056,0,0.26958020414250483,0.004796845587026168,60609.06964789331,12656272.021000002,0,12695802.04142505,0,0,0,270189.9588789408,2695802.0414250493,2017-01-01,0.09316839548182076
2019-09-06,CNY,39533.03130224993,0,0.2629985841302247,-0.005184091553101595,-65816.20012280159,12590452.809999999,0,12629985.841302248,0,0,0,270189.9588789408,2629985.8413022477,2017-01-01,0.09095282350950895
2019-09-09,CNY,39536.04240878185,0,0.26560493524087825,0.0020636215617361757,26063.51110653393,12616513.31,0,12656049.352408782,0,0,0,270189.9588789408,2656049.3524087816,2017-01-01,0.09149876016354752
2019-09-10,CNY,39539.05374466026,0,0.25975557267446603,-0.004621791843201659,-58493.62566412054,12558016.673,0,12597555.726744661,0,0,0,270189.9588789408,2597555.726744661,2017-01-01,0.08952583623470511
2019-09-11,CNY,39542.06530990265,0,0.2631778863309904,0.0027166489521920595,34223.13656524196,12592236.798,0,12631778.863309903,0,0,0,270189.9588789408,2631778.863309903,2017-01-01,0.09052778551851137
2019-09-12,CNY,39545.077104526485,0,0.2657507983104528,0.002036856413735708,25729.119794623926,12617962.906000001,0,12657507.983104527,0,0,0,270189.9588789408,2657507.983104527,2017-01-01,0.09125434627312279
2019-09-13,CNY,39548.08912854923,0,0.26575109951285514,2.379634307576142e-07,3.012024024501443,12617962.906000001,0,12657510.995128551,0,0,0,270189.9588789408,2657510.9951285515,2017-01-01,0.0911577967203645
2019-09-16,CNY,39551.10138198837,0,0.2652267080381987,-0.0004142927269494048,-5243.914746563882,12612715.978999998,0,12652267.080381988,0,0,0,270189.9588789408,2652267.0803819876,2017-01-01,0.0907022687193566
2019-09-17,CNY,13700.062384289005,0,0.2633845172384288,-0.0014560163708734542,-18421.907997699454,12620145.11,0,12633845.172384288,0,0,0,284093.741287786,2633845.172384288,2017-01-01,0.09002089736036245
2019-09-18,CNY,13701.105874908724,0,0.2645660753874908,0.0009352324117796074,11815.581490619108,12631959.647999998,0,12645660.753874907,0,0,0,284093.741287786,2645660.7538749073,2017-01-01,0.09030141687578208
2019-09-19,CNY,13702.149445007839,0,0.2648139791445008,0.00019603859524229656,2479.0375701002777,12634437.641999999,0,12648139.791445008,0,0,0,284093.741287786,2648139.7914450075,2017-01-01,0.09028503267815924
2019-09-20,CNY,13703.193094592401,0,0.2697043225094593,0.0038664526527975272,48903.433649586514,12683340.032000002,0,12697043.225094594,0,0,0,284093.741287786,2697043.225094594,2017-01-01,0.09173762097942895
2019-09-23,CNY,13704.236823668467,0,0.2678790356823668,-0.0014375684123726525,-18252.868270926178,12665086.12,0,12678790.356823668,0,0,0,284093.741287786,2678790.356823668,2017-01-01,0.09087377837278199
2019-09-24,CNY,13705.280632242091,0,0.26864020086322427,0.0006003452690956625,7611.651808574796,12672696.728,0,12686402.008632243,0,0,0,284093.741287786,2686402.0086322427,2017-01-01,0.09101830548964895
2019-09-25,CNY,13706.324520319327,0,0.26153989645203213,-0.005596783395608116,-71003.04411192238,12601692.64,0,12615398.96452032,0,0,0,284093.741287786,2615398.9645203203,2017-01-01,0.08868607132306172
2019-09-26,CNY,13707.368487906233,0,0.25648137064879073,-0.004009802478279102,-50585.2580324132,12551106.338000001,0,12564813.706487907,0,0,0,284093.741287786,2564813.706487907,2017-01-01,0.08699660546362176
2019-09-27,CNY,13708.412535008863,0,0.25527251185350086,-0.0009620984628412604,-12088.587952898815,12539016.706,0,12552725.118535008,0,0,0,284093.741287786,2552725.1185350083,2017-01-01,0.08652413263960557
2019-09-30,CNY,13709.456661633274,0,0.2590906234661634,0.00304165954134131,38181.11612662673,12577196.778,0,12590906.234661635,0,0,0,284093.741287786,2590906.234661635,2017-01-01,0.08745568132802672
2019-10-01,CNY,13710.500867785522,0,0.25909072788677867,8.293335938474048e-08,1.0442061517387629,12577196.778,0,12590907.278867787,0,0,0,284093.741287786,2590907.2788677868,2017-01-01,0.0873649080644816
2019-10-02,CNY,13711.545153471665,0,0.25909083231534735,8.293966936277371e-08,1.044285686686635,12577196.778,0,12590908.323153473,0,0,0,284093.741287786,2590908.3231534734,2017-01-01,0.0872743230012587
2019-10-03,CNY,13712.589518697761,0,0.2590909367518699,8.294597963510782e-08,1.0443652253597975,12577196.778,0,12590909.367518699,0,0,0,284093.741287786,2590909.367518699,2017-01-01,0.08718392555399124
2019-10-04,CNY,13713.633963469869,0,0.25909104119634696,8.295229049761401e-08,1.0444447714835405,12577196.778,0,12590910.41196347,0,0,0,284093.741287786,2590910.4119634703,2017-01-01,0.08709371514072806
2019-10-07,CNY,13714.678487794046,0,0.25909114564877944,8.295860195029197e-08,1.0445243250578642,12577196.778,0,12590911.456487795,0,0,0,284093.741287786,2590911.4564877953,2017-01-01,0.08682413514781762
2019-10-08,CNY,13715.723091676353,0,0.25183305050916793,-0.005764551013399253,-72580.95139611699,12504614.782000002,0,12518330.505091678,0,0,0,284093.741287786,2518330.5050916784,2017-01-01,0.08446877849469159
2019-10-09,CNY,13292.567504888455,0,0.25100765515048895,-0.0006593493903545407,-8253.953586788848,12496783.984000001,0,12510076.55150489,0,0,0,297747.1092504816,2510076.5515048895,2017-01-01,0.08412395493344804
2019-10-10,CNY,13293.579957906131,0,0.2525881701957904,0.0012633935841993734,15805.1504530143,12512588.121999998,0,12525881.701957904,0,0,0,297747.1092504816,2525881.701957904,2017-01-01,0.08453079215882076
2019-10-11,CNY,13294.592488039167,0,0.25863620264880405,0.004828428526566895,60480.32453013584,12573067.434,0,12586362.02648804,0,0,0,297747.1092504816,2586362.0264880396,2017-01-01,0.08632591025898506
2019-10-14,CNY,13295.605095293435,0,0.2610230067095294,0.0018963414970126174,23868.04060725309,12596934.462,0,12610230.067095293,0,0,0,297747.1092504816,2610230.0670952927,2017-01-01,0.08679932392839262
2019-10-15,CNY,13296.617779674809,0,0.2658462317779673,0.0038248509684399917,48232.25068438053,12645165.7,0,12658462.317779673,0,0,0,297747.1092504816,2658462.3177796733,2017-01-01,0.08819893996203043
2019-10-16,CNY,13297.630541189164,0,0.27248498505411867,0.005244517943405209,66387.53276151419,12711552.219999999,0,12724849.850541187,0,0,0,297747.1092504816,2724849.8505411875,2017-01-01,0.09014932312356416
2019-10-17,CNY,13298.643379842377,0,0.2713777705379843,-0.0008701199064343254,-11072.145161343738,12700479.062,0,12713777.705379844,0,0,0,297747.1092504816,2713777.7053798437,2017-01-01,0.08971757409787151
2019-10-18,CNY,13299.65629564032,0,0.271343517629564,-2.694156623949964e-05,-342.5290842037648,12700135.52,0,12713435.17629564,0,0,0,297747.1092504816,2713435.17629564,2017-01-01,0.08961538199470342
2019-10-21,CNY,13300.66928858887,0,0.26989574092885893,-0.0011387769557393123,-14477.767007051036,12685656.74,0,12698957.409288589,0,0,0,297747.1092504816,2698957.409288589,2017-01-01,0.08889910522416256
2019-10-22,CNY,13301.682358693904,0,0.2747778672358694,0.00384450955276018,48821.263070104644,12734476.99,0,12747778.672358694,0,0,0,297747.1092504816,2747778.6723586936,2017-01-01,0.0902973926236037
2019-10-23,CNY,13302.6955059613,0,0.2706375835505963,-0.0032478471674838474,-41402.83685273118,12693073.14,0,12706375.835505962,0,0,0,297747.1092504816,2706375.8355059624,2017-01-01,0.08894455933129808
2019-10-24,CNY,17329.49582377052,0,0.27340485538237713,0.002177860837429469,27672.718317808583,12716719.058,0,12734048.553823771,0,0,0,304909.528765283,2734048.553823771,2017-01-01,0.08969641945709395
2019-10-25,CNY,17330.81575690873,0,0.27401822257569086,0.0004816749290073131,6133.671933138743,12722851.41,0,12740182.22575691,0,0,0,304909.528765283,2740182.2257569097,2017-01-01,0.08979168712688668
2019-10-28,CNY,17332.13579058209,0,0.2760784477790583,0.00161710811263135,20602.252033673227,12743452.342,0,12760784.477790583,0,0,0,304909.528765283,2760784.477790583,2017-01-01,0.09014247260848407
2019-10-29,CNY,17333.45592479826,0,0.2775003655924797,0.0011142871473898647,14219.178134214133,12757670.2,0,12775003.655924797,0,0,0,304909.528765283,2775003.655924797,2017-01-01,0.09048074387614458
2019-10-30,CNY,17334.7761595649,0,0.27605320761595653,-0.0011328043541123094,-14471.57976523228,12743197.3,0,12760532.076159565,0,0,0,304909.528765283,2760532.076159565,2017-01-01,0.08995270474357042
2019-10-31,CNY,17336.09649488966,0,0.27740177264948906,0.0010568250802425472,13485.650335324928,12756681.63,0,12774017.72649489,0,0,0,304909.528765283,2774017.7264948897,2017-01-01,0.09026835516668141
2019-11-01,CNY,17337.41693078021,0,0.277718339693078,0.00024782104610083356,3165.6704358905554,12759845.98,0,12777183.39693078,0,0,0,304909.528765283,2777183.3969307803,2017-01-01,0.090272589431734
2019-11-04,CNY,17338.737467244206,0,0.28095576174672465,0.0025337525126424443,32374.220536466688,12792218.880000003,0,12809557.617467247,0,0,0,304909.528765283,2809557.617467247,2017-01-01,0.09097063638044034
2019-11-05,CNY,17340.058104289303,0,0.2855254858104288,0.0035674331621513918,45697.24063704163,12837914.799999999,0,12855254.858104289,0,0,0,304909.528765283,2855254.8581042886,2017-01-01,0.09224476854226782
2019-11-06,CNY,17341.378841923168,0,0.28052922988419215,-0.003886547549142463,-49962.559262366965,12787950.919999998,0,12805292.298841922,0,0,0,304909.528765283,2805292.2988419216,2017-01-01,0.09066049517734287
2019-11-07,CNY,17342.69968015346,0,0.2826718119680154,0.0016732004501114972,21425.820838231593,12809375.42,0,12826718.119680153,0,0,0,304909.528765283,2826718.119680153,2017-01-01,0.09120902715601842
2019-11-08,CNY,23440.09397920057,0,0.28030423939792004,-0.0018458132064683192,-23675.725700952113,12779602.3,0,12803042.393979201,0,0,0,311948.88322642277,2803042.393979201,2017-01-01,0.09041171950124816
2019-11-11,CNY,23441.8793373622,0,0.2792385179337362,-0.0008323970439128563,-10657.214641839266,12768943.299999999,0,12792385.179337362,0,0,0,311948.88322642277,2792385.179337362,2017-01-01,0.08982376791073499
2019-11-12,CNY,23443.66483150894,0,0.28563572648315105,0.0050007941910222556,63972.085494149476,12832913.600000001,0,12856357.264831511,0,0,0,311948.88322642277,2856357.2648315113,2017-01-01,0.09163267151658805
2019-11-13,CNY,23445.450461651148,0,0.28605323504616487,0.0003247487250185863,4175.085630137473,12837086.899999999,0,12860532.350461649,0,0,0,311948.88322642277,2860532.350461649,2017-01-01,0.09166482625745997
2019-11-14,CNY,23447.23622779918,0,0.28600628362278013,-3.6508149200466506e-05,-469.51423384808004,12836615.600000001,0,12860062.8362278,0,0,0,311948.88322642277,2860062.8362278007,2017-01-01,0.09155959232792554
2019-11-15,CNY,23449.0221299634,0,0.2906043022129965,0.0035754246684264724,45980.185902163386,12882594.0,0,12906043.022129964,0,0,0,311948.88322642277,2906043.022129964,2017-01-01,0.09282471827822358
2019-11-18,CNY,23450.808168154163,0,0.29653462081681536,0.004594993673622772,59303.1860381905,12941895.4,0,12965346.208168155,0,0,0,311948.88322642277,2965346.2081681546,2017-01-01,0.0942873322678146
2019-11-19,CNY,23452.59434238183,0,0.30109133943423827,0.0035145367846422418,45567.18617422879,12987460.8,0,13010913.394342383,0,0,0,311948.88322642277,3010913.3943423834,2017-01-01,0.09552516227349961
2019-11-20,CNY,23454.38065265677,0,0.2941660880652657,-0.005322648117836223,-69252.51368972659,12918206.5,0,12941660.880652657,0,0,0,311948.88322642277,2941660.880652657,2017-01-01,0.09340768279341072
2019-11-21,CNY,23456.16709898934,0,0.28763078670989883,-0.005049816569631209,-65353.01355366781,12852851.7,0,12876307.867098989,0,0,0,311948.88322642277,2876307.867098989,2017-01-01,0.09140185033816928
2019-11-22,CNY,23457.9536813899,0,0.29113780536813905,0.0027236213163255663,35070.186582401395,12887920.1,0,12911378.05368139,0,0,0,311948.88322642277,2911378.0536813904,2017-01-01,0.09233790893986149
2019-11-25,CNY,10808.532500118064,0,0.29795238325001194,0.00527796324570468,68145.7788187284,12968715.3,0,12979523.832500119,0,0,0,312081.9275968867,2979523.8325001188,2017-01-01,0.0940478209043154
2019-11-26,CNY,10809.35575200995,0,0.304631385575201,0.005145799192159272,66790.02325189114,13035504.5,0,13046313.85575201,0,0,0,312081.9275968867,3046313.85575201,2017-01-01,0.0958901743380618
2019-11-27,CNY,10810.179066606339,0,0.30532145790666054,0.0005289404647852979,6900.72331459634,13042404.4,0,13053214.579066606,0,0,0,312081.9275968867,3053214.5790666062,2017-01-01,0.0959949605475392
2019-11-28,CNY,10811.00244391201,0,0.3069261702443913,0.0012293618005055323,16047.123377306387,13058450.700000001,0,13069261.702443913,0,0,0,312081.9275968867,3069261.7024439126,2017-01-01,0.09636322188370694
2019-11-29,CNY,10811.825883931737,0,0.30535534258839325,-0.0012019253204672753,-15708.276559980586,13042741.6,0,13053553.425883932,0,0,0,312081.9275968867,3053553.425883932,2017-01-01,0.095815728669016
2019-12-02,CNY,10812.649386670299,0,0.31261746493866704,0.005563329856124659,72621.2235027384,13115362.0,0,13126174.64938667,0,0,0,312081.9275968867,3126174.6493866704,2017-01-01,0.0976166583101139
2019-12-03,CNY,10813.47295213247,0,0.29909152729521327,-0.010304554072108023,-135259.3764345385,12980101.799999999,0,12990915.272952132,0,0,0,312081.9275968867,2990915.272952132,2017-01-01,0.0936389114550491
2019-12-04,CNY,10814.29658032303,0,0.29306764965803245,-0.004636992475597745,-60238.77637180686,12919862.200000001,0,12930676.496580325,0,0,0,312081.9275968867,2930676.496580325,2017-01-01,0.09181161630728929
2019-12-05,CNY,10815.120271246757,0,0.30012597202712454,0.0054585870823995975,70583.22369092144,12990444.6,0,13001259.720271247,0,0,0,312081.9275968867,3001259.7202712465,2017-01-01,0.09375299400093362
2019-12-06,CNY,10815.944024908427,0,0.3007184344024907,0.0004556961310774956,5924.62375366129,12996368.399999999,0,13007184.344024908,0,0,0,312081.9275968867,3007184.344024908,2017-01-01,0.0938313752567308
2019-12-09,CNY,10816.767841312821,0,0.3060914167841313,0.004130780528307604,53729.82381640561,13050097.4,0,13060914.167841313,0,0,0,312081.9275968867,3060914.1678413134,2017-01-01,0.09509165797069974
2019-12-10,CNY,4921.9193366451655,0,0.30147640193366443,-0.0035334546963259363,-46150.14850466885,13009842.1,0,13014764.019336645,0,0,0,319237.8509601021,3014764.0193366446,2017-01-01,0.09368257567266358
2019-12-11,CNY,4922.294223745293,0,0.2998524894223742,-0.0012477464123648453,-16239.125112902373,12993602.599999998,0,12998524.894223742,0,0,0,319237.8509601021,2998524.894223742,2017-01-01,0.09312797782833004
2019-12-12,CNY,4922.66913939939,0,0.30537168691394,0.004246018326293569,55191.97491565719,13048794.2,0,13053716.8691394,0,0,0,319237.8509601021,3053716.8691393994,2017-01-01,0.09460965386815134
2019-12-13,CNY,4923.044083609631,0,0.308557034408361,0.002440184298735412,31853.474944211543,13080647.3,0,13085570.34408361,0,0,0,319237.8509601021,3085570.344083611,2017-01-01,0.09542220701458182
2019-12-16,CNY,4923.419056378193,0,0.3128639819056376,0.00329137162846241,43069.47497276589,13123716.399999999,0,13128639.819056377,0,0,0,319237.8509601021,3128639.819056377,2017-01-01,0.09636179058903505
2019-12-17,CNY,4923.79405770725,0,0.3175197594057708,0.003546275596177994,46557.7750013303,13170273.8,0,13175197.594057707,0,0,0,319237.8509601021,3175197.594057707,2017-01-01,0.09757962444657409
2019-12-18,CNY,4924.169087598978,0,0.31232087690876,-0.003945961690438373,-51988.824970107526,13118284.600000001,0,13123208.7690876,0,0,0,319237.8509601021,3123208.7690875996,2017-01-01,0.09602237755869814
2019-12-19,CNY,4924.544146055552,0,0.30986011441460537,-0.001875122569070989,-24607.62494154647,13093676.599999998,0,13098601.144146053,0,0,0,319237.8509601021,3098601.144146053,2017-01-01,0.09523656964240801
2019-12-20,CNY,4924.919233079148,0,0.31545695192330814,0.004272851312221337,55968.37508702837,13149644.600000001,0,13154569.519233081,0,0,0,319237.8509601021,3154569.5192330815,2017-01-01,0.09671805761498375
2019-12-23,CNY,4925.294348671942,0,0.3200548494348672,0.0034952854252178066,45978.9751155898,13195623.2,0,13200548.494348671,0,0,0,319237.8509601021,3200548.4943486713,2017-01-01,0.09772401679060194
2019-12-24,CNY,4925.669492836109,0,0.3240773669492836,0.0030472351327965517,40225.17514416389,13235848.0,0,13240773.669492835,0,0,0,319237.8509601021,3240773.669492835,2017-01-01,0.09875089969573514
2019-12-25,CNY,17922.439623058326,0,0.32222706396230594,-0.0013974281512271287,-18503.02986977622,13204348.200000001,0,13222270.639623059,0,0,0,333859.8458217132,3222270.639623059,2017-01-01,0.09814106349957119
2019-12-26,CNY,17923.804718858955,0,0.326189280471886,0.0029966233618804587,39622.165095800534,13243969.0,0,13261892.80471886,0,0,0,333859.8458217132,3261892.8047188595,2017-01-01,0.09914749535054379
2019-12-27,CNY,17925.169918634634,0,0.3349762769918634,0.006625748412663097,87869.96519977413,13331837.6,0,13349762.769918634,0,0,0,333859.8458217132,3349762.7699186336,2017-01-01,0.10148315495451565
2019-12-30,CNY,17926.535222393282,0,0.3367126835222394,0.001300702162504831,17364.06530375965,13349200.3,0,13367126.835222393,0,0,0,333859.8458217132,3367126.8352223933,2017-01-01,0.10166890747281698
2019-12-31,CNY,17927.900630142816,0,0.3361338200630144,-0.0004330500236593051,-5788.6345922499895,13343410.3,0,13361338.200630143,0,0,0,333859.8458217132,3361338.2006301433,2017-01-01,0.10141246104479862
2020-01-02,CNY,17929.266141891163,0,0.342962296614189,0.005110623238960228,68284.76551174745,13411693.7,0,13429622.96614189,0,0,0,333859.8458217132,3429622.9661418907,2017-01-01,0.10308788119989476
2020-01-03,CNY,17930.63175764624,0,0.3477553131757647,0.003568988179087027,47930.165615756065,13459622.5,0,13477553.131757647,0,0,0,333859.8458217132,3477553.131757647,2017-01-01,0.10429636179549284
2020-01-06,CNY,17931.997477415967,0,0.34752863974774173,-0.00016818589087133994,-2266.7342802304775,13457354.4,0,13475286.397477416,0,0,0,333859.8458217132,3475286.3974774163,2017-01-01,0.10393632753020587
2020-01-07,CNY,17933.363301208272,0,0.35155045633012083,0.002984587090580876,40218.165823791176,13497571.2,0,13515504.563301207,0,0,0,333859.8458217132,3515504.5633012075,2017-01-01,0.10492737924239814
2020-01-08,CNY,17934.729229031072,0,0.34227999292290323,-0.0068591323126697855,-92704.63407217525,13404865.200000001,0,13422799.929229032,0,0,0,333859.8458217132,3422799.9292290322,2017-01-01,0.10231392213825075
2020-01-09,CNY,17936.095260892296,0,0.3503535495260892,0.006014808121817652,80735.56603186019,13485599.4,0,13503535.495260892,0,0,0,333859.8458217132,3503535.4952608924,2017-01-01,0.10440412456201864
2020-01-10,CNY,8722.379994538487,0,0.35365993799945383,0.0024485354035799823,33063.884733645245,13527877.0,0,13536599.379994538,0,0,0,341560.2253936931,3536599.3799945377,2017-01-01,0.10519729857441473
2020-01-13,CNY,8723.044350761884,0,0.3512667644350762,-0.0017679281902325007,-23931.735643776134,13503944.6,0,13512667.644350762,0,0,0,341560.2253936931,3512667.6443507615,2017-01-01,0.10425415749818057
2020-01-14,CNY,8723.708757587203,0,0.35848412087575876,0.00534117809350538,72173.56440682523,13576117.5,0,13584841.208757587,0,0,0,341560.2253936931,3584841.208757587,2017-01-01,0.10609296252099476
2020-01-15,CNY,8724.373215018297,0,0.35909727732150154,0.00045135341394176963,6131.564457429573,13582248.399999999,0,13590972.773215016,0,0,0,341560.2253936931,3590972.7732150164,2017-01-01,0.10615661240502217
2020-01-16,CNY,8725.037723059022,0,0.3603927037723058,0.0009531521197344055,12954.264508042485,13595202.0,0,13603927.037723059,0,0,0,341560.2253936931,3603927.037723059,2017-01-01,0.10640240693203462
2020-01-17,CNY,8725.702281713233,0,0.3610209502281714,0.00046181257376891343,6282.464558655396,13601483.8,0,13610209.502281714,0,0,0,341560.2253936931,3610209.502281714,2017-01-01,0.10646947864369927
2020-01-20,CNY,8726.366890984784,0,0.35617401668909854,-0.0035612482954507215,-48469.33539072797,13553013.8,0,13561740.166890986,0,0,0,341560.2253936931,3561740.1668909863,2017-01-01,0.10487721154522545
2020-01-21,CNY,8727.031550877531,0,0.3556048531550877,-0.0004196832611499788,-5691.6353401094675,13547321.5,0,13556048.531550877,0,0,0,341560.2253936931,3556048.531550877,2017-01-01,0.10462681024548304
2020-01-22,CNY,8727.69626139533,0,0.34992283962613935,-0.004191496892124381,-56820.13528948277,13490500.7,0,13499228.396261394,0,0,0,341560.2253936931,3499228.396261394,2017-01-01,0.1030134551872286
2020-01-23,CNY,8728.361022542034,0,0.3472104761022541,-0.0020092730075123577,-27123.635238852352,13463376.4,0,13472104.761022542,0,0,0,341560.2253936931,3472104.7610225417,2017-01-01,0.10219274734087369
2020-01-24,CNY,8729.025834321505,0,0.3472105425834322,4.9347284070984765e-08,0.6648117806762457,13463376.4,0,13472105.425834322,0,0,0,341560.2253936931,3472105.4258343223,2017-01-01,0.10209692910399348
2020-01-27,CNY,8729.690696737594,0,0.3472106090696738,4.9351040079231544e-08,0.6648624148219824,13463376.4,0,13472106.090696737,0,0,0,341560.2253936931,3472106.090696737,2017-01-01,0.10181051347845993
2020-01-28,CNY,8730.355609794162,0,0.3472106755609796,4.9354796778219066e-08,0.6649130582809448,13463376.4,0,13472106.755609795,0,0,0,341560.2253936931,3472106.7556097955,2017-01-01,0.10171540991421568
2020-01-29,CNY,8731.020573495063,0,0.3472107420573496,4.935855333839087e-08,0.6649636998772621,13463376.4,0,13472107.420573495,0,0,0,341560.2253936931,3472107.4205734953,2017-01-01,0.1016204837617749
2020-01-30,CNY,8731.685587844157,0,0.3472108085587844,4.9362310451043815e-08,0.66501434892416,13463376.4,0,13472108.085587844,0,0,0,341560.2253936931,3472108.0855878443,2017-01-01,0.10152573452552383
2020-01-31,CNY,8732.350652845298,0,0.3472108750652847,4.936606783965901e-08,0.6650650016963482,13463376.4,0,13472108.750652846,0,0,0,341560.2253936931,3472108.750652846,2017-01-01,0.10143116171169142
2020-02-03,CNY,8733.015768502348,0,0.3115817315768501,-0.026446597298071813,-356291.43488434516,13107084.299999999,0,13115817.3157685,0,0,0,341560.2253936931,3115817.315768501,2017-01-01,0.09164805377294072
2020-02-04,CNY,1495.3565887418529,0,0.3291653656588742,0.013406434123540464,175836.34082024172,13290158.3,0,13291653.656588743,0,0,0,356098.4984613825,3291653.6565887425,2017-01-01,0.09626895569748561
2020-02-05,CNY,1495.470485345366,0,0.3409857370485343,0.008893078088745288,118203.71389660053,13408361.899999999,0,13409857.370485343,0,0,0,356098.4984613825,3409857.370485343,2017-01-01,0.09931648126800563
2020-02-06,CNY,1495.5843906240245,0,0.35237154843906215,0.008490628256485184,113858.11390527897,13522219.899999999,0,13523715.484390622,0,0,0,356098.4984613825,3523715.484390622,2017-01-01,0.1022252648016635
2020-02-07,CNY,1495.6983045784898,0,0.35673366983045796,0.003225534725594105,43621.21391395666,13565841.0,0,13567336.698304579,0,0,0,356098.4984613825,3567336.6983045787,2017-01-01,0.10327457497252279
2020-02-10,CNY,1495.8122272094222,0,0.36067457122272106,0.002904697863623922,39409.01392263174,13605249.9,0,13606745.71222721,0,0,0,356098.4984613825,3606745.7122272104,2017-01-01,0.10401665028449703
2020-02-11,CNY,1495.9261585174827,0,0.3749536726158518,0.010494134082552448,142791.01393130794,13748040.8,0,13749536.726158518,0,0,0,356098.4984613825,3749536.7261585183,2017-01-01,0.10762631807187173
2020-02-12,CNY,1496.0400985033323,0,0.3870542440098501,0.008800712078521875,121005.7139399834,13869046.399999999,0,13870542.440098502,0,0,0,356098.4984613825,3870542.4400985017,2017-01-01,0.11064377554765636
2020-02-13,CNY,1496.154047167632,0,0.4173946254047167,0.021873968899121885,303403.8139486648,14172450.1,0,14173946.254047167,0,0,0,356098.4984613825,4173946.2540471666,2017-01-01,0.11826880956515207
2020-02-14,CNY,1496.2680045110426,0,0.3907752768004511,-0.01878047801730928,-266193.486042656,13906256.5,0,13907752.76800451,0,0,0,356098.4984613825,3907752.7680045106,2017-01-01,0.11139224119661972
2020-02-17,CNY,1496.3819705342253,0,0.3906350681970534,-0.00010081326993396629,-1402.0860339757055,13904854.3,0,13906350.681970535,0,0,0,356098.4984613825,3906350.681970535,2017-01-01,0.1110484344871836
2020-02-18,CNY,1496.4959452378412,0,0.3770985095945236,-0.009734084025422857,-135365.58602529764,13769488.6,0,13770985.095945237,0,0,0,356098.4984613825,3770985.095945237,2017-01-01,0.10748438578528874
2020-02-19,CNY,4067.0906958124738,0,0.3756579990695814,-0.0010460475520857988,-14405.105249423534,13752512.9,0,13756579.990695814,0,0,0,364208.4134647085,3756579.9906958137,2017-01-01,0.10701624779050767
2020-02-20,CNY,4067.400473306297,0,0.3751345400473305,-0.0003805153770812296,-5234.590222507715,13747278.0,0,13751345.400473306,0,0,0,364208.4134647085,3751345.400473306,2017-01-01,0.10678387327243688
2020-02-21,CNY,4067.7102743948967,0,0.37164688102743937,-0.002536231123807807,-34876.59019891173,13712401.1,0,13716468.810274394,0,0,0,364208.4134647085,3716468.810274394,2017-01-01,0.1057920156213219
2020-02-24,CNY,4068.02009908007,0,0.36387767200990795,-0.005664146599970399,-77692.09017531574,13634708.7,0,13638776.720099078,0,0,0,364208.4134647085,3638776.7200990785,2017-01-01,0.10351069402501101
2020-02-25,CNY,4068.329947363614,0,0.36373696299473646,-0.00010316835450796493,-1407.090151714161,13633301.3,0,13637369.629947364,0,0,0,364208.4134647085,3637369.6299473643,2017-01-01,0.10338016435951447
2020-02-26,CNY,4068.639819247326,0,0.3590294139819248,-0.003451947949312743,-47075.49012811668,13586225.5,0,13590294.139819248,0,0,0,364208.4134647085,3590294.1398192476,2017-01-01,0.10207783483897659
2020-02-27,CNY,4068.9497147330044,0,0.3538361449714733,-0.00382130729255909,-51932.69010451436,13534292.5,0,13538361.449714733,0,0,0,364208.4134647085,3538361.4497147333,2017-01-01,0.10065012511936611
2020-02-28,CNY,4069.259633822446,0,0.3364950659633821,-0.012808846234827505,-173410.7900809124,13360881.399999999,0,13364950.65963382,0,0,0,364208.4134647085,3364950.659633821,2017-01-01,0.0960802755413952
2020-03-02,CNY,4069.569576517449,0,0.3425081369576515,0.00449913445055264,60130.70994269475,13421011.799999999,0,13425081.369576516,0,0,0,364208.4134647085,3425081.3695765156,2017-01-01,0.09737253534177781
2020-03-03,CNY,4069.8795428198114,0,0.34029079795428196,-0.0016516391538560402,-22173.390033695847,13398838.1,0,13402907.97954282,0,0,0,364208.4134647085,3402907.97954282,2017-01-01,0.09671292146134003
2020-03-04,CNY,4070.189532731331,0,0.3464198389532731,0.004572918808624299,61290.40998991206,13460128.200000001,0,13464198.389532732,0,0,0,364208.4134647085,3464198.389532732,2017-01-01,0.09820238919316293
2020-03-05,CNY,163590.34051173346,0,0.3465952540511732,0.00013028261529217944,1754.150979001075,13302362.2,0,13465952.540511733,0,0,0,378767.6216979302,3465952.540511733,2017-01-01,0.09815872269959702
2020-03-06,CNY,163602.80067293654,0,0.34860445006729357,0.0014920563622036933,20091.96016120352,13322441.7,0,13486044.500672936,0,0,0,378767.6216979302,3486044.5006729364,2017-01-01,0.09858497781985331
2020-03-09,CNY,163615.2617831909,0,0.3348028561783192,-0.010233982164515237,-138015.93888974562,13184413.3,0,13348028.56178319,0,0,0,378767.6216979302,3348028.561783191,2017-01-01,0.09478171597118346
2020-03-10,CNY,163627.72384256875,0,0.3334541923842569,-0.0010103842584841727,-13486.637940622866,13170914.2,0,13334541.923842568,0,0,0,378767.6216979302,3334541.923842568,2017-01-01,0.09434996688855812
2020-03-11,CNY,163640.18685114247,0,0.3316514486851143,-0.0013519352291503635,-18027.43699142523,13152874.3,0,13316514.486851143,0,0,0,378767.6216979302,3316514.4868511427,2017-01-01,0.09380203677718457
2020-03-12,CNY,163652.6508089843,0,0.3212167050808983,-0.007835942066161042,-104347.4360421598,13048514.399999999,0,13212167.050808983,0,0,0,378767.6216979302,3212167.050808983,2017-01-01,0.0910302374731562
2020-03-13,CNY,163665.11571616656,0,0.30916874157161667,-0.009118839826161618,-120479.63509281725,12928022.299999999,0,13091687.415716166,0,0,0,378767.6216979302,3091687.4157161657,2017-01-01,0.08783025545717438
2020-03-16,CNY,163677.58157276156,0,0.29494888815727616,-0.010861742235970293,-142198.53414340504,12785811.299999999,0,12949488.88157276,0,0,0,378767.6216979302,2949488.8815727606,2017-01-01,0.08389965176848757
2020-03-17,CNY,163690.0483788416,0,0.27895148483788423,-0.01235369477953392,-159974.03319391795,12625824.8,0,12789514.848378843,0,0,0,378767.6216979302,2789514.8483788427,2017-01-01,0.07963742696636111
2020-03-18,CNY,163702.51613447902,0,0.285485771613448,0.005109096672569971,65342.86775563657,12691155.200000001,0,12854857.71613448,0,0,0,378767.6216979302,2854857.7161344793,2017-01-01,0.08128017297973478
2020-03-19,CNY,163714.98483974615,0,0.27712163848397453,-0.00650659331606242,-83641.33129473403,12607501.399999999,0,12771216.384839745,0,0,0,378767.6216979302,2771216.3848397452,2017-01-01,0.07901608378192382
2020-03-20,CNY,159.12328278465247,0,0.28935128232827845,0.009575942866977992,122296.43844303861,12893353.7,0,12893512.823282784,0,0,0,379520.09537388815,2893512.823282784,2017-01-01,0.08214520460282282
2020-03-23,CNY,159.1354027041322,0,0.2968411751402702,0.005809039719933245,74898.92811991833,12968252.615999999,0,12968411.751402702,0,0,0,379520.09537388815,2968411.751402702,2017-01-01,0.08387114847147736
2020-03-24,CNY,159.147523546748,0,0.3133486787523547,0.012729009479745274,165075.036120845,13133327.64,0,13133486.787523547,0,0,0,379520.09537388815,3133486.787523547,2017-01-01,0.0880493989016764
2020-03-25,CNY,159.15964531257026,0,0.3302990635645313,0.012906233574071892,169503.848121766,13302831.476,0,13302990.635645313,0,0,0,379520.09537388815,3302990.635645313,2017-01-01,0.0922957529801689
2020-03-26,CNY,159.17176800166925,0,0.3225452351768001,-0.005828635530235414,-77538.28387731127,13225293.18,0,13225452.351768002,0,0,0,379520.09537388815,3225452.351768002,2017-01-01,0.09024261708952563
2020-03-27,CNY,159.1838916141153,0,0.3272028915891616,0.00352173694213093,46576.56412361376,13271869.732,0,13272028.915891616,0,0,0,379520.09537388815,3272028.9158916157,2017-01-01,0.09134704726847365
2020-03-30,CNY,159.19601614997876,0,0.32519028480161505,-0.0015164273678884845,-20126.067875465378,13251743.652,0,13251902.84801615,0,0,0,379520.09537388815,3251902.8480161503,2017-01-01,0.09059565403638237
2020-03-31,CNY,159.2081416093299,0,0.32717839961416084,0.001500248557016457,19881.14812545851,13271624.787999999,0,13271783.996141609,0,0,0,379520.09537388815,3271783.996141609,2017-01-01,0.09101915251322001
2020-04-01,CNY,159.22026799223914,0,0.3162159020267994,-0.008260003018847046,-109624.97587361559,13161999.8,0,13162159.020267993,0,0,0,379520.09537388815,3162159.020267993,2017-01-01,0.08816021227724447
2020-04-02,CNY,159.2323952987768,0,0.32035128143952996,0.0031418701189999732,41353.79412730597,13203353.582,0,13203512.8143953,0,0,0,379520.09537388815,3203512.814395299,2017-01-01,0.08913201805069715
2020-04-03,CNY,159.24452352901318,0,0.31745233385235294,-0.0021955881195619064,-28989.47587176971,13174364.094,0,13174523.33852353,0,0,0,379520.09537388815,3174523.3385235295,2017-01-01,0.08831922646851464
2020-04-06,CNY,159.2566526830187,0,0.31745233506526827,9.206522122013994e-10,0.012129154056310654,13174364.094,0,13174523.350652684,0,0,0,379520.09537388815,3174523.3506526835,2017-01-01,0.0880874325869796
2020-04-07,CNY,194989.1473093808,0,0.3340904783309382,0.012629028635670161,166381.43265669793,13145915.636,0,13340904.783309381,0,0,0,379836.35529553215,3340904.7833093815,2017-01-01,0.09219607362836246
2020-04-08,CNY,195003.99901884436,0,0.3295667099018844,-0.0033909007691242834,-45237.68429053761,13100663.1,0,13295667.099018844,0,0,0,379836.35529553215,3295667.099018844,2017-01-01,0.09098200332782058
2020-04-09,CNY,195018.85185951588,0,0.33451662038595154,0.003722950076293986,49499.10484067164,13150147.352,0,13345166.203859515,0,0,0,379836.35529553215,3345166.2038595155,2017-01-01,0.09214141102355677
2020-04-10,CNY,195033.70583148152,0,0.33331222198314814,-0.0009024978665721456,-12043.984028033912,13138088.514,0,13333122.219831482,0,0,0,379836.35529553215,3333122.2198314816,2017-01-01,0.09176004922190839
2020-04-13,CNY,195048.56093482743,0,0.3306534958934826,-0.0019940761404788833,-26587.2608966548,13111486.398,0,13306534.958934827,0,0,0,379836.35529553215,3306534.958934827,2017-01-01,0.09085720501016281
2020-04-14,CNY,195063.4171696398,0,0.338408812516964,0.005828201441934338,77553.16623481363,13189024.708,0,13384088.12516964,0,0,0,379836.35529553215,3384088.1251696404,2017-01-01,0.09270791661708411
2020-04-15,CNY,195078.2745360048,0,0.3381639358536004,-0.00018296103632433396,-2448.7666336372495,13186561.083999999,0,13381639.358536003,0,0,0,379836.35529553215,3381639.358536003,2017-01-01,0.0925664962190933
2020-04-16,CNY,195093.13303400864,0,0.333363824703401,-0.0035870875171489522,-48001.11150199361,13138545.114,0,13333638.24703401,0,0,0,379836.35529553215,3333638.2470340095,2017-01-01,0.09129454233832357
2020-04-17,CNY,195107.99266373747,0,0.33143081426637355,-0.0014497246747018594,-19330.10437027365,13119200.149999999,0,13314308.142663736,0,0,0,379836.35529553215,3314308.142663736,2017-01-01,0.09073507024542415
2020-04-20,CNY,195122.85342527754,0,0.3264224425425277,-0.0037616462456634896,-50083.71723845787,13069101.572,0,13264224.425425278,0,0,0,379836.35529553215,3264224.425425278,2017-01-01,0.08925630488241132
2020-04-21,CNY,195137.71531871503,0,0.3245452325318716,-0.00141524295009504,-18772.100106561556,13050314.610000001,0,13245452.325318716,0,0,0,379836.35529553215,3245452.3253187165,2017-01-01,0.08871278275827499
2020-04-22,CNY,14282.59314739845,0,0.3283094127147399,0.002841866091407843,37641.80182868242,13268811.534,0,13283094.127147399,0,0,0,394211.56524415174,3283094.127147399,2017-01-01,0.08957004333954921
2020-04-23,CNY,14283.681007552404,0,0.3387819997007553,0.007884147236909174,104725.86986015365,13373536.316,0,13387819.997007553,0,0,0,394211.56524415174,3387819.9970075525,2017-01-01,0.09207888950944554
2020-04-24,CNY,14284.768950565243,0,0.33628018829505657,-0.0018687220221499648,-25018.114056987688,13348517.114,0,13362801.882950565,0,0,0,394211.56524415174,3362801.882950565,2017-01-01,0.0913834254202317
2020-04-27,CNY,14285.856976443276,0,0.34376982709764436,0.00560484161045876,74896.388025878,13423412.413999999,0,13437698.270976443,0,0,0,394211.56524415174,3437698.270976443,2017-01-01,0.09298407953628729
2020-04-28,CNY,14286.945085192814,0,0.34811791490851896,0.003235738534378313,43480.8781087473,13466892.203999998,0,13481179.14908519,0,0,0,394211.56524415174,3481179.14908519,2017-01-01,0.09396606895824355
2020-04-29,CNY,14288.03327682017,0,0.3611225899276822,0.009646541207818275,130046.7501916308,13596937.866,0,13611225.899276821,0,0,0,394211.56524415174,3611225.899276821,2017-01-01,0.09704457538944533
2020-04-30,CNY,14289.121551331657,0,0.37190010395513307,0.007918106794497915,107775.14027450979,13704711.918,0,13719001.03955133,0,0,0,394211.56524415174,3719001.0395513307,2017-01-01,0.09956101279772311
2020-05-01,CNY,14290.209908733586,0,0.37190021279087326,7.933211746788716e-08,1.0883574020117521,13704711.918,0,13719002.127908733,0,0,0,394211.56524415174,3719002.1279087327,2017-01-01,0.09947529007604627
2020-05-04,CNY,14291.298349032273,0,0.3719003216349033,7.933815367080462e-08,1.0884402990341187,13704711.918,0,13719003.216349032,0,0,0,394211.56524415174,3719003.216349032,2017-01-01,0.09921895277454262
2020-05-05,CNY,14292.38687223403,0,0.3719004304872233,7.934419027959844e-08,1.0885232016444206,13704711.918,0,13719004.304872233,0,0,0,394211.56524415174,3719004.3048722334,2017-01-01,0.09913381753590245
2020-05-06,CNY,14293.475478345174,0,0.3605166827478343,-0.008297794421819738,-113837.4773938898,13590873.351999998,0,13605166.827478344,0,0,0,394211.56524415174,3605166.8274783436,2017-01-01,0.0963168752064818
2020-05-07,CNY,14294.564167372017,0,0.3521429520167374,-0.006154816649645658,-83737.3073109705,13507134.956,0,13521429.520167373,0,0,0,394211.56524415174,3521429.520167373,2017-01-01,0.09421643000482027
2020-05-08,CNY,14295.652939320875,0,0.3637279752939322,0.008567898283177666,115850.23277194984,13622984.100000001,0,13637279.752939323,0,0,0,394211.56524415174,3637279.752939323,2017-01-01,0.09692306167380704
2020-05-11,CNY,14296.741794198064,0,0.3652808123794198,0.001138670697983456,15528.370854875073,13638511.382,0,13652808.123794198,0,0,0,394211.56524415174,3652808.123794198,2017-01-01,0.09704630591739294
2020-05-12,CNY,19715.8018058286,0,0.35706232618058276,-0.0060196306315282565,-82184.86198836938,13550907.46,0,13570623.261805829,0,0,0,409436.9068087032,3570623.2618058287,2017-01-01,0.09499668714805676
2020-05-13,CNY,19717.303496380624,0,0.35647835294963803,-0.0004303215995895618,-5839.732309447601,13545066.226,0,13564783.529496381,0,0,0,409436.9068087032,3564783.529496381,2017-01-01,0.0947758813462296
2020-05-14,CNY,19718.805301311688,0,0.3527263713301312,-0.002765972351381996,-37519.81619506888,13507544.908,0,13527263.713301312,0,0,0,409436.9068087032,3527263.713301312,2017-01-01,0.09379589200352112
2020-05-15,CNY,19720.307220630508,0,0.35860480872206324,0.004345621935463333,58784.37391931936,13566327.780000001,0,13586048.087220632,0,0,0,409436.9068087032,3586048.0872206315,2017-01-01,0.0951233454944529
2020-05-18,CNY,19721.809254345793,0,0.36578258672543473,0.0052831978492134885,71777.78003371507,13638104.058,0,13657825.867254347,0,0,0,409436.9068087032,3657825.8672543466,2017-01-01,0.09658924409852743
2020-05-19,CNY,19723.311402466257,0,0.36774465734024653,0.0014365907384396915,19620.706148119643,13657723.262,0,13677446.573402466,0,0,0,409436.9068087032,3677446.5734024663,2017-01-01,0.09697269529511487
2020-05-20,CNY,19724.813665000613,0,0.36587940116649986,-0.0013637459036936676,-18652.561737466604,13639069.197999999,0,13658794.011665,0,0,0,409436.9068087032,3658794.0116649996,2017-01-01,0.09644859781190207
2020-05-21,CNY,19726.316041957576,0,0.3626007836041958,-0.0024003711890699998,-32786.17562304251,13606281.52,0,13626007.836041957,0,0,0,409436.9068087032,3626007.836041957,2017-01-01,0.095589799825893
2020-05-22,CNY,19727.818533345864,0,0.35297233185333465,-0.0070662308922155685,-96284.51750861108,13509995.5,0,13529723.318533346,0,0,0,409436.9068087032,3529723.318533346,2017-01-01,0.09322098520717237
2020-05-25,CNY,19729.32113917419,0,0.35879345091391746,0.004302467185421998,58211.19060582854,13568205.188000001,0,13587934.509139175,0,0,0,409436.9068087032,3587934.5091391746,2017-01-01,0.094366468974032
2020-05-26,CNY,19730.82385945127,0,0.3664584023859452,0.005640998245077189,76649.51472027786,13644853.200000001,0,13664584.023859452,0,0,0,409436.9068087032,3664584.0238594525,2017-01-01,0.09609750231799441
2020-05-27,CNY,13619.452629739726,0,0.35931305526297397,-0.0052290996275444574,-71453.47122971341,13579511.1,0,13593130.552629739,0,0,0,424429.0153102387,3593130.552629739,2017-01-01,0.0943305469868605
2020-05-28,CNY,13620.489980568225,0,0.364782047598057,0.004023350113432931,54689.923350831494,13634199.986000001,0,13647820.47598057,0,0,0,424429.0153102387,3647820.4759805705,2017-01-01,0.0955411671801949
2020-05-29,CNY,13621.527410408471,0,0.3646421567410407,-0.00010250051080500039,-1398.908570162952,13632800.04,0,13646421.567410408,0,0,0,424429.0153102387,3646421.5674104076,2017-01-01,0.09542795561580375
2020-06-01,CNY,13622.564919266482,0,0.3676406324919266,0.0021972615575988723,29984.75750885904,13662783.76,0,13676406.324919267,0,0,0,424429.0153102387,3676406.3249192666,2017-01-01,0.09589122762357771
2020-06-02,CNY,13623.602507148276,0,0.3680576222507148,0.00030489717026633515,4169.897587880492,13666952.62,0,13680576.222507147,0,0,0,424429.0153102387,3680576.222507147,2017-01-01,0.09590851508539844
2020-06-03,CNY,13624.640174059874,0,0.3698589878174059,0.0013167322321757243,18013.655666911975,13684965.238,0,13698589.87817406,0,0,0,424429.0153102387,3698589.878174059,2017-01-01,0.09624935828923942
2020-06-04,CNY,13625.677920007292,0,0.3708451715920009,0.0007199162712114242,9861.837745949626,13694826.038,0,13708451.715920009,0,0,0,424429.0153102387,3708451.7159200087,2017-01-01,0.0963990229456042
2020-06-05,CNY,13626.715744996553,0,0.36930088117449955,-0.0011265243147101016,-15442.904175013304,13679382.095999999,0,13693008.811744995,0,0,0,424429.0153102387,3693008.8117449954,2017-01-01,0.09595823626347944
2020-06-08,CNY,13627.753649033675,0,0.3657064715649032,-0.0026249961998953616,-35944.09609596431,13643436.961999997,0,13657064.715649031,0,0,0,424429.0153102387,3657064.715649031,2017-01-01,0.09488091031526524
2020-06-09,CNY,13628.791632124681,0,0.3689462031632127,0.0023722019817313655,32397.315983096138,13675833.240000002,0,13689462.031632127,0,0,0,424429.0153102387,3689462.0316321272,2017-01-01,0.09555598930407361
2020-06-10,CNY,13629.82969427559,0,0.37192371916942735,0.002175042378827312,29775.160062147304,13705607.362,0,13719237.191694275,0,0,0,424429.0153102387,3719237.1916942745,2017-01-01,0.09616779438681622
2020-06-11,CNY,9211.193196118864,0,0.36806457551961214,-0.0028129433115652736,-38591.436498153955,13671434.562,0,13680645.75519612,0,0,0,439617.85334254836,3680645.7551961206,2017-01-01,0.09519231576322928
2020-06-12,CNY,9211.894783704887,0,0.3498202962783705,-0.013335831924682398,-182442.79241241515,13488991.068,0,13498202.962783705,0,0,0,439617.85334254836,3498202.9627837054,2017-01-01,0.09085906344932626
2020-06-15,CNY,9212.596424728628,0,0.32544819424247273,-0.018055812394505273,-243721.02035897784,13245269.345999999,0,13254481.942424728,0,0,0,439617.85334254836,3254481.9424247276,2017-01-01,0.08490117498268512
2020-06-16,CNY,9213.298119194158,0,0.3638316916119195,0.02895888163428668,383834.9736944679,13629103.618,0,13638316.916119196,0,0,0,439617.85334254836,3638316.9161191955,2017-01-01,0.09381813109911197
2020-06-17,CNY,9213.999867105545,0,0.3682040961867108,0.003205970796604227,43724.04574791156,13672826.962000001,0,13682040.961867107,0,0,0,439617.85334254836,3682040.961867107,2017-01-01,0.09475193806150295
2020-06-18,CNY,9214.701668466862,0,0.36263835016684665,-0.004067920886493646,-55657.46019864082,13617168.799999999,0,13626383.501668466,0,0,0,439617.85334254836,3626383.5016684663,2017-01-01,0.09338686210345193
2020-06-19,CNY,9215.403523282179,0,0.3656760665523284,0.0022292902479296357,30377.16385481879,13647545.262000002,0,13656760.665523285,0,0,0,439617.85334254836,3656760.665523285,2017-01-01,0.09401189937604992
2020-06-22,CNY,9216.105431555567,0,0.3619387285431557,-0.0027366211510229032,-37373.38009172864,13610171.180000002,0,13619387.285431556,0,0,0,439617.85334254836,3619387.2854315564,2017-01-01,0.0929177532966643
2020-06-23,CNY,9216.8073932911,0,0.36562247073932896,0.002704778209893369,36837.42196173407,13647007.899999999,0,13656224.70739329,0,0,0,439617.85334254836,3656224.7073932905,2017-01-01,0.09369000488984658
2020-06-24,CNY,9217.509408492846,0,0.37039152894084926,0.0034922229999175707,47690.58201520145,13694697.78,0,13703915.289408492,0,0,0,439617.85334254836,3703915.289408492,2017-01-01,0.09470834487369051
2020-06-25,CNY,9218.211477164881,0,0.37039159914771624,5.123124718428065e-08,0.7020686715841293,13694697.78,0,13703915.991477164,0,0,0,439617.85334254836,3703915.9914771635,2017-01-01,0.09463048799455653
2020-06-26,CNY,9218.913599311276,0,0.37039166935993095,5.1235146705539305e-08,0.7021221462637186,13694697.78,0,13703916.69359931,0,0,0,439617.85334254836,3703916.69359931,2017-01-01,0.0945527589611852
2020-06-29,CNY,9219.615774936105,0,0.3464164595774937,-0.017495151436257152,-239752.09782437235,13454944.98,0,13464164.595774937,0,0,0,439617.85334254836,3464164.5957749374,2017-01-01,0.08880922322462781
2020-06-30,CNY,77694.99705740152,0,0.3500294277057401,0.0026833956927265973,36129.681282464415,13422599.280000001,0,13500294.277057402,0,0,0,461720.08939269383,3500294.277057402,2017-01-01,0.0895709253017003
2020-07-01,CNY,77700.91484071917,0,0.366712531484072,0.01235758527625819,166831.03778331727,13589424.4,0,13667125.31484072,0,0,0,461720.08939269383,3667125.314840719,2017-01-01,0.09332616440331964
2020-07-02,CNY,77706.83307477574,0,0.37467724730747776,0.005827645272819113,79647.15823405795,13669065.64,0,13746772.473074777,0,0,0,461720.08939269383,3746772.473074777,2017-01-01,0.09506429355108392
2020-07-03,CNY,77712.75175960557,0,0.3849460751759606,0.007469991875253601,102688.27868482843,13771748.0,0,13849460.751759605,0,0,0,461720.08939269383,3849460.7517596055,2017-01-01,0.09731285021071256
2020-07-06,CNY,77718.67089524299,0,0.4073343590895244,0.016165455330612387,223882.83913563937,13995624.920000002,0,14073343.590895245,0,0,0,461720.08939269383,4073343.590895245,2017-01-01,0.10209103028645017
2020-07-07,CNY,77724.59048172233,0,0.4081409070481723,0.0005731032952038695,8065.479586478323,14003684.48,0,14081409.070481723,0,0,0,461720.08939269383,4081409.070481723,2017-01-01,0.10218709275450921
2020-07-08,CNY,77730.51051907794,0,0.4189510310519078,0.007676876617693306,108101.24003735557,14111779.8,0,14189510.310519079,0,0,0,461720.08939269383,4189510.3105190787,2017-01-01,0.10450030365171892
2020-07-09,CNY,77736.43100734416,0,0.43164425110073434,0.008945495490014707,126932.2004882656,14238706.08,0,14316442.511007344,0,0,0,461720.08939269383,4316442.511007344,2017-01-01,0.10721007347133171
2020-07-10,CNY,77742.35194655533,0,0.41790901719465556,-0.009594027214175883,-137352.33906078897,14101347.82,0,14179090.171946555,0,0,0,461720.08939269383,4179090.1719465554,2017-01-01,0.1040996631951121
2020-07-13,CNY,77748.2733367458,0,0.42861917933367466,0.007553490392641219,107101.62139019184,14208443.520000001,0,14286191.793336747,0,0,0,461720.08939269383,4286191.793336747,2017-01-01,0.1061982229531313
2020-07-14,CNY,77754.19517794992,0,0.41968223551779493,-0.00625565157262414,-89369.4381587971,14119068.16,0,14196822.35517795,0,0,0,461720.08939269383,4196822.35517795,2017-01-01,0.10415102779710184
2020-07-15,CNY,13392.305269967264,0,0.41251290052699674,-0.0050499575267161576,-71693.3499079831,14111736.7,0,14125129.005269967,0,0,0,469892.50527271756,4125129.005269967,2017-01-01,0.10248837903925812
2020-07-16,CNY,13393.325319696502,0,0.4000052025319696,-0.00885492655703225,-125076.97995027155,13986658.7,0,14000052.025319695,0,0,0,469892.50527271756,4000052.0253196955,2017-01-01,0.0996407595836688
2020-07-17,CNY,13394.345447119715,0,0.406610634544712,0.0047181481903039914,66054.32012742385,14052712.0,0,14066106.34544712,0,0,0,469892.50527271756,4066106.3454471193,2017-01-01,0.10102092687962094
2020-07-20,CNY,13395.365652242823,0,0.4274320965652245,0.014802576853296662,208214.62020512484,14260925.600000001,0,14274320.965652244,0,0,0,469892.50527271756,4274320.965652244,2017-01-01,0.10533720816590808
2020-07-21,CNY,13396.385935071743,0,0.43007214859350706,0.001849511465123552,26400.520282827318,14287325.1,0,14300721.485935071,0,0,0,469892.50527271756,4300721.4859350715,2017-01-01,0.10582637079593105
2020-07-22,CNY,13397.406295612394,0,0.4429815406295612,0.009027091429443359,129093.92036054097,14416418.0,0,14429815.406295612,0,0,0,469892.50527271756,4429815.406295612,2017-01-01,0.10853637504514557
2020-07-23,CNY,13398.426733870696,0,0.44931594267338704,0.004389801162017715,63344.020438257605,14479761.0,0,14493159.42673387,0,0,0,469892.50527271756,4493159.42673387,2017-01-01,0.10981254861736334
2020-07-24,CNY,13399.447249852567,0,0.44414618472498524,-0.0035670331058842123,-51697.579484017566,14428062.4,0,14441461.847249852,0,0,0,469892.50527271756,4441461.8472498525,2017-01-01,0.10861169588880171
2020-07-27,CNY,13400.467843563927,0,0.46094637678435646,0.011633304326854265,168001.92059371248,14596063.3,0,14609463.767843565,0,0,0,469892.50527271756,4609463.767843565,2017-01-01,0.11194279932680185
2020-07-28,CNY,13401.488515010697,0,0.45391942885150116,-0.00480986026901426,-70269.47932855412,14525792.8,0,14539194.28851501,0,0,0,469892.50527271756,4539194.288515011,2017-01-01,0.11035403324408355
2020-07-29,CNY,13402.509264198798,0,0.4588158409264198,0.003367732748978057,48964.120749186724,14574755.899999999,0,14588158.409264198,0,0,0,469892.50527271756,4588158.409264198,2017-01-01,0.11130876838799253
2020-07-30,CNY,21812.29049525029,0,0.4569813190495251,-0.0012575417852123618,-18345.218768946826,14548000.9,0,14569813.19049525,0,0,0,494091.78528862883,4569813.190495251,2017-01-01,0.11082861160884705
2020-07-31,CNY,21813.951868745382,0,0.4566380551868745,-0.00023559935749512575,-3432.6386265046895,14544566.600000001,0,14566380.551868746,0,0,0,494091.78528862883,4566380.551868746,2017-01-01,0.11066632178210956
2020-08-03,CNY,21815.613368782062,0,0.4540669013368781,-0.0017651288464151668,-25711.5384999644,14518853.4,0,14540669.013368782,0,0,0,494091.78528862883,4540669.013368782,2017-01-01,0.10985355252883089
2020-08-04,CNY,21817.27499536997,0,0.46098608749953707,0.004758506060689109,69191.86162658967,14588043.600000001,0,14609860.874995371,0,0,0,494091.78528862883,4609860.874995371,2017-01-01,0.11123200281300649
2020-08-05,CNY,21818.936748518747,0,0.469483453674852,0.005816185553045163,84973.66175314784,14673015.6,0,14694834.53674852,0,0,0,494091.78528862883,4694834.536748519,2017-01-01,0.11293552223144476
2020-08-06,CNY,21820.598628238025,0,0.47222009986282365,0.0018623184773724222,27366.461879717186,14700380.399999999,0,14722200.998628236,0,0,0,494091.78528862883,4722200.998628236,2017-01-01,0.11342019760873723
2020-08-07,CNY,21822.26063453745,0,0.47652887606345384,0.002926720129029362,43087.76200630143,14743466.5,0,14765288.760634538,0,0,0,494091.78528862883,4765288.760634538,2017-01-01,0.1142327031494752
2020-08-10,CNY,21823.922767426666,0,0.4777125822767425,0.0008016817229098907,11837.062132887542,14755301.899999999,0,14777125.822767425,0,0,0,494091.78528862883,4777125.822767425,2017-01-01,0.11420564957960799
2020-08-11,CNY,21825.58502691531,0,0.4731740485026914,-0.0030713237665327695,-45385.3377405107,14709914.899999999,0,14731740.485026915,0,0,0,494091.78528862883,4731740.485026915,2017-01-01,0.1131663501416853
2020-08-12,CNY,21827.247413013025,0,0.4504149047413011,-0.015449052869565851,-227591.43761390448,14482321.799999997,0,14504149.04741301,0,0,0,494091.78528862883,4504149.04741301,2017-01-01,0.10829418627749021
2020-08-13,CNY,21828.909925729455,0,0.46340646099257277,0.008957130962184241,129915.56251271814,14612235.7,0,14634064.609925728,0,0,0,494091.78528862883,4634064.609925728,2017-01-01,0.1109417919868303
2020-08-14,CNY,16294.38376199832,0,0.4640983583761997,0.0004727991860563711,6918.97383626923,14624689.2,0,14640983.583761998,0,0,0,510231.5524497485,4640983.5837619975,2017-01-01,0.11099836809868946
2020-08-17,CNY,16295.624853909643,0,0.460106862485391,-0.002726248457266036,-39914.958908088505,14584773.0,0,14601068.624853909,0,0,0,510231.5524497485,4601068.624853909,2017-01-01,0.10989863304268233
2020-08-18,CNY,16296.86604035103,0,0.4603074866040351,0.00013740372283620625,2006.2411864418536,14586778.0,0,14603074.86604035,0,0,0,510231.5524497485,4603074.866040351,2017-01-01,0.10985333421946053
2020-08-19,CNY,16298.107321329679,0,0.46147296073213306,0.0007981018647027324,11654.741280980408,14598431.500000002,0,14614729.607321331,0,0,0,510231.5524497485,4614729.607321331,2017-01-01,0.11000971422041284
2020-08-20,CNY,16299.348696852792,0,0.45620713486968545,-0.0036030949623657668,-52658.25862447731,14545772.000000002,0,14562071.348696854,0,0,0,510231.5524497485,4562071.348696854,2017-01-01,0.10882187637273955
2020-08-21,CNY,16300.590166927572,0,0.45831648901669286,0.0014485261722030135,21093.541470075026,14566864.3,0,14583164.890166929,0,0,0,510231.5524497485,4583164.890166929,2017-01-01,0.10917654868445803
2020-08-24,CNY,16301.831731561217,0,0.46103698317315644,0.001865503254576657,27204.941564634442,14594068.000000002,0,14610369.831731563,0,0,0,510231.5524497485,4610369.831731563,2017-01-01,0.10948421353684434
2020-08-25,CNY,16303.073390760932,0,0.4779765373390761,0.01159419943575246,169395.54165919684,14763462.299999999,0,14779765.37339076,0,0,0,510231.5524497485,4779765.37339076,2017-01-01,0.11290502547464487
2020-08-26,CNY,16304.315144533919,0,0.46870093151445325,-0.006275881646485635,-92756.05824622698,14670705.0,0,14687009.315144533,0,0,0,510231.5524497485,4687009.315144533,2017-01-01,0.110900526346978
2020-08-27,CNY,16305.556992887381,0,0.47639247569928855,0.005236970999197302,76915.44184835255,14747619.2,0,14763924.756992886,0,0,0,510231.5524497485,4763924.756992886,2017-01-01,0.11240049291368548
2020-08-28,CNY,16306.798935828523,0,0.47536316989358296,-0.0006971762743630528,-10293.05805705674,14737324.9,0,14753631.69893583,0,0,0,510231.5524497485,4753631.698935829,2017-01-01,0.11209988701071127
2020-08-31,CNY,34618.99047144084,0,0.47719398904714394,0.0012409277870838586,18308.191535610706,14737320.899999999,0,14771939.89047144,0,0,0,518550.09753282624,4771939.89047144,2017-01-01,0.11221110902883114
2020-09-01,CNY,34621.62729095361,0,0.46944417272909544,-0.005246309134420127,-77498.16318048537,14659820.100000001,0,14694441.727290954,0,0,0,518550.09753282624,4694441.727290954,2017-01-01,0.11053053952178438
2020-09-02,CNY,34624.26431130463,0,0.48658427643113034,0.011664344940850578,171401.03702034988,14831218.5,0,14865842.764311304,0,0,0,518550.09753282624,4865842.764311304,2017-01-01,0.11395436001684489
2020-09-03,CNY,34626.90153250918,0,0.5154657001532508,0.019428043320528405,288814.23722120374,15120030.1,0,15154657.001532508,0,0,0,518550.09753282624,5154657.001532508,2017-01-01,0.11970937241343327
2020-09-04,CNY,34629.53895458257,0,0.46175799389545835,-0.03543973727175837,-537077.0625779256,14582950.4,0,14617579.938954582,0,0,0,518550.09753282624,4617579.938954582,2017-01-01,0.10868913363953281
2020-09-07,CNY,34632.17657754009,0,0.42311030765775404,-0.026439182408513097,-386476.86237704195,14196470.9,0,14231103.07657754,0,0,0,518550.09753282624,4231103.0765775405,2017-01-01,0.10040939900847001
2020-09-08,CNY,34634.81440139705,0,0.44737268144013953,0.017048835674810112,242623.73782385513,14439091.999999998,0,14473726.814401396,0,0,0,518550.09753282624,4473726.814401396,2017-01-01,0.10538322538986544
2020-09-09,CNY,34637.45242616875,0,0.417156715242617,-0.020876424285870575,-302159.66197522543,14136929.700000001,0,14171567.15242617,0,0,0,518550.09753282624,4171567.15242617,2017-01-01,0.09900494932780757
2020-09-10,CNY,34640.09065187049,0,0.4371597790651869,0.014114927168901968,200030.63822569884,14336957.7,0,14371597.790651869,0,0,0,518550.09753282624,4371597.790651869,2017-01-01,0.10310351254615169
2020-09-11,CNY,34642.72907851757,0,0.42796654290785185,-0.006396808685611126,-91932.36157335155,14245022.7,0,14279665.429078517,0,0,0,518550.09753282624,4279665.4290785175,2017-01-01,0.10111117853522567
2020-09-14,CNY,34645.36770612531,0,0.43824903677061267,0.0072007946641536634,102824.93862760812,14347845.0,0,14382490.367706126,0,0,0,518550.09753282624,4382490.367706126,2017-01-01,0.10300896366958279
2020-09-15,CNY,61669.7035625097,0,0.442353700356251,0.0028539310513670778,41046.63585638441,14361867.3,0,14423537.00356251,0,0,0,542130.9585058659,4423537.00356251,2017-01-01,0.10377674198623521
2020-09-16,CNY,61674.40074967449,0,0.4381736900749673,-0.0028980480171064576,-41800.10281283595,14320062.5,0,14381736.900749674,0,0,0,542130.9585058659,4381736.900749674,2017-01-01,0.10283379388740221
2020-09-17,CNY,61679.09829460924,0,0.4362789398294611,-0.0013174696899145395,-18947.502455063164,14301110.3,0,14362789.39829461,0,0,0,542130.9585058659,4362789.398294611,2017-01-01,0.10236293192358081
2020-09-18,CNY,61683.7961973412,0,0.44506082961973426,0.006114334442107615,87818.89790273085,14388924.5,0,14450608.296197342,0,0,0,542130.9585058659,4450608.296197342,2017-01-01,0.10409255282231866
2020-09-21,CNY,61688.49445789762,0,0.4400294794457895,-0.003481756664367271,-50313.501739446074,14338606.299999999,0,14400294.794457896,0,0,0,542130.9585058659,4400294.794457896,2017-01-01,0.10281860534648524
2020-09-22,CNY,61693.19307630575,0,0.42977950930763065,-0.0071178891018979906,-102499.70138159022,14236101.9,0,14297795.093076305,0,0,0,542130.9585058659,4297795.093076305,2017-01-01,0.10062876700827283
2020-09-23,CNY,61697.89205259286,0,0.43036556920525926,0.0004098952977110422,5860.598976287991,14241957.8,0,14303655.692052593,0,0,0,542130.9585058659,4303655.692052593,2017-01-01,0.10067216229965958
2020-09-24,CNY,61702.5913867862,0,0.4246459091386785,-0.003998740035219621,-57196.600665807724,14184756.5,0,14246459.091386786,0,0,0,542130.9585058659,4246459.091386786,2017-01-01,0.09941442706717729
2020-09-25,CNY,61707.291078913026,0,0.4242820091078914,-0.0002554319136094048,-3639.000307871029,14181112.8,0,14242820.091078915,0,0,0,542130.9585058659,4242820.091078915,2017-01-01,0.09926288737874778
2020-09-28,CNY,61711.991129000606,0,0.4292804291129,0.0035094313998527385,49984.20005008578,14231092.3,0,14292804.291129,0,0,0,542130.9585058659,4292804.2911290005,2017-01-01,0.1000631238232812
2020-09-29,CNY,61716.6915370762,0,0.4304506591537076,0.0008187546803070553,11702.300408074632,14242789.899999999,0,14304506.591537075,0,0,0,542130.9585058659,4304506.591537075,2017-01-01,0.1002266623083321
2020-09-30,CNY,2259.4514264423383,0,0.4277698451426444,-0.0018741044956064972,-26808.140110632405,14275439.0,0,14277698.451426443,0,0,0,549848.9706986934,4277698.451426443,2017-01-01,0.09959981128917139
2020-10-01,CNY,2259.623521744029,0,0.4277698623521744,1.2053434327333161e-08,0.172095300629735,14275439.0,0,14277698.623521743,0,0,0,549848.9706986934,4277698.623521743,2017-01-01,0.0995236109353157
2020-10-02,CNY,2259.795630153677,0,0.4277698795630154,1.2054352347986663e-08,0.17210840992629528,14275439.0,0,14277698.795630153,0,0,0,549848.9706986934,4277698.795630153,2017-01-01,0.09944752701098536
2020-10-05,CNY,2259.9677516722804,0,0.4277698967751673,1.2055270368606967e-08,0.17212151922285557,14275439.0,0,14277698.967751672,0,0,0,549848.9706986934,4277698.9677516725,2017-01-01,0.09921996411339373
2020-10-06,CNY,2260.139886300838,0,0.4277699139886302,1.205618838919407e-08,0.17213462851941586,14275439.0,0,14277699.139886301,0,0,0,549848.9706986934,4277699.139886301,2017-01-01,0.09914434325573906
2020-10-07,CNY,2260.3120340403484,0,0.427769931203404,1.2057106540206322e-08,0.1721477396786213,14275439.0,0,14277699.31203404,0,0,0,549848.9706986934,4277699.312034041,2017-01-01,0.09906883750339102
2020-10-08,CNY,2260.48419489181,0,0.42776994841948923,1.2058024691185362e-08,0.17216085083782673,14275439.0,0,14277699.484194892,0,0,0,549848.9706986934,4277699.4841948915,2017-01-01,0.09899344659391884
2020-10-09,CNY,2260.656368856222,0,0.44754099563688565,0.013847502000782821,197710.4721739646,14473149.3,0,14475409.956368856,0,0,0,549848.9706986934,4475409.956368856,2017-01-01,0.1029285136640008
2020-10-12,CNY,2260.8285559345827,0,0.45202517285559374,0.0030977894458423167,44841.772187080234,14517990.900000002,0,14520251.728555936,0,0,0,549848.9706986934,4520251.728555936,2017-01-01,0.10359561463141076
2020-10-13,CNY,2261.0007561278912,0,0.4477338000756128,-0.0029554396577996826,-42913.72779980861,14475077.0,0,14477338.000756128,0,0,0,549848.9706986934,4477338.000756128,2017-01-01,0.10265460085446643
2020-10-14,CNY,2261.172969437146,0,0.4465094172969437,-0.0008457236949259602,-12243.827786691487,14462833.0,0,14465094.172969436,0,0,0,549848.9706986934,4465094.172969436,2017-01-01,0.10233051722916575
2020-10-15,CNY,2261.3451958633464,0,0.44491757451958636,-0.001100471769020272,-15918.427773572505,14446914.4,0,14449175.745195864,0,0,0,549848.9706986934,4449175.745195864,2017-01-01,0.10193288980464121
2020-10-16,CNY,2261.5174354074916,0,0.4486801717435407,0.002604022049635103,37625.97223954275,14484540.2,0,14486801.717435407,0,0,0,549848.9706986934,4486801.7174354065,2017-01-01,0.1026110989287976
2020-10-19,CNY,2261.6896880705804,0,0.44948317896880696,0.0005543026272664698,8030.072252662852,14492570.1,0,14494831.78968807,0,0,0,549848.9706986934,4494831.789688069,2017-01-01,0.1025389876028937
2020-10-20,CNY,2261.8619538536122,0,0.44969121619538543,0.00014352510577349996,2080.37226578407,14494650.3,0,14496912.161953853,0,0,0,549848.9706986934,4496912.161953853,2017-01-01,0.10250308400453045
2020-10-21,CNY,2262.034232757587,0,0.4497206434232759,2.0298962676839013e-05,294.27227890491486,14494944.4,0,14497206.434232758,0,0,0,549848.9706986934,4497206.434232758,2017-01-01,0.10243156315850155
2020-10-22,CNY,2262.206524783503,0,0.4501429406524784,0.00029129558933870117,4222.972292024642,14499167.2,0,14501429.406524783,0,0,0,549848.9706986934,4501429.406524783,2017-01-01,0.10243852899082606
2020-10-23,CNY,5897.205301245684,0,0.4457268305301243,-0.003045292983577859,-44161.10122353956,14451371.099999998,0,14457268.305301243,0,0,0,550132.4210595834,4457268.305301243,2017-01-01,0.1014800521244763
2020-10-26,CNY,5897.654472807228,0,0.4455472954472808,-0.0001241832682718454,-1795.350828435272,14449575.3,0,14455472.954472808,0,0,0,550132.4210595834,4455472.954472808,2017-01-01,0.10121533863625687
2020-10-27,CNY,5898.1036785807555,0,0.4477658303678582,0.001534737000694864,22185.349205773324,14471760.200000001,0,14477658.303678581,0,0,0,550132.4210595834,4477658.3036785815,2017-01-01,0.10158089484353017
2020-10-28,CNY,5898.552918568873,0,0.4485017652918566,0.000508324556749251,7359.349239984527,14479119.099999998,0,14485017.652918566,0,0,0,550132.4210595834,4485017.652918566,2017-01-01,0.10165087544376461
2020-10-29,CNY,5899.002192774186,0,0.44458662021927764,-0.0027028928554948322,-39151.45072579011,14439967.200000001,0,14445866.202192776,0,0,0,550132.4210595834,4445866.202192776,2017-01-01,0.10079644138474841
2020-10-30,CNY,5899.451501199302,0,0.43866475515012016,-0.004099349243770892,-59218.65069157444,14380748.100000001,0,14386647.551501201,0,0,0,550132.4210595834,4386647.5515012015,2017-01-01,0.09954184630700147
2020-11-02,CNY,5899.9008438468245,0,0.43712918008438484,-0.0010673612877762635,-15355.75065735355,14365391.9,0,14371291.800843848,0,0,0,550132.4210595834,4371291.800843848,2017-01-01,0.09901300472418217
2020-11-03,CNY,5900.350220719362,0,0.4430515750220718,0.004120989970671423,59223.94937686995,14424615.399999999,0,14430515.750220718,0,0,0,550132.4210595834,4430515.750220718,2017-01-01,0.10011543571490122
2020-11-04,CNY,5900.799631819522,0,0.4479124799631822,0.003368490097823402,48609.04941110313,14473224.000000002,0,14479124.799631821,0,0,0,550132.4210595834,4479124.799631821,2017-01-01,0.10100279487085384
2020-11-05,CNY,5901.24907714991,0,0.45908504490771507,0.0077163261586204335,111725.64944532886,14584949.2,0,14590850.44907715,0,0,0,550132.4210595834,4590850.44907715,2017-01-01,0.1031280366683398
2020-11-06,CNY,5901.698556713133,0,0.46194733985567127,0.0019617053563436068,28622.94947956316,14613571.7,0,14619473.398556713,0,0,0,550132.4210595834,4619473.398556713,2017-01-01,0.10361236693222331
2020-11-09,CNY,52132.10796784123,0,0.46689328079678405,0.0033831183971379953,49459.40941112675,14616800.7,0,14668932.80796784,0,0,0,558459.3820845752,4668932.80796784,2017-01-01,0.10434651543080453
2020-11-10,CNY,52136.07870637692,0,0.4639918878706377,-0.001977916842437443,-29013.929261462763,14587782.8,0,14639918.878706377,0,0,0,558459.3820845752,4639918.878706377,2017-01-01,0.10370296429291503
2020-11-11,CNY,52140.04974735126,0,0.4770644649747351,0.008929405423899826,130725.77104097418,14718504.6,0,14770644.649747351,0,0,0,558459.3820845752,4770644.649747351,2017-01-01,0.10616662852874836
2020-11-12,CNY,52144.02109078729,0,0.47523327210907884,-0.0012397514861936907,-18311.928656563163,14700188.700000001,0,14752332.721090788,0,0,0,558459.3820845752,4752332.721090788,2017-01-01,0.10573295008231498
2020-11-13,CNY,52147.992736708045,0,0.4696293692736708,-0.0037986554000347186,-56039.028354080394,14644145.7,0,14696293.692736708,0,0,0,558459.3820845752,4696293.692736708,2017-01-01,0.10456784341913727
2020-11-16,CNY,52151.96468513657,0,0.48536189646851335,0.010705098526044102,157325.27194842696,14801466.999999998,0,14853618.964685135,0,0,0,558459.3820845752,4853618.964685135,2017-01-01,0.10737043660284584
2020-11-17,CNY,52155.936936095895,0,0.48673756369360954,0.0009261495318862608,13756.672250960022,14815219.7,0,14867375.636936095,0,0,0,558459.3820845752,4867375.636936095,2017-01-01,0.10755480521869343
2020-11-18,CNY,52159.909489609076,0,0.482299760948961,-0.0029849267638218983,-44378.02744648419,14770837.700000001,0,14822997.60948961,0,0,0,558459.3820845752,4822997.60948961,2017-01-01,0.10662316236859803
2020-11-19,CNY,52163.882345699145,0,0.4830907982345698,0.0005336554092826542,7910.372856087983,14778744.1,0,14830907.982345698,0,0,0,558459.3820845752,4830907.982345698,2017-01-01,0.10669601869570444
2020-11-20,CNY,52167.85550438916,0,0.48782383555043896,0.0031913334783704554,47330.37315869145,14826070.5,0,14878238.35550439,0,0,0,558459.3820845752,4878238.35550439,2017-01-01,0.10752370253131227
2020-11-23,CNY,52171.82896570216,0,0.5062327528965702,0.01237304908434985,184089.17346131243,15010155.7,0,15062327.528965702,0,0,0,558459.3820845752,5062327.528965702,2017-01-01,0.11078340507613404
2020-11-24,CNY,12476.87553435343,0,0.5054962275534352,-0.0004889850799742733,-7365.253431349993,15042485.399999999,0,15054962.275534352,0,0,0,566875.2857678749,5054962.275534352,2017-01-01,0.11056221525588161
2020-11-25,CNY,12477.825858681765,0,0.5042122125858683,-0.00085288487879744,-12840.149675669149,15029644.3,0,15042122.125858683,0,0,0,566875.2857678749,5042122.125858683,2017-01-01,0.11023782089578149
2020-11-26,CNY,12478.776255393312,0,0.49973730762553936,-0.002974915987842007,-44749.04960328899,14984894.3,0,14997373.076255394,0,0,0,566875.2857678749,4997373.076255394,2017-01-01,0.10931012700085252
2020-11-27,CNY,12479.726724493585,0,0.5023715926724492,0.001756497643631117,26342.850469099358,15011236.2,0,15023715.926724494,0,0,0,566875.2857678749,5023715.9267244935,2017-01-01,0.1097275151622783
2020-11-30,CNY,12480.677265988097,0,0.5063597077265989,0.0026545463676236132,39881.15054149553,15051116.4,0,15063597.077265989,0,0,0,566875.2857678749,5063597.077265989,2017-01-01,0.11023615243557194
2020-12-01,CNY,12481.627879882362,0,0.5059259127879883,-0.0002879756650324673,-4337.949386106804,15046777.5,0,15059259.127879882,0,0,0,566875.2857678749,5059259.127879882,2017-01-01,0.11007347014965996
2020-12-02,CNY,12482.578566181895,0,0.49932748785661807,-0.004381639810655847,-65984.24931370094,14980792.299999999,0,14993274.878566181,0,0,0,566875.2857678749,4993274.878566181,2017-01-01,0.10875082265546832
2020-12-03,CNY,12483.52932489221,0,0.48967697293248924,-0.006436562393666859,-96505.14924128912,14884286.2,0,14896769.729324892,0,0,0,566875.2857678749,4896769.729324892,2017-01-01,0.10684895356927115
2020-12-04,CNY,12484.480156018823,0,0.492952378015602,0.002198735123538242,32754.05083112791,14917039.3,0,14929523.78015602,0,0,0,566875.2857678749,4929523.78015602,2017-01-01,0.10738949651312679
2020-12-07,CNY,12485.431059567249,0,0.48715868310595667,-0.003880696393910495,-57936.949096452445,14859101.4,0,14871586.831059568,0,0,0,566875.2857678749,4871586.831059568,2017-01-01,0.10606079030619253
2020-12-08,CNY,12486.382035543003,0,0.4827009582035542,-0.0029974776417890886,-44577.249024026096,14814523.2,0,14827009.582035542,0,0,0,566875.2857678749,4827009.582035542,2017-01-01,0.10514084496159226
2020-12-09,CNY,37661.879852237515,0,0.4794294779852235,-0.0022064329291958656,-32714.802183305845,14756632.899999999,0,14794294.779852236,0,0,0,591134.7563195226,4794294.779852236,2017-01-01,0.10444510134888052
2020-12-10,CNY,37664.74843905445,0,0.47458469484390564,-0.003274764504433075,-48447.831413179636,14708182.200000001,0,14745846.948439056,0,0,0,591134.7563195226,4745846.948439056,2017-01-01,0.10345109312511203
2020-12-11,CNY,37667.61724436261,0,0.4744250717244365,-0.00010824954309326423,-1596.2311946917325,14706583.100000001,0,14744250.717244364,0,0,0,591134.7563195226,4744250.717244364,2017-01-01,0.10334545797971173
2020-12-14,CNY,37670.48626817865,0,0.4712524286268178,-0.0021517831990661832,-31726.430976185948,14674853.799999999,0,14712524.286268178,0,0,0,591134.7563195226,4712524.286268178,2017-01-01,0.10251956645142046
2020-12-15,CNY,37673.35551051919,0,0.47141349555105205,0.00010947606345461582,1610.6692423410714,14676461.6,0,14714134.95551052,0,0,0,591134.7563195226,4714134.955510519,2017-01-01,0.10247558748014485
2020-12-16,CNY,37676.224971400894,0,0.48279052249714005,0.007732039280927866,113770.26946088113,14790229.0,0,14827905.2249714,0,0,0,591134.7563195226,4827905.224971401,2017-01-01,0.10454660201420962
2020-12-17,CNY,37679.094650840394,0,0.49160116946508414,0.005941936392408472,88106.4696794413,14878332.600000001,0,14916011.694650842,0,0,0,591134.7563195226,4916011.694650842,2017-01-01,0.10612245113550323
2020-12-18,CNY,37681.96454885435,0,0.49340884645488536,0.0012119037091191706,18076.76989801228,14896406.5,0,14934088.464548854,0,0,0,591134.7563195226,4934088.464548854,2017-01-01,0.10638313595188076
2020-12-21,CNY,37684.83466545939,0,0.48689223346654575,-0.0043635826878948465,-65166.12988339551,14831237.5,0,14868922.334665459,0,0,0,591134.7563195226,4868922.334665459,2017-01-01,0.10493573457044914
2020-12-22,CNY,37687.705000672184,0,0.4719214305000674,-0.010068519176790294,-149708.02966478467,14681526.600000001,0,14719214.305000674,0,0,0,591134.7563195226,4719214.305000674,2017-01-01,0.10205280214084089
2020-12-23,CNY,37690.57555450937,0,0.47554209755545074,0.002459823588649869,36206.670553833246,14717730.399999999,0,14755420.975554507,0,0,0,591134.7563195226,4755420.975554507,2017-01-01,0.10265940792848238
2020-12-24,CNY,13584.378697871789,0,0.4837143678697873,0.005538486721507758,81722.70314336568,14823559.3,0,14837143.678697873,0,0,0,599403.287776716,4837143.678697873,2017-01-01,0.10411509359769444
2020-12-25,CNY,13585.413377229323,0,0.48369041133772295,-1.614632343195652e-05,-239.56532064266503,14823318.700000001,0,14836904.11337723,0,0,0,599403.287776716,4836904.11337723,2017-01-01,0.1040354653745672
2020-12-28,CNY,13586.448135395125,0,0.48818646481353944,0.003030317808526265,44960.534758163616,14868278.2,0,14881864.648135394,0,0,0,599403.287776716,4881864.648135394,2017-01-01,0.10464707750214286
2020-12-29,CNY,13587.4829723752,0,0.5089581082972376,0.013957688753943036,207716.43483698182,15075993.6,0,15089581.082972376,0,0,0,599403.287776716,5089581.082972376,2017-01-01,0.10840866478548739
2020-12-30,CNY,13588.517888175547,0,0.5017563417888178,-0.004772674913120381,-72017.66508419812,15003974.900000002,0,15017563.417888178,0,0,0,599403.287776716,5017563.417888178,2017-01-01,0.10700572950522758
2020-12-31,CNY,13589.552882802174,0,0.5014612552882802,-0.0001964942596387436,-2950.8650053758174,15001023.0,0,15014612.552882802,0,0,0,599403.287776716,5014612.552882802,2017-01-01,0.1068743617995056
2021-01-04,CNY,13590.587956261084,0,0.49550431879562606,-0.0039674260469081445,-59569.364926541224,14941452.6,0,14955043.18795626,0,0,0,599403.287776716,4955043.1879562605,2017-01-01,0.10547208818103182
2021-01-05,CNY,13591.62310855828,0,0.48691099231085566,-0.005746106097300199,-85933.26484770328,14855518.299999999,0,14869109.923108557,0,0,0,599403.287776716,4869109.923108557,2017-01-01,0.10381162181283798
2021-01-06,CNY,13592.658339699768,0,0.4881676258339702,0.0008451302933482413,12566.335231143981,14868083.600000001,0,14881676.258339701,0,0,0,599403.287776716,4881676.258339701,2017-01-01,0.10396932161868455
2021-01-07,CNY,13593.693649691553,0,0.5041099193649692,0.01071270013824219,159422.93530999124,15027505.5,0,15041099.193649692,0,0,0,599403.287776716,5041099.193649692,2017-01-01,0.10682349250332845
2021-01-08,CNY,13594.72903853964,0,0.5159496829038539,0.007871607910067807,118397.63538884744,15145902.1,0,15159496.82903854,0,0,0,599403.287776716,5159496.82903854,2017-01-01,0.10890527660017812
2021-01-11,CNY,16986.774494766538,0,0.5080776174494765,-0.0051928276664817835,-78720.6545437742,15063789.399999999,0,15080776.174494766,0,0,0,624491.136051083,5080776.174494766,2017-01-01,0.10724133000126046
2021-01-12,CNY,16988.068323900112,0,0.5146305068323902,0.0043451937135677585,65528.89382913709,15129317.000000002,0,15146305.068323903,0,0,0,624491.136051083,5146305.068323903,2017-01-01,0.10835491015597465
2021-01-13,CNY,16989.362251580576,0,0.5260522462251582,0.007540941068627097,114217.39392767847,15243533.100000001,0,15260522.462251581,0,0,0,624491.136051083,5260522.462251581,2017-01-01,0.11034123009086416
2021-01-14,CNY,16990.65627781544,0,0.5204871856277815,-0.003646703847225704,-55650.60597376712,15187881.2,0,15204871.856277814,0,0,0,624491.136051083,5204871.856277814,2017-01-01,0.1092591583062168
2021-01-15,CNY,16991.95040261221,0,0.5214706850402611,0.0006468317666705986,9834.994124796242,15197714.899999999,0,15214706.85040261,0,0,0,624491.136051083,5214706.85040261,2017-01-01,0.1093586089777554
2021-01-18,CNY,16993.244625978386,0,0.5160847744625978,-0.003539937134918047,-53859.105776632205,15143854.5,0,15160847.744625978,0,0,0,624491.136051083,5160847.744625978,2017-01-01,0.10815485803093727
2021-01-19,CNY,16994.538947921486,0,0.5140178538947922,-0.0013633278314125594,-20669.205678056926,15123184.0,0,15140178.538947921,0,0,0,624491.136051083,5140178.538947921,2017-01-01,0.10770521023591595
2021-01-20,CNY,16995.833368449014,0,0.5070266733368451,-0.004617634157987187,-69911.80557947047,15053270.900000002,0,15070266.73336845,0,0,0,624491.136051083,5070266.733368451,2017-01-01,0.10636598111360973
2021-01-21,CNY,16997.127887568477,0,0.5139225327887571,0.00457580451223416,68958.59451911971,15122228.200000001,0,15139225.32788757,0,0,0,624491.136051083,5139225.3278875705,2017-01-01,0.107535134660798
2021-01-22,CNY,16998.422505287384,0,0.5047997722505286,-0.006025909741513403,-91227.60538228415,15030999.299999999,0,15047997.722505286,0,0,0,624491.136051083,5047997.722505286,2017-01-01,0.10581262837191208
2021-01-25,CNY,16999.71722161325,0,0.49913143172216157,-0.0037668403683300037,-56683.40528367087,14974314.600000001,0,14991314.317221615,0,0,0,624491.136051083,4991314.317221615,2017-01-01,0.10456372556272697
2021-01-26,CNY,42435.69776085979,0,0.4953535497760859,-0.002520047186080129,-37778.81946075708,14911099.799999999,0,14953535.497760858,0,0,0,640795.1874591667,4953535.497760858,2017-01-01,0.1038059974039014
2021-01-27,CNY,42438.92995435735,0,0.4980521329954357,0.001804645610233131,26985.83219349943,14938082.4,0,14980521.329954358,0,0,0,640795.1874591667,4980521.329954358,2017-01-01,0.10422099503374982
2021-01-28,CNY,42442.16239404091,0,0.48010536623940414,-0.011980068223758099,-179467.66756031662,14758611.5,0,14801053.662394041,0,0,0,640795.1874591667,4801053.662394041,2017-01-01,0.10089017723793337
2021-01-29,CNY,42445.39507992923,0,0.4714039895079929,-0.005878890064103552,-87013.76731411181,14671594.5,0,14714039.89507993,0,0,0,640795.1874591667,4714039.895079929,2017-01-01,0.09923030753996209
2021-02-01,CNY,42448.62801204105,0,0.4719603328012041,0.0003781037003965623,5563.432932112366,14677154.700000001,0,14719603.328012042,0,0,0,640795.1874591667,4719603.328012042,2017-01-01,0.0991229306644108
2021-02-02,CNY,42451.86119039514,0,0.47929403611903965,0.0049822696674706,73337.03317835368,14750488.5,0,14792940.361190395,0,0,0,640795.1874591667,4792940.361190395,2017-01-01,0.10038868077328722
2021-02-03,CNY,42455.09461501024,0,0.4829588694615008,0.0024774204809721663,36648.33342461288,14787133.599999998,0,14829588.694615008,0,0,0,640795.1874591667,4829588.694615008,2017-01-01,0.10098318128868478
2021-02-04,CNY,42458.32828590511,0,0.4767512728285903,-0.004185953340138592,-62075.9663291052,14725054.399999999,0,14767512.728285903,0,0,0,640795.1874591667,4767512.728285903,2017-01-01,0.09978623109793361
2021-02-05,CNY,42461.56220309852,0,0.48491852622030973,0.005530554496205546,81672.53391719423,14806723.7,0,14849185.262203097,0,0,0,640795.1874591667,4849185.262203097,2017-01-01,0.1011961938674204
2021-02-08,CNY,42464.79636660922,0,0.491894679636661,0.004698004161957781,69761.53416351229,14876482.0,0,14918946.79636661,0,0,0,640795.1874591667,4918946.79636661,2017-01-01,0.10224030317213062
2021-02-09,CNY,42468.03077645597,0,0.5004881630776457,0.005760114006893217,85934.834409846,14962413.6,0,15004881.630776456,0,0,0,640795.1874591667,5004881.630776456,2017-01-01,0.10370926907231981
2021-02-10,CNY,33690.08665930734,0,0.5021025886659305,0.0010759335714942593,16144.255882849917,14987335.799999999,0,15021025.886659306,0,0,0,648975.2974487141,5021025.886659306,2017-01-01,0.1039252028165063
2021-02-11,CNY,33692.65272714122,0,0.5021028452727141,1.7083172978185704e-07,2.566067835316062,14987335.799999999,0,15021028.45272714,0,0,0,648975.2974487141,5021028.452727141,2017-01-01,0.10385263123418009
2021-02-12,CNY,33695.21899042441,0,0.5021031018990423,1.7084471218118578e-07,2.5662632826715708,14987335.799999999,0,15021031.018990424,0,0,0,648975.2974487141,5021031.0189904235,2017-01-01,0.10378016092140907
2021-02-16,CNY,33697.785449171795,0,0.5021033585449171,1.7085769568987815e-07,2.566458746790886,14987335.799999999,0,15021033.58544917,0,0,0,648975.2974487141,5021033.58544917,2017-01-01,0.10349115121661767
2021-02-17,CNY,33700.35210339826,0,0.5021036152103397,1.7087068030793284e-07,2.5666542276740074,14987335.799999999,0,15021036.152103398,0,0,0,648975.2974487141,5021036.152103398,2017-01-01,0.10341918417768992
2021-02-18,CNY,33702.9189531187,0,0.5056273918953118,0.002345894550342754,35237.76684972085,15022571.0,0,15056273.918953119,0,0,0,648975.2974487141,5056273.918953119,2017-01-01,0.10397237332567388
2021-02-19,CNY,33705.485998348006,0,0.5032275585998347,-0.0015939091626489517,-23998.332954771817,14998570.1,0,15032275.585998347,0,0,0,648975.2974487141,5032275.585998347,2017-01-01,0.10347481684792448
2021-02-22,CNY,33708.053239101064,0,0.50137183532391,-0.0012344925858418629,-18557.232759246603,14980010.299999999,0,15013718.3532391,0,0,0,648975.2974487141,5013718.3532391,2017-01-01,0.10293104090421323
2021-02-23,CNY,33710.62067539276,0,0.4975194020675393,-0.002565942137538251,-38524.332563707605,14941483.4,0,14975194.020675393,0,0,0,648975.2974487141,4975194.020675393,2017-01-01,0.10217726959733042
2021-02-24,CNY,33713.188307238,0,0.48527655883072374,-0.008175415436963665,-122428.43236815557,14819052.399999999,0,14852765.588307237,0,0,0,648975.2974487141,4852765.588307237,2017-01-01,0.0999304385915023
2021-02-25,CNY,33715.756134651674,0,0.4990545456134652,0.009276377992249603,137779.86782741547,14956829.700000001,0,14990545.456134653,0,0,0,648975.2974487141,4990545.456134653,2017-01-01,0.1023076230995088
2021-02-26,CNY,33718.324157648676,0,0.4686169824157649,-0.020304506788473387,-304375.63197700493,14652451.5,0,14686169.824157648,0,0,0,648975.2974487141,4686169.824157648,2017-01-01,0.09681358012613561
2021-03-01,CNY,33720.89237624391,0,0.4809419392376244,0.008392220006598316,123249.56821859628,14775698.5,0,14809419.392376244,0,0,0,648975.2974487141,4809419.392376244,2017-01-01,0.09881516057501094
2021-03-02,CNY,33723.46079045226,0,0.48810527607904497,0.004837013964982367,71633.36841420457,14847329.299999997,0,14881052.760790449,0,0,0,648975.2974487141,4881052.760790449,2017-01-01,0.10001933399519336
2021-03-03,CNY,33726.029400288644,0,0.4868250129400291,-0.0008603310260340774,-12802.631390158087,14834524.100000001,0,14868250.12940029,0,0,0,648975.2974487141,4868250.129400291,2017-01-01,0.09972361536018282
2021-03-04,CNY,151092.35098079656,0,0.46287719509807945,-0.01610668211358335,-239478.178419495,14477679.6,0,14628771.950980796,0,0,0,664768.3832204156,4628771.950980796,2017-01-01,0.09538679612203005
2021-03-05,CNY,151103.85920948468,0,0.45799880592094855,-0.0033347906396230475,-48783.89177131094,14428884.2,0,14579988.059209485,0,0,0,664768.3832204156,4579988.059209485,2017-01-01,0.09444600078991816
2021-03-08,CNY,151115.36831471833,0,0.4636613768314719,0.0038837966722110465,56625.70910523459,14485498.4,0,14636613.76831472,0,0,0,664768.3832204156,4636613.768314719,2017-01-01,0.09526577781399226
2021-03-09,CNY,151126.8782965643,0,0.48597534782965646,0.015245309708513155,223139.7099818457,14708626.600000001,0,14859753.478296565,0,0,0,664768.3832204156,4859753.478296565,2017-01-01,0.09916346947976207
2021-03-10,CNY,151138.38915508936,0,0.4900072289155091,0.0027132893501505954,40318.810858525336,14748933.9,0,14900072.28915509,0,0,0,664768.3832204156,4900072.28915509,2017-01-01,0.09980624417301831
2021-03-11,CNY,151149.90089036027,0,0.5146002700890357,0.016505316683212805,245930.4117352683,14994852.799999999,0,15146002.700890359,0,0,0,664768.3832204156,5146002.700890359,2017-01-01,0.10403840471187609
2021-03-12,CNY,151161.41350244381,0,0.49586416135024436,-0.012370332363462584,-187361.0873879157,14807480.2,0,14958641.613502443,0,0,0,664768.3832204156,4958641.613502443,2017-01-01,0.10069798295916188
2021-03-15,CNY,151172.92699140677,0,0.4956804626991407,-0.00012280436676673868,-1836.9865110367537,14805631.7,0,14956804.626991406,0,0,0,664768.3832204156,4956804.626991406,2017-01-01,0.10045946935869887
2021-03-16,CNY,151184.44135731593,0,0.4965826141357317,0.000603171238168816,9021.514365911484,14814641.700000001,0,14965826.141357318,0,0,0,664768.3832204156,4965826.141357318,2017-01-01,0.10054857245501969
2021-03-17,CNY,151195.95660023807,0,0.4952066901600236,-0.0009193772283013844,-13759.239757081494,14800870.944999998,0,14952066.901600236,0,0,0,664768.3832204156,4952066.901600236,2017-01-01,0.10023962031243472
2021-03-18,CNY,151207.47272024004,0,0.5062592422720238,0.007391989471915322,110525.5211200025,14911384.95,0,15062592.422720239,0,0,0,664768.3832204156,5062592.422720239,2017-01-01,0.10209587148792898
2021-03-19,CNY,6847.87289303494,0,0.49586036828930347,-0.006903774390811312,-103988.7398272045,14951755.809999999,0,14958603.682893034,0,0,0,665108.5045888155,4958603.682893034,2017-01-01,0.10021708724918899
2021-03-22,CNY,6848.394473953951,0,0.4899005499473952,-0.003984207662860941,-59598.183419082314,14892157.104999999,0,14899005.499473952,0,0,0,665108.5045888155,4899005.499473952,2017-01-01,0.09897368670986051
2021-03-23,CNY,6848.916094600139,0,0.49107914110945994,0.0007910535787817993,11785.911620648578,14903942.495000001,0,14910791.4110946,0,0,0,665108.5045888155,4910791.4110946,2017-01-01,0.0991120419479421
2021-03-24,CNY,6849.4377549765295,0,0.4857061387754975,-0.003603432028406407,-53730.02333962545,14850211.95,0,14857061.387754975,0,0,0,665108.5045888155,4857061.387754975,2017-01-01,0.09810726193422203
2021-03-25,CNY,6849.959455086148,0,0.48505787094550845,-0.00043633650899724914,-6482.678299890831,14843728.749999998,0,14850578.709455084,0,0,0,665108.5045888155,4850578.709455084,2017-01-01,0.09792753844032909
2021-03-26,CNY,6850.481194932022,0,0.49490944611949317,0.006633798834864616,98515.7517398484,14942243.98,0,14949094.461194932,0,0,0,665108.5045888155,4949094.461194932,2017-01-01,0.0995763172009907
2021-03-29,CNY,6851.002974517177,0,0.4970529772974517,0.0014338869712293822,21435.311779584736,14963678.77,0,14970529.772974517,0,0,0,665108.5045888155,4970529.772974517,2017-01-01,0.09974543287434812
2021-03-30,CNY,6851.52479384464,0,0.5037309474793843,0.004460744063972973,66779.70181932673,15030457.95,0,15037309.474793844,0,0,0,665108.5045888155,5037309.474793844,2017-01-01,0.10083114913588775
2021-03-31,CNY,6852.046652917439,0,0.5078599581652916,0.002745844057295304,41290.10685907304,15071747.535,0,15078599.581652917,0,0,0,665108.5045888155,5078599.581652917,2017-01-01,0.10147351930433612
2021-04-01,CNY,6852.5685517386,0,0.5133371993551736,0.0036324601367798623,54772.41189881973,15126519.424999999,0,15133371.993551737,0,0,0,665108.5045888155,5133371.993551737,2017-01-01,0.10234453636658336
2021-04-02,CNY,6853.090490311151,0,0.5194038890490311,0.004008815547812169,60666.89693857543,15187185.8,0,15194038.890490312,0,0,0,665108.5045888155,5194038.890490312,2017-01-01,0.10331233628513559
2021-04-05,CNY,6853.612468638121,0,0.5194039412468638,3.435415230301481e-08,0.5219783261418343,15187185.8,0,15194039.412468638,0,0,0,665108.5045888155,5194039.412468638,2017-01-01,0.10310322447708109
2021-04-06,CNY,18898.34162039933,0,0.5309546821620399,0.0076021527926913475,115507.40915176086,15290648.48,0,15309546.8216204,0,0,0,673809.0147546091,5309546.821620399,2017-01-01,0.10499376661257886
2021-04-07,CNY,18899.781047582648,0,0.5298654381047583,-0.0007114802743497535,-10892.440572816879,15279754.6,0,15298654.381047582,0,0,0,673809.0147546091,5298654.381047582,2017-01-01,0.10473873793877253
2021-04-08,CNY,18901.220584402607,0,0.5364253440584401,0.0042878973472388815,65599.05953681841,15345352.219999999,0,15364253.4405844,0,0,0,673809.0147546091,5364253.440584401,2017-01-01,0.1057753170725153
2021-04-09,CNY,18902.66023086755,0,0.5377349930230868,0.0008524000008924811,13096.489646466449,15358447.27,0,15377349.930230867,0,0,0,673809.0147546091,5377349.930230867,2017-01-01,0.10592449816742788
2021-04-12,CNY,18904.099986985835,0,0.5489645549986986,0.0073026640003393305,112295.61975611746,15470741.45,0,15489645.549986985,0,0,0,673809.0147546091,5489645.549986985,2017-01-01,0.10759117889451564
2021-04-13,CNY,18905.53985276581,0,0.5427599649852766,-0.004005637180914769,-62045.90013421886,15408694.11,0,15427599.649852766,0,0,0,673809.0147546091,5427599.649852766,2017-01-01,0.10648189072432745
2021-04-14,CNY,18906.97982821583,0,0.5494478579828215,0.004335018505363425,66878.92997545004,15475571.6,0,15494478.579828216,0,0,0,673809.0147546091,5494478.579828216,2017-01-01,0.10752712678629606
2021-04-15,CNY,18908.419913344245,0,0.5446422124913342,-0.0031015212720637586,-48056.454914873466,15427513.704999998,0,15446422.124913342,0,0,0,673809.0147546091,5446422.124913342,2017-01-01,0.10665337093506122
2021-04-16,CNY,18909.86010815941,0,0.5511220990108161,0.0041950727923138085,64798.865194818005,15492311.13,0,15511220.99010816,0,0,0,673809.0147546091,5511220.99010816,2017-01-01,0.10766137038287305
2021-04-19,CNY,18911.30041266968,0,0.5542017610412671,0.0019854413991103386,30796.620304509997,15523106.31,0,15542017.61041267,0,0,0,673809.0147546091,5542017.61041267,2017-01-01,0.10795576161188292
2021-04-20,CNY,18912.740826883408,0,0.5450130290826884,-0.005912187329154975,-91887.31958578527,15431217.55,0,15450130.290826885,0,0,0,673809.0147546091,5450130.290826885,2017-01-01,0.10635819329531326
2021-04-21,CNY,20890.824582856443,0,0.5380102174582855,-0.004532525935111799,-70028.11624402925,15359211.35,0,15380102.174582856,0,0,0,673828.1220657871,5380102.174582856,2017-01-01,0.1051207736694939
2021-04-22,CNY,20892.415771194053,0,0.5443800935771193,0.004141634461545132,63698.76118833758,15422908.52,0,15443800.935771193,0,0,0,673828.1220657871,5443800.935771193,2017-01-01,0.1061108515945588
2021-04-23,CNY,20894.007080727468,0,0.5377091847080728,-0.004319473487640765,-66709.08869046532,15356197.84,0,15377091.847080728,0,0,0,673828.1220657871,5377091.847080728,2017-01-01,0.10493026753479828
2021-04-26,CNY,20895.59851146592,0,0.5462535893511467,0.005556580352152856,85444.04643073864,15441640.295,0,15462535.893511467,0,0,0,673828.1220657871,5462535.893511467,2017-01-01,0.10613828699146954
2021-04-27,CNY,20897.190063418642,0,0.5523280615063417,0.003928509655226817,60744.72155195102,15502383.424999999,0,15523280.615063418,0,0,0,673828.1220657871,5523280.615063418,2017-01-01,0.10707113219108355
2021-04-28,CNY,20898.781736594865,0,0.5475743321736595,-0.003062322617597597,-47537.29332682304,15454844.54,0,15475743.321736595,0,0,0,673828.1220657871,5475743.321736595,2017-01-01,0.10621526698589223
2021-04-29,CNY,20900.373531003825,0,0.5506403763531003,0.0019811934817595537,30660.441794408485,15485503.389999999,0,15506403.763531003,0,0,0,673828.1220657871,5506403.763531003,2017-01-01,0.10665047024142082
2021-04-30,CNY,20901.96544665475,0,0.5460439565446655,-0.002964207483907422,-45964.19808434881,15439537.6,0,15460439.565446654,0,0,0,673828.1220657871,5460439.565446654,2017-01-01,0.10582140185777966
2021-05-03,CNY,20903.55748355688,0,0.5460441157483558,1.0297487960579316e-07,1.5920369029045105,15439537.6,0,15460441.157483557,0,0,0,673828.1220657871,5460441.157483557,2017-01-01,0.10561077994702428
2021-05-04,CNY,20905.14964171945,0,0.5460442749641718,1.0298271212869294e-07,1.5921581611037254,15439537.6,0,15460442.749641718,0,0,0,673828.1220657871,5460442.749641718,2017-01-01,0.10554077618923774
2021-05-05,CNY,20906.741921151694,0,0.5460444341921151,1.029905454925187e-07,1.5922794323414564,15439537.6,0,15460444.34192115,0,0,0,673828.1220657871,5460444.341921151,2017-01-01,0.1054708651346008
2021-05-06,CNY,20908.334321862847,0,0.535227218432186,-0.006996704312435635,-108172.15759929083,15331363.849999998,0,15352272.18432186,0,0,0,673828.1220657871,5352272.18432186,2017-01-01,0.10361739985884655
2021-05-07,CNY,20909.92684386215,0,0.5365704566843863,0.0008749442662774845,13432.382522003725,15344794.64,0,15365704.566843864,0,0,0,673828.1220657871,5365704.566843864,2017-01-01,0.10377073667334447
2021-05-10,CNY,20911.519487158843,0,0.5421723564487162,0.003645716172636522,56018.99764329754,15400812.045000002,0,15421723.564487161,0,0,0,673828.1220657871,5421723.564487161,2017-01-01,0.10448697681337493
2021-05-11,CNY,2154.941741099382,0,0.5242230211741099,-0.01163899430537036,-179493.35274606198,15240075.27,0,15242230.2117411,0,0,0,698847.0639344717,5242230.211741099,2017-01-01,0.10145759468474447
2021-05-12,CNY,2155.105876227369,0,0.5310681315876229,0.004490885072868252,68451.1041351296,15308526.21,0,15310681.315876229,0,0,0,698847.0639344717,5310681.315876229,2017-01-01,0.102522138241671
2021-05-13,CNY,2155.2700238570123,0,0.5148243190023858,-0.01060946423618212,-162438.12585237063,15146087.920000002,0,15148243.190023858,0,0,0,698847.0639344717,5148243.190023858,2017-01-01,0.09976531262440469
2021-05-14,CNY,2155.4341839892636,0,0.5180984199183989,0.002161373351973474,32741.009160131216,15178828.765,0,15180984.19918399,0,0,0,698847.0639344717,5180984.199183989,2017-01-01,0.10024321318613882
2021-05-17,CNY,2155.598356625075,0,0.5274284393356623,0.006145859382269096,93300.19417263381,15272128.794999998,0,15274284.393356623,0,0,0,698847.0639344717,5274284.393356623,2017-01-01,0.10158648049053443
2021-05-18,CNY,2155.7625417654,0,0.5313006507541767,0.00253511805777199,38722.11418514326,15310850.745000001,0,15313006.507541766,0,0,0,698847.0639344717,5313006.507541766,2017-01-01,0.10215663925026908
2021-05-19,CNY,2155.92673941119,0,0.530380317173941,-0.0006010142944707214,-9203.335802355781,15301647.245,0,15303803.17173941,0,0,0,698847.0639344717,5303803.171739411,2017-01-01,0.10193849926101484
2021-05-20,CNY,2156.0909495633973,0,0.5212032915949565,-0.005996565347841944,-91770.25578984618,15209876.825000001,0,15212032.915949564,0,0,0,698847.0639344717,5212032.915949564,2017-01-01,0.10036180789124804
2021-05-21,CNY,2156.255172222975,0,0.5245165155172222,0.002178028367787604,33132.239222656935,15243008.899999999,0,15245165.155172221,0,0,0,698847.0639344717,5245165.155172221,2017-01-01,0.10084167355567453
2021-05-24,CNY,2156.4194073908757,0,0.524890391440739,0.00024524229138307685,3738.759235167876,15246747.495,0,15248903.91440739,0,0,0,698847.0639344717,5248903.914407389,2017-01-01,0.10070538155718323
2021-05-25,CNY,2156.583655068052,0,0.5280215978655067,0.0020533977014633074,31312.064247678965,15278059.395,0,15280215.978655068,0,0,0,698847.0639344717,5280215.978655068,2017-01-01,0.10115286226921638
2021-05-26,CNY,101057.97012689142,0,0.5358075920126892,0.005095473884700777,77859.94147182442,15257017.950000001,0,15358075.920126893,0,0,0,707179.4741438394,5358075.920126893,2017-01-01,0.10235866967095442
2021-05-27,CNY,101065.6673943138,0,0.5323165277394315,-0.0022731130458097746,-34910.6427325774,15222099.610000001,0,15323165.277394315,0,0,0,707179.4741438394,5323165.277394315,2017-01-01,0.10172260938320332
2021-05-28,CNY,101073.36524801281,0,0.5307019755248015,-0.0010536675584985186,-16145.522146301344,15205946.39,0,15307019.755248014,0,0,0,707179.4741438394,5307019.755248014,2017-01-01,0.10139284970707152
2021-05-31,CNY,101081.0636880331,0,0.5343303993688031,0.0023704312805618542,36284.23844001815,15242222.93,0,15343303.993688032,0,0,0,707179.4741438394,5343303.993688032,2017-01-01,0.10178541504043337
2021-06-01,CNY,101088.76271441934,0,0.5382276757714419,0.002540050307444823,38972.76402638666,15281187.995,0,15382276.757714419,0,0,0,707179.4741438394,5382276.757714419,2017-01-01,0.10235182973512336
2021-06-02,CNY,101096.46232721617,0,0.5348828222327215,-0.0021744853453132813,-33448.5353872031,15247731.76,0,15348828.222327216,0,0,0,707179.4741438394,5348828.222327216,2017-01-01,0.10174276954575534
2021-06-03,CNY,101104.16252646827,0,0.5358110727526468,0.0006047696322347835,9282.505199251696,15257006.565,0,15358110.727526467,0,0,0,707179.4741438394,5358110.727526467,2017-01-01,0.10182721534953343
2021-06-04,CNY,101111.8633122203,0,0.529977005331222,-0.0037986882142790617,-58340.674214247614,15198658.19,0,15299770.05331222,0,0,0,707179.4741438394,5299770.05331222,2017-01-01,0.10081440150013843
2021-06-07,CNY,101119.56468451694,0,0.5310449394684518,0.000698006658602436,10679.341372298077,15209329.83,0,15310449.394684518,0,0,0,707179.4741438394,5310449.394684518,2017-01-01,0.10079164618326164
2021-06-08,CNY,101127.26664340287,0,0.5343259466643404,0.0021429855592793676,32810.07195888646,15242132.200000001,0,15343259.466643404,0,0,0,707179.4741438394,5343259.466643404,2017-01-01,0.10125742251784042
2021-06-09,CNY,101134.96918892275,0,0.5352764969188923,0.0006195230267847572,9505.5025455188,15251630.0,0,15352764.969188923,0,0,0,707179.4741438394,5352764.969188923,2017-01-01,0.1013454744901825
2021-06-10,CNY,21578.351164168747,0,0.5334503661164169,-0.0011894475074295115,-18261.308024752885,15312925.31,0,15334503.66116417,0,0,0,723910.6355984906,5334503.66116417,2017-01-01,0.1009850232330125
2021-06-11,CNY,21579.994719241506,0,0.535858128971924,0.0015701602795302131,24077.62855507061,15337001.295,0,15358581.28971924,0,0,0,723910.6355984906,5358581.289719241,2017-01-01,0.10130827984572588
2021-06-14,CNY,21581.63839949868,0,0.5358582933399498,1.0702031826487681e-07,1.6436802577227354,15337001.295,0,15358582.933399498,0,0,0,723910.6355984906,5358582.933399498,2017-01-01,0.10111224451326373
2021-06-15,CNY,21583.282204949803,0,0.5446967692204951,0.005754746983411226,88384.75880545191,15425384.41,0,15446967.69220495,0,0,0,723910.6355984906,5446967.69220495,2017-01-01,0.10246536631927361
2021-06-16,CNY,21584.926135604415,0,0.5398420611135606,-0.0031428227233130756,-48547.081069344655,15376835.685,0,15398420.611135606,0,0,0,723910.6355984906,5398420.611135606,2017-01-01,0.10162158176026348
2021-06-17,CNY,21586.57019147205,0,0.5332921830191475,-0.004253603833679206,-65498.780944131315,15311335.260000002,0,15332921.830191474,0,0,0,723910.6355984906,5332921.830191474,2017-01-01,0.10050452665421883
2021-06-18,CNY,21588.21437256224,0,0.5396229404372563,0.0041288656449309374,63307.57418108918,15374641.190000001,0,15396229.404372564,0,0,0,723910.6355984906,5396229.404372564,2017-01-01,0.1014556684266057
2021-06-21,CNY,21589.85867888453,0,0.5255747303678886,-0.009124448396032684,-140482.10069367848,15234157.445,0,15255747.303678885,0,0,0,723910.6355984906,5255747.303678885,2017-01-01,0.09900618430497521
2021-06-22,CNY,21591.50311044846,0,0.5383961793110448,0.00840434014010216,128214.48943156376,15362370.290000001,0,15383961.793110449,0,0,0,723910.6355984906,5383961.793110449,2017-01-01,0.10099908634412058
2021-06-23,CNY,21593.147667263558,0,0.5486075087667261,0.0066376461362861496,102113.29455681331,15464481.94,0,15486075.087667262,0,0,0,723910.6355984906,5486075.087667262,2017-01-01,0.10256146952609813
2021-06-24,CNY,21594.792349339376,0,0.545685093234934,-0.0018871247331866852,-29224.155317923054,15435256.14,0,15456850.93234934,0,0,0,723910.6355984906,5456850.932349339,2017-01-01,0.10203114955725479
2021-06-25,CNY,21596.437156685446,0,0.5502348141156685,0.0029434979354122687,45497.20880734548,15480751.704,0,15502348.141156685,0,0,0,723910.6355984906,5502348.141156685,2017-01-01,0.10268815026817912
2021-06-28,CNY,20411.44748655,0,0.5484603447486549,-0.0011446455406987782,-17744.69367013499,15464192.0,0,15484603.44748655,0,0,0,740942.3798259153,5484603.44748655,2017-01-01,0.10221000477798792
2021-06-29,CNY,20413.002162243414,0,0.5498598192162243,0.0009037845058903108,13994.744675694034,15478185.19,0,15498598.192162244,0,0,0,740942.3798259153,5498598.192162244,2017-01-01,0.10236612202023654
2021-06-30,CNY,20414.556956351582,0,0.553758612295635,0.002515577880702997,38987.9307941068,15517171.566,0,15537586.12295635,0,0,0,740942.3798259153,5537586.12295635,2017-01-01,0.10291648512595941
2021-07-01,CNY,20416.11186888352,0,0.5526587311868885,-0.0007078841591240701,-10998.811087466776,15506171.2,0,15526587.311868884,0,0,0,740942.3798259153,5526587.311868884,2017-01-01,0.1026772478560436
2021-07-02,CNY,20417.66689984825,0,0.5540771524899848,0.0009135435074081858,14184.213030964136,15520353.858,0,15540771.524899848,0,0,0,740942.3798259153,5540771.524899848,2017-01-01,0.10283524926915577
2021-07-05,CNY,20419.222049254793,0,0.5597819016049255,0.003670827478417261,57047.49114940688,15577399.794,0,15597819.016049255,0,0,0,740942.3798259153,5597819.016049255,2017-01-01,0.1035343654960903
2021-07-06,CNY,20420.77731711217,0,0.5610791777317112,0.0008317035384568448,12972.761267857626,15590371.0,0,15610791.777317112,0,0,0,740942.3798259153,5610791.777317112,2017-01-01,0.10367159767762435
2021-07-07,CNY,20422.332703429405,0,0.5654905800703431,0.0028258671318912255,44114.02338631824,15634483.468,0,15654905.80070343,0,0,0,740942.3798259153,5654905.800703431,2017-01-01,0.10429512026308352
2021-07-08,CNY,20423.888208215518,0,0.5648002808208217,-0.00044094755874573134,-6902.992495214567,15627578.92,0,15648002.808208216,0,0,0,740942.3798259153,5648002.808208216,2017-01-01,0.10412099763779259
2021-07-09,CNY,20425.443831479533,0,0.5669332621831478,0.0013631013417299451,21329.81362326257,15648907.178,0,15669332.621831479,0,0,0,740942.3798259153,5669332.621831479,2017-01-01,0.10438729187649809
2021-07-12,CNY,20426.999573230474,0,0.573510793957323,0.004197710223478788,65775.31774175167,15714680.94,0,15735107.93957323,0,0,0,740942.3798259153,5735107.93957323,2017-01-01,0.10520960209242869
2021-07-13,CNY,13033.206430524726,0,0.5762328778430525,0.001729942937908647,27220.83885729499,15749295.572,0,15762328.778430525,0,0,0,741165.0655913173,5762328.778430525,2017-01-01,0.10556415986132861
2021-07-14,CNY,13034.199128825918,0,0.5744972987128825,-0.0011010930900928306,-17355.791301701218,15731938.787999999,0,15744972.987128824,0,0,0,741165.0655913173,5744972.987128824,2017-01-01,0.10522875203316073
2021-07-15,CNY,13035.191902737815,0,0.5762235301902738,0.0010963699199754134,17262.314773913473,15749200.11,0,15762235.301902737,0,0,0,741165.0655913173,5762235.3019027375,2017-01-01,0.10542880752442807
2021-07-16,CNY,13036.184752266176,0,0.5732989794752266,-0.0018554162268432093,-29245.50715047121,15719953.61,0,15732989.794752266,0,0,0,741165.0655913173,5732989.794752266,2017-01-01,0.10491015823414784
2021-07-19,CNY,13037.17767741676,0,0.5680710589677418,-0.003322903386887489,-52279.20507484861,15667673.412,0,15680710.589677418,0,0,0,741165.0655913173,5680710.589677418,2017-01-01,0.103903378567201
2021-07-20,CNY,13038.170678195325,0,0.5672992530678194,-0.0004922008447949047,-7718.058999223635,15659954.36,0,15672992.530678194,0,0,0,741165.0655913173,5672992.530678194,2017-01-01,0.10371838068759742
2021-07-21,CNY,13039.163754607634,0,0.5741070179754608,0.004343627992111826,68077.64907641336,15728031.015999999,0,15741070.179754607,0,0,0,741165.0655913173,5741070.179754607,2017-01-01,0.10470327697832715
2021-07-22,CNY,13040.156906659447,0,0.580401390690666,0.003998694271308601,62943.727152051404,15790973.75,0,15804013.906906659,0,0,0,741165.0655913173,5804013.906906659,2017-01-01,0.105604559370434
2021-07-23,CNY,13041.150134356525,0,0.5800194554134357,-0.00024166979318043972,-3819.3527723029256,15787153.404,0,15800194.554134356,0,0,0,741165.0655913173,5800194.554134356,2017-01-01,0.10547932276083727
2021-07-26,CNY,13042.14343770463,0,0.5876769845437704,0.004846477746902853,76575.2913033478,15863727.702,0,15876769.845437704,0,0,0,741165.0655913173,5876769.845437704,2017-01-01,0.10644992899197603
2021-07-27,CNY,13043.136816709522,0,0.585391584081671,-0.0014394618580152033,-22854.00462099351,15840872.704,0,15853915.84081671,0,0,0,741165.0655913173,5853915.84081671,2017-01-01,0.10603438313729852
2021-07-28,CNY,49881.10163177606,0,0.5787364501631775,-0.0041977855725457095,-66551.33918493427,15737483.4,0,15787364.501631776,0,0,0,749755.099773363,5787364.501631776,2017-01-01,0.10495126659406795
2021-07-29,CNY,49884.900918246,0,0.5909414780918245,0.007730883725010171,122050.2792864684,15859529.879999999,0,15909414.780918244,0,0,0,749755.099773363,5909414.780918244,2017-01-01,0.1067454537587571
2021-07-30,CNY,49888.70049409563,0,0.5880648406494096,-0.0018081352972612636,-28766.37442414835,15830759.706,0,15880648.406494096,0,0,0,749755.099773363,5880648.406494096,2017-01-01,0.10624118502499469
2021-08-02,CNY,49892.500359346996,0,0.5979478114359347,0.006223279134171666,98829.70786525123,15929585.614,0,15979478.114359347,0,0,0,749755.099773363,5979478.114359347,2017-01-01,0.10753743760369061
2021-08-03,CNY,49896.30051402213,0,0.5837676514514021,-0.008873981917963953,-141801.59984532557,15787780.214,0,15837676.514514022,0,0,0,749755.099773363,5837676.514514022,2017-01-01,0.10532220248973623
2021-08-04,CNY,49900.100958143084,0,0.5978981692958143,0.008922090201465198,141305.17844412103,15929081.592,0,15978981.692958143,0,0,0,749755.099773363,5978981.692958143,2017-01-01,0.10739504704009684
2021-08-05,CNY,49903.9016917319,0,0.5964076905691731,-0.0009327745380032166,-14904.787266410887,15914173.004,0,15964076.905691732,0,0,0,749755.099773363,5964076.905691732,2017-01-01,0.10710297082388553
2021-08-06,CNY,49907.70271481063,0,0.6103051326714812,0.008705446725424573,138974.42102308013,16053143.624000002,0,16103051.326714812,0,0,0,749755.099773363,6103051.326714812,2017-01-01,0.10912383542901538
2021-08-09,CNY,49911.504027401315,0,0.60860425840274,-0.001056243462330289,-17008.742687411606,16036131.079999998,0,16086042.5840274,0,0,0,749755.099773363,6086042.5840274,2017-01-01,0.10866469011064828
2021-08-10,CNY,49915.30562952602,0,0.6077558721629526,-0.0005274051932634945,-8483.862397873774,16027643.416000001,0,16077558.721629526,0,0,0,749755.099773363,6077558.7216295265,2017-01-01,0.1084699103006721
2021-08-11,CNY,49919.10752120679,0,0.6150363585521206,0.004528353163079022,72804.8638916798,16100444.478,0,16150363.585521206,0,0,0,749755.099773363,6150363.585521206,2017-01-01,0.10948810127060327
2021-08-12,CNY,18251.607034745142,0,0.6219781821034747,0.004298245989692356,69418.23551353998,16201530.214000002,0,16219781.821034746,0,0,0,768097.890321394,6219781.821034746,2017-01-01,0.11045090852424244
2021-08-13,CNY,18252.997202191196,0,0.6276136167202191,0.003474420728296211,56354.34616744518,16257883.17,0,16276136.167202191,0,0,0,768097.890321394,6276136.167202191,2017-01-01,0.11121597323922483
2021-08-16,CNY,18254.38747552193,0,0.6246027571475525,-0.0018498613809423867,-30108.595726666972,16227773.184000002,0,16246027.571475524,0,0,0,768097.890321394,6246027.571475524,2017-01-01,0.11056339012571637
2021-08-17,CNY,18255.777854745404,0,0.6201559173854745,-0.002737185901300286,-44468.39762077853,16183303.396,0,16201559.173854746,0,0,0,768097.890321394,6201559.173854746,2017-01-01,0.1098372862031558
2021-08-18,CNY,18257.168339869688,0,0.6217281398339867,0.0009704142864529604,15722.224485121667,16199024.229999999,0,16217281.398339868,0,0,0,768097.890321394,6217281.398339868,2017-01-01,0.11000125760874568
2021-08-19,CNY,18258.558930902844,0,0.6091196296930905,-0.0077747372270341964,-126085.10140896216,16072937.738000002,0,16091196.296930905,0,0,0,768097.890321394,6091196.296930905,2017-01-01,0.10806554304738136
2021-08-20,CNY,18259.94962785294,0,0.6097051677627852,0.0003638872206203562,5855.380696946755,16078791.728,0,16097051.677627852,0,0,0,768097.890321394,6097051.677627852,2017-01-01,0.10808529528361088
2021-08-23,CNY,18261.340430728047,0,0.6184213088430728,0.005414743802059986,87161.41080287471,16165951.748,0,16184213.088430727,0,0,0,768097.890321394,6184213.088430727,2017-01-01,0.10917245041533397
2021-08-24,CNY,18262.73133953623,0,0.6227858835339537,0.0026968099511745875,43645.74690880999,16209596.104,0,16227858.835339537,0,0,0,768097.890321394,6227858.835339537,2017-01-01,0.10974737980929516
2021-08-25,CNY,18264.122354285555,0,0.6203668226354284,-0.0014906839670414558,-24190.60898525268,16185404.103999998,0,16203668.226354284,0,0,0,768097.890321394,6203668.226354284,2017-01-01,0.10932353596565636
2021-08-26,CNY,18265.513474984098,0,0.6186967221474984,-0.0010306928434967817,-16701.00487929955,16168701.708,0,16186967.221474985,0,0,0,768097.890321394,6186967.221474985,2017-01-01,0.10901007896586568
2021-08-27,CNY,1619.4297847460678,0,0.6203135881784747,0.000998869033867633,16168.660309761763,16201516.452,0,16203135.881784746,0,0,0,776923.9973491055,6203135.881784746,2017-01-01,0.10918031688052277
2021-08-30,CNY,1619.553131614299,0,0.6233361433131612,0.0018654136808693555,30225.551346866414,16231741.879999999,0,16233361.433131613,0,0,0,776923.9973491055,6233361.433131613,2017-01-01,0.1094209223318785
2021-08-31,CNY,1619.676487877473,0,0.6291669656487879,0.003591876124760022,58308.223356265575,16290049.98,0,16291669.656487878,0,0,0,776923.9973491055,6291669.656487878,2017-01-01,0.1102056382381762
2021-09-01,CNY,1619.7998535363051,0,0.6293932051853537,0.0001388682322537879,2262.3953656591475,16292312.252,0,16293932.051853538,0,0,0,776923.9973491055,6293932.051853538,2017-01-01,0.11017056679558013
2021-09-02,CNY,1619.9232285915111,0,0.6311745673228593,0.0010932671940919079,17813.62137505412,16310125.75,0,16311745.673228592,0,0,0,776923.9973491055,6311745.673228592,2017-01-01,0.11036210458551987
2021-09-03,CNY,1620.0466130438067,0,0.6337037912613044,0.0015505538089624822,25292.23938445188,16335417.866,0,16337037.912613044,0,0,0,776923.9973491055,6337037.912613044,2017-01-01,0.11066190225626293
2021-09-06,CNY,1620.1700068939076,0,0.6350913190006893,0.0008493141454447584,13875.277393849567,16349293.02,0,16350913.190006893,0,0,0,776923.9973491055,6350913.190006893,2017-01-01,0.11065865448828949
2021-09-07,CNY,1620.2934101425294,0,0.6396133135410143,0.002765591430751818,45219.945403249934,16394512.842,0,16396133.135410143,0,0,0,776923.9973491055,6396133.135410143,2017-01-01,0.11124503340722924
2021-09-08,CNY,1620.4168227903883,0,0.6365691696822791,-0.0018566230425153933,-30441.438587352633,16364071.28,0,16365691.69682279,0,0,0,776923.9973491055,6365691.69682279,2017-01-01,0.11073640582592459
2021-09-09,CNY,1620.5402448382,0,0.6304048518244838,-0.003766610035182283,-61643.17857795209,16302427.978,0,16304048.518244838,0,0,0,776923.9973491055,6304048.518244838,2017-01-01,0.10977558943910437
2021-09-10,CNY,1620.6636762866804,0,0.6316368711676286,0.0007556524023870251,12320.193431446329,16314748.047999999,0,16316368.711676285,0,0,0,776923.9973491055,6316368.711676285,2017-01-01,0.10988667042091826
2021-09-13,CNY,16314.13243785143,0,0.6275285050437851,-0.0025179414589370976,-41083.66123843379,16258970.918,0,16275285.05043785,0,0,0,785965.0710890095,6275285.050437851,2017-01-01,0.1090899445314033
2021-09-14,CNY,16315.375033957216,0,0.6240320755033959,-0.002148306176852585,-34964.295403892174,16224005.38,0,16240320.755033959,0,0,0,785965.0710890095,6240320.755033959,2017-01-01,0.10851649381816886
2021-09-15,CNY,16316.617724707636,0,0.6227929305724706,-0.0007630052076041212,-12391.449309252203,16211612.688,0,16227929.305724707,0,0,0,785965.0710890095,6227929.3057247065,2017-01-01,0.10827042542146681
2021-09-16,CNY,16317.860510109898,0,0.6154019360510108,-0.004554490213888496,-73909.94521459751,16137701.5,0,16154019.360510109,0,0,0,785965.0710890095,6154019.360510109,2017-01-01,0.10713117665893401
2021-09-17,CNY,16319.103390171213,0,0.6142606318390171,-0.0007065140795755873,-11413.042119937018,16126287.215,0,16142606.318390172,0,0,0,785965.0710890095,6142606.318390172,2017-01-01,0.10689977702605002
2021-09-20,CNY,16320.346364898787,0,0.6142607561364899,7.69996307886905e-08,1.2429747264832258,16126287.215,0,16142607.561364898,0,0,0,785965.0710890095,6142607.561364898,2017-01-01,0.10670418557598715
2021-09-21,CNY,16321.589434299834,0,0.61426088044343,7.700548974417156e-08,1.243069401010871,16126287.215,0,16142608.8044343,0,0,0,785965.0710890095,6142608.8044342995,2017-01-01,0.10663915928757262
2021-09-22,CNY,16322.832598381563,0,0.6129920702598382,-0.0007860007009791577,-12688.101835917681,16113597.870000001,0,16129920.702598382,0,0,0,785965.0710890095,6129920.702598382,2017-01-01,0.10639020585747483
2021-09-23,CNY,16324.075857151187,0,0.6142746435857152,0.0007951516622585013,12825.733258768916,16126422.36,0,16142746.43585715,0,0,0,785965.0710890095,6142746.435857151,2017-01-01,0.1065113019144357
2021-09-24,CNY,16325.319210615917,0,0.6119092034210616,-0.0014653269653045775,-23654.401646535844,16102766.715,0,16119092.034210615,0,0,0,785965.0710890095,6119092.034210615,2017-01-01,0.10610383201636409
2021-09-27,CNY,16326.562658782965,0,0.6092374912658782,-0.0016574830328611979,-26717.121551832184,16076048.35,0,16092374.912658783,0,0,0,785965.0710890095,6092374.912658783,2017-01-01,0.1055237655685346
2021-09-28,CNY,16327.806201659545,0,0.6051834801201661,-0.0025192124641113304,-40540.11145712249,16035506.995000001,0,16051834.80120166,0,0,0,785965.0710890095,6051834.80120166,2017-01-01,0.10487226543342243
2021-09-29,CNY,16329.049839252872,0,0.5955685004839255,-0.005989956759037151,-96149.79636240564,15939355.955000002,0,15955685.004839255,0,0,0,785965.0710890095,5955685.004839255,2017-01-01,0.10341156283456598
2021-09-30,CNY,388.0670151239791,0,0.5985158722015125,0.0018472235549229059,29473.71717586927,15984770.655,0,15985158.722015124,0,0,0,803635.0834687279,5985158.722015124,2017-01-01,0.1037776506387702
2021-10-01,CNY,388.0965729667644,0,0.5985158751572968,1.8490803422909039e-09,0.029557842761278152,15984770.655,0,15985158.751572967,0,0,0,803635.0834687279,5985158.751572967,2017-01-01,0.10371483707669182
2021-10-04,CNY,388.1261330608776,0,0.598515878113306,1.8492210991467108e-09,0.029560092836618423,15984770.655,0,15985158.78113306,0,0,0,803635.0834687279,5985158.781133059,2017-01-01,0.103526850589295
2021-10-05,CNY,388.15569540649005,0,0.5985158810695406,1.849362089048549e-09,0.029562346637248993,15984770.655,0,15985158.810695406,0,0,0,803635.0834687279,5985158.810695406,2017-01-01,0.10346433994114168
2021-10-06,CNY,388.18526000377335,0,0.5985158840260003,1.8495028459027932e-09,0.029564596712589264,15984770.655,0,15985158.840260003,0,0,0,803635.0834687279,5985158.840260003,2017-01-01,0.10340190467923116
2021-10-07,CNY,388.2148268528989,0,0.5985158869826852,1.8496437192796622e-09,0.029566848650574684,15984770.655,0,15985158.869826851,0,0,0,803635.0834687279,5985158.869826851,2017-01-01,0.1033395446673746
2021-10-08,CNY,388.2443959540383,0,0.5731988749395955,-0.01583782322669142,-253170.12043089606,15731600.505,0,15731988.749395955,0,0,0,803635.0834687279,5731988.749395955,2017-01-01,0.09959291036522022
2021-10-11,CNY,388.273967307363,0,0.5722407568967305,-0.0006090253801521508,-9581.18042865023,15722019.294999998,0,15722407.568967305,0,0,0,803635.0834687279,5722407.568967305,2017-01-01,0.09927336149866695
2021-10-12,CNY,388.3035409130446,0,0.5596580013540915,-0.00800307172259977,-125827.55542639084,15596191.71,0,15596580.013540914,0,0,0,803635.0834687279,5596580.013540914,2017-01-01,0.09736889938412618
2021-10-13,CNY,388.33311677125465,0,0.5537828033116772,-0.003766978425599397,-58751.980424143374,15537439.7,0,15537828.03311677,0,0,0,803635.0834687279,5537828.033116771,2017-01-01,0.09644562703821058
2021-10-14,CNY,388.3626948821647,0,0.5606333112694881,0.0044089224975396605,68505.07957811095,15605944.75,0,15606333.112694882,0,0,0,803635.0834687279,5606333.112694882,2017-01-01,0.09739548353367455
2021-10-15,CNY,388.39227524594634,0,0.5660531537275246,0.003472848118068044,54198.42458036542,15660143.145000001,0,15660531.537275247,0,0,0,803635.0834687279,5660531.537275247,2017-01-01,0.09813137662325166
2021-10-18,CNY,388.42185786277116,0,0.5618817886857863,-0.0026636165137879767,-41713.65041738376,15618429.465,0,15618817.886857864,0,0,0,803635.0834687279,5618817.8868578635,2017-01-01,0.09734544914691878
2021-10-19,CNY,388.4514427328108,0,0.5649068491442732,0.0019368050004810386,30250.604584868997,15648680.04,0,15649068.491442733,0,0,0,803635.0834687279,5649068.4914427325,2017-01-01,0.09772946583914432
2021-10-20,CNY,388.4810298562368,0,0.5652558731029858,0.00022303177911407184,3490.239587124437,15652170.25,0,15652558.731029857,0,0,0,803635.0834687279,5652558.731029857,2017-01-01,0.09772205187071026
2021-10-21,CNY,388.51061923322084,0,0.5625378650619233,-0.001736462445385478,-27180.080410623923,15624990.14,0,15625378.650619233,0,0,0,803635.0834687279,5625378.650619233,2017-01-01,0.09726704696269906
2021-10-22,CNY,1580.3932637946737,0,0.5613824238263794,-0.0007394644708326372,-11554.412355439737,15612243.844999999,0,15613824.238263793,0,0,0,829296.2211885792,5613824.238263793,2017-01-01,0.09704035166720293
2021-10-25,CNY,1580.5136373740033,0,0.5615240558637375,9.070938368262384e-05,1416.3203735817224,15613660.045000002,0,15615240.558637375,0,0,0,829296.2211885792,5615240.558637375,2017-01-01,0.09688772432607062
2021-10-26,CNY,1580.6340201218095,0,0.563705587402012,0.0013970527896016464,21815.315382745117,15635475.239999998,0,15637055.87402012,0,0,0,829296.2211885792,5637055.87402012,2017-01-01,0.09714769980572502
2021-10-27,CNY,1580.7544120387906,0,0.5610766449412037,-0.0016812259814049453,-26289.424608083442,15609185.694999998,0,15610766.449412037,0,0,0,829296.2211885792,5610766.449412037,2017-01-01,0.09670738542555446
2021-10-28,CNY,1580.874813125645,0,0.5620115784813127,0.0005989030347348509,9349.335401089862,15618534.91,0,15620115.784813127,0,0,0,829296.2211885792,5620115.784813127,2017-01-01,0.09678595143258595
2021-10-29,CNY,1580.995223383071,0,0.5635331205223382,0.000974091397264057,15215.42041025497,15633750.209999999,0,15635331.205223382,0,0,0,829296.2211885792,5635331.2052233815,2017-01-01,0.09694957091998502
2021-11-01,CNY,1581.1156428117674,0,0.5702659260642811,0.004306148333905295,67328.05541943014,15701078.145,0,15702659.260642812,0,0,0,829296.2211885792,5702659.260642812,2017-01-01,0.09775162487936728
2021-11-02,CNY,1581.2360714124325,0,0.5732106711071412,0.0018753161448523984,29447.45042859949,15730525.475,0,15732106.711071411,0,0,0,829296.2211885792,5732106.711071411,2017-01-01,0.09811858825822672
2021-11-03,CNY,1581.356509185765,0,0.5753613101509187,0.001367038174400456,21506.390437776223,15752031.745000001,0,15753613.101509187,0,0,0,829296.2211885792,5753613.101509187,2017-01-01,0.0983701842735838
2021-11-04,CNY,1581.4769561324636,0,0.5785076976956134,0.0019972482023143763,31463.87544694543,15783495.5,0,15785076.976956133,0,0,0,829296.2211885792,5785076.976956133,2017-01-01,0.09876417873720045
2021-11-05,CNY,1581.5974122532268,0,0.5845793692412253,0.00384646305778287,60716.71545612067,15844212.095,0,15845793.692412253,0,0,0,829296.2211885792,5845793.6924122535,2017-01-01,0.09957587521863132
2021-11-08,CNY,40070.88020964257,0,0.5883931680209644,0.0024068209228076103,38137.98779739067,15843860.8,0,15883931.680209644,0,0,0,838120.3902315309,5883931.680209644,2017-01-01,0.09994349177546491
2021-11-09,CNY,40073.93228243244,0,0.5903487537282432,0.001231172323484277,19555.857072789222,15863413.605,0,15903487.537282433,0,0,0,838120.3902315309,5903487.537282433,2017-01-01,0.10016290878710055
2021-11-10,CNY,40076.98458768909,0,0.5854376184587691,-0.0030880869733516617,-49111.35269474238,15814299.200000001,0,15854376.184587691,0,0,0,838120.3902315309,5854376.184587691,2017-01-01,0.09940430350423957
2021-11-11,CNY,40080.03712543022,0,0.5848128332125433,-0.00039407747044199905,-6247.85246225819,15808048.295000002,0,15848128.332125433,0,0,0,838120.3902315309,5848128.332125433,2017-01-01,0.09925659018830357
2021-11-12,CNY,40083.08989567354,0,0.5840133209895673,-0.0005044836880550592,-7995.122229760513,15800050.12,0,15840133.209895672,0,0,0,838120.3902315309,5840133.209895672,2017-01-01,0.09908412675142686
2021-11-15,CNY,40086.14289843676,0,0.5906819432898436,0.004209953421420922,66686.22300276347,15866733.29,0,15906819.432898436,0,0,0,838120.3902315309,5906819.432898436,2017-01-01,0.09985621161532343
2021-11-16,CNY,40089.19613373758,0,0.588866299613374,-0.0011414247104072563,-18156.436764696613,15848573.8,0,15888662.99613374,0,0,0,838120.3902315309,5888662.996133739,2017-01-01,0.09954004845134956
2021-11-17,CNY,40092.24960159373,0,0.5916539099601592,0.0017544650216720623,27876.103467851877,15876446.849999998,0,15916539.099601591,0,0,0,838120.3902315309,5916539.099601591,2017-01-01,0.0998763337042805
2021-11-18,CNY,40095.303302022905,0,0.5925982213302023,0.0005932893854210476,9443.113700432703,15885886.91,0,15925982.213302024,0,0,0,838120.3902315309,5925982.213302024,2017-01-01,0.09995115539095067
2021-11-19,CNY,40098.35723504283,0,0.600709925723504,0.005093377780195243,81117.04393301718,15967000.899999999,0,16007099.25723504,0,0,0,838120.3902315309,6007099.257235041,2017-01-01,0.1010362881463065
2021-11-22,CNY,40101.41140067122,0,0.5948544881400675,-0.00365802541068772,-58554.37583436631,15908443.470000003,0,15948544.881400675,0,0,0,838120.3902315309,5948544.881400675,2017-01-01,0.10003466990241927
2021-11-23,CNY,11774.309968998805,0,0.5757771009968997,-0.011961835568720677,-190773.87143167667,15745996.7,0,15757771.009968998,0,0,0,864010.1119570215,5757771.009968998,2017-01-01,0.0972771341866252
2021-11-24,CNY,11775.206781119923,0,0.5735521106781118,-0.001411995590861312,-22249.90318787843,15723745.9,0,15735521.10678112,0,0,0,864010.1119570215,5735521.1067811195,2017-01-01,0.0969039306253856
2021-11-25,CNY,11776.103661548397,0,0.5774291403661547,0.002463871175116021,38770.29688042775,15762515.299999999,0,15774291.403661547,0,0,0,864010.1119570215,5774291.403661547,2017-01-01,0.09739778046470149
2021-11-26,CNY,11777.000610289431,0,0.5648133800610291,-0.007997671643239236,-126157.60305125639,15636356.8,0,15648133.80061029,0,0,0,864010.1119570215,5648133.800610291,2017-01-01,0.09554655650237431
2021-11-29,CNY,11777.897627348226,0,0.5633782197627346,-0.0009171447001804236,-14351.602982943878,15622004.299999999,0,15633782.197627347,0,0,0,864010.1119570215,5633782.197627347,2017-01-01,0.09517492054154086
2021-11-30,CNY,11778.794712729987,0,0.559504319471273,-0.00247790345451378,-38739.00291461684,15583264.4,0,15595043.19471273,0,0,0,864010.1119570215,5595043.19471273,2017-01-01,0.09456711693293185
2021-12-01,CNY,11779.691866439916,0,0.5598613991866441,0.00022897000727269194,3570.797153711319,15586834.3,0,15598613.991866441,0,0,0,864010.1119570215,5598613.991866441,2017-01-01,0.09456297606905517
2021-12-02,CNY,11780.589088483219,0,0.5484838589088483,-0.007293943092462213,-113775.40277795866,15473058.0,0,15484838.589088483,0,0,0,864010.1119570215,5484838.589088483,2017-01-01,0.09288167432446315
2021-12-03,CNY,11781.4863788651,0,0.5531154386378865,0.0029910416581945976,46315.79729038291,15519372.9,0,15531154.386378866,0,0,0,864010.1119570215,5531154.386378866,2017-01-01,0.09349045540268408
2021-12-06,CNY,11782.383737590764,0,0.544146678373759,-0.005774690046216709,-89687.60264127702,15429684.399999999,0,15441466.783737589,0,0,0,864010.1119570215,5441466.783737589,2017-01-01,0.09204516507499072
2021-12-07,CNY,11783.281164665417,0,0.5535566381164665,0.006093954592848532,94099.59742707573,15523783.1,0,15535566.381164664,0,0,0,864010.1119570215,5535566.381164664,2017-01-01,0.09333643877415954
2021-12-08,CNY,21399.61236832815,0,0.5680445512368331,0.00932564205572305,144879.13120366633,15659045.900000002,0,15680445.51236833,0,0,0,889777.9105703209,5680445.512368331,2017-01-01,0.0953386885867813
2021-12-09,CNY,21401.242309429555,0,0.5726222942309429,0.0029193960021728477,45777.429941097274,15704821.7,0,15726222.942309428,0,0,0,889777.9105703209,5726222.942309428,2017-01-01,0.09592960434436715
2021-12-10,CNY,21402.87237467844,0,0.577031527237468,0.0028037457072179347,44092.33006525226,15748912.400000002,0,15770315.27237468,0,0,0,889777.9105703209,5770315.27237468,2017-01-01,0.09649461347389554
2021-12-13,CNY,21404.50256408427,0,0.5814476902564083,0.0028003010356274388,44161.63018940203,15793072.399999999,0,15814476.902564082,0,0,0,889777.9105703209,5814476.902564082,2017-01-01,0.09694611668622466
2021-12-14,CNY,21406.132877656488,0,0.5673740432877659,-0.008899217505171229,-140736.46968642436,15652334.3,0,15673740.432877658,0,0,0,889777.9105703209,5673740.432877658,2017-01-01,0.09491341650858032
2021-12-15,CNY,21407.76331540456,0,0.5716995663315403,0.0027597260923762066,43255.23043774441,15695587.899999999,0,15716995.663315402,0,0,0,889777.9105703209,5716995.663315402,2017-01-01,0.09546720604344894
2021-12-16,CNY,21409.393877337945,0,0.5853887193877338,0.008709777205159615,136891.53056193702,15832477.8,0,15853887.19387734,0,0,0,889777.9105703209,5853887.193877339,2017-01-01,0.097328310891724
2021-12-17,CNY,21411.024563466097,0,0.5839399624563464,-0.0009138181151856225,-14487.569313874468,15817988.6,0,15839399.624563465,0,0,0,889777.9105703209,5839399.624563465,2017-01-01,0.09707001221353773
2021-12-20,CNY,21412.655373798476,0,0.5708376455373798,-0.008271978250140168,-131023.16918966733,15686963.799999999,0,15708376.455373798,0,0,0,889777.9105703209,5708376.455373798,2017-01-01,0.09507126422629186
2021-12-21,CNY,21414.286308344545,0,0.5737610186308344,0.00186102816020459,29233.730934545398,15716195.899999999,0,15737610.186308343,0,0,0,889777.9105703209,5737610.186308343,2017-01-01,0.09542578733164864
2021-12-22,CNY,21415.91736711376,0,0.5780626617367113,0.0027333521766979693,43016.431058770046,15759210.7,0,15780626.617367113,0,0,0,889777.9105703209,5780626.617367113,2017-01-01,0.09597162823070815
2021-12-23,CNY,8350.539626582577,0,0.5889227639626582,0.00688192078126664,108601.02225946821,15880877.099999998,0,15889227.639626581,0,0,0,898719.7242967247,5889227.639626581,2017-01-01,0.09742644687654489
2021-12-24,CNY,8351.175660895817,0,0.5911719075660897,0.0014155147464955558,22491.436034316197,15903367.900000002,0,15911719.075660897,0,0,0,898719.7242967247,5911719.075660897,2017-01-01,0.09768187693882457
2021-12-27,CNY,8351.811743653787,0,0.5867307011743654,-0.00279115435020319,-44412.06391724199,15858955.200000001,0,15867307.011743655,0,0,0,898719.7242967247,5867307.011743655,2017-01-01,0.09689908037686323
2021-12-28,CNY,8352.44787486018,0,0.5917636023874862,0.003171868552991214,50329.01213120669,15909283.576000001,0,15917636.023874862,0,0,0,898719.7242967247,5917636.023874862,2017-01-01,0.09753912240328821
2021-12-29,CNY,8353.084054518682,0,0.585373909105452,-0.004014222509203218,-63896.93282034248,15845386.007000001,0,15853739.09105452,0,0,0,898719.7242967247,5853739.09105452,2017-01-01,0.0966001112099728
2021-12-30,CNY,8353.720282632987,0,0.5871704908282633,0.0011332227132621008,17965.817228114232,15863351.188000001,0,15871704.908282634,0,0,0,898719.7242967247,5871704.908282634,2017-01-01,0.09679311630249043
2021-12-31,CNY,8354.356559206784,0,0.5870433613559207,-8.00981829471577e-05,-1271.2947234269232,15862079.257,0,15870433.613559207,0,0,0,898719.7242967247,5870433.613559207,2017-01-01,0.09672006271506084
2022-01-03,CNY,8354.992884243766,0,0.5870434249884242,4.0094999969034874e-08,0.6363250352442265,15862079.257,0,15870434.249884242,0,0,0,898719.7242967247,5870434.249884242,2017-01-01,0.09655400389301083
2022-01-04,CNY,8355.629257747622,0,0.5934202812257747,0.004018072937983472,63768.562373505905,15925847.183,0,15934202.812257748,0,0,0,898719.7242967247,5934202.812257748,2017-01-01,0.09737611952840663
2022-01-05,CNY,8356.265679722042,0,0.5959062380679723,0.0015601388230637424,24859.568421974778,15950706.115,0,15959062.380679723,0,0,0,898719.7242967247,5959062.380679723,2017-01-01,0.09766148936306895
2022-01-06,CNY,8356.902150170723,0,0.5873151621150172,-0.00538319592218377,-85910.75952955149,15864794.719,0,15873151.621150171,0,0,0,898719.7242967247,5873151.621150171,2017-01-01,0.09642590438970222
2022-01-07,CNY,8357.538669097354,0,0.58526905246691,-0.0012890380542833352,-20461.096481071785,15844332.986000001,0,15852690.5246691,0,0,0,898719.7242967247,5852690.5246691,2017-01-01,0.09608927729275374
2022-01-10,CNY,1788.1357224548406,0,0.5882376146722454,0.0018725920377465149,29685.62205335498,15880588.011,0,15882376.146722455,0,0,0,898806.8634296628,5882376.146722455,2017-01-01,0.09633264747508252
2022-01-11,CNY,1788.271919123208,0,0.5890308971919123,0.0004994734492738703,7932.825196668506,15888520.7,0,15890308.971919123,0,0,0,898806.8634296628,5890308.971919123,2017-01-01,0.09638653539450259
2022-01-12,CNY,1788.4081261652468,0,0.5945528081126166,0.0034750179687899696,55219.109207043424,15943739.673,0,15945528.081126167,0,0,0,898806.8634296628,5945528.0811261665,2017-01-01,0.09708715988169936
2022-01-13,CNY,1788.5443435817472,0,0.5928627204343582,-0.0010599132682591781,-16900.876782584935,15926838.66,0,15928627.204343582,0,0,0,898806.8634296628,5928627.204343582,2017-01-01,0.09680100472577546
2022-01-14,CNY,1788.6805713734993,0,0.5889796836571373,-0.0024377724002241615,-38830.36777220853,15888008.156,0,15889796.836571373,0,0,0,898806.8634296628,5889796.836571373,2017-01-01,0.09621504574553241
2022-01-17,CNY,1788.8168095412937,0,0.5904204486809541,0.0009067233764126786,14407.650238167495,15902415.67,0,15904204.48680954,0,0,0,898806.8634296628,5904204.486809541,2017-01-01,0.09624788745106194
2022-01-18,CNY,1788.9530580859202,0,0.5909465201058086,0.00033077506346881685,5260.714248545468,15907676.248,0,15909465.201058086,0,0,0,898806.8634296628,5909465.201058086,2017-01-01,0.09626502067744669
2022-01-19,CNY,1789.0893170081695,0,0.5937512039317008,0.0017629026434563494,28046.8382589221,15935722.95,0,15937512.039317008,0,0,0,898806.8634296628,5937512.039317008,2017-01-01,0.09659245410372397
2022-01-20,CNY,1789.225586308832,0,0.6057464394586309,0.007526416605890901,119952.35526930168,16055675.169000002,0,16057464.39458631,0,0,0,898806.8634296628,6057464.39458631,2017-01-01,0.09816459895648944
2022-01-21,CNY,1789.361865988698,0,0.6076440270865988,0.001181747990428415,18975.876279678196,16074650.909,0,16076440.270865988,0,0,0,898806.8634296628,6076440.270865988,2017-01-01,0.09836524970451399
2022-01-24,CNY,1789.498156048558,0,0.607940769815605,0.00018458236027779816,2967.4272900614887,16077618.200000001,0,16079407.69815605,0,0,0,898806.8634296628,6079407.6981560495,2017-01-01,0.09823814208046855
2022-01-25,CNY,40.73954206488986,0,0.6036839539542065,-0.0026473710607428135,-42568.15861398354,16036798.8,0,16036839.539542066,0,0,0,898958.1251464128,6036839.539542066,2017-01-01,0.09760864290395133
2022-01-26,CNY,40.74264506754809,0,0.6040025671645066,0.00019867581110004774,3186.132102999836,16039984.928999998,0,16040025.671645066,0,0,0,898958.1251464128,6040025.671645066,2017-01-01,0.097596419698738
2022-01-27,CNY,40.745748306552265,0,0.6057409063748305,0.0010837508903723003,17383.392103239894,16057368.318,0,16057409.063748306,0,0,0,898958.1251464128,6057409.063748306,2017-01-01,0.09777545693368395
2022-01-28,CNY,40.748851781920386,0,0.6081247098851779,0.0014845505279734877,23838.035103473812,16081206.349999998,0,16081247.09885178,0,0,0,898958.1251464128,6081247.0988517795,2017-01-01,0.09804085775926819
2022-01-31,CNY,40.75195549367045,0,0.6081247101955491,1.9300198265525738e-10,0.003103712573647499,16081206.349999998,0,16081247.101955492,0,0,0,898958.1251464128,6081247.101955492,2017-01-01,0.09787496229697523
2022-02-01,CNY,40.75505944182047,0,0.608124710505944,1.930165768399181e-10,0.003103947266936302,16081206.349999998,0,16081247.10505944,0,0,0,898958.1251464128,6081247.105059439,2017-01-01,0.09781978844176908
2022-02-02,CNY,40.758163626388445,0,0.6081247108163625,1.9303140267888633e-10,0.0031041856855154037,16081206.349999998,0,16081247.108163625,0,0,0,898958.1251464128,6081247.108163625,2017-01-01,0.09776467671350186
2022-02-03,CNY,40.761268047392385,0,0.6081247111268044,1.9304599686353004e-10,0.003104420378804207,16081206.349999998,0,16081247.111268045,0,0,0,898958.1251464128,6081247.111268045,2017-01-01,0.09770962700736763
2022-02-04,CNY,40.7643727048503,0,0.6081247114372703,1.9306070687532326e-10,0.003104656934738159,16081206.349999998,0,16081247.114372702,0,0,0,898958.1251464128,6081247.114372702,2017-01-01,0.09765463921879602
2022-02-07,CNY,40.767477598780204,0,0.6437658513477598,0.022163169098144784,356411.39910489507,16437617.746,0,16437658.513477597,0,0,0,898958.1251464128,6437658.513477597,2017-01-01,0.10221114439349321
2022-02-08,CNY,40.7705827292001,0,0.6528948303582729,0.005553697932724535,91289.79010513239,16528907.533,0,16528948.30358273,0,0,0,898958.1251464128,6528948.30358273,2017-01-01,0.10334891364370935
2022-02-09,CNY,40.773688096128005,0,0.66459422336881,0.0070781230575940835,116993.93010536954,16645901.460000003,0,16645942.2336881,0,0,0,898958.1251464128,6645942.233688099,2017-01-01,0.10481396002753485
2022-02-10,CNY,40.77679369958193,0,0.6733566669793698,0.005264011785903298,87624.43610559963,16733525.893,0,16733566.669793699,0,0,0,898958.1251464128,6733566.669793699,2017-01-01,0.10588950091006089
2022-02-11,CNY,40.779899539579894,0,0.660901832589954,-0.007443024332582106,-124548.34389415942,16608977.546,0,16609018.32589954,0,0,0,898958.1251464128,6609018.3258995395,2017-01-01,0.10421682782541186
2022-02-14,CNY,40.78300561613991,0,0.6545721140005614,-0.003811013068437731,-63297.18589392491,16545680.356999999,0,16545721.140005615,0,0,0,898958.1251464128,6545721.140005615,2017-01-01,0.10321924251570924
2022-02-15,CNY,40.786111929280004,0,0.6482996512111927,-0.0037909878549824798,-62724.62789368816,16482955.725999998,0,16482996.512111926,0,0,0,898958.1251464128,6482996.512111926,2017-01-01,0.10234469138468194
2022-02-16,CNY,8804.421124637287,0,0.6465209630124638,-0.0010791048808521287,-17786.881987288594,16456405.209,0,16465209.630124638,0,0,0,899926.3606876687,6465209.630124638,2017-01-01,0.10205544454817295
2022-02-17,CNY,8805.091729675272,0,0.6564129751729675,0.006007826430831053,98920.12160503678,16555324.66,0,16564129.751729675,0,0,0,899926.3606876687,6564129.751729675,2017-01-01,0.10328469132672069
2022-02-18,CNY,8805.762385791131,0,0.6629268768385792,0.003932534798534496,65139.016656117514,16620463.006000001,0,16629268.768385792,0,0,0,899926.3606876687,6629268.768385792,2017-01-01,0.10407007897172682
2022-02-21,CNY,8806.433092988756,0,0.664324687609299,0.0008405726013503903,13978.107707196847,16634440.443,0,16643246.876092989,0,0,0,899926.3606876687,6643246.876092989,2017-01-01,0.10407576386235196
2022-02-22,CNY,8807.103851272037,0,0.6717730838851272,0.004475326437972613,74483.96275828406,16708923.735000001,0,16717730.838851273,0,0,0,899926.3606876687,6717730.838851273,2017-01-01,0.1049756326183846
2022-02-23,CNY,8807.774660644864,0,0.6751202074660643,0.002002139891592424,33471.23580936901,16742394.299999997,0,16751202.074660642,0,0,0,899926.3606876687,6751202.074660642,2017-01-01,0.1053461126313473
2022-02-24,CNY,8808.445521111129,0,0.6940620137521114,0.011307729559719343,189418.06286047213,16931811.692,0,16940620.137521114,0,0,0,899926.3606876687,6940620.137521114,2017-01-01,0.1077015202801972
2022-02-25,CNY,8809.116432674724,0,0.6782432379432675,-0.009337778475893916,-158187.7580884397,16773623.263,0,16782432.379432674,0,0,0,899926.3606876687,6782432.3794326745,2017-01-01,0.10562779538089906
2022-02-28,CNY,8809.78739533954,0,0.6736816156395338,-0.0027180936592504875,-45616.22303733602,16728006.368999999,0,16736816.156395338,0,0,0,899926.3606876687,6736816.1563953385,2017-01-01,0.10486866584082288
2022-03-01,CNY,8810.45840910947,0,0.6790771925409105,0.003223777360615212,53955.7690137662,16781961.466999996,0,16790771.925409105,0,0,0,899926.3606876687,6790771.925409105,2017-01-01,0.10549864374427442
2022-03-02,CNY,8811.129473988405,0,0.6838749829473987,0.002857397163038028,47977.90406488255,16829938.7,0,16838749.829473987,0,0,0,899926.3606876687,6838749.829473987,2017-01-01,0.10605016336140283
2022-03-03,CNY,16789.843607334056,0,0.6810511243607331,-0.0016770001426844809,-28238.585866656154,16793721.4,0,16810511.24360733,0,0,0,909523.6252864542,6810511.243607331,2017-01-01,0.10563230173195293
2022-03-04,CNY,16791.122436861933,0,0.6798999283436862,-0.000684807261578551,-11511.960170470178,16782208.161,0,16798999.28343686,0,0,0,909523.6252864542,6798999.283436861,2017-01-01,0.10542719777557163
2022-03-07,CNY,16792.40136379423,0,0.7056308406363794,0.015316931597266529,257309.12292693183,17039516.005,0,17056308.406363793,0,0,0,909523.6252864542,7056308.406363793,2017-01-01,0.10849743691668556
2022-03-08,CNY,16793.680388138364,0,0.7036856823388138,-0.0011404333524127831,-19451.582975655794,17020063.143,0,17036856.823388137,0,0,0,909523.6252864542,7036856.823388137,2017-01-01,0.10819327068230411
2022-03-09,CNY,16794.959509901757,0,0.7083591800509901,0.0027431689780714314,46734.97712176293,17066796.841,0,17083591.8005099,0,0,0,909523.6252864542,7083591.8005099,2017-01-01,0.10871832691225913
2022-03-10,CNY,16796.238729091827,0,0.6916732057729091,-0.009767251800984148,-166859.74278080836,16899935.819,0,16916732.05772909,0,0,0,909523.6252864542,6916732.0577290915,2017-01-01,0.1065639648874972
2022-03-11,CNY,16797.518045715995,0,0.6981605591045714,0.00383487384532897,64873.53331662342,16964808.073,0,16981605.591045715,0,0,0,909523.6252864542,6981605.591045715,2017-01-01,0.10732048760104052
2022-03-14,CNY,16798.797459781683,0,0.6904597201459781,-0.004534812045484119,-77008.38958593458,16887798.404,0,16904597.20145978,0,0,0,909523.6252864542,6904597.20145978,2017-01-01,0.10617539105149465
2022-03-15,CNY,16800.076971296312,0,0.6508014266971294,-0.02346006413298271,-396582.9344884865,16491214.189999998,0,16508014.266971294,0,0,0,909523.6252864542,6508014.266971294,2017-01-01,0.10108367491436221
2022-03-16,CNY,16801.356580267304,0,0.6605266556580267,0.005891216716692163,97252.28960897401,16588465.200000001,0,16605266.556580268,0,0,0,909523.6252864542,6605266.556580268,2017-01-01,0.10227036239242127
2022-03-17,CNY,16802.636286702083,0,0.6681467602286699,0.004588968532771651,76201.04570643231,16664664.965999998,0,16681467.6022867,0,0,0,909523.6252864542,6681467.6022867,2017-01-01,0.10318279032045719
2022-03-18,CNY,11869.413243702795,0,0.6846734613243703,0.009907222487687342,165267.01095700264,16834865.2,0,16846734.613243703,0,0,0,918774.5523164374,6846734.613243703,2017-01-01,0.1052137145351495
2022-03-21,CNY,11870.317299540933,0,0.6879177777299541,0.0019257835302002489,32443.16405583918,16867307.46,0,16879177.777299542,0,0,0,918774.5523164374,6879177.777299542,2017-01-01,0.10544691189273059
2022-03-22,CNY,11871.221424238158,0,0.7006128831424236,0.007521163400235536,126951.05412469432,16994257.61,0,17006128.831424236,0,0,0,918774.5523164374,7006128.831424236,2017-01-01,0.10697524799038516
2022-03-23,CNY,11872.125617799715,0,0.7030823030617799,0.0014520764506930537,24694.199193563312,17018950.905,0,17030823.0306178,0,0,0,918774.5523164374,7030823.0306178,2017-01-01,0.10722358650579156
2022-03-24,CNY,11873.029880230848,0,0.7008102914880228,-0.0013340585887555976,-22720.115737572312,16996229.884999998,0,17008102.914880227,0,0,0,918774.5523164374,7008102.914880227,2017-01-01,0.1068819531088483
2022-03-25,CNY,11873.934211536804,0,0.7058395469211538,0.0029569761297310597,50292.55433131009,17046521.535,0,17058395.469211537,0,0,0,918774.5523164374,7058395.469211537,2017-01-01,0.10744779937862092
2022-03-28,CNY,11874.838611722827,0,0.6975299573611722,-0.004871260943023313,-83095.895599816,16963424.735,0,16975299.57361172,0,0,0,918774.5523164374,6975299.573611721,2017-01-01,0.10623939637607194
2022-03-29,CNY,11875.743080794167,0,0.6917385043080795,-0.003411694166561548,-57914.53053092584,16905509.3,0,16917385.043080796,0,0,0,918774.5523164374,6917385.043080796,2017-01-01,0.10546035360671979
2022-03-30,CNY,11876.647618756067,0,0.6834136017618757,-0.004920915688213152,-83249.02546203882,16822259.37,0,16834136.017618757,0,0,0,918774.5523164374,6834136.017618757,2017-01-01,0.1043636175127427
2022-03-31,CNY,11877.552225613777,0,0.6833489656225611,-3.839587564634914e-05,-646.3613931462169,16821612.104,0,16833489.65622561,0,0,0,918774.5523164374,6833489.6562256105,2017-01-01,0.10429832364384595
2022-04-01,CNY,11878.456901372543,0,0.6637334028901374,-0.011652701331104652,-196155.62732423656,16625455.572,0,16637334.028901374,0,0,0,918774.5523164374,6637334.028901374,2017-01-01,0.10177956312028469
2022-04-04,CNY,11879.361646037614,0,0.6637334933646037,5.4380387064143385e-08,0.9047446642071009,16625455.572,0,16637334.933646038,0,0,0,918774.5523164374,6637334.933646038,2017-01-01,0.10161272494025764
2022-04-05,CNY,11880.266459614237,0,0.6637335838459615,5.438452613344119e-08,0.904813576489687,16625455.572,0,16637335.838459615,0,0,0,918774.5523164374,6637335.838459615,2017-01-01,0.10155724120164589
2022-04-06,CNY,207334.71034578676,0,0.6652175687345787,0.0008919606498456775,14839.848886173218,16444840.977000002,0,16652175.687345788,0,0,0,927645.2992596589,6652175.687345788,2017-01-01,0.10168832151662799
2022-04-07,CNY,207350.50237791913,0,0.6559876786377921,-0.005542753253438662,-92298.90096786804,16352526.284,0,16559876.78637792,0,0,0,927645.2992596589,6559876.78637792,2017-01-01,0.10047124978802735
2022-04-08,CNY,207366.29561288084,0,0.6632745005612879,0.004400287524778036,72868.21923496015,16425378.709999999,0,16632745.00561288,0,0,0,927645.2992596589,6632745.00561288,2017-01-01,0.10133345719558151
2022-04-11,CNY,207382.09005076357,0,0.6555512681050764,-0.004643390164164291,-77232.3245621156,16348130.591,0,16555512.681050764,0,0,0,927645.2992596589,6555512.681050764,2017-01-01,0.10019764686087673
2022-04-12,CNY,207397.88569165888,0,0.6454640119691661,-0.006092989284141062,-100872.56135910377,16247242.234000001,0,16454640.11969166,0,0,0,927645.2992596589,6454640.119691661,2017-01-01,0.09887100080194
2022-04-13,CNY,207413.68253565844,0,0.6516465003535661,0.0037572917665948855,61824.883843999356,16309051.321000002,0,16516465.00353566,0,0,0,927645.2992596589,6516465.00353566,2017-01-01,0.09959730349739115
2022-04-14,CNY,207429.48058285387,0,0.6592366464582855,0.00459550279257376,75901.4610471949,16384936.984000001,0,16592366.464582855,0,0,0,927645.2992596589,6592366.464582855,2017-01-01,0.10049704634284806
2022-04-15,CNY,207445.27983333683,0,0.6483938002833338,-0.006534840101378053,-108428.46174951643,16276492.723000001,0,16483938.002833338,0,0,0,927645.2992596589,6483938.002833338,2017-01-01,0.09907956339473722
2022-04-18,CNY,207461.08028719894,0,0.6462539708287198,-0.0012981300064621886,-21398.294546140358,16255078.627999999,0,16462539.708287198,0,0,0,927645.2992596589,6462539.708287198,2017-01-01,0.09864914012910098
2022-04-19,CNY,207476.8819445319,0,0.6509956029944532,0.0028802555679464377,47416.32165733352,16302479.148,0,16509956.029944532,0,0,0,927645.2992596589,6509956.029944532,2017-01-01,0.09919189941380258
2022-04-20,CNY,207492.68480542733,0,0.6552096789805428,0.002552445311451203,42140.75986089744,16344604.105000002,0,16552096.789805429,0,0,0,927645.2992596589,6552096.789805429,2017-01-01,0.09966658496776537
2022-04-21,CNY,129019.23664048314,0,0.6633816595640483,0.004937127112825079,81719.80583505332,16504797.359,0,16633816.595640482,0,0,0,936267.97366523,6633816.595640482,2017-01-01,0.10063360972803181
2022-04-22,CNY,129029.06362954504,0,0.6606154246629548,-0.0016630187577146313,-27662.349010935053,16477125.183000002,0,16606154.246629547,0,0,0,936267.97366523,6606154.246629547,2017-01-01,0.1002342094836135
2022-04-25,CNY,129038.89136709775,0,0.6243093701367097,-0.021863011740730916,-363060.54526245035,16114054.809999999,0,16243093.701367097,0,0,0,936267.97366523,6243093.701367097,2017-01-01,0.09550839576721137
2022-04-26,CNY,129048.71985319829,0,0.6160446787853198,-0.005088126377485768,-82646.91351389885,16031398.068,0,16160446.787853198,0,0,0,936267.97366523,6160446.787853198,2017-01-01,0.09440716518494718
2022-04-27,CNY,129058.54908790367,0,0.6224351028087904,0.0039543609823176045,63904.24023470655,16095292.479,0,16224351.028087905,0,0,0,936267.97366523,6224351.028087905,2017-01-01,0.09516798487629563
2022-04-28,CNY,129068.37907127092,0,0.6303862677071272,0.004900759903783807,79511.64898336679,16174794.298,0,16303862.677071271,0,0,0,936267.97366523,6303862.677071271,2017-01-01,0.09612244774083845
2022-04-29,CNY,129078.20980335705,0,0.6498931564803359,0.01196458112999316,195068.8877320867,16369853.355,0,16498931.564803358,0,0,0,936267.97366523,6498931.564803358,2017-01-01,0.09851983940681763
2022-05-02,CNY,129088.0412842191,0,0.6498941396284219,5.958859106781997e-07,9.831480860710144,16369853.355,0,16498941.396284219,0,0,0,936267.97366523,6498941.396284219,2017-01-01,0.0983610090261855
2022-05-03,CNY,129097.87351391409,0,0.6498951228513916,5.95930942480258e-07,9.832229696214199,16369853.355,0,16498951.228513915,0,0,0,936267.97366523,6498951.228513915,2017-01-01,0.09830826103358903
2022-05-04,CNY,129107.70649249906,0,0.6498961061492499,5.959759773626526e-07,9.832978583872318,16369853.355,0,16498961.061492499,0,0,0,936267.97366523,6498961.061492499,2017-01-01,0.09825556968004401
2022-05-05,CNY,129117.54022003105,0,0.650948621222003,0.0006379280906417773,10525.150727530941,16380368.671999998,0,16509486.21222003,0,0,0,936267.97366523,6509486.21222003,2017-01-01,0.09833384439540693
2022-05-06,CNY,129127.3746965671,0,0.6350590527696569,-0.00962450814525346,-158895.6845234614,16221463.153,0,16350590.527696569,0,0,0,936267.97366523,6350590.5276965685,2017-01-01,0.09629675430779128
2022-05-09,CNY,129137.20992216427,0,0.6353289663922164,0.00016507882213941775,2699.1362255960703,16224152.454,0,16353289.663922165,0,0,0,936267.97366523,6353289.663922165,2017-01-01,0.09617587956720741
2022-05-10,CNY,129147.04589687962,0,0.626180950689688,-0.005593991111592926,-91480.15702528507,16132662.461,0,16261809.50689688,0,0,0,936267.97366523,6261809.5068968795,2017-01-01,0.09497759726812327
2022-05-11,CNY,1622.6366666101612,0,0.6270217636666611,0.0005170476118395863,8408.129769731313,16268595.0,0,16270217.63666661,0,0,0,953854.1006932132,6270217.636666611,2017-01-01,0.09503239770914429
2022-05-12,CNY,1622.7602577364878,0,0.6308433045257735,0.002348795169463671,38215.40859112516,16306810.285,0,16308433.045257736,0,0,0,953854.1006932132,6308433.045257736,2017-01-01,0.09546060722319472
2022-05-13,CNY,1622.8838582763615,0,0.6401720233858277,0.005720180984994556,93287.18860054016,16400097.35,0,16401720.233858276,0,0,0,953854.1006932132,6401720.233858276,2017-01-01,0.09657438375837346
2022-05-16,CNY,1623.0074682304992,0,0.644007550746823,0.0023384909060195766,38355.273609954864,16438452.5,0,16440075.507468231,0,0,0,953854.1006932132,6440075.507468231,2017-01-01,0.09689634957014759
2022-05-17,CNY,1623.1310875996178,0,0.6453481816087601,0.0008154651487627742,13406.308619368821,16451858.685,0,16453481.8160876,0,0,0,953854.1006932132,6453481.8160876,2017-01-01,0.09701092830234748
2022-05-18,CNY,1623.2547163844347,0,0.6417512344716385,-0.002186131286573352,-35969.47137121484,16415889.09,0,16417512.344716385,0,0,0,953854.1006932132,6417512.344716385,2017-01-01,0.09651314100741692
2022-05-19,CNY,1623.3783545856668,0,0.6426241578354583,0.0005317025780101428,8729.233638199046,16424618.2,0,16426241.578354584,0,0,0,953854.1006932132,6426241.578354584,2017-01-01,0.09656999632044272
2022-05-20,CNY,1623.5020022040314,0,0.6508319347002205,0.0049967467150718835,82077.76864762045,16506695.845,0,16508319.347002205,0,0,0,953854.1006932132,6508319.3470022045,2017-01-01,0.097533730085545
2022-05-23,CNY,1623.625659240246,0,0.653782657565924,0.0017874156682335723,29507.228657035157,16536202.95,0,16537826.57565924,0,0,0,953854.1006932132,6537826.57565924,2017-01-01,0.09774145482433538
2022-05-24,CNY,1623.7493256950277,0,0.6433045699325695,-0.006335831123526411,-104780.87633354403,16431421.950000001,0,16433045.699325696,0,0,0,953854.1006932132,6433045.699325696,2017-01-01,0.09639757805231475
2022-05-25,CNY,1623.8730015690937,0,0.647672758800157,0.0026581736261870503,43681.8886758741,16475103.715,0,16476727.58800157,0,0,0,953854.1006932132,6476727.58800157,2017-01-01,0.09688548407303976
2022-05-26,CNY,14563.821819770868,0,0.651186966681977,0.002132831208776601,35142.078818200156,16497305.844999999,0,16511869.66681977,0,0,0,963169.6610709847,6511869.66681977,2017-01-01,0.09726666771207126
2022-05-27,CNY,14564.931100227403,0,0.6551686736100226,0.0024114210010068244,39817.06928045675,16537121.805,0,16551686.736100227,0,0,0,963169.6610709847,6551686.736100227,2017-01-01,0.09770404143007538
2022-05-30,CNY,14566.040465174337,0,0.6557001745465174,0.00032111587475585317,5315.009364947677,16542435.705,0,16557001.745465174,0,0,0,963169.6610709847,6557001.745465174,2017-01-01,0.09761378797539844
2022-05-31,CNY,14567.149914618107,0,0.6522767494914621,-0.0020676600194192577,-34234.2505505532,16508200.345000003,0,16522767.494914621,0,0,0,963169.6610709847,6522767.494914621,2017-01-01,0.0971427447443669
2022-06-01,CNY,14568.259448565148,0,0.6491861334448565,-0.0018705196012452888,-30906.160466056317,16477293.075,0,16491861.334448565,0,0,0,963169.6610709847,6491861.334448565,2017-01-01,0.09671235414209867
2022-06-02,CNY,14569.369067021897,0,0.6475537824067021,-0.0009897918767633037,-16323.510381544009,16460968.454999998,0,16475537.82406702,0,0,0,963169.6610709847,6475537.824067021,2017-01-01,0.09646091503888399
2022-06-03,CNY,14570.47876999479,0,0.6475538933769993,6.735458256629457e-08,1.1097029726952314,16460968.454999998,0,16475538.933769993,0,0,0,963169.6610709847,6475538.9337699935,2017-01-01,0.09640993463546432
2022-06-06,CNY,14571.588557490264,0,0.6516876948557493,0.002509053873968768,41338.01478749886,16502305.360000001,0,16516876.948557492,0,0,0,963169.6610709847,6516876.948557492,2017-01-01,0.09676304003850134
2022-06-07,CNY,14572.698429514758,0,0.6475751168429515,-0.00248992471494859,-41125.78012797795,16461178.469999999,0,16475751.168429514,0,0,0,963169.6610709847,6475751.168429514,2017-01-01,0.09620909407160383
2022-06-08,CNY,14573.80838607471,0,0.6512208273386075,0.0022127734622757697,36457.10495655984,16497634.465,0,16512208.273386074,0,0,0,963169.6610709847,6512208.273386074,2017-01-01,0.0966039728028103
2022-06-09,CNY,14574.918427176559,0,0.6501510103427175,-0.000647894562724346,-10698.169958898798,16486935.184999999,0,16501510.103427175,0,0,0,963169.6610709847,6501510.103427175,2017-01-01,0.09642244837444558
2022-06-10,CNY,14576.028552826743,0,0.6463496133552826,-0.002303666127286946,-38013.96987434849,16448920.105,0,16463496.133552827,0,0,0,963169.6610709847,6463496.133552827,2017-01-01,0.09590726706938679
2022-06-13,CNY,40775.446224044965,0,0.6392481796224045,-0.004313442099582611,-71014.3373287823,16351706.35,0,16392481.796224045,0,0,0,981055.7489005964,6392481.796224045,2017-01-01,0.09488752403378342
2022-06-14,CNY,40778.55196140996,0,0.639434177696141,0.00011346547523964448,1859.9807373657823,16353563.225,0,16394341.77696141,0,0,0,981055.7489005964,6394341.77696141,2017-01-01,0.09486044688663564
2022-06-15,CNY,40781.657935329196,0,0.6340889927935329,-0.003260383963764665,-53451.84902608208,16300108.27,0,16340889.927935328,0,0,0,981055.7489005964,6340889.927935328,2017-01-01,0.09415571377505816
2022-06-16,CNY,40784.764145820685,0,0.6300614084145821,-0.0024647276841791663,-40275.8437895067,16259829.32,0,16300614.084145822,0,0,0,981055.7489005964,6300614.084145822,2017-01-01,0.0936119447801349
2022-06-17,CNY,40787.87059290244,0,0.6391300315592903,0.005563362887983745,90686.23144708201,16350512.445,0,16391300.315592904,0,0,0,981055.7489005964,6391300.315592904,2017-01-01,0.09467399527347697
2022-06-20,CNY,40790.9772765925,0,0.6260604302276593,-0.007973498795088328,-130696.01331631094,16219813.325000001,0,16260604.302276593,0,0,0,981055.7489005964,6260604.302276593,2017-01-01,0.0929249234171341
2022-06-21,CNY,40794.08419690887,0,0.6201166734196908,-0.003655311141872032,-59437.56807968393,16160372.65,0,16201166.734196909,0,0,0,981055.7489005964,6201166.734196909,2017-01-01,0.09214544471908614
2022-06-22,CNY,40797.19135386958,0,0.610983629135387,-0.005637275656836565,-91330.44284303859,16069039.100000001,0,16109836.29135387,0,0,0,981055.7489005964,6109836.29135387,2017-01-01,0.09097057500462169
2022-06-23,CNY,40800.298747492656,0,0.6041118733747493,-0.0042655652337857215,-68717.55760637857,16000318.434999999,0,16041118.733747492,0,0,0,981055.7489005964,6041118.733747492,2017-01-01,0.09007235117689083
2022-06-24,CNY,40803.40637779612,0,0.6022118511377796,-0.0011844699041920433,-19000.222369695082,15981315.105,0,16022118.511377797,0,0,0,981055.7489005964,6022118.5113777965,2017-01-01,0.08978974701989695
2022-06-27,CNY,40806.514244797996,0,0.6126574434244798,0.006519482601057071,104455.92286700197,16085767.92,0,16126574.434244798,0,0,0,981055.7489005964,6126574.4342447985,2017-01-01,0.09093992589338629
2022-06-28,CNY,1765.0036006593284,0,0.6232352351600658,0.006559230404892444,105777.91735585965,16230587.348,0,16232352.351600658,0,0,0,989895.9939692639,6232352.351600658,2017-01-01,0.09219169413775519
2022-06-29,CNY,1765.1380354268058,0,0.6145436282035426,-0.005354496235825125,-86916.06956523284,16143671.144,0,16145436.282035425,0,0,0,989895.9939692639,6145436.282035425,2017-01-01,0.0910772972140308
2022-06-30,CNY,1765.2724804337563,0,0.6197561392480433,0.0032284733304485448,52125.11044500768,16195796.12,0,16197561.392480433,0,0,0,989895.9939692639,6197561.392480433,2017-01-01,0.09166965638098001
2022-07-01,CNY,1765.4069356809596,0,0.6214399602935679,0.0010395521922863804,16838.21045524627,16212634.195999999,0,16214399.60293568,0,0,0,989895.9939692639,6214399.602935679,2017-01-01,0.09182816176426623
2022-07-04,CNY,1765.5414011691958,0,0.6253356081401167,0.0024025853204231477,38956.47846548818,16251590.54,0,16253356.081401167,0,0,0,989895.9939692639,6253356.081401167,2017-01-01,0.09216066420402869
2022-07-05,CNY,1765.675876899245,0,0.62977681398769,0.002732485417368899,44412.0584757328,16296002.464000002,0,16297768.1398769,0,0,0,989895.9939692639,6297768.1398769,2017-01-01,0.09265357165875665
2022-07-06,CNY,1765.810362871887,0,0.6064644978362872,-0.014303993007706989,-233123.1615140289,16062879.168,0,16064644.978362871,0,0,0,989895.9939692639,6064644.978362871,2017-01-01,0.08975493434421522
2022-07-07,CNY,1765.9448590879022,0,0.6065723484859087,6.713540807579978e-05,1078.5064962152392,16063957.54,0,16065723.484859087,0,0,0,989895.9939692639,6065723.484859087,2017-01-01,0.08972168529283953
2022-07-08,CNY,1766.0793655480707,0,0.606191169936555,-0.00023726198805364395,-3811.7854935377836,16060145.620000001,0,16061911.699365549,0,0,0,989895.9939692639,6061911.699365549,2017-01-01,0.08962838248740823
2022-07-11,CNY,1766.2138822531729,0,0.5963355123882252,-0.006136042665904401,-98556.57548329607,15961588.91,0,15963355.123882253,0,0,0,989895.9939692639,5963355.123882253,2017-01-01,0.08827713947305194
2022-07-12,CNY,1766.348409203989,0,0.5938335558409205,-0.0015673124652609567,-25019.565473048016,15936569.21,0,15938335.558409205,0,0,0,989895.9939692639,5938335.558409205,2017-01-01,0.08792300107893647
2022-07-13,CNY,1627.4424404678593,0,0.5914971626440468,-0.001465895349179577,-23363.93196873553,15913344.184000002,0,15914971.62644047,0,0,0,1007303.2185357271,5914971.626440469,2017-01-01,0.08758928895218898
2022-07-14,CNY,1627.5663976348508,0,0.5862910766397635,-0.003271187738490281,-52060.86004283279,15861283.200000001,0,15862910.766397636,0,0,0,1007303.2185357271,5862910.766397636,2017-01-01,0.08690073404571863
2022-07-15,CNY,1627.6903642432692,0,0.5914329650364243,0.0032414532694419866,51418.88396660611,15912701.959999999,0,15914329.650364242,0,0,0,1007303.2185357271,5914329.6503642425,2017-01-01,0.08749104954973963
2022-07-18,CNY,1627.814340293834,0,0.6083614594340294,0.010637265137471723,169284.9439760521,16081986.780000001,0,16083614.594340295,0,0,0,1007303.2185357271,6083614.594340295,2017-01-01,0.08943172309953584
2022-07-19,CNY,1627.9383257872641,0,0.6008726358325784,-0.004656181953082996,-74888.23601450957,16007098.419999998,0,16008726.358325785,0,0,0,1007303.2185357271,6008726.358325785,2017-01-01,0.08847008623290753
2022-07-20,CNY,1628.062320724279,0,0.6226022962320723,0.013573634724659183,217296.6039949376,16224394.899999999,0,16226022.962320723,0,0,0,1007303.2185357271,6226022.962320723,2017-01-01,0.09107020038584124
2022-07-21,CNY,1628.186325105598,0,0.6244684530325106,0.0011501011706761266,18661.568004382774,16243056.344,0,16244684.530325105,0,0,0,1007303.2185357271,6244684.530325105,2017-01-01,0.09124904008256718
2022-07-22,CNY,1628.3103389319401,0,0.6268678950338933,0.0014770628490221596,23994.420013828203,16267050.640000002,0,16268678.950338934,0,0,0,1007303.2185357271,6268678.950338934,2017-01-01,0.09149184564967738
2022-07-25,CNY,1628.434362204025,0,0.6185607430362203,-0.005106224065906645,-83071.51997672953,16183978.996,0,16185607.430362204,0,0,0,1007303.2185357271,6185607.430362204,2017-01-01,0.09034767775825037
2022-07-26,CNY,1628.5583949225722,0,0.6199515718394921,0.0008592997261644877,13908.28803271614,16197887.159999998,0,16199515.71839492,0,0,0,1007303.2185357271,6199515.71839492,2017-01-01,0.09046943724233492
2022-07-27,CNY,1628.682437088301,0,0.6222220446437088,0.0014015683207359677,22704.72804216668,16220591.763999999,0,16222220.446437087,0,0,0,1007303.2185357271,6222220.446437087,2017-01-01,0.09069710105104822
2022-07-28,CNY,15675.4488936555,0,0.6315129696893658,0.005727283189335251,92909.25045656972,16299454.248000002,0,16315129.696893657,0,0,0,1016598.545937819,6315129.696893657,2017-01-01,0.09176832028851512
2022-07-29,CNY,15676.642843246502,0,0.6481937466843248,0.010224115471257969,166807.7699495908,16466260.824000001,0,16481937.466843247,0,0,0,1016598.545937819,6481937.466843247,2017-01-01,0.0937139224277086
2022-08-01,CNY,15677.836883776885,0,0.6540603488883776,0.003559412973052941,58666.02204052918,16524925.651999999,0,16540603.488883777,0,0,0,1016598.545937819,6540603.488883777,2017-01-01,0.09426555374079104
2022-08-02,CNY,15679.031015253575,0,0.6515932731015255,-0.0014915270706478713,-24670.757868522778,16500253.700000001,0,16515932.731015254,0,0,0,1016598.545937819,6515932.731015254,2017-01-01,0.09392504490197684
2022-08-03,CNY,15680.2252376835,0,0.6455524429237682,-0.0036575773685570147,-60408.30177757144,16439844.203999998,0,16455524.429237682,0,0,0,1016598.545937819,6455524.429237682,2017-01-01,0.0931603497823068
2022-08-04,CNY,15681.419551073588,0,0.6562121683551074,0.006477900766504515,106597.25431339256,16546440.264,0,16562121.683551075,0,0,0,1016598.545937819,6562121.683551075,2017-01-01,0.09437502929679531
2022-08-05,CNY,15682.613955430768,0,0.663109087795543,0.004164272894628719,68969.19440435432,16615408.263999999,0,16631090.87795543,0,0,0,1016598.545937819,6631090.877955429,2017-01-01,0.09513949464527571
2022-08-08,CNY,15683.808450761968,0,0.6604583400450763,-0.0015938508002384048,-26507.477504666895,16588899.592,0,16604583.400450762,0,0,0,1016598.545937819,6604583.400450762,2017-01-01,0.09468201627142636
2022-08-09,CNY,15685.003037074115,0,0.6549665483037075,-0.003307395078168386,-54917.91741368733,16533980.48,0,16549665.483037075,0,0,0,1016598.545937819,6549665.483037075,2017-01-01,0.09398721064078197
2022-08-10,CNY,15686.19771437414,0,0.6471601169714372,-0.004716972279754903,-78064.31332270242,16455914.972,0,16471601.169714373,0,0,0,1016598.545937819,6471601.169714373,2017-01-01,0.09301779654558695
2022-08-11,CNY,15687.392482668974,0,0.669371424848267,0.013484607627380268,222113.07876829617,16678026.856,0,16693714.248482669,0,0,0,1016598.545937819,6693714.248482669,2017-01-01,0.09558133486593556
2022-08-12,CNY,17586.540553735205,0,0.6683370192553737,-0.0006196377735333944,-10344.055928932503,16665783.652,0,16683370.192553736,0,0,0,1035229.1372761604,6683370.192553736,2017-01-01,0.09541165421092179
2022-08-15,CNY,17587.88006516124,0,0.682616928406516,0.008559367193995368,142799.09151142463,16808581.404,0,16826169.28406516,0,0,0,1035229.1372761604,6826169.284065161,2017-01-01,0.09692668667005178
2022-08-16,CNY,17589.21967861364,0,0.6881842819678612,0.003308746909266835,55673.53561345115,16864253.599999998,0,16881842.819678612,0,0,0,1035229.1372761604,6881842.819678612,2017-01-01,0.09752133863825563
2022-08-17,CNY,17590.559394100183,0,0.6883069807394098,7.268091099960827e-05,1226.987715486437,16865479.248,0,16883069.8073941,0,0,0,1035229.1372761604,6883069.8073940985,2017-01-01,0.09748580903477744
2022-08-18,CNY,17591.899211628635,0,0.6781390263211631,-0.006022574409894147,-101679.5441824682,16763798.364000002,0,16781390.26321163,0,0,0,1035229.1372761604,6781390.26321163,2017-01-01,0.09625987886537524
2022-08-19,CNY,17593.23913120677,0,0.6786325303131209,0.00029407813310892327,4935.039919577539,16768732.064000001,0,16786325.303131208,0,0,0,1035229.1372761604,6786325.303131208,2017-01-01,0.09626809602883513
2022-08-22,CNY,17594.57915284236,0,0.6663371799152844,-0.007324622974834716,-122953.50397836417,16645777.22,0,16663371.799152844,0,0,0,1035229.1372761604,6663371.799152844,2017-01-01,0.09469450552219905
2022-08-23,CNY,17595.91927654318,0,0.6473625571276544,-0.011387024796862936,-189746.2278763,16456029.652,0,16473625.571276544,0,0,0,1035229.1372761604,6473625.571276544,2017-01-01,0.09242854481161689
2022-08-24,CNY,17597.259502317003,0,0.6478885523502316,0.0003192953611222007,5259.952225772664,16461288.263999999,0,16478885.523502316,0,0,0,1035229.1372761604,6478885.523502316,2017-01-01,0.09244344314024344
2022-08-25,CNY,17598.599830171603,0,0.660618112383017,0.007724769988013145,127295.60032785498,16588582.524,0,16606181.123830171,0,0,0,1035229.1372761604,6606181.123830171,2017-01-01,0.0938848987314016
2022-08-26,CNY,17599.940260114756,0,0.6628409632260115,0.0013385683477849305,22228.508429942653,16610809.692,0,16628409.632260114,0,0,0,1035229.1372761604,6628409.632260114,2017-01-01,0.0940961254298982
2022-08-29,CNY,161580.61395646672,0,0.6265617081956467,-0.021817633695997478,-362792.5503036473,16104036.468,0,16265617.081956467,0,0,0,1052835.8697291475,6265617.081956467,2017-01-01,0.08970034122337989
2022-08-30,CNY,161592.92104312536,0,0.6270170237043124,0.00027992513679102104,4553.155086657032,16108577.315999998,0,16270170.237043124,0,0,0,1052835.8697291475,6270170.237043124,2017-01-01,0.08970890691039513
2022-08-31,CNY,161605.22906717603,0,0.6240252193067177,-0.001838827961850792,-29918.043975947425,16078646.964,0,16240252.193067176,0,0,0,1052835.8697291475,6240252.193067176,2017-01-01,0.08930991127011101
2022-09-01,CNY,161617.53802869015,0,0.614590327402869,-0.005809572284767996,-94348.91903848574,15984285.736,0,16145903.27402869,0,0,0,1052835.8697291475,6145903.2740286905,2017-01-01,0.08814638087218651
2022-09-02,CNY,161629.84792773912,0,0.623026828392774,0.005225165075450091,84365.00989905,16068638.436,0,16230268.28392774,0,0,0,1052835.8697291475,6230268.2839277405,2017-01-01,0.08910188065645852
2022-09-05,CNY,161642.15876439432,0,0.6289951718764395,0.0036772919456763624,59683.43483665399,16128309.56,0,16289951.718764395,0,0,0,1052835.8697291475,6289951.7187643945,2017-01-01,0.08967109798451678
2022-09-06,CNY,161654.4705387272,0,0.6254200666538727,-0.0021946690108655357,-35751.05222566798,16092546.195999999,0,16254200.666538727,0,0,0,1052835.8697291475,6254200.666538727,2017-01-01,0.08920497055790388
2022-09-07,CNY,161666.78325080918,0,0.6236111391250807,-0.0011128984844611736,-18089.275287918746,16074444.608,0,16236111.391250808,0,0,0,1052835.8697291475,6236111.391250808,2017-01-01,0.08894692765575751
2022-09-08,CNY,161679.09690071168,0,0.631714861690071,0.004991172066826994,81037.2256499026,16155469.52,0,16317148.61690071,0,0,0,1052835.8697291475,6317148.61690071,2017-01-01,0.08985539237713192
2022-09-09,CNY,161691.4114885061,0,0.6340787535488508,0.0014487162642689863,23638.918587798253,16179096.124000002,0,16340787.535488509,0,0,0,1052835.8697291475,6340787.535488509,2017-01-01,0.09008741978175938
2022-09-12,CNY,161703.72701426392,0,0.6340799851014265,7.536678223373454e-07,12.315525757148862,16179096.124000002,0,16340799.851014266,0,0,0,1052835.8697291475,6340799.851014266,2017-01-01,0.08995201922144802
2022-09-13,CNY,161716.04347805656,0,0.6602429247478057,0.016010807233989326,261629.3964637909,16440713.204,0,16602429.247478057,0,0,0,1052835.8697291475,6602429.247478057,2017-01-01,0.09294617427263963
2022-09-14,CNY,18162.545511711323,0,0.6410904669511712,-0.011535937007256842,-191524.57796634547,16392742.124,0,16410904.669511711,0,0,0,1062249.9509740425,6410904.669511711,2017-01-01,0.09067974902071718
2022-09-15,CNY,18163.92889562156,0,0.6332754152895621,-0.004762108987280745,-78150.51661608927,16314590.224,0,16332754.152895622,0,0,0,1062249.9509740425,6332754.152895622,2017-01-01,0.08972288149675012
2022-09-16,CNY,18165.312384899797,0,0.62891567683849,-0.0026693222773449183,-43597.38451072201,16270991.456,0,16289156.7683849,0,0,0,1062249.9509740425,6289156.7683849,2017-01-01,0.08916821591582136
2022-09-19,CNY,18166.695979554053,0,0.6295119455979554,0.00036605256364324683,5962.687594654039,16276952.76,0,16295119.455979554,0,0,0,1062249.9509740425,6295119.455979554,2017-01-01,0.0891042353369178
2022-09-20,CNY,18168.07967959236,0,0.6346291855679591,0.003140351308149523,51172.399700038135,16328123.776,0,16346291.855679592,0,0,0,1062249.9509740425,6346291.855679592,2017-01-01,0.08965652700807025
2022-09-21,CNY,18169.46348502274,0,0.6413337388485021,0.0041015744364147335,67045.53280542977,16395167.924999999,0,16413337.388485022,0,0,0,1062249.9509740425,6413337.388485022,2017-01-01,0.09039093715765412
2022-09-22,CNY,18170.847395853227,0,0.6400774872395854,-0.0007653846254316746,-12562.516089169309,16382604.024999999,0,16400774.872395853,0,0,0,1062249.9509740425,6400774.872395853,2017-01-01,0.09020009182933753
2022-09-23,CNY,18172.23141209184,0,0.6375355656412094,-0.0015498789649593143,-25419.215983759612,16357183.425,0,16375355.656412093,0,0,0,1062249.9509740425,6375355.656412093,2017-01-01,0.08986010565371494
2022-09-26,CNY,18173.61553374662,0,0.6281963390533747,-0.00570322061015977,-93392.26587834582,16263789.775,0,16281963.390533747,0,0,0,1062249.9509740425,6281963.390533747,2017-01-01,0.08864046659412939
2022-09-27,CNY,18174.999760825584,0,0.6321194374760828,0.002409475029890351,39230.9842270799,16303019.375000002,0,16321194.374760827,0,0,0,1062249.9509740425,6321194.374760827,2017-01-01,0.08905266510828724
2022-09-28,CNY,18176.38409333677,0,0.6317305259093338,-0.00023828621718422982,-3889.1156674902886,16299128.875,0,16317305.259093337,0,0,0,1062249.9509740425,6317305.259093337,2017-01-01,0.08896319039050904
2022-09-29,CNY,16197.60886547145,0,0.6382027733865472,0.003966492858008288,64722.474772134796,16365830.125,0,16382027.733865472,0,0,0,1062590.1598288186,6382027.733865472,2017-01-01,0.08966915869999292
2022-09-30,CNY,16198.84258634358,0,0.6358267992586344,-0.0014503541115371298,-23759.741279127076,16342069.15,0,16358267.992586344,0,0,0,1062590.1598288186,6358267.9925863445,2017-01-01,0.08934960511159984
2022-10-03,CNY,16200.076401184346,0,0.6358269226401185,7.542454015886693e-08,1.2338148411363363,16342069.15,0,16358269.226401186,0,0,0,1062590.1598288186,6358269.226401186,2017-01-01,0.08921657216687051
2022-10-04,CNY,16201.310310000903,0,0.635827046031,7.543027922036865e-08,1.2339088153094053,16342069.15,0,16358270.46031,0,0,0,1062590.1598288186,6358270.460310001,2017-01-01,0.08917232530511932
2022-10-05,CNY,16202.54431280041,0,0.6358271694312803,7.543601896376519e-08,1.2340028006583452,16342069.15,0,16358271.694312802,0,0,0,1062590.1598288186,6358271.694312802,2017-01-01,0.08912812229906963
2022-10-06,CNY,16203.778409590026,0,0.6358272928409592,7.544175893359368e-08,1.2340967897325754,16342069.15,0,16358272.928409591,0,0,0,1062590.1598288186,6358272.928409591,2017-01-01,0.08908396308359001
2022-10-07,CNY,16205.01260037691,0,0.6358274162600377,7.544749935758521e-08,1.2341907862573862,16342069.15,0,16358274.162600378,0,0,0,1062590.1598288186,6358274.162600378,2017-01-01,0.08903984759367733
2022-10-10,CNY,16206.246885168219,0,0.6384727446885166,0.0016171195091758991,26453.284284789115,16368521.2,0,16384727.446885167,0,0,0,1062590.1598288186,6384727.446885167,2017-01-01,0.08921227064654236
2022-10-11,CNY,16207.481263971114,0,0.636389810626397,-0.001271265615416592,-20829.340621197596,16347690.624999998,0,16363898.10626397,0,0,0,1062590.1598288186,6363898.106263969,2017-01-01,0.08892851264091095
2022-10-12,CNY,16208.715736792758,0,0.6424599740736792,0.003709484994262258,60701.63447282277,16408391.024999999,0,16424599.740736792,0,0,0,1062590.1598288186,6424599.740736792,2017-01-01,0.0895818917343647
2022-10-13,CNY,16209.95030364031,0,0.6438782925303639,0.0008635330413361864,14183.18456684798,16422572.975,0,16438782.92530364,0,0,0,1062590.1598288186,6438782.92530364,2017-01-01,0.08970017325529356
2022-10-14,CNY,16211.184964520931,0,0.6531183284964521,0.005620875954183446,92400.35966088064,16514972.1,0,16531183.28496452,0,0,0,1062590.1598288186,6531183.2849645205,2017-01-01,0.09071142429691847
2022-10-17,CNY,16212.419719441785,0,0.641891031971944,-0.006791586743049173,-112272.96524508111,16402697.899999999,0,16418910.31971944,0,0,0,1062590.1598288186,6418910.319719439,2017-01-01,0.08929592599390679
2022-10-18,CNY,16213.654568410033,0,0.637950517956841,-0.002399985101551051,-39405.14015102945,16363291.525,0,16379505.17956841,0,0,0,1062590.1598288186,6379505.17956841,2017-01-01,0.08880074648478975
2022-10-19,CNY,16214.88951143284,0,0.6348814314511433,-0.0018737357887502045,-30690.865056976676,16332599.425,0,16348814.314511433,0,0,0,1062590.1598288186,6348814.314511433,2017-01-01,0.08840517348220867
2022-10-20,CNY,16216.12454851737,0,0.6324966224548518,-0.0014587045582716473,-23848.089962914586,16308750.100000001,0,16324966.224548519,0,0,0,1062590.1598288186,6324966.224548519,2017-01-01,0.0880880313339032
2022-10-21,CNY,46987.386305217864,0,0.6323094786305217,-0.00011463657673529684,-1871.4382433015853,16276107.399999999,0,16323094.786305217,0,0,0,1062729.8766808307,6323094.786305217,2017-01-01,0.08802322694320552
2022-10-24,CNY,46990.96518650171,0,0.6362654890186499,0.0024235663885547576,39560.10388128273,16315663.924999999,0,16362654.8901865,0,0,0,1062729.8766808307,6362654.8901865,2017-01-01,0.08834637324605676
2022-10-25,CNY,46994.54434037767,0,0.6356155194340376,-0.000397227460320135,-6499.695846123621,16309160.649999999,0,16356155.194340376,0,0,0,1062729.8766808307,6356155.194340376,2017-01-01,0.08822869253281973
2022-10-26,CNY,46998.12376686652,0,0.6413875148766865,0.0035289439199294383,57719.95442648977,16366877.024999999,0,16413875.148766866,0,0,0,1062729.8766808307,6413875.148766866,2017-01-01,0.08884403356179083
2022-10-27,CNY,47001.70346598901,0,0.6389232853465987,-0.0015013088059665119,-24642.295300878584,16342231.149999999,0,16389232.853465987,0,0,0,1062729.8766808307,6389232.853465987,2017-01-01,0.08851962784398038
2022-10-28,CNY,47005.28343776592,0,0.6326698283437764,-0.003815588599377201,-62534.5700282231,16279692.999999998,0,16326698.283437764,0,0,0,1062729.8766808307,6326698.283437764,2017-01-01,0.08776239416902576
2022-10-31,CNY,47008.863682218,0,0.634596103868222,0.0011798316420163788,19262.75524445437,16298952.175,0,16345961.038682219,0,0,0,1062729.8766808307,6345961.038682219,2017-01-01,0.0878533086028026
2022-11-01,CNY,47012.44419936603,0,0.6473099019199369,0.007777944668794989,127137.98051714897,16426086.575000001,0,16473099.019199368,0,0,0,1062729.8766808307,6473099.019199368,2017-01-01,0.08925487150840339
2022-11-02,CNY,47016.02498923078,0,0.648707337498923,0.0008483137127735034,13974.355789862573,16440057.35,0,16487073.37498923,0,0,0,1062729.8766808307,6487073.37498923,2017-01-01,0.08936932560582322
2022-11-03,CNY,47019.60605183302,0,0.6472649381051834,-0.0008748668492783243,-14423.993937397376,16425629.775,0,16472649.381051833,0,0,0,1062729.8766808307,6472649.381051833,2017-01-01,0.08916246972589947
2022-11-04,CNY,47023.187387193524,0,0.6501602312387194,0.0017576365929735506,28952.93133535981,16454579.125,0,16501602.312387193,0,0,0,1062729.8766808307,6501602.312387193,2017-01-01,0.08944605901115854
2022-11-07,CNY,17430.240661648877,0,0.650727001566165,0.00034346381443226464,5667.703274456784,16489839.775,0,16507270.01566165,0,0,0,1080954.65091182,6507270.015661649,2017-01-01,0.0893789378832135
2022-11-08,CNY,17431.568268204213,0,0.6587496568268205,0.0048600739268478636,80226.5526065547,16570065.0,0,16587496.568268204,0,0,0,1080954.65091182,6587496.568268204,2017-01-01,0.09023733884888685
2022-11-09,CNY,17432.89597587916,0,0.6776711970975877,0.011407110285083146,189215.4027076736,16759279.075,0,16776711.970975878,0,0,0,1080954.65091182,6776711.970975878,2017-01-01,0.0923054130965073
2022-11-10,CNY,17434.22378468142,0,0.672380342378468,-0.003153689905550631,-52908.54719119705,16706369.2,0,16723803.42378468,0,0,0,1080954.65091182,6723803.423784681,2017-01-01,0.09167205645249643
2022-11-11,CNY,17435.551694618698,0,0.7013392701694623,0.017315993890366265,289589.277909942,16995957.150000002,0,17013392.701694623,0,0,0,1080954.65091182,7013392.701694623,2017-01-01,0.09482696984367811
2022-11-14,CNY,17436.879705698695,0,0.6959662804705697,-0.0031580942103083777,-53729.89698892459,16942225.925,0,16959662.804705698,0,0,0,1080954.65091182,6959662.804705698,2017-01-01,0.09409886748983132
2022-11-15,CNY,17438.207817929113,0,0.6984401757817931,0.0014586936896746117,24738.95311223343,16966963.55,0,16984401.75781793,0,0,0,1080954.65091182,6984401.7578179315,2017-01-01,0.09432439454557717
2022-11-16,CNY,17439.536031317657,0,0.7066270261031318,0.004820217066268046,81868.50321338698,17048830.725,0,17066270.26103132,0,0,0,1080954.65091182,7066270.261031318,2017-01-01,0.09517377661374149
2022-11-17,CNY,17440.864345872036,0,0.7120283414345872,0.0031649067129732172,54013.1533145532,17102842.55,0,17120283.41434587,0,0,0,1080954.65091182,7120283.414345872,2017-01-01,0.09571586296253076
2022-11-18,CNY,17442.192761599952,0,0.70997658677616,-0.0011984349842642382,-20517.546584270895,17082323.675,0,17099765.8677616,0,0,0,1080954.65091182,7099765.867761601,2017-01-01,0.09544599761276618
2022-11-21,CNY,17443.52127850911,0,0.708607662127851,-0.0008005516911140737,-13689.246483091265,17068633.1,0,17086076.62127851,0,0,0,1080954.65091182,7086076.6212785095,2017-01-01,0.09515788730212904
2022-11-22,CNY,4982.162300935425,0,0.7056729337300938,-0.0017176139747040354,-29347.283977571875,17051747.175,0,17056729.337300938,0,0,0,1090666.8893361096,7056729.337300938,2017-01-01,0.09479236981559147
2022-11-23,CNY,4982.541776552478,0,0.7180015341776553,0.00722799793779953,123286.00447561592,17175032.8,0,17180015.341776554,0,0,0,1090666.8893361096,7180015.341776554,2017-01-01,0.09608377855535144
2022-11-24,CNY,4982.921281072994,0,0.7334038196281076,0.00896523381617625,154022.85450452194,17329055.275000002,0,17334038.196281075,0,0,0,1090666.8893361096,7334038.1962810755,2017-01-01,0.09769600540615331
2022-11-25,CNY,4983.3008144991745,0,0.7388081825814496,0.003117774919003929,54043.62953342125,17383098.525,0,17388081.825814497,0,0,0,1090666.8893361096,7388081.825814497,2017-01-01,0.09822741075463504
2022-11-28,CNY,4983.680376833221,0,0.735979545537683,-0.001626767732118248,-28286.370437666774,17354811.775,0,17359795.45537683,0,0,0,1090666.8893361096,7359795.45537683,2017-01-01,0.09778202889950305
2022-11-29,CNY,4984.059968077336,0,0.7267302409968077,-0.005328003181057301,-92493.04540875182,17262318.35,0,17267302.409968078,0,0,0,1090666.8893361096,7267302.409968078,2017-01-01,0.09674361268955489
2022-11-30,CNY,4984.43958823372,0,0.7216099139588232,-0.002965331188633518,-51203.27037984505,17211114.7,0,17216099.139588233,0,0,0,1090666.8893361096,7216099.139588233,2017-01-01,0.09614650737558272
2022-12-01,CNY,4984.819237304578,0,0.7379852844237302,0.009511661342174694,163753.70464906842,17374868.025,0,17379852.8442373,0,0,0,1090666.8893361096,7379852.8442373015,2017-01-01,0.09785396348385134
2022-12-02,CNY,4985.198915292109,0,0.730573134891529,-0.004264794183604848,-74121.49532201141,17300746.15,0,17305731.34891529,0,0,0,1090666.8893361096,7305731.34891529,2017-01-01,0.09701472772876363
2022-12-05,CNY,4985.578622198517,0,0.7235073678622201,-0.00408290576506134,-70657.670293089,17230088.1,0,17235073.6786222,0,0,0,1090666.8893361096,7235073.678622201,2017-01-01,0.09611767633848389
2022-12-06,CNY,4985.958358026005,0,0.7066459908358027,-0.009783176643643686,-168613.7702641748,17061473.95,0,17066459.908358026,0,0,0,1090666.8893361096,7066459.908358026,2017-01-01,0.09425686160901203
2022-12-07,CNY,4169.166285153677,0,0.6957639416285153,-0.006376277954374106,-108820.49207287282,16953470.25,0,16957639.416285153,0,0,0,1100035.5989370674,6957639.4162851535,2017-01-01,0.09303307528733895
2022-12-08,CNY,4169.483837423774,0,0.6980847083837423,0.0013685671090507248,23207.667552269995,16976677.6,0,16980847.083837423,0,0,0,1100035.5989370674,6980847.0838374235,2017-01-01,0.09323991860416725
2022-12-09,CNY,4169.8014138808285,0,0.7030784726413883,0.002940821640399262,49937.642576459795,17026614.925,0,17030784.726413883,0,0,0,1100035.5989370674,7030784.726413883,2017-01-01,0.0937353299737207
2022-12-12,CNY,4170.119014526681,0,0.6996515119014528,-0.002012215405800133,-34269.60739935562,16992345.0,0,16996515.119014528,0,0,0,1100035.5989370674,6996515.119014528,2017-01-01,0.09322987379284342
2022-12-13,CNY,4170.436639363175,0,0.7033602936639365,0.002182083642743086,37087.81762483716,17029432.5,0,17033602.936639365,0,0,0,1100035.5989370674,7033602.936639365,2017-01-01,0.09358534765766091
2022-12-14,CNY,4170.754288392153,0,0.7165742004288393,0.007757552418038194,132139.0676490292,17161571.25,0,17165742.004288394,0,0,0,1100035.5989370674,7165742.004288394,2017-01-01,0.09496004326255192
2022-12-15,CNY,4171.071961615457,0,0.7099003021961614,-0.0038879171264549236,-66738.98232677951,17094831.95,0,17099003.021961614,0,0,0,1100035.5989370674,7099003.0219616145,2017-01-01,0.09419883327329837
2022-12-16,CNY,4171.389659034931,0,0.6927481089659036,-0.010031107198605671,-171521.93230257928,16923309.7,0,16927481.089659035,0,0,0,1100035.5989370674,6927481.089659035,2017-01-01,0.09230480309777955
2022-12-19,CNY,4171.707380652418,0,0.6892343892380655,-0.002075748724353657,-35137.197278380394,16888172.185000002,0,16892343.892380655,0,0,0,1100035.5989370674,6892343.892380655,2017-01-01,0.091791953531414
2022-12-20,CNY,4172.025126469759,0,0.6821632541126468,-0.004185999983464823,-70711.35125418752,16817460.516,0,16821632.541126467,0,0,0,1100035.5989370674,6821632.541126467,2017-01-01,0.09098146518679662
2022-12-21,CNY,4172.342896488799,0,0.6939830297896485,0.007026533036020256,118197.75677001849,16935657.955,0,16939830.297896486,0,0,0,1100035.5989370674,6939830.297896486,2017-01-01,0.09221702847783675
2022-12-22,CNY,9525.801147108443,0,0.7045312203147109,0.006226857258642202,105481.90525062382,17035786.402000003,0,17045312.20314711,0,0,0,1118876.5661814725,7045312.20314711,2017-01-01,0.09330756024803466
2022-12-23,CNY,9526.52669739161,0,0.7012971658697389,-0.0018973277851578121,-32340.54444972053,17003445.132,0,17012971.65869739,0,0,0,1118876.5661814725,7012971.658697389,2017-01-01,0.09291578762252195
2022-12-26,CNY,9527.252302937657,0,0.7118054348302938,0.0061766216810117645,105082.68960554898,17108527.096,0,17118054.348302938,0,0,0,1118876.5661814725,7118054.348302938,2017-01-01,0.09390665294807521
2022-12-27,CNY,9527.977963750795,0,0.7163424627963748,0.002650434374003944,45370.279660809785,17153896.65,0,17163424.627963748,0,0,0,1118876.5661814725,7163424.627963748,2017-01-01,0.09434509044460326
2022-12-28,CNY,9528.703679835231,0,0.7120170592679835,-0.0025201284837665637,-43254.03528391197,17110641.889000002,0,17120170.592679836,0,0,0,1118876.5661814725,7120170.592679836,2017-01-01,0.09383946580451963
2022-12-29,CNY,9529.429451195178,0,0.7148339644451194,0.0016453721426936043,28169.051771357656,17138810.215,0,17148339.644451194,0,0,0,1118876.5661814725,7148339.6444511935,2017-01-01,0.09409452820561248
2022-12-30,CNY,9530.155277834843,0,0.7224297120277834,0.004429436167087917,75957.47582663968,17214766.965,0,17224297.120277833,0,0,0,1118876.5661814725,7224297.120277833,2017-01-01,0.09485578662271754
2023-01-03,CNY,9530.881159758439,0,0.7251590445159759,0.0015845827955321481,27293.32488192618,17242059.564,0,17251590.44515976,0,0,0,1118876.5661814725,7251590.445159759,2017-01-01,0.09496329354097677
2023-01-04,CNY,9531.607096970176,0,0.7212602707096969,-0.002259950361488568,-38987.738062791526,17203071.099999998,0,17212602.707096968,0,0,0,1118876.5661814725,7212602.707096968,2017-01-01,0.09450618008810041
2023-01-05,CNY,9532.333089474265,0,0.7209386063089476,-0.00018687725861275754,-3216.6440074928105,17199853.73,0,17209386.063089475,0,0,0,1118876.5661814725,7209386.063089475,2017-01-01,0.09442717521452249
2023-01-06,CNY,9533.059137274917,0,0.7135900688137273,-0.004270075334634483,-73485.3749522008,17126367.629,0,17135900.688137274,0,0,0,1118876.5661814725,7135900.688137274,2017-01-01,0.09360447449612619
2023-01-09,CNY,14716.568826856561,0,0.7180569581826859,0.002606743263895493,44668.89368958399,17165853.013,0,17180569.58182686,0,0,0,1128414.4773212369,7180569.581826858,2017-01-01,0.09394343804572203
2023-01-10,CNY,14717.689741571729,0,0.7121364494741571,-0.0034460491430920634,-59205.08708528802,17106646.805,0,17121364.49474157,0,0,0,1128414.4773212369,7121364.49474157,2017-01-01,0.09327277995554395
2023-01-11,CNY,14718.810741663441,0,0.7184866239741661,0.003708918469646128,63501.74500009045,17170147.428999998,0,17184866.23974166,0,0,0,1128414.4773212369,7184866.239741661,2017-01-01,0.09389956830766444
2023-01-12,CNY,14719.931827138202,0,0.724583613582714,0.003547883075428286,60969.896085478365,17231116.204,0,17245836.13582714,0,0,0,1128414.4773212369,7245836.135827139,2017-01-01,0.09449704955761451
2023-01-13,CNY,14721.052998002513,0,0.7328109866998003,0.00477064321630335,82273.73117086291,17313388.814,0,17328109.866998002,0,0,0,1128414.4773212369,7328109.866998002,2017-01-01,0.0953151736347928
2023-01-16,CNY,14722.17425426288,0,0.7311128044254263,-0.0009800158744423947,-16981.822743739933,17296405.869999997,0,17311128.044254262,0,0,0,1128414.4773212369,7311128.044254262,2017-01-01,0.09500205471748324
2023-01-17,CNY,14723.295595925807,0,0.7322272775595926,0.0006437900125961345,11144.731341663748,17307549.48,0,17322272.775595926,0,0,0,1128414.4773212369,7322272.775595926,2017-01-01,0.09507354536487123
2023-01-18,CNY,14724.417022997797,0,0.7403203947023,0.004672087345321844,80931.17142707482,17388479.53,0,17403203.947023,0,0,0,1128414.4773212369,7403203.947023001,2017-01-01,0.09587222343492141
2023-01-19,CNY,14725.538535485357,0,0.7337141638535489,-0.003795985422489565,-66062.30848751217,17322416.1,0,17337141.63853549,0,0,0,1128414.4773212369,7337141.638535488,2017-01-01,0.09513871975077137
2023-01-20,CNY,14726.660133394993,0,0.7339008200133394,0.00010766259149416086,1866.561597906053,17324281.54,0,17339008.200133394,0,0,0,1128414.4773212369,7339008.200133394,2017-01-01,0.09511316864010722
2023-01-23,CNY,14727.78181673321,0,0.7339009321816732,6.469132050965561e-08,1.1216833367943764,17324281.54,0,17339009.32181673,0,0,0,1128414.4773212369,7339009.321816731,2017-01-01,0.0949783654830949
2023-01-24,CNY,14728.903585506516,0,0.7339010443585503,6.469624370007234e-08,1.1217687726020813,17324281.54,0,17339010.443585504,0,0,0,1128414.4773212369,7339010.443585504,2017-01-01,0.09493352370465047
2023-01-25,CNY,14730.025439721418,0,0.7339011565439719,6.470116731923374e-08,1.1218542158603668,17324281.54,0,17339011.56543972,0,0,0,1128414.4773212369,7339011.56543972,2017-01-01,0.09488872423189743
2023-01-26,CNY,14731.147379384422,0,0.7339012687379383,6.47060911522894e-08,1.1219396628439426,17324281.54,0,17339012.687379383,0,0,0,1128414.4773212369,7339012.687379383,2017-01-01,0.09484396700503339
2023-01-27,CNY,14732.269404502038,0,0.73390138094045,6.471101541408941e-08,1.122025117278099,17324281.54,0,17339013.8094045,0,0,0,1128414.4773212369,7339013.8094045,2017-01-01,0.09479925196436811
2023-01-30,CNY,14733.391515080775,0,0.7368822271515083,0.0017191555666456037,29808.46211058274,17354088.880000003,0,17368822.271515083,0,0,0,1128414.4773212369,7368822.271515083,2017-01-01,0.09497437468609471
2023-01-31,CNY,20621.352572147447,0,0.7321511252572148,-0.002723904833808089,-47311.01894293353,17300889.900000002,0,17321511.25257215,0,0,0,1147479.9958580502,7321511.252572149,2017-01-01,0.09443918389518946
2023-02-01,CNY,20622.92323565038,0,0.7452573123235651,0.007566422395392282,131061.87066350132,17431950.2,0,17452573.12323565,0,0,0,1147479.9958580502,7452573.12323565,2017-01-01,0.09575009835490733
2023-02-02,CNY,20624.494018785812,0,0.7532561094018788,0.0045831620482737895,79987.97078313679,17511936.6,0,17532561.094018787,0,0,0,1147479.9958580502,7532561.094018787,2017-01-01,0.09652764383393864
2023-02-03,CNY,20626.064921562847,0,0.7438754164921564,-0.005350440736762991,-93806.92909722403,17418128.1,0,17438754.164921563,0,0,0,1147479.9958580502,7438754.164921563,2017-01-01,0.09551767624234841
2023-02-06,CNY,20627.6359439906,0,0.732440333594399,-0.006557282010867088,-114350.82897757366,17303775.7,0,17324403.33594399,0,0,0,1147479.9958580502,7324403.335943989,2017-01-01,0.09420317037691905
2023-02-07,CNY,20629.20708607819,0,0.7302159807086079,-0.0012839419878755158,-22243.528857909143,17281530.6,0,17302159.80708608,0,0,0,1147479.9958580502,7302159.80708608,2017-01-01,0.0939288114468928
2023-02-08,CNY,20630.778347834723,0,0.7272195278347835,-0.0017318374741847795,-29964.528738245368,17251564.5,0,17272195.278347835,0,0,0,1147479.9958580502,7272195.278347835,2017-01-01,0.09357447304362032
2023-02-09,CNY,20632.349729269317,0,0.7318809249729268,0.0026987867280465435,46613.97138143331,17298176.9,0,17318809.24972927,0,0,0,1147479.9958580502,7318809.249729268,2017-01-01,0.09401291156094782
2023-02-10,CNY,20633.92123039109,0,0.7262954921230391,-0.0032250674797258774,-55854.328498877585,17242321.0,0,17262954.92123039,0,0,0,1147479.9958580502,7262954.921230391,2017-01-01,0.09339113589090031
2023-02-13,CNY,20635.492851209154,0,0.7284117292851209,0.001225883501253484,21162.371620818973,17263481.8,0,17284117.29285121,0,0,0,1147479.9958580502,7284117.29285121,2017-01-01,0.09347886579692921
2023-02-14,CNY,20637.06459173263,0,0.7370182164591734,0.004979419560877462,86064.87174052373,17349545.1,0,17370182.164591733,0,0,0,1147479.9958580502,7370182.164591733,2017-01-01,0.09432209564011496
2023-02-15,CNY,8474.063405202918,0,0.7296686963405203,-0.004231112862843008,-73495.20118653029,17288212.9,0,17296686.963405203,0,0,0,1166454.4424381538,7296686.963405203,2017-01-01,0.09352120629756278
2023-02-16,CNY,8474.708847933483,0,0.7384174108847932,0.005058029068099891,87487.14544272795,17375699.4,0,17384174.10884793,0,0,0,1166454.4424381538,7384174.108847931,2017-01-01,0.09437765639080231
2023-02-17,CNY,8475.35433982539,0,0.7261206154339828,-0.007073557463136375,-122967.95450810343,17252730.8,0,17261206.154339828,0,0,0,1166454.4424381538,7261206.154339828,2017-01-01,0.09306792031207256
2023-02-20,CNY,8475.99988088238,0,0.7331561299880884,0.004075911318825669,70355.14554105699,17323085.3,0,17331561.299880885,0,0,0,1166454.4424381538,7331561.299880885,2017-01-01,0.0936617700099418
2023-02-21,CNY,8476.645471108202,0,0.7294826745471106,-0.0021195178999846988,-36734.55440977961,17286350.099999998,0,17294826.745471105,0,0,0,1166454.4424381538,7294826.745471105,2017-01-01,0.09324058581458416
2023-02-22,CNY,8477.2911105066,0,0.7191815691110506,-0.0059561772937432415,-103011.05436059833,17183338.4,0,17191815.691110507,0,0,0,1166454.4424381538,7191815.691110507,2017-01-01,0.09213540737097792
2023-02-23,CNY,8477.936799081317,0,0.7212951336799085,0.0012294015983144377,21135.645688578486,17204473.400000002,0,17212951.336799085,0,0,0,1166454.4424381538,7212951.336799085,2017-01-01,0.09231070849248435
2023-02-24,CNY,8478.5825368361,0,0.7293705082536834,0.004691452625274604,80753.74573775008,17285226.5,0,17293705.082536835,0,0,0,1166454.4424381538,7293705.082536835,2017-01-01,0.09309889627388301
2023-02-27,CNY,8479.228323774694,0,0.7188598128323775,-0.0060777579883212725,-105106.95421306044,17180118.9,0,17188598.128323775,0,0,0,1166454.4424381538,7188598.128323775,2017-01-01,0.09188826362284952
2023-02-28,CNY,8479.874159900846,0,0.7232970174159898,0.002581481369501988,44372.04583612457,17224490.299999997,0,17232970.1741599,0,0,0,1166454.4424381538,7232970.174159899,2017-01-01,0.09230234638152468
2023-03-01,CNY,8480.520045218303,0,0.7210005220045217,-0.0013326172959504067,-22964.954114682972,17201524.7,0,17210005.220045216,0,0,0,1166454.4424381538,7210005.220045216,2017-01-01,0.09202335364487135
2023-03-02,CNY,25862.362103623575,0,0.7105639762103622,-0.0060642316261494585,-104365.45794159546,17079777.4,0,17105639.76210362,0,0,0,1185383.1700844206,7105639.762103621,2017-01-01,0.09090464410583032
2023-03-03,CNY,25864.331958322182,0,0.7203203731958323,0.005703614200437427,97563.96985470131,17177339.4,0,17203203.731958322,0,0,0,1185383.1700844206,7203203.731958322,2017-01-01,0.09186809523216288
2023-03-06,CNY,25866.30196305842,0,0.7396226301963058,0.011220152537411267,193022.57000473514,17370360.0,0,17396226.301963057,0,0,0,1185383.1700844206,7396226.301963057,2017-01-01,0.09371308987219673
2023-03-07,CNY,25868.272117843717,0,0.7471100272117841,0.004304035188731452,74873.97015478462,17445232.0,0,17471100.272117842,0,0,0,1185383.1700844206,7471100.272117842,2017-01-01,0.09442955548724496
2023-03-08,CNY,25870.242422689502,0,0.7309115042422689,-0.0092716100973712,-161985.2296951525,17283244.8,0,17309115.04242269,0,0,0,1185383.1700844206,7309115.0424226895,2017-01-01,0.09273921880110425
2023-03-09,CNY,25872.212877607202,0,0.7357462712877609,0.0027931913524420313,48347.67045491934,17331590.5,0,17357462.71287761,0,0,0,1185383.1700844206,7357462.712877609,2017-01-01,0.09318889006770315
2023-03-10,CNY,25874.183482608252,0,0.7174779883482609,-0.01052474272403111,-182682.8293949999,17148905.7,0,17174779.88348261,0,0,0,1185383.1700844206,7174779.883482609,2017-01-01,0.09127941943055373
2023-03-13,CNY,25876.15423770408,0,0.72527152542377,0.004537779889106096,77935.37075509131,17226839.099999998,0,17252715.2542377,0,0,0,1185383.1700844206,7252715.2542377,2017-01-01,0.09195015745593671
2023-03-14,CNY,25878.125142906116,0,0.6893458725142907,-0.02082318775918767,-359256.5290947929,16867580.6,0,16893458.725142907,0,0,0,1185383.1700844206,6893458.725142907,2017-01-01,0.08820966665275431
2023-03-15,CNY,25880.096198225798,0,0.7122181596198227,0.013539138123024305,228722.8710553199,17096301.5,0,17122181.596198227,0,0,0,1185383.1700844206,7122181.596198227,2017-01-01,0.09052985346256115
2023-03-16,CNY,25882.06740367456,0,0.6938639467403676,-0.01071955274877497,-183542.1287945509,16912757.400000002,0,16938639.467403676,0,0,0,1185383.1700844206,6938639.467403676,2017-01-01,0.08859670984090107
2023-03-17,CNY,1945.2703425735706,0,0.6971070970342572,0.0019146462737640085,32431.502938896418,16969125.7,0,16971070.970342573,0,0,0,1213246.9152993537,6971070.970342573,2017-01-01,0.08889124619465272
2023-03-20,CNY,1945.4185076912433,0,0.7060265718507692,0.005255693545857524,89194.74816511944,17058320.3,0,17060265.718507692,0,0,0,1213246.9152993537,7060265.718507692,2017-01-01,0.08968677491566379
2023-03-21,CNY,1945.5666840941867,0,0.7071413166684095,0.0006534158588344482,11147.448176402599,17069467.6,0,17071413.166684095,0,0,0,1213246.9152993537,7071413.166684095,2017-01-01,0.08975996469639735
2023-03-22,CNY,1945.7148717832602,0,0.7058008914871783,-0.0007851870071583744,-13404.251812312752,17056063.2,0,17058008.914871782,0,0,0,1213246.9152993537,7058008.914871782,2017-01-01,0.08958123220238634
2023-03-23,CNY,1945.8630707593234,0,0.7084487063070759,0.0015522414328141495,26478.148198977113,17082541.2,0,17084487.06307076,0,0,0,1213246.9152993537,7084487.063070759,2017-01-01,0.089811509264617
2023-03-24,CNY,1946.011281023236,0,0.7116266211281024,0.0018601171983066121,31779.148210264742,17114320.2,0,17116266.211281024,0,0,0,1213246.9152993537,7116266.211281024,2017-01-01,0.0900954087544763
2023-03-27,CNY,1946.159502575858,0,0.7124243243502579,0.00046604978697387816,7977.03222155571,17122297.084000003,0,17124243.24350258,0,0,0,1213246.9152993537,7124243.24350258,2017-01-01,0.09005293218566335
2023-03-28,CNY,1946.3077354180487,0,0.7101397715735416,-0.0013341043713468042,-22845.52776716277,17099451.408,0,17101397.715735417,0,0,0,1213246.9152993537,7101397.715735417,2017-01-01,0.08977853969925653
2023-03-29,CNY,1946.4559795506684,0,0.7141675371979552,0.0023552259829075803,40277.65624413639,17139728.916,0,17141675.371979553,0,0,0,1213246.9152993537,7141675.371979553,2017-01-01,0.09014808088784121
2023-03-30,CNY,1946.604234974577,0,0.7150505556234974,0.0005151295928667115,8830.184255421162,17148558.952,0,17150505.556234974,0,0,0,1213246.9152993537,7150505.556234974,2017-01-01,0.09019668935502723
2023-03-31,CNY,1946.7525016906343,0,0.7199861436501689,0.0028778090596152587,49355.88026671484,17197914.684,0,17199861.43650169,0,0,0,1213246.9152993537,7199861.436501689,2017-01-01,0.0906568263242864
2023-04-03,CNY,8001.39792405807,0,0.716860574792406,-0.0018172058358155458,-31255.688577629626,17160604.35,0,17168605.74792406,0,0,0,1222836.57927186,7168605.74792406,2017-01-01,0.09021557977266248
2023-04-04,CNY,8002.007365347036,0,0.7210788927365348,0.0024569950560131355,42183.17944128811,17202786.92,0,17210788.927365348,0,0,0,1222836.57927186,7210788.927365348,2017-01-01,0.0906017933726273
2023-04-05,CNY,8002.616853055227,0,0.7210789536853057,3.5413118551985007e-08,0.60948770865798,17202786.92,0,17210789.536853056,0,0,0,1222836.57927186,7210789.536853056,2017-01-01,0.09056042346059456
2023-04-06,CNY,8003.226387186177,0,0.7214548946387187,0.00021843329883735495,3759.4095341302454,17206545.72,0,17214548.946387187,0,0,0,1222836.57927186,7214548.946387187,2017-01-01,0.09055709872680429
2023-04-07,CNY,8003.835967743423,0,0.7259516057967741,0.002612157409444738,44967.111580554396,17251512.222,0,17259516.05796774,0,0,0,1222836.57927186,7259516.057967741,2017-01-01,0.09096971320317504
2023-04-10,CNY,8004.4455947305005,0,0.7209094679594732,-0.002921366868205527,-50421.37837300822,17201090.234,0,17209094.679594733,0,0,0,1222836.57927186,7209094.679594733,2017-01-01,0.09033700082960139
2023-04-11,CNY,8005.055268150946,0,0.7240822755268148,0.0018436806969884972,31728.075673416257,17232817.7,0,17240822.75526815,0,0,0,1222836.57927186,7240822.755268149,2017-01-01,0.09061572746497926
2023-04-12,CNY,8005.664988008297,0,0.7249903874988008,0.0005267219464386851,9081.119719859213,17241898.21,0,17249903.87498801,0,0,0,1222836.57927186,7249903.874988008,2017-01-01,0.09066588860504776
2023-04-13,CNY,8006.27475430609,0,0.7227370986754305,-0.0013062616694563055,-22532.88823370263,17219364.712,0,17227370.986754306,0,0,0,1222836.57927186,7227370.986754306,2017-01-01,0.09039782617762415
2023-04-14,CNY,8006.884567047861,0,0.7300172138567049,0.00422590027629395,72801.1518127434,17292165.254,0,17300172.13856705,0,0,0,1222836.57927186,7300172.138567049,2017-01-01,0.09108823133055854
2023-04-17,CNY,8007.49442623715,0,0.7304534498426236,0.00025215702041843873,4362.359859187156,17296527.004,0,17304534.498426236,0,0,0,1222836.57927186,7304534.498426236,2017-01-01,0.09100775537602357
2023-04-18,CNY,8008.104331877493,0,0.7306077436331875,8.916379147787724e-05,1542.93790563941,17298069.332,0,17306077.436331876,0,0,0,1222836.57927186,7306077.436331876,2017-01-01,0.09098186454480017
2023-04-19,CNY,25040.068645375137,0,0.726851697464538,-0.0021703625113592955,-37560.46168649569,17243476.906000003,0,17268516.97464538,0,0,0,1241782.422036301,7268516.97464538,2017-01-01,0.09056446772139215
2023-04-20,CNY,25041.97586856987,0,0.7280467959868573,0.0006920678388734735,11950.985223192722,17255425.984,0,17280467.959868573,0,0,0,1241782.422036301,7280467.959868573,2017-01-01,0.09064306227325591
2023-04-21,CNY,25043.883237031787,0,0.7228571875237033,-0.0030031643096738556,-51896.08463153988,17203527.992000002,0,17228571.875237033,0,0,0,1241782.422036301,7228571.875237033,2017-01-01,0.09008197948025032
2023-04-24,CNY,25045.790750771954,0,0.7303814286750772,0.0043673040376542025,75242.41151373833,17278768.496,0,17303814.28675077,0,0,0,1241782.422036301,7303814.286750771,2017-01-01,0.09071201438515164
2023-04-25,CNY,25047.698409801436,0,0.7379776922409802,0.0043899359066281035,75962.63565903157,17354729.224,0,17379776.922409803,0,0,0,1241782.422036301,7379776.922409803,2017-01-01,0.09142740269837324
2023-04-26,CNY,25049.6062141313,0,0.734535110221413,-0.001980797587297101,-34425.82019567117,17320301.496,0,17345351.10221413,0,0,0,1241782.422036301,7345351.1022141315,2017-01-01,0.09104369907156307
2023-04-27,CNY,25051.514163772616,0,0.7330469818163774,-0.0008579407797895197,-14881.284050356597,17305418.304,0,17330469.818163775,0,0,0,1241782.422036301,7330469.818163775,2017-01-01,0.09085442907430208
2023-04-28,CNY,25053.42225873645,0,0.7390218636258736,0.0034476167537212184,59748.818094961345,17365165.214,0,17390218.636258736,0,0,0,1241782.422036301,7390218.636258736,2017-01-01,0.09140696678517157
2023-05-01,CNY,25055.33049903387,0,0.7390220544499035,1.0973066754279863e-07,1.9082402996718884,17365165.214,0,17390220.544499036,0,0,0,1241782.422036301,7390220.544499036,2017-01-01,0.09128312228758717
2023-05-02,CNY,25057.238884675942,0,0.7390222452884678,1.097390131993785e-07,1.9083856418728828,17365165.214,0,17390222.452884678,0,0,0,1241782.422036301,7390222.452884678,2017-01-01,0.09124192789366115
2023-05-03,CNY,25059.147415673742,0,0.7390224361415676,1.0974735971007966e-07,1.9085309989750385,17365165.214,0,17390224.361415677,0,0,0,1241782.422036301,7390224.361415677,2017-01-01,0.09120077065867549
2023-05-04,CNY,25061.05609203834,0,0.7324649222092037,-0.003770804675133149,-65575.13932364061,17299588.165999997,0,17324649.222092036,0,0,0,1241782.422036301,7324649.222092036,2017-01-01,0.09050986866550303
2023-05-05,CNY,25062.96491378081,0,0.7284993434913785,-0.00228898066967403,-39655.78717825189,17259930.470000003,0,17284993.434913784,0,0,0,1241782.422036301,7284993.434913784,2017-01-01,0.09007531412434577
2023-05-08,CNY,25064.87388091222,0,0.7387349107880912,0.005921649513640038,102355.67296712846,17362284.234,0,17387349.107880913,0,0,0,1241782.422036301,7387349.107880913,2017-01-01,0.09096705253788984
2023-05-09,CNY,21555.1767799871,0,0.7347462550779984,-0.002293998748943881,-39886.55710092932,17325907.373999998,0,17347462.550779983,0,0,0,1251286.3608021387,7347462.550779983,2017-01-01,0.09053200525329941
2023-05-10,CNY,21556.818569939976,0,0.7359441464569938,0.0006905282980083699,11978.913789954036,17337884.645999998,0,17359441.464569937,0,0,0,1251286.3608021387,7359441.464569937,2017-01-01,0.09060967033868339
2023-05-11,CNY,21558.460484942825,0,0.7335726640484943,-0.001366105247878778,-23714.824084993452,17314168.18,0,17335726.640484944,0,0,0,1251286.3608021387,7335726.640484944,2017-01-01,0.09033460734390619
2023-05-12,CNY,21560.102525005168,0,0.7305031548525005,-0.0017706262100519459,-30695.091959938407,17283471.446,0,17305031.548525006,0,0,0,1251286.3608021387,7305031.548525006,2017-01-01,0.08999045949290574
2023-05-15,CNY,21561.744690136533,0,0.7334510046690133,0.001703463994414936,29478.49816512689,17312948.301999997,0,17334510.046690132,0,0,0,1251286.3608021387,7334510.0466901325,2017-01-01,0.0901604515352068
2023-05-16,CNY,21563.386980346448,0,0.7281472350980349,-0.003059659348140079,-53037.695709783584,17259908.964,0,17281472.35098035,0,0,0,1251286.3608021387,7281472.350980349,2017-01-01,0.08959616318073538
2023-05-17,CNY,21565.029395644437,0,0.7290659723395643,0.0005316313464906724,9187.372415293008,17269094.694,0,17290659.723395642,0,0,0,1251286.3608021387,7290659.723395642,2017-01-01,0.08964680003667258
2023-05-18,CNY,21566.671936040028,0,0.736022942393604,0.0040235422854492916,69569.70054039732,17338662.752,0,17360229.42393604,0,0,0,1251286.3608021387,7360229.423936039,2017-01-01,0.09029254164740941
2023-05-19,CNY,21568.31460154275,0,0.7438511880601544,0.0045092985094753405,78282.45666550472,17416943.566,0,17438511.880601544,0,0,0,1251286.3608021387,7438511.880601544,2017-01-01,0.09102077640134731
2023-05-22,CNY,21569.95739216213,0,0.7447024667392164,0.00048816016234103603,8512.786790620536,17425454.71,0,17447024.667392164,0,0,0,1251286.3608021387,7447024.6673921645,2017-01-01,0.0909818659225834
2023-05-23,CNY,21571.6003079077,0,0.7421447048307908,-0.001466016101419358,-25577.619084257632,17399875.448,0,17421447.048307907,0,0,0,1251286.3608021387,7421447.048307907,2017-01-01,0.09069089837035316
2023-05-24,CNY,40789.29373157945,0,0.7292423069731577,-0.007406042576059164,-129023.9785763286,17251633.776,0,17292423.06973158,0,0,0,1279661.773933938,7292423.069731578,2017-01-01,0.0893837516222804
2023-05-25,CNY,40792.40052366549,0,0.7364273944523667,0.0041550495556550784,71850.87479208782,17323481.544,0,17364273.944523666,0,0,0,1279661.773933938,7364273.944523666,2017-01-01,0.0900498217950707
2023-05-26,CNY,40795.50755238611,0,0.7357357685552384,-0.00039830395404828284,-6916.25897128135,17316562.178,0,17357357.685552385,0,0,0,1279661.773933938,7357357.685552385,2017-01-01,0.08994178613714365
2023-05-29,CNY,40798.61481775932,0,0.7591855832817762,0.013510014111224192,234498.1472653784,17551057.218000002,0,17591855.832817763,0,0,0,1279661.773933938,7591855.832817763,2017-01-01,0.09210507475465035
2023-05-30,CNY,40801.72231980316,0,0.7645218908319804,0.003033396590397952,53363.07550204173,17604417.186,0,17645218.908319805,0,0,0,1279661.773933938,7645218.908319805,2017-01-01,0.092579810587754
2023-05-31,CNY,40804.83005853564,0,0.7569392450058534,-0.00429728067728973,-75826.45826127008,17528587.619999997,0,17569392.450058535,0,0,0,1279661.773933938,7569392.450058535,2017-01-01,0.09180546889430241
2023-06-01,CNY,40807.9380339748,0,0.7616348058033977,0.002672580062680854,46955.60797544196,17575540.12,0,17616348.058033977,0,0,0,1279661.773933938,7616348.058033977,2017-01-01,0.09221857744858397
2023-06-02,CNY,40811.04624613866,0,0.7725413592246138,0.006191154594179425,109065.53421216086,17684602.546,0,17725413.592246138,0,0,0,1279661.773933938,7725413.592246138,2017-01-01,0.09322766515300063
2023-06-05,CNY,40814.15469504526,0,0.7877430538695045,0.008576214352222847,152016.94644890726,17836616.384,0,17877430.538695045,0,0,0,1279661.773933938,7877430.538695045,2017-01-01,0.09455579399297442
2023-06-06,CNY,40817.263380712626,0,0.7912915981380713,0.0019849296915941295,35485.442685667425,17872098.718,0,17912915.981380712,0,0,0,1279661.773933938,7912915.981380712,2017-01-01,0.09485111805149504
2023-06-07,CNY,40820.37230315879,0,0.7877088990303158,-0.0020000647083251695,-35826.99107755348,17836268.618,0,17877088.99030316,0,0,0,1279661.773933938,7877088.990303159,2017-01-01,0.0944683492254137
2023-06-08,CNY,1046.2448401991319,0,0.7743744796840202,-0.00745894331763325,-133344.1934629567,17742698.552,0,17743744.796840202,0,0,0,1280046.6810800037,7743744.796840202,2017-01-01,0.09315438527836695
2023-06-09,CNY,1046.324529374703,0,0.7909779250529374,0.00935735131395376,166034.45368917286,17908732.926,0,17909779.250529375,0,0,0,1280046.6810800037,7909779.250529375,2017-01-01,0.09469475974204311
2023-06-12,CNY,1046.4042246199476,0,0.8014507266224622,0.005847532469846174,104728.0156952478,18013460.862000003,0,18014507.266224623,0,0,0,1280046.6810800037,8014507.266224623,2017-01-01,0.09555853573964912
2023-06-13,CNY,1046.4839259353282,0,0.8232641681925934,0.012108819435227685,218134.41570131108,18231595.198,0,18232641.681925934,0,0,0,1280046.6810800037,8232641.681925934,2017-01-01,0.0975616361873235
2023-06-14,CNY,1046.5636333213072,0,0.828464589563332,0.002852258856100889,52004.21370738745,18283599.332,0,18284645.89563332,0,0,0,1280046.6810800037,8284645.895633321,2017-01-01,0.09800266017302994
2023-06-15,CNY,1046.6433467783468,0,0.8234354103346779,-0.0027504930953326165,-50291.79228654131,18233307.46,0,18234354.10334678,0,0,0,1280046.6810800037,8234354.10334678,2017-01-01,0.0974909034247291
2023-06-16,CNY,1046.7230663069095,0,0.8300805835066307,0.003644315084751517,66451.7317195274,18299759.112,0,18300805.835066307,0,0,0,1280046.6810800037,8300805.835066307,2017-01-01,0.09806573818210285
2023-06-19,CNY,1046.8027919074577,0,0.8239683514791907,-0.003339870431130663,-61122.320274401456,18238636.711999997,0,18239683.514791906,0,0,0,1280046.6810800037,8239683.514791906,2017-01-01,0.09736752179172403
2023-06-20,CNY,1046.8825235804538,0,0.825328926652358,0.0007459423142205954,13605.751731675118,18252242.384,0,18253289.26652358,0,0,0,1280046.6810800037,8253289.266523581,2017-01-01,0.0974508046920941
2023-06-21,CNY,1046.9622613263605,0,0.8335507164261327,0.004504278463856501,82217.8977377452,18334460.202,0,18335507.164261326,0,0,0,1280046.6810800037,8335507.164261326,2017-01-01,0.09816969152579502
2023-06-22,CNY,1047.0420051456401,0,0.8335507244005143,4.349147080264503e-09,0.07974381744861603,18334460.202,0,18335507.244005144,0,0,0,1280046.6810800037,8335507.244005144,2017-01-01,0.09812619144718626
2023-06-23,CNY,1047.1217550387555,0,0.8335507323755038,4.349478437427321e-09,0.07974989339709282,18334460.202,0,18335507.323755037,0,0,0,1280046.6810800037,8335507.323755037,2017-01-01,0.09808272987608513
2023-06-26,CNY,1047.201511006169,0,0.8141666467511008,-0.010571883985609284,-193840.85624402761,18140619.266000003,0,18141666.46751101,0,0,0,1280046.6810800037,8141666.467511009,2017-01-01,0.0961553698708002
2023-06-27,CNY,12447.578992605513,0,0.8033487738992606,-0.005962998422010231,-108178.72851840407,18021040.16,0,18033487.738992605,0,0,0,1290286.4516190998,8033487.738992605,2017-01-01,0.09510329824627783
2023-06-28,CNY,12448.527085508498,0,0.8103365685085508,0.0038748991378861892,69877.94609290361,18090917.158,0,18103365.68508551,0,0,0,1290286.4516190998,8103365.685085509,2017-01-01,0.09571374875863992
2023-06-29,CNY,12449.475250624735,0,0.8136229759250622,0.0018153571405889678,32864.07416511327,18123780.283999998,0,18136229.759250622,0,0,0,1290286.4516190998,8136229.759250622,2017-01-01,0.09597747210299801
2023-06-30,CNY,12450.423487959722,0,0.8191361883487962,0.0030398889388363135,55132.124237339944,18178911.46,0,18191361.883487962,0,0,0,1290286.4516190998,8191361.883487962,2017-01-01,0.09644711946912654
2023-07-03,CNY,12451.371797518963,0,0.8586083931797523,0.02169832312927843,394722.04830956087,18573632.560000002,0,18586083.931797523,0,0,0,1290286.4516190998,8586083.931797523,2017-01-01,0.09994236365994857
2023-07-04,CNY,12452.320179307957,0,0.8479383948179311,-0.005740853426130616,-106699.983618211,18466931.628000002,0,18479383.948179312,0,0,0,1290286.4516190998,8479383.948179312,2017-01-01,0.09892589286325237
2023-07-05,CNY,12453.268633332207,0,0.8485255430633332,0.0003177315039551965,5871.48245402053,18472802.162,0,18485255.430633333,0,0,0,1290286.4516190998,8485255.430633333,2017-01-01,0.09893588834341771
2023-07-06,CNY,12454.217159597214,0,0.8480854083159599,-0.00023810044120025072,-4401.347473733127,18468399.866,0,18480854.0831596,0,0,0,1290286.4516190998,8480854.0831596,2017-01-01,0.09885212685923972
2023-07-07,CNY,12455.16575810848,0,0.842462314175811,-0.003042659237958525,-56230.94140148908,18412167.976000004,0,18424623.14175811,0,0,0,1290286.4516190998,8424623.14175811,2017-01-01,0.0982949761214158
2023-07-10,CNY,12456.114428871508,0,0.8368678460428871,-0.003036408446392832,-55944.68132923916,18356222.346,0,18368678.46042887,0,0,0,1290286.4516190998,8368678.460428871,2017-01-01,0.0976536835484223
2023-07-11,CNY,12457.063171891801,0,0.8423789743171892,0.0030002856689851985,55111.282743021846,18411332.68,0,18423789.743171893,0,0,0,1290286.4516190998,8423789.743171893,2017-01-01,0.09811453218940525
2023-07-12,CNY,15956.883449784646,0,0.8489708603449784,0.0035779207859404486,65918.86027789116,18473751.72,0,18489708.603449784,0,0,0,1310986.8466342192,8489708.603449784,2017-01-01,0.09867202929855656
2023-07-13,CNY,15958.098835359742,0,0.850361778283536,0.000752266013699169,13909.179385576397,18487659.684,0,18503617.78283536,0,0,0,1310986.8466342192,8503617.78283536,2017-01-01,0.09875512229510575
2023-07-14,CNY,15959.314313506933,0,0.8491199268313512,-0.0006711398099331842,-12418.51452184841,18475239.954000004,0,18491199.268313512,0,0,0,1310986.8466342192,8491199.268313512,2017-01-01,0.098598919477348
2023-07-17,CNY,15960.529884233267,0,0.8538474815884232,0.002556651241746749,47275.547570720315,18522514.286,0,18538474.815884233,0,0,0,1310986.8466342192,8538474.815884233,2017-01-01,0.0988978120773667
2023-07-18,CNY,15961.745547545795,0,0.8561186629547544,0.0012251177019077777,22711.813663311303,18545224.884,0,18561186.629547544,0,0,0,1310986.8466342192,8561186.629547544,2017-01-01,0.09905993977701977
2023-07-19,CNY,15962.961303451571,0,0.8690055745303449,0.006942935186630675,128869.11575590447,18674092.783999998,0,18690055.74530345,0,0,0,1310986.8466342192,8690055.745303448,2017-01-01,0.10017793588792134
2023-07-20,CNY,15964.177151957647,0,0.8707577393151962,0.0009374850501939206,17521.647848512977,18691613.216000002,0,18707577.39315196,0,0,0,1310986.8466342192,8707577.393151961,2017-01-01,0.10029134000726247
2023-07-21,CNY,15965.393093071076,0,0.8667430443093072,-0.002146026137707425,-40146.950058888644,18651465.05,0,18667430.443093073,0,0,0,1310986.8466342192,8667430.443093073,2017-01-01,0.09988692452114778
2023-07-24,CNY,15966.60912679891,0,0.8665192403126798,-0.00011989009269897266,-2238.039966274053,18649225.794,0,18665192.4031268,0,0,0,1310986.8466342192,8665192.403126799,2017-01-01,0.09973573046395234
2023-07-25,CNY,15967.825253148207,0,0.8722231375253149,0.0030559005712041103,57038.97212634981,18706263.55,0,18722231.37525315,0,0,0,1310986.8466342192,8722231.375253148,2017-01-01,0.10020317524936928
2023-07-26,CNY,15969.041472126019,0,0.8768568499472127,0.0024749787186278405,46337.12421897799,18752599.458,0,18768568.499472126,0,0,0,1310986.8466342192,8768568.499472126,2017-01-01,0.10057337756983498
2023-07-27,CNY,6065.618147189494,0,0.8824037582147188,0.002955424260333025,55469.08267506212,18817971.963999998,0,18824037.58214719,0,0,0,1311490.8319230073,8824037.582147188,2017-01-01,0.10102365767850285
2023-07-28,CNY,6066.0801462272975,0,0.8778910912146229,-0.0023972896252479623,-45126.67000095919,18772844.832000002,0,18778910.91214623,0,0,0,1311490.8319230073,8778910.91214623,2017-01-01,0.10057769509300996
2023-07-31,CNY,6066.542180454113,0,0.8775314606180451,-0.0001915076961918697,-3596.3059657774866,18769248.064,0,18775314.60618045,0,0,0,1311490.8319230073,8775314.606180452,2017-01-01,0.10041401171774123
2023-08-01,CNY,6067.004249872621,0,0.8814364334249873,0.0020798441404846833,39049.728069420904,18808297.330000002,0,18814364.334249873,0,0,0,1311490.8319230073,8814364.334249873,2017-01-01,0.10071738524693274
2023-08-02,CNY,6067.466354485502,0,0.8823544062354487,0.0004879106166719034,9179.728104613721,18817476.596,0,18823544.062354486,0,0,0,1311490.8319230073,8823544.062354486,2017-01-01,0.10075495298710502
2023-08-03,CNY,6067.928494295436,0,0.8774720192494299,-0.002593766067561678,-48823.86986018717,18768652.264000002,0,18774720.1924943,0,0,0,1311490.8319230073,8774720.1924943,2017-01-01,0.10027744478000389
2023-08-04,CNY,6068.390669305105,0,0.8827344190669306,0.002802917840343859,52623.99817500636,18821275.8,0,18827344.190669306,0,0,0,1311490.8319230073,8827344.190669306,2017-01-01,0.10070084804393753
2023-08-07,CNY,6068.852879517189,0,0.878571052487952,-0.0022113403445622494,-41633.665789786726,18779641.672000002,0,18785710.52487952,0,0,0,1311490.8319230073,8785710.524879519,2017-01-01,0.10020045154044532
2023-08-08,CNY,6069.31512493437,0,0.8771772121124934,-0.0007419684092398142,-13938.403754584491,18765702.806,0,18771772.121124934,0,0,0,1311490.8319230073,8771772.121124934,2017-01-01,0.10003326143876401
2023-08-09,CNY,6069.777405559329,0,0.883816738740556,0.0035369738057871836,66395.26628062502,18832097.61,0,18838167.38740556,0,0,0,1311490.8319230073,8838167.38740556,2017-01-01,0.10057765592956458
2023-08-10,CNY,6070.239721394748,0,0.8838305785721394,7.3466974249454695e-06,138.39831583574414,18832235.546,0,18838305.785721395,0,0,0,1311490.8319230073,8838305.785721395,2017-01-01,0.1005351690477776
2023-08-11,CNY,21084.225676893508,0,0.8858356507676892,0.0010643590874660491,20050.721955496818,18837272.281999998,0,18858356.507676892,0,0,0,1321825.251764291,8858356.507676892,2017-01-01,0.10066852145396021
2023-08-14,CNY,21085.831595983564,0,0.8862229983595982,0.00020539838227755374,3873.4759190902114,18841144.152,0,18862229.983595982,0,0,0,1321825.251764291,8862229.983595982,2017-01-01,0.10057162384880947
2023-08-15,CNY,21087.43763739142,0,0.8885927069637392,0.0012563247326545322,23697.086041409522,18864839.632,0,18885927.06963739,0,0,0,1321825.251764291,8885927.069637392,2017-01-01,0.1007366040783313
2023-08-16,CNY,21089.043801126394,0,0.8850056373801123,-0.0018993346582353969,-35870.695836268365,18828967.33,0,18850056.373801123,0,0,0,1321825.251764291,8850056.373801123,2017-01-01,0.10037723018919298
2023-08-17,CNY,21090.650087197802,0,0.8939136016087197,0.004725696333188762,89079.64228607342,18918045.366,0,18939136.016087197,0,0,0,1321825.251764291,8939136.016087197,2017-01-01,0.10111644228092698
2023-08-18,CNY,21092.256495614965,0,0.8942692358495612,0.000187777436383271,3556.34240841493,18921600.101999998,0,18942692.35849561,0,0,0,1321825.251764291,8942692.358495612,2017-01-01,0.10110380189941748
2023-08-21,CNY,21093.8630263872,0,0.8971785139026389,0.0015358313369709033,29092.78053077683,18950691.276,0,18971785.13902639,0,0,0,1321825.251764291,8971785.139026389,2017-01-01,0.10122700568256926
2023-08-22,CNY,21095.469679523823,0,0.8881458213679523,-0.004761118929238608,-90326.92534686625,18860362.744,0,18881458.213679522,0,0,0,1321825.251764291,8881458.213679522,2017-01-01,0.10039248591186567
2023-08-23,CNY,21097.07645503416,0,0.8824494888455037,-0.00301689226434935,-56963.32522448525,18803397.812000003,0,18824494.888455037,0,0,0,1321825.251764291,8824494.888455037,2017-01-01,0.0998490022434142
2023-08-24,CNY,21098.683352927528,0,0.8875327359352927,0.002700336513627567,50832.47089789063,18854228.676,0,18875327.359352928,0,0,0,1321825.251764291,8875327.359352928,2017-01-01,0.10025200125841027
2023-08-25,CNY,21100.29037321325,0,0.8919859238373213,0.0023592639307640317,44531.87902028486,18898758.948,0,18919859.238373213,0,0,0,1321825.251764291,8919859.238373213,2017-01-01,0.10059852547280901
2023-08-28,CNY,12265.542571089974,0,0.9012266960571091,0.004884165417597716,92407.7221978791,19000001.418,0,19012266.96057109,0,0,0,1332540.2337230248,9012266.960571092,2017-01-01,0.10127367803173026
2023-08-29,CNY,12266.47679885184,0,0.9057295086798851,0.00236837228938249,45028.126227758825,19045028.61,0,19057295.08679885,0,0,0,1332540.2337230248,9057295.08679885,2017-01-01,0.10162103540534062
2023-08-30,CNY,12267.411097770893,0,0.9069713189097772,0.0006516193532378559,12418.102298922837,19057445.778,0,19069713.189097773,0,0,0,1332540.2337230248,9069713.189097773,2017-01-01,0.10168487098367507
2023-08-31,CNY,12268.345467852554,0,0.9079559789467853,0.0005163475859568049,9846.600370079279,19067291.444,0,19079559.789467853,0,0,0,1332540.2337230248,9079559.789467853,2017-01-01,0.10172632187348807
2023-09-01,CNY,12269.279909102243,0,0.90476905239091,-0.0016703354747390651,-31869.265558753163,19035421.244,0,19047690.5239091,0,0,0,1332540.2337230248,9047690.5239091,2017-01-01,0.10140645571049767
2023-09-04,CNY,12270.21442152538,0,0.8991931942421525,-0.0029273145433344914,-55758.58148757368,18979661.728,0,18991931.942421526,0,0,0,1332540.2337230248,8991931.942421526,2017-01-01,0.10079231478107364
2023-09-05,CNY,12271.149005127385,0,0.9035711287005126,0.002305154879257574,43779.34458360076,19023440.138,0,19035711.287005126,0,0,0,1332540.2337230248,9035711.287005126,2017-01-01,0.10112832798347404
2023-09-06,CNY,12272.08365991368,0,0.9080518419659915,0.002353845988690623,44807.132654789835,19068246.336000003,0,19080518.419659916,0,0,0,1332540.2337230248,9080518.419659916,2017-01-01,0.10147217233630257
2023-09-07,CNY,12273.018385889689,0,0.9043285144385889,-0.001951376501157497,-37233.27527402714,19031012.126,0,19043285.14438589,0,0,0,1332540.2337230248,9043285.14438589,2017-01-01,0.10110691241127889
2023-09-08,CNY,12273.953183060832,0,0.8998144211183063,-0.002370438338793314,-45140.93320282549,18985870.258,0,18998144.211183064,0,0,0,1332540.2337230248,8998144.211183064,2017-01-01,0.10067297918091511
2023-09-11,CNY,12274.888051432532,0,0.9033910470051434,0.0018826185584651348,35766.258868370205,19021635.582000002,0,19033910.470051434,0,0,0,1332540.2337230248,9033910.470051434,2017-01-01,0.10085249777289929
2023-09-12,CNY,43604.36171999391,0,0.8993424545719997,-0.0021270418601127524,-40485.924331437796,18949820.184,0,18993424.545719996,0,0,0,1332722.8810084688,8993424.545719996,2017-01-01,0.10045953657312645
2023-09-13,CNY,43607.68292694592,0,0.8934713998926944,-0.0030910985352707748,-58710.546793051064,18891106.316,0,18934713.998926945,0,0,0,1332722.8810084688,8934713.998926945,2017-01-01,0.09990844368395746
2023-09-14,CNY,43611.0043868638,0,0.8941120692386861,0.000338357022993848,6406.69345991686,18897509.687999997,0,18941120.692386862,0,0,0,1332722.8810084688,8941120.692386862,2017-01-01,0.09992113785141044
2023-09-15,CNY,43614.32609976683,0,0.8978141214099769,0.00195450534918911,37020.52171290666,18934526.888,0,18978141.21409977,0,0,0,1332722.8810084688,8978141.214099769,2017-01-01,0.10019849293894723
2023-09-18,CNY,43617.64806567428,0,0.8933604336065677,-0.002346746055456891,-44536.878034092486,18889986.688,0,18933604.336065676,0,0,0,1332722.8810084688,8933604.336065676,2017-01-01,0.09968528805975052
2023-09-19,CNY,43620.970284605406,0,0.8873654594284606,-0.003166314279995572,-59949.74178107083,18830033.623999998,0,18873654.594284605,0,0,0,1332722.8810084688,8873654.594284605,2017-01-01,0.09912390497728985
2023-09-20,CNY,43624.29275657949,0,0.8938854716756579,0.00345455736440771,65200.1224719733,18895230.424,0,18938854.71675658,0,0,0,1332722.8810084688,8938854.716756579,2017-01-01,0.09964547523120504
2023-09-21,CNY,43627.6154816158,0,0.8885164875481613,-0.002834904331752556,-53689.841274965554,18841537.259999998,0,18885164.875481613,0,0,0,1332722.8810084688,8885164.875481613,2017-01-01,0.09913890514978774
2023-09-22,CNY,43630.938459733625,0,0.8904108532459736,0.0010030972513624817,18943.65697812289,18860477.594,0,18904108.532459736,0,0,0,1332722.8810084688,8904108.532459736,2017-01-01,0.09926038099957868
2023-09-25,CNY,43634.261690952226,0,0.8898014255690951,-0.00032237842680180615,-6094.27676878497,18854379.994,0,18898014.25569095,0,0,0,1332722.8810084688,8898014.25569095,2017-01-01,0.09908086627080848
2023-09-26,CNY,43637.585175290886,0,0.8920153383175291,0.0011715054917832565,22139.12748434022,18876515.798,0,18920153.38317529,0,0,0,1332722.8810084688,8920153.383175291,2017-01-01,0.09922959849568613
2023-09-27,CNY,37710.37439208827,0,0.8877732134392091,-0.0022421197082325975,-42421.24878320098,18840021.76,0,18877732.13439209,0,0,0,1342963.4638534086,8877732.13439209,2017-01-01,0.09882147102174033
2023-09-28,CNY,37713.246672581634,0,0.8845326884672582,-0.001716585948397425,-32405.249719507992,18807613.638,0,18845326.884672582,0,0,0,1342963.4638534086,8845326.884672582,2017-01-01,0.09849957934548881
2023-09-29,CNY,37716.11917184756,0,0.8845329757171847,1.5242501668214567e-07,2.8724992647767067,18807613.638,0,18845329.757171847,0,0,0,1342963.4638534086,8845329.757171847,2017-01-01,0.09845770532413645
2023-10-02,CNY,37718.99188990271,0,0.8845332629889902,1.5243660322303322e-07,2.8727180548012257,18807613.638,0,18845332.6298899,0,0,0,1342963.4638534086,8845332.629889902,2017-01-01,0.09833224701964571
2023-10-03,CNY,37721.86482676375,0,0.8845335502826766,1.524481907470041e-07,2.872936863452196,18807613.638,0,18845335.502826765,0,0,0,1342963.4638534086,8845335.502826765,2017-01-01,0.0982905150841753
2023-10-04,CNY,37724.73798244735,0,0.8845338375982448,1.5245977885870323e-07,2.8731556832790375,18807613.638,0,18845338.37598245,0,0,0,1342963.4638534086,8845338.375982448,2017-01-01,0.09824881855271994
2023-10-05,CNY,37727.61135697016,0,0.884534124935697,1.524713679534839e-07,2.8733745217323303,18807613.638,0,18845341.24935697,0,0,0,1342963.4638534086,8845341.24935697,2017-01-01,0.09820715738027741
2023-10-06,CNY,37730.48495034887,0,0.8845344122950349,1.5248295803134505e-07,2.8735933788120747,18807613.638,0,18845344.12295035,0,0,0,1342963.4638534086,8845344.122950349,2017-01-01,0.09816553152192231
2023-10-09,CNY,37733.358762600146,0,0.8815166162762598,-0.0016013483219444265,-30177.9601877518,18777432.803999998,0,18815166.162762597,0,0,0,1342963.4638534086,8815166.162762597,2017-01-01,0.0977810926235505
2023-10-10,CNY,37736.23279374065,0,0.8732807572793742,-0.004377244891509577,-82358.58996885642,18695071.34,0,18732807.57279374,0,0,0,1342963.4638534086,8732807.57279374,2017-01-01,0.09702945772233784
2023-10-11,CNY,37739.10704378706,0,0.8694784413043786,-0.002029763002806755,-38023.15974995494,18657045.305999998,0,18694784.413043786,0,0,0,1342963.4638534086,8694784.413043786,2017-01-01,0.09665975575352048
2023-10-12,CNY,37741.98151275604,0,0.8760113485512755,0.003494507934704417,65329.07246896997,18722371.504,0,18760113.485512756,0,0,0,1342963.4638534086,8760113.485512756,2017-01-01,0.0971829655182781
2023-10-13,CNY,37744.856200664275,0,0.8737869330200665,-0.0011857153918215292,-22244.155312091112,18700124.474,0,18737869.330200665,0,0,0,1342963.4638534086,8737869.330200665,2017-01-01,0.09695009294930101
2023-10-16,CNY,37747.73110752844,0,0.8771563105107527,0.0017981646852749025,33693.77490686253,18733815.373999998,0,18771563.105107527,0,0,0,1342963.4638534086,8771563.105107527,2017-01-01,0.09711736390250092
2023-10-17,CNY,37750.6062333652,0,0.8804324848233365,0.0017452858316803252,32761.743125837296,18766574.242,0,18804324.848233365,0,0,0,1342963.4638534086,8804324.848233365,2017-01-01,0.09735785747308934
2023-10-18,CNY,37753.48157819125,0,0.8761159923578192,-0.002295478566954678,-43164.924655172974,18723406.442,0,18761159.92357819,0,0,0,1342963.4638534086,8761159.923578192,2017-01-01,0.09694599755095701
2023-10-19,CNY,37756.35714202326,0,0.8688481563142023,-0.003873873509538642,-72678.36043616757,18650725.206,0,18688481.563142024,0,0,0,1342963.4638534086,8688481.563142024,2017-01-01,0.09627944445680447
2023-10-20,CNY,2004.545742831351,0,0.8697680917742834,0.0004922473005486306,9199.354600809515,18695676.372,0,18697680.917742833,0,0,0,1353335.8279209102,8697680.917742833,2017-01-01,0.0963181520727443
2023-10-23,CNY,2004.698422769644,0,0.861475947242277,-0.004434851877345682,-82921.44532006234,18612754.774,0,18614759.47242277,0,0,0,1353335.8279209102,8614759.472422771,2017-01-01,0.09548171066804056
2023-10-24,CNY,2004.851114337087,0,0.8657696553114336,0.0023066148534003285,42937.08069156483,18655691.702,0,18657696.553114336,0,0,0,1353335.8279209102,8657696.553114336,2017-01-01,0.09581188027836696
2023-10-25,CNY,2005.003817534566,0,0.8659160137817536,7.844401901558767e-05,1463.5847031995654,18657155.134,0,18659160.137817536,0,0,0,1353335.8279209102,8659160.137817536,2017-01-01,0.09578420374476648
2023-10-26,CNY,2005.1565323629668,0,0.8637136196532362,-0.0011803286494410441,-22023.94128517434,18635131.04,0,18637136.19653236,0,0,0,1353335.8279209102,8637136.196532361,2017-01-01,0.09555426955368662
2023-10-27,CNY,2005.3092588231755,0,0.8667100283258822,0.0016077623949561385,29964.086726460606,18665094.974,0,18667100.28325882,0,0,0,1353335.8279209102,8667100.283258822,2017-01-01,0.0957720393642969
2023-10-30,CNY,2005.4619969160776,0,0.8670428367996921,0.00017828611233651563,3328.084738098085,18668422.906000003,0,18670428.36799692,0,0,0,1353335.8279209102,8670428.36799692,2017-01-01,0.09568008058109512
2023-10-31,CNY,2005.6147466425596,0,0.8672857260746643,0.00013009303813759436,2428.892749723047,18670851.646,0,18672857.260746643,0,0,0,1353335.8279209102,8672857.260746643,2017-01-01,0.09566080451989589
2023-11-01,CNY,2005.7675080035071,0,0.8686588513508002,0.0007353589528168013,13731.252761360258,18684582.746,0,18686588.513508003,0,0,0,1353335.8279209102,8686588.513508003,2017-01-01,0.09573848230369619
2023-11-02,CNY,2005.9202809998067,0,0.8744694704281002,0.003109513046268224,58106.19077299908,18742688.784,0,18744694.704281002,0,0,0,1353335.8279209102,8744694.704281002,2017-01-01,0.09619573485446087
2023-11-03,CNY,2006.0730656323444,0,0.8811505193065632,0.003564234565493956,66810.48878462985,18809499.12,0,18811505.193065632,0,0,0,1353335.8279209102,8811505.193065632,2017-01-01,0.09672543631825348
2023-11-06,CNY,16466.419702624506,0,0.8823573173702624,0.0006415212665406543,12067.98063699156,18807106.754,0,18823573.173702624,0,0,0,1363771.0353837437,8823573.173702624,2017-01-01,0.096706621387183
2023-11-07,CNY,16467.673897971803,0,0.879672726389797,-0.0014261856427003092,-26845.909804653376,18780259.59,0,18796727.26389797,0,0,0,1363771.0353837437,8796727.26389797,2017-01-01,0.09643785117086145
2023-11-08,CNY,16468.92818884721,0,0.8819519586188844,0.0012125686546854998,22792.322290875018,18803050.658,0,18819519.586188845,0,0,0,1363771.0353837437,8819519.586188845,2017-01-01,0.09659128997829503
2023-11-09,CNY,16470.182575258004,0,0.8804881108575258,-0.0007778348191379832,-14638.477613586932,18788410.926,0,18804881.10857526,0,0,0,1363771.0353837437,8804881.108575258,2017-01-01,0.09642653919674826
2023-11-10,CNY,16471.437057211464,0,0.8719139599057213,-0.004559534783708191,-85741.50951804593,18702668.162,0,18719139.599057212,0,0,0,1363771.0353837437,8719139.599057212,2017-01-01,0.09565642586581435
2023-11-13,CNY,16472.69163471486,0,0.8789358525634714,0.0037511834454740413,70218.926577501,18772885.834,0,18789358.525634713,0,0,0,1363771.0353837437,8789358.525634713,2017-01-01,0.09613383035462642
2023-11-14,CNY,16473.94630777548,0,0.8854164682307777,0.003449088300946847,64806.15667306259,18837690.736,0,18854164.682307776,0,0,0,1363771.0353837437,8854164.682307776,2017-01-01,0.09664289795402103
2023-11-15,CNY,16475.201076400594,0,0.89603684030764,0.0056329051198052635,106203.72076862305,18943893.202,0,18960368.4030764,0,0,0,1363771.0353837437,8960368.4030764,2017-01-01,0.0974986952001955
2023-11-16,CNY,16476.455940597483,0,0.8948704261940599,-0.0006151853639040091,-11664.14113580063,18932227.806,0,18948704.2619406,0,0,0,1363771.0353837437,8948704.261940598,2017-01-01,0.09735986867820956
2023-11-17,CNY,16477.71090037343,0,0.8874841386900372,-0.003898043582250787,-73862.87504022568,18858363.676,0,18874841.386900373,0,0,0,1363771.0353837437,8874841.386900373,2017-01-01,0.09669672847670596
2023-11-20,CNY,16478.96595573571,0,0.8746599507955735,-0.006794328827242082,-128241.87894463912,18730120.542,0,18746599.507955734,0,0,0,1363771.0353837437,8746599.507955734,2017-01-01,0.09549154752328426
2023-11-21,CNY,39891.85278665719,0,0.8761947596786654,0.0008187132191311995,15348.088830921799,18722055.744,0,18761947.596786655,0,0,0,1394571.9867582473,8761947.596786655,2017-01-01,0.09558190095625352
2023-11-22,CNY,39894.89122349189,0,0.8681581569223489,-0.004283458694710889,-80366.02756316587,18641686.678,0,18681581.56922349,0,0,0,1394571.9867582473,8681581.56922349,2017-01-01,0.09486040993998435
2023-11-23,CNY,39897.92989175476,0,0.8707671009891753,0.0013965327599052399,26089.44066826254,18667773.08,0,18707671.009891752,0,0,0,1394571.9867582473,8707671.009891752,2017-01-01,0.09504250409888937
2023-11-24,CNY,39900.96879146342,0,0.8735602116791465,0.0014930296179007827,27931.106899712235,18695701.148000002,0,18735602.116791464,0,0,0,1394571.9867582473,8735602.116791464,2017-01-01,0.0952397756752632
2023-11-27,CNY,39904.0079226355,0,0.874880948392263,0.0007049342235619576,13207.36713116616,18708905.475999996,0,18748809.48392263,0,0,0,1394571.9867582473,8748809.48392263,2017-01-01,0.09523295342385074
2023-11-28,CNY,39907.04728528864,0,0.8724867989285288,-0.0012769607935839448,-23941.494637344033,18684960.941999998,0,18724867.989285287,0,0,0,1394571.9867582473,8724867.989285287,2017-01-01,0.09499103237055695
2023-11-29,CNY,39910.08687944046,0,0.874529609287944,0.0010909611542171329,20428.10359415412,18705386.006,0,18745296.09287944,0,0,0,1394571.9867582473,8745296.09287944,2017-01-01,0.09512432986960473
2023-11-30,CNY,39913.126705108596,0,0.8820778804705109,0.0040267548430105386,75482.71182566881,18780865.678,0,18820778.80470511,0,0,0,1394571.9867582473,8820778.80470511,2017-01-01,0.09572125777140306
2023-12-01,CNY,39916.166762310684,0,0.881362984476231,-0.0003798440020458587,-7148.9599427990615,18773713.678,0,18813629.84476231,0,0,0,1394571.9867582473,8813629.84476231,2017-01-01,0.09562145788735155
2023-12-04,CNY,39919.20705106436,0,0.8829615019051065,0.0008496592321977501,15985.17428875342,18789695.812,0,18829615.019051064,0,0,0,1394571.9867582473,8829615.019051064,2017-01-01,0.0956370664724866
2023-12-05,CNY,39922.24757138726,0,0.8739193593571388,-0.004802085724439492,-90421.42547967657,18699271.346,0,18739193.593571387,0,0,0,1394571.9867582473,8739193.593571387,2017-01-01,0.09483692910377695
2023-12-06,CNY,8047.297959170762,0,0.8839826939959172,0.005370206881384048,100633.34638778493,18831779.642,0,18839826.939959172,0,0,0,1404922.249261133,8839826.939959172,2017-01-01,0.09564365758396542
2023-12-07,CNY,8047.910896520894,0,0.8792174616896522,-0.0025293397447075554,-47652.32306265086,18784126.706,0,18792174.61689652,0,0,0,1404922.249261133,8792174.616896521,2017-01-01,0.0952042244948561
2023-12-08,CNY,8048.523880556535,0,0.8865096797880556,0.003880454629155529,72922.18098403513,18857048.274,0,18865096.797880556,0,0,0,1404922.249261133,8865096.797880556,2017-01-01,0.09577626851469923
2023-12-11,CNY,8049.13691128124,0,0.9016311412911282,0.008015575888681,151214.61503072456,19008262.276,0,19016311.41291128,0,0,0,1404922.249261133,9016311.412911281,2017-01-01,0.0969174171300502
2023-12-12,CNY,8049.749988698565,0,0.9021666121988698,0.0002815850540700667,5354.7090774178505,19013616.372,0,19021666.1219887,0,0,0,1404922.249261133,9021666.121988699,2017-01-01,0.0969218533113716
2023-12-13,CNY,8050.363112812067,0,0.907858727511281,0.0029924378211177213,56921.153124112636,19070536.912,0,19078587.27511281,0,0,0,1404922.249261133,9078587.275112811,2017-01-01,0.09735331666095792
2023-12-14,CNY,8050.976283625302,0,0.9218881156283625,0.007353473249763114,140293.881170813,19210830.18,0,19218881.156283624,0,0,0,1404922.249261133,9218881.156283624,2017-01-01,0.09846951766318757
2023-12-15,CNY,8051.589501141828,0,0.9166880173501142,-0.002705723728640746,-52000.9827824831,19158828.584,0,19166880.17350114,0,0,0,1404922.249261133,9166880.173501141,2017-01-01,0.09800132109787874
2023-12-18,CNY,8052.202765365201,0,0.9155288356765363,-0.0006047837014082283,-11591.816735778004,19147236.154,0,19155288.356765363,0,0,0,1404922.249261133,9155288.356765363,2017-01-01,0.09778489952641212
2023-12-19,CNY,8052.81607629898,0,0.9181911670076295,0.0013898675297952072,26623.313310932368,19173858.854,0,19181911.670076296,0,0,0,1404922.249261133,9181911.670076296,2017-01-01,0.09796341412795351
2023-12-20,CNY,8053.4294339467215,0,0.9243865783433947,0.003229819552047054,61954.11335765198,19235812.354000002,0,19243865.783433948,0,0,0,1404922.249261133,9243865.783433948,2017-01-01,0.09843096884036484
2023-12-21,CNY,787.9081462870522,0,0.910046753014629,-0.007451634453359276,-143398.2532876581,19099679.622,0,19100467.53014629,0,0,0,1405152.2305567048,9100467.53014629,2017-01-01,0.09721331189708171
2023-12-22,CNY,787.968158769973,0,0.9167786428158771,0.00352446336228326,67318.89801248163,19166998.46,0,19167786.42815877,0,0,0,1405152.2305567048,9167786.428158771,2017-01-01,0.09772666838044075
2023-12-25,CNY,788.0281758238557,0,0.9235293392175823,0.0035218967130121984,67506.9640170522,19234505.364,0,19235293.392175823,0,0,0,1405152.2305567048,9235293.392175823,2017-01-01,0.09815874533642943
2023-12-26,CNY,788.0881974490484,0,0.9286740218197449,0.002674605735026281,51446.82602162659,19285952.130000003,0,19286740.21819745,0,0,0,1405152.2305567048,9286740.21819745,2017-01-01,0.09853819135622821
2023-12-27,CNY,788.1482236458993,0,0.9311457682223647,0.0012815781073712154,24717.46402619779,19310669.534,0,19311457.682223648,0,0,0,1405152.2305567048,9311457.682223648,2017-01-01,0.09869897889557055
2023-12-28,CNY,788.2082544147567,0,0.9305224214254413,-0.00032278598911634674,-6233.467969235033,19304436.005999997,0,19305224.214254413,0,0,0,1405152.2305567048,9305224.214254413,2017-01-01,0.09860776327983722
2023-12-29,CNY,788.2682897559687,0,0.9230608282289758,-0.0038650642508238913,-74615.93196465448,19229820.014000002,0,19230608.28228976,0,0,0,1405152.2305567048,9230608.282289758,2017-01-01,0.09795948976795743
2024-01-02,CNY,788.3283296698836,0,0.928309378032967,0.0027292687402014444,52485.49803991243,19282305.452,0,19283093.78032967,0,0,0,1405152.2305567048,9283093.78032967,2017-01-01,0.0982260766198706
2024-01-03,CNY,788.3883741568497,0,0.9146035940374158,-0.007107668588705544,-137057.83995551243,19145247.552,0,19146035.94037416,0,0,0,1405152.2305567048,9146035.940374158,2017-01-01,0.09706912489255215
2024-01-04,CNY,788.4484232172155,0,0.9059179606423218,-0.004536517857870643,-86856.33395094052,19058391.158,0,19059179.606423218,0,0,0,1405152.2305567048,9059179.606423218,2017-01-01,0.09631847294926965
2024-01-05,CNY,788.5084768513291,0,0.903552787647685,-0.0012409626455483146,-23651.729946367443,19034739.368,0,19035527.87647685,0,0,0,1405152.2305567048,9035527.87647685,2017-01-01,0.09608511150511156
2024-01-08,CNY,63824.0252437717,0,0.9047862791243768,0.0006479943633274145,12334.914766918868,18984038.766,0,19047862.79124377,0,0,0,1425965.27469461,9047862.79124377,2017-01-01,0.09606852792206899
2024-01-09,CNY,63828.88651883647,0,0.9183226884518836,0.0071065239580207825,135364.09327506647,19119397.998,0,19183226.884518836,0,0,0,1425965.27469461,9183226.884518836,2017-01-01,0.09713433816835582
2024-01-10,CNY,63833.748164169265,0,0.9215633680164173,0.0016893297379227863,32406.795645337552,19151799.932000004,0,19215633.680164173,0,0,0,1425965.27469461,9215633.680164173,2017-01-01,0.09735814197024051
2024-01-11,CNY,63838.61017979828,0,0.9390972276179799,0.0091247886452281,175338.5960156247,19327133.666,0,19390972.276179798,0,0,0,1425965.27469461,9390972.276179798,2017-01-01,0.09873659922727263
2024-01-12,CNY,63843.47256575171,0,0.9391762172565752,4.073526457067615e-05,789.8963859528303,19327918.7,0,19391762.17256575,0,0,0,1425965.27469461,9391762.17256575,2017-01-01,0.09870267373212016
2024-01-15,CNY,63848.33532205778,0,0.9490806635322058,0.005107553500033526,99044.46275630593,19426958.3,0,19490806.635322057,0,0,0,1425965.27469461,9490806.635322057,2017-01-01,0.09937685487860981
2024-01-16,CNY,63853.198448744675,0,0.9358180466448742,-0.006804550029908106,-132626.1688733138,19294327.268,0,19358180.466448743,0,0,0,1425965.27469461,9358180.466448743,2017-01-01,0.09827166807734544
2024-01-17,CNY,63858.06194584062,0,0.9251754531945844,-0.0054977240597253035,-106425.93450289965,19187896.470000003,0,19251754.531945843,0,0,0,1425965.27469461,9251754.531945843,2017-01-01,0.09737312487037397
2024-01-18,CNY,63862.92581337383,0,0.9235233029813372,-0.0008581816324873826,-16521.50213247165,19171370.104,0,19235233.02981337,0,0,0,1425965.27469461,9235233.029813372,2017-01-01,0.09719992495590457
2024-01-19,CNY,63867.790051372525,0,0.9347591364051371,0.0058412775173480895,112358.33423800021,19283723.574,0,19347591.36405137,0,0,0,1425965.27469461,9347591.364051372,2017-01-01,0.09806656583493578
2024-01-22,CNY,63872.65465986491,0,0.9512760396659863,0.008536929972346912,165169.03260849044,19448887.742,0,19512760.396659862,0,0,0,1425965.27469461,9512760.396659862,2017-01-01,0.09926926244021539
2024-01-23,CNY,18296.80234584946,0,0.9496621978345849,-0.0008270699781039774,-16138.41831401363,19478325.176,0,19496621.97834585,0,0,0,1436986.6205123179,9496621.978345849,2017-01-01,0.09910020744420378
2024-01-24,CNY,18298.195955680072,0,0.9489695437955679,-0.0003552687433681667,-6926.540390171111,19471397.242,0,19489695.437955678,0,0,0,1436986.6205123179,9489695.437955678,2017-01-01,0.09900470575687037
2024-01-25,CNY,18299.58967165756,0,0.9437130699671656,-0.0026970528324241102,-52564.738284021616,19418831.11,0,19437130.699671656,0,0,0,1436986.6205123179,9437130.699671656,2017-01-01,0.09854486398009366
2024-01-26,CNY,18300.98349379,0,0.934579773349379,-0.004698891394469489,-91332.96617786586,19327496.75,0,19345797.73349379,0,0,0,1436986.6205123179,9345797.73349379,2017-01-01,0.0977737180126832
2024-01-29,CNY,18302.37742208549,0,0.944609429542209,0.005184410759896076,100296.56192829832,19427791.918,0,19446094.29542209,0,0,0,1436986.6205123179,9446094.295422088,2017-01-01,0.09845661769610548
2024-01-30,CNY,18303.77145655211,0,0.9581073025456552,0.006941174303892951,134978.7300344631,19562769.254,0,19581073.02545655,0,0,0,1436986.6205123179,9581073.025456551,2017-01-01,0.09948966518458024
2024-01-31,CNY,18305.16559719794,0,0.9487010993597194,-0.004803722029792275,-94062.03185935691,19468705.827999998,0,19487010.993597195,0,0,0,1436986.6205123179,9487010.993597195,2017-01-01,0.09870265393731215
2024-02-01,CNY,18306.55984403108,0,0.9390502455844034,-0.004952454626564877,-96508.53775316104,19372195.896,0,19390502.455844034,0,0,0,1436986.6205123179,9390502.455844034,2017-01-01,0.09789367038235741
2024-02-02,CNY,18307.954197059607,0,0.959721715219706,0.010660615774333622,206714.69635302573,19578909.198,0,19597217.15219706,0,0,0,1436986.6205123179,9597217.15219706,2017-01-01,0.09949657529899247
2024-02-05,CNY,18309.348656291615,0,0.9621763118656292,0.001252523063280005,24545.966459233314,19603453.77,0,19621763.118656293,0,0,0,1436986.6205123179,9621763.118656293,2017-01-01,0.09956967711394737
2024-02-06,CNY,18310.743221735192,0,0.9590113443221733,-0.0016129883559988145,-31649.675434559584,19571802.7,0,19590113.443221733,0,0,0,1436986.6205123179,9590113.443221733,2017-01-01,0.09927960582652484
2024-02-07,CNY,2451.160114585392,0,0.9557258764114585,-0.0016771050970363862,-32854.6791071482,19554807.604,0,19557258.764114585,0,0,0,1447714.8903023973,9557258.764114585,2017-01-01,0.09897990343565555
2024-02-08,CNY,2451.346811734299,0,0.9776374426811731,0.011203802400937737,219115.66269714758,19773923.08,0,19776374.426811732,0,0,0,1447714.8903023973,9776374.426811732,2017-01-01,0.10066344266087945
2024-02-09,CNY,2451.5335231033405,0,0.9776374613523102,9.441132480372322e-09,0.1867113709449768,19773923.08,0,19776374.613523103,0,0,0,1447714.8903023973,9776374.613523103,2017-01-01,0.10062277920541218
2024-02-12,CNY,2451.720248693599,0,0.977637480024869,9.441851213976934e-09,0.18672558665275574,19773923.08,0,19776374.80024869,0,0,0,1447714.8903023973,9776374.80024869,2017-01-01,0.1005009826597747
2024-02-13,CNY,2451.9069885061576,0,0.9776374986988503,9.442570512673399e-09,0.18673981353640556,19773923.08,0,19776374.986988503,0,0,0,1447714.8903023973,9776374.986988503,2017-01-01,0.10046045023300798
2024-02-14,CNY,2452.0937425421002,0,0.977637517374254,9.443289622978752e-09,0.1867540366947651,19773923.08,0,19776375.17374254,0,0,0,1447714.8903023973,9776375.17374254,2017-01-01,0.1004199504642791
2024-02-15,CNY,2452.2805108025095,0,0.9776375360510801,9.444008733263733e-09,0.18676825985312462,19773923.08,0,19776375.3605108,0,0,0,1447714.8903023973,9776375.3605108,2017-01-01,0.10037948331416069
2024-02-16,CNY,2452.467293288469,0,0.9776375547293288,9.444728031899071e-09,0.18678248673677444,19773923.08,0,19776375.547293287,0,0,0,1447714.8903023973,9776375.547293287,2017-01-01,0.1003390487432898
2024-02-19,CNY,2452.6540900010627,0,0.9718322564090003,-0.002935471318516194,-58052.98320328444,19715869.91,0,19718322.564090002,0,0,0,1447714.8903023973,9718322.564090002,2017-01-01,0.09976501332769439
2024-02-20,CNY,2452.840900941374,0,0.9696792048900944,-0.001091903995336264,-21530.51518905908,19694339.208,0,19696792.048900943,0,0,0,1447714.8903023973,9696792.048900943,2017-01-01,0.09955669814993628
2024-02-21,CNY,2453.0277261104866,0,0.961655237172611,-0.00407374342865695,-80239.67717483267,19614099.344,0,19616552.37172611,0,0,0,1447714.8903023973,9616552.37172611,2017-01-01,0.09888870948701389
2024-02-22,CNY,2453.214565509484,0,0.9738992826565507,0.0062416908190184375,122440.45483939722,19736539.612,0,19738992.826565508,0,0,0,1447714.8903023973,9738992.826565508,2017-01-01,0.0998059574989898
2024-02-23,CNY,2453.4014191394504,0,0.9850395921419139,0.0056438084674564305,111403.09485363215,19847942.52,0,19850395.92141914,0,0,0,1447714.8903023973,9850395.92141914,2017-01-01,0.10063178132784456
2024-02-26,CNY,2453.5882870014693,0,0.9804118276286997,-0.0023313210132100267,-46277.64513214305,19801664.687999997,0,19804118.276286997,0,0,0,1447714.8903023973,9804118.276286997,2017-01-01,0.10015187965603256
2024-02-27,CNY,2453.7751690966247,0,0.9809859365169096,0.0002898936878686534,5741.088882099837,19807405.59,0,19809859.365169097,0,0,0,1447714.8903023973,9809859.365169097,2017-01-01,0.10015623465810175
2024-02-28,CNY,2453.962065426001,0,0.9868348084065426,0.002952505508401934,58488.7188963294,19865894.122,0,19868348.084065426,0,0,0,1447714.8903023973,9868348.084065426,2017-01-01,0.10056887041213147
2024-02-29,CNY,2454.1489759906826,0,0.9820229106975991,-0.002421891185207625,-48118.97708943486,19817774.958,0,19820229.10697599,0,0,0,1447714.8903023973,9820229.106975991,2017-01-01,0.10015628085506934
2024-03-01,CNY,18874.994128470265,0,0.9906355282128467,0.004345367285495384,86126.17515247688,19887480.288,0,19906355.28212847,0,0,0,1459066.6826893028,9906355.282128468,2017-01-01,0.1007816477728809
2024-03-04,CNY,18876.43177734863,0,0.9980859691777344,0.0037427448969407887,74504.40964887664,19961983.259999998,0,19980859.691777345,0,0,0,1459066.6826893028,9980859.691777345,2017-01-01,0.10123360308203244
2024-03-05,CNY,18877.869535728183,0,1.0009502631535732,0.0014335188875868937,28642.939758386463,19990624.762000002,0,20009502.63153573,0,0,0,1459066.6826893028,10009502.631535731,2017-01-01,0.10141278500798045
2024-03-06,CNY,18879.307403617266,0,1.0025343503403619,0.0007916674471919089,15840.871867887676,20006464.196000002,0,20025343.50340362,0,0,0,1459066.6826893028,10025343.503403619,2017-01-01,0.10149354588685178
2024-03-07,CNY,18880.74538102422,0,1.0075761139381023,0.002517691442787825,50417.635977406055,20056880.394,0,20075761.139381025,0,0,0,1459066.6826893028,10075761.139381025,2017-01-01,0.10183842465145077
2024-03-08,CNY,18882.183467957384,0,1.0126456215467954,0.0025251882474077872,50695.07608693093,20107574.031999998,0,20126456.215467956,0,0,0,1459066.6826893028,10126456.215467956,2017-01-01,0.1021842948871381
2024-03-11,CNY,18883.621664425104,0,1.0135762053664426,0.00046236844165917863,9305.838196467608,20116878.432,0,20135762.053664424,0,0,0,1459066.6826893028,10135762.053664424,2017-01-01,0.10213262462328032
2024-03-12,CNY,18885.05997043572,0,1.0093709887970435,-0.0020884317952264567,-42052.16569398716,20074824.828,0,20093709.887970436,0,0,0,1459066.6826893028,10093709.887970436,2017-01-01,0.10177188128904646
2024-03-13,CNY,18886.498385997576,0,1.0075099456386,-0.0009261819588416578,-18610.431584436446,20056212.958,0,20075099.456386,0,0,0,1459066.6826893028,10075099.456386,2017-01-01,0.10158953919952785
2024-03-14,CNY,18887.936911119017,0,1.0076879354911115,8.866200284496757e-05,1779.8985251151025,20057991.417999998,0,20076879.354911115,0,0,0,1459066.6826893028,10076879.354911115,2017-01-01,0.1015625677691796
2024-03-15,CNY,18889.37554580839,0,1.0092069765545806,0.0007566121390761334,15190.410634692758,20073180.39,0,20092069.765545808,0,0,0,1459066.6826893028,10092069.765545808,2017-01-01,0.10163765298388694
2024-03-18,CNY,77563.05600093337,0,1.0066627148000933,-0.0012663014732560776,-25442.61754487455,19989064.092,0,20066627.148000933,0,0,0,1481167.9095180216,10066627.148000933,2017-01-01,0.10132281260407172
2024-03-19,CNY,77568.96373471615,0,1.0073841557734715,0.00035952278778958447,7214.409733783454,19996272.594,0,20073841.557734717,0,0,0,1481167.9095180216,10073841.557734717,2017-01-01,0.10133731180018102
2024-03-20,CNY,77574.8719184724,0,1.0135277231918471,0.003060484163285833,61435.67418375611,20057702.36,0,20135277.231918473,0,0,0,1481167.9095180216,10135277.231918473,2017-01-01,0.10176307415894836
2024-03-21,CNY,77580.7805522364,0,1.036295967655224,0.01130763892700938,227682.444633767,20285378.896,0,20362959.67655224,0,0,0,1481167.9095180216,10362959.67655224,2017-01-01,0.10343859894807816
2024-03-22,CNY,77586.68963604244,0,1.0232987655636046,-0.006382766698981156,-129972.02091619372,20155400.966000002,0,20232987.655636046,0,0,0,1481167.9095180216,10232987.655636046,2017-01-01,0.10242028829089267
2024-03-25,CNY,77592.5991699248,0,1.0104227097169924,-0.0063638925035499816,-128760.55846612155,20026634.498,0,20104227.097169925,0,0,0,1481167.9095180216,10104227.097169925,2017-01-01,0.10132602218193165
2024-03-26,CNY,77598.50915391774,0,1.0132844673153918,0.0014234606406740306,28617.57598399371,20055246.164,0,20132844.67315392,0,0,0,1481167.9095180216,10132844.673153918,2017-01-01,0.10150223125236701
2024-03-27,CNY,77604.41958805555,0,1.0194896353588052,0.0030821119142133194,62051.68043413386,20117291.933999997,0,20194896.353588052,0,0,0,1481167.9095180216,10194896.353588052,2017-01-01,0.10193014808887213
2024-03-28,CNY,77610.33047237253,0,1.0163519562472372,-0.0015536990418920419,-31376.791115678847,20085909.232,0,20163519.562472373,0,0,0,1481167.9095180216,10163519.562472373,2017-01-01,0.10165319813461093
2024-03-29,CNY,77616.24180690295,0,1.0291678311806902,0.006355971185360593,128158.74933452904,20214062.07,0,20291678.311806902,0,0,0,1481167.9095180216,10291678.311806902,2017-01-01,0.10257646443111801
2024-04-01,CNY,77622.15359168111,0,1.0354395553591678,0.003090786322405125,62717.24178477749,20276773.4,0,20354395.55359168,0,0,0,1481167.9095180216,10354395.55359168,2017-01-01,0.1029235508837627
2024-04-02,CNY,16881.744837423506,0,1.0280075714837422,-0.0036512918577503413,-74319.83875425905,20263193.97,0,20280075.71483742,0,0,0,1503511.404003705,10280075.71483742,2017-01-01,0.1023270239694869
2024-04-03,CNY,16883.030666778748,0,1.0184563106666782,-0.004709677099516954,-95512.60817063972,20167680.076,0,20184563.10666678,0,0,0,1503511.404003705,10184563.106666781,2017-01-01,0.10156999935975697
2024-04-04,CNY,16884.316594071563,0,1.018456439259407,6.370845309675264e-08,1.2859272919595242,20167680.076,0,20184564.392594073,0,0,0,1503511.404003705,10184564.392594073,2017-01-01,0.10152981286590701
2024-04-05,CNY,16885.60261930941,0,1.0184565678619308,6.371330152479819e-08,1.2860252372920513,20167680.076,0,20184565.67861931,0,0,0,1503511.404003705,10184565.67861931,2017-01-01,0.10148965814373834
2024-04-08,CNY,16886.888742499752,0,1.02927651667425,0.005360506133545443,108199.48812318966,20275878.278,0,20292765.1667425,0,0,0,1503511.404003705,10292765.1667425,2017-01-01,0.10217913203866402
2024-04-09,CNY,16888.174963650046,0,1.0364450528963647,0.003532557620024692,71685.36222114787,20347562.354,0,20364450.528963648,0,0,0,1503511.404003705,10364450.528963648,2017-01-01,0.10267299160297538
2024-04-10,CNY,16889.461282767756,0,1.0344468515282763,-0.0009812203699021012,-19982.013680882752,20327579.053999998,0,20344468.515282765,0,0,0,1503511.404003705,10344468.515282765,2017-01-01,0.10248374048620401
2024-04-11,CNY,16890.747699860345,0,1.022899569169986,-0.005675883029146687,-115472.82358290255,20212104.944000002,0,20228995.691699862,0,0,0,1503511.404003705,10228995.691699862,2017-01-01,0.10158189600808676
2024-04-12,CNY,16892.034214935273,0,1.0407802234214936,0.008839121093314528,178806.54251507297,20390910.2,0,20407802.234214935,0,0,0,1503511.404003705,10407802.234214935,2017-01-01,0.10287329568146286
2024-04-15,CNY,16893.320828000004,0,1.0253425468828001,-0.007564595325610966,-154376.76538693532,20236532.148000002,0,20253425.468828,0,0,0,1503511.404003705,10253425.468828,2017-01-01,0.10160405264315098
2024-04-16,CNY,16894.607539062003,0,1.0096816003539058,-0.007732492734622994,-156609.46528894082,20079921.395999998,0,20096816.00353906,0,0,0,1503511.404003705,10096816.00353906,2017-01-01,0.10039262561039464
2024-04-17,CNY,16895.89434812873,0,1.007557979834813,-0.0010566950101541998,-21236.20519092679,20058683.904000003,0,20075579.798348133,0,0,0,1503511.404003705,10075579.798348133,2017-01-01,0.10019372835119622
2024-04-18,CNY,16897.181255207655,0,1.0098370157255205,0.0011352279304505557,22790.358907073736,20081472.976,0,20098370.157255206,0,0,0,1503511.404003705,10098370.157255206,2017-01-01,0.1003252792977849
2024-04-19,CNY,149259.876571795,0,1.0020596240571797,-0.0038696628669332256,-77773.91668340936,19871336.364,0,20020596.240571797,0,0,0,1525249.27647615,10020596.240571797,2017-01-01,0.09970192204362505
2024-04-22,CNY,149271.24522667658,0,0.983574868922668,-0.0092328694472407,-184847.5513451174,19686477.444000002,0,19835748.68922668,0,0,0,1525249.27647615,9835748.68922668,2017-01-01,0.09819050328892054
2024-04-23,CNY,149282.6147474728,0,0.9617677678747472,-0.01099383814020835,-218071.01047920808,19468395.064,0,19617677.67874747,0,0,0,1525249.27647615,9617677.678747471,2017-01-01,0.0964936775818408
2024-04-24,CNY,149293.98513424964,0,0.969402888913425,0.003891959672142699,76351.21038677916,19544734.904,0,19694028.88913425,0,0,0,1525249.27647615,9694028.88913425,2017-01-01,0.09703803252922216
2024-04-25,CNY,149305.35638707303,0,0.9729966176387073,0.0018247808741993184,35937.28725282103,19580660.82,0,19729966.17638707,0,0,0,1525249.27647615,9729966.176387072,2017-01-01,0.09727324110439084
2024-04-26,CNY,149316.72850600895,0,0.9810046656506008,0.004058825007757922,80080.48011893779,19660729.928,0,19810046.65650601,0,0,0,1525249.27647615,9810046.65650601,2017-01-01,0.09784219911982506
2024-04-29,CNY,149328.10149112338,0,0.9766004201491125,-0.0022232383284377607,-44042.45501488447,19616676.1,0,19766004.201491125,0,0,0,1525249.27647615,9766004.201491125,2017-01-01,0.09739411774481832
2024-04-30,CNY,149339.47534248227,0,0.9794149943342481,0.0014239469730170653,28145.74185135588,19644810.468,0,19794149.94334248,0,0,0,1525249.27647615,9794149.94334248,2017-01-01,0.09756894100483282
2024-05-01,CNY,149350.8500601516,0,0.9794161318060148,5.746504750270727e-07,11.37471766769886,19644810.468,0,19794161.31806015,0,0,0,1525249.27647615,9794161.318060149,2017-01-01,0.09753087187032827
2024-05-02,CNY,149362.22564419737,0,0.9794172693644196,5.74693914255849e-07,11.375584047287703,19644810.468,0,19794172.693644196,0,0,0,1525249.27647615,9794172.693644196,2017-01-01,0.09749283248167373
2024-05-03,CNY,149373.60209468557,0,0.9794184070094683,5.747373564207665e-07,11.37645048648119,19644810.468,0,19794184.070094682,0,0,0,1525249.27647615,9794184.070094682,2017-01-01,0.09745482280404993
2024-05-06,CNY,149384.97941168217,0,0.984287989541168,0.002460107733895908,48695.82531699911,19693494.915999997,0,19842879.89541168,0,0,0,1525249.27647615,9842879.895411681,2017-01-01,0.09770757964090149
2024-05-07,CNY,149396.3575952532,0,0.9912075085595253,0.0034871546140624802,69195.19018357247,19762678.728,0,19912075.085595254,0,0,0,1525249.27647615,9912075.085595254,2017-01-01,0.09818920972910195
2024-05-08,CNY,149407.73664546467,0,0.9892870412645463,-0.0009644737109134323,-19204.672949790955,19743462.676,0,19892870.412645463,0,0,0,1525249.27647615,9892870.412645463,2017-01-01,0.0980068618896639
2024-05-09,CNY,29004.715337743706,0,0.9968051783337741,0.00377931234320453,75181.37069227919,19939047.068,0,19968051.783337742,0,0,0,1536430.6068134678,9968051.783337742,2017-01-01,0.09853160734638955
2024-05-10,CNY,29006.924535595044,0,1.0004432068535598,0.0018219246220210336,36380.28519785404,19975425.144,0,20004432.068535596,0,0,0,1536430.6068134678,10004432.068535596,2017-01-01,0.09876483930080049
2024-05-13,CNY,29009.133901714027,0,1.0014991025901718,0.0005278308991699871,10558.95736612007,19985981.892,0,20014991.025901716,0,0,0,1536430.6068134678,10014991.025901716,2017-01-01,0.09872809763713497
2024-05-14,CNY,29011.34343611347,0,1.0000019367436113,-0.0007480222422396515,-14971.658465601504,19971008.024,0,20000019.367436115,0,0,0,1536430.6068134678,10000019.367436115,2017-01-01,0.09857814699189915
2024-05-15,CNY,29013.553138806194,0,1.0054555117138806,0.0027267848445930378,54535.74970269203,20025541.564,0,20054555.117138807,0,0,0,1536430.6068134678,10054555.117138807,2017-01-01,0.09894545066106342
2024-05-16,CNY,29015.763009805014,0,1.0080820611009806,0.0013097021458507913,26265.493870999664,20051804.848,0,20080820.611009806,0,0,0,1536430.6068134678,10080820.611009806,2017-01-01,0.09910190848464073
2024-05-17,CNY,29017.97304912275,0,1.0131890621049124,0.002543223259079261,51070.01003931835,20102872.648000002,0,20131890.621049125,0,0,0,1536430.6068134678,10131890.621049125,2017-01-01,0.0994416482101188
2024-05-20,CNY,29020.183256772223,0,1.024032893925677,0.005386395160237397,108438.31820764765,20211308.756,0,20240328.939256772,0,0,0,1536430.6068134678,10240328.939256772,2017-01-01,0.10012523103325521
2024-05-21,CNY,29022.393632766256,0,1.0182553949632767,-0.0028544491444478627,-57774.98962400481,20153531.556,0,20182553.949632768,0,0,0,1536430.6068134678,10182553.949632768,2017-01-01,0.09966098165904014
2024-05-22,CNY,29024.604177117668,0,1.0231848684177116,0.0024424428477866113,49294.73454434797,20202824.08,0,20231848.684177116,0,0,0,1536430.6068134678,10231848.684177116,2017-01-01,0.09998510254972359
2024-05-23,CNY,29026.814889839283,0,1.0122123710889839,-0.0054233785058451145,-109724.97328727692,20093096.895999998,0,20122123.71088984,0,0,0,1536430.6068134678,10122123.710889839,2017-01-01,0.09913794453726421
2024-05-24,CNY,12808.358337366895,0,1.0021494158337365,-0.005000940954259881,-100629.5525524728,20008685.8,0,20021494.158337366,0,0,0,1569366.7090359689,10021494.158337366,2017-01-01,0.09835509311627888
2024-05-27,CNY,12809.333909696725,0,1.01637138339097,0.0071033497524014095,142219.675572332,20150904.5,0,20163713.833909698,0,0,0,1569366.7090359689,10163713.833909698,2017-01-01,0.09929060273449086
2024-05-28,CNY,12810.309556332826,0,1.0201874409556333,0.001892537057457133,38160.575646635145,20189064.1,0,20201874.409556333,0,0,0,1569366.7090359689,10201874.409556333,2017-01-01,0.0995326188429726
2024-05-29,CNY,12811.28527728086,0,1.003836738527728,-0.008093656111519278,-163507.02427905053,20025556.1,0,20038367.385277282,0,0,0,1569366.7090359689,10038367.385277282,2017-01-01,0.09828950541862191
2024-05-30,CNY,12812.261072546487,0,0.9843121161072548,-0.009743619350356184,-195246.22420473397,19830308.900000002,0,19843121.16107255,0,0,0,1569366.7090359689,9843121.161072548,2017-01-01,0.09680248099511046
2024-05-31,CNY,12813.236942135369,0,0.9870473736942136,0.0013784412062778472,27352.57586958632,19857660.5,0,19870473.736942135,0,0,0,1569366.7090359689,9870473.736942135,2017-01-01,0.0969687091781044
2024-06-03,CNY,12814.212886053163,0,0.9912608112886052,0.0021204515051688865,42134.37594391778,19899793.9,0,19912608.112886053,0,0,0,1569366.7090359689,9912608.112886053,2017-01-01,0.0971692220665843
2024-06-04,CNY,12815.188904305533,0,0.9925473388904302,0.0006460869387534034,12865.276018250734,19912658.2,0,19925473.388904303,0,0,0,1569366.7090359689,9925473.388904303,2017-01-01,0.09722708072204944
2024-06-05,CNY,12816.16499689814,0,0.9988079264996901,0.0031420019424713164,62605.87609259784,19975263.1,0,19988079.2649969,0,0,0,1569366.7090359689,9988079.264996901,2017-01-01,0.09765272666280356
2024-06-06,CNY,12817.141163836648,0,1.017398114116384,0.00930063732999534,185901.876166936,20161164.0,0,20173981.141163837,0,0,0,1569366.7090359689,10173981.141163837,2017-01-01,0.09898247152661122
2024-06-07,CNY,12818.117405126719,0,1.0192336717405124,0.0009098638544791165,18355.576241288334,20179518.599999998,0,20192336.717405125,0,0,0,1569366.7090359689,10192336.717405125,2017-01-01,0.09907863754594626
2024-06-10,CNY,12819.093720774015,0,1.0192337693720774,4.83508006540972e-08,0.9763156473636627,20179518.599999998,0,20192337.693720773,0,0,0,1569366.7090359689,10192337.693720773,2017-01-01,0.09896404535178571
2024-06-11,CNY,17475.188001023373,0,1.009971748800102,-0.004586898610979181,-92620.20571975037,20082242.3,0,20099717.488001022,0,0,0,1591525.8456843996,10099717.488001022,2017-01-01,0.09824789591581817
2024-06-12,CNY,17476.51903107604,0,1.015459261903108,0.00273014439445806,54875.131030056626,20137116.1,0,20154592.61903108,0,0,0,1591525.8456843996,10154592.61903108,2017-01-01,0.09861192397981222
2024-06-13,CNY,17477.850162509076,0,1.026183165016251,0.005320823554139737,107239.03113143146,20244353.8,0,20261831.65016251,0,0,0,1591525.8456843996,10261831.65016251,2017-01-01,0.0993562542708375
2024-06-14,CNY,17479.1813953302,0,1.0252342181395329,-0.0004683420991263111,-9489.468767181039,20234863.0,0,20252342.18139533,0,0,0,1591525.8456843996,10252342.18139533,2017-01-01,0.09924894517557914
2024-06-17,CNY,17480.51272954714,0,1.0235943612729548,-0.0008097122060699011,-16398.568665780127,20218463.1,0,20235943.61272955,0,0,0,1591525.8456843996,10235943.61272955,2017-01-01,0.09901518451915803
2024-06-18,CNY,17481.844165167615,0,1.0315256144165166,0.003919388833724772,79312.53143561631,20297774.299999997,0,20315256.144165166,0,0,0,1591525.8456843996,10315256.144165166,2017-01-01,0.09955287644432498
2024-06-19,CNY,17483.175702199347,0,1.0309475875702199,-0.0002845284559519228,-5780.268462967128,20291992.7,0,20309475.8757022,0,0,0,1591525.8456843996,10309475.875702199,2017-01-01,0.09947273285322011
2024-06-20,CNY,17484.507340650063,0,1.0343825607340653,0.0016913155144268961,34349.7316384539,20326341.1,0,20343825.607340652,0,0,0,1591525.8456843996,10343825.607340652,2017-01-01,0.09968312708101901
2024-06-21,CNY,17485.83908052749,0,1.0247679839080526,-0.004726041705028814,-96145.76826012507,20230194.0,0,20247679.839080527,0,0,0,1591525.8456843996,10247679.839080527,2017-01-01,0.09894832320587543
2024-06-24,CNY,17487.170921839348,0,1.015861207092184,-0.004398912313240815,-89067.76815868914,20141124.9,0,20158612.07092184,0,0,0,1591525.8456843996,10158612.070921838,2017-01-01,0.09818744603314733
2024-06-25,CNY,17488.502864593367,0,1.0133519102864592,-0.0012447765733555054,-25092.968057245016,20116030.6,0,20133519.102864593,0,0,0,1591525.8456843996,10133519.102864593,2017-01-01,0.0979671525598731
2024-06-26,CNY,6623.892858841461,0,1.030870419285884,0.008701165906427293,175185.089994248,20302080.3,0,20308704.19285884,0,0,0,1602874.3601727907,10308704.192858841,2017-01-01,0.09920023733923733
2024-06-27,CNY,6624.397379906427,0,1.0301500697379904,-0.0003546999065291673,-7203.49547893554,20294876.3,0,20301500.697379906,0,0,0,1602874.3601727907,10301500.697379906,2017-01-01,0.09911018647029435
2024-06-28,CNY,6624.901939399174,0,1.0422428201939402,0.0059565795830601505,120927.50455949455,20415803.3,0,20422428.2019394,0,0,0,1602874.3601727907,10422428.2019394,2017-01-01,0.09994335161903756
2024-07-01,CNY,6625.406537322629,0,1.0405971706537325,-0.0008058050315736976,-16456.49540207535,20399346.3,0,20405971.706537325,0,0,0,1602874.3601727907,10405971.706537325,2017-01-01,0.09971045115043098
2024-07-02,CNY,6625.91117367972,0,1.0455963511173683,0.0024498615089395596,49991.80463635549,20449337.6,0,20455963.51117368,0,0,0,1602874.3601727907,10455963.51117368,2017-01-01,0.10003080211021653
2024-07-03,CNY,6626.415848473373,0,1.0655493415848474,0.009754119113763823,199529.90467479452,20648867.0,0,20655493.415848475,0,0,0,1602874.3601727907,10655493.415848475,2017-01-01,0.10141530504540919
2024-07-04,CNY,6626.920561706516,0,1.0694725520561703,0.0018993545166597534,39232.1047132276,20688098.599999998,0,20694725.520561703,0,0,0,1602874.3601727907,10694725.520561703,2017-01-01,0.10165473860958296
2024-07-05,CNY,6627.425313382078,0,1.0800620525313387,0.005117004554927194,105895.00475168228,20793993.1,0,20800620.525313385,0,0,0,1602874.3601727907,10800620.525313385,2017-01-01,0.10236428768354067
2024-07-08,CNY,6627.930103502985,0,1.0874466530103506,0.0035501827794152912,73846.00479011983,20867838.6,0,20874466.530103505,0,0,0,1602874.3601727907,10874466.530103505,2017-01-01,0.10276626638598496
2024-07-09,CNY,6628.434932072167,0,1.1047441634932071,0.008286444330403141,172975.1048285663,21040813.2,0,21047441.63493207,0,0,0,1602874.3601727907,11047441.634932071,2017-01-01,0.10393680206944644
2024-07-10,CNY,6628.939799092551,0,1.0952549739799093,-0.004508476458986212,-94891.89513297752,20945920.8,0,20952549.739799093,0,0,0,1602874.3601727907,10952549.739799093,2017-01-01,0.10323473305289887
2024-07-11,CNY,5948.575844159298,0,1.1027678675844155,0.003585670335021583,75128.9360450618,21021730.099999998,0,21027678.675844155,0,0,0,1603624.1771775107,11027678.675844155,2017-01-01,0.10371971001027935
2024-07-12,CNY,5949.028928453366,0,1.0700971028928454,-0.015537028692140438,-326707.6469157003,20695022.0,0,20700971.028928455,0,0,0,1603624.1771775107,10700971.028928455,2017-01-01,0.1013886232716672
2024-07-15,CNY,5949.482047257437,0,1.0995673582047258,0.01423617050171087,294702.5531188026,20989724.1,0,20995673.582047258,0,0,0,1603624.1771775107,10995673.582047258,2017-01-01,0.10333862002002414
2024-07-16,CNY,5949.935200574142,0,1.0990758835200576,-0.00023408379004720496,-4914.746846679598,20984808.900000002,0,20990758.835200578,0,0,0,1603624.1771775107,10990758.835200578,2017-01-01,0.10326498993725863
2024-07-17,CNY,5950.388388406108,0,1.0974257388388406,-0.0007861291219495738,-16501.44681217149,20968307.0,0,20974257.388388406,0,0,0,1603624.1771775107,10974257.388388406,2017-01-01,0.1031106942299167
2024-07-18,CNY,5950.841610755964,0,1.0813728641610756,-0.007653608125669353,-160528.74677764997,20807777.8,0,20813728.641610757,0,0,0,1603624.1771775107,10813728.641610757,2017-01-01,0.10194957874408561
2024-07-19,CNY,5951.29486762634,0,1.0585374294867629,-0.01097133294447799,-228354.3467431292,20579423.0,0,20585374.294867627,0,0,0,1603624.1771775107,10585374.294867627,2017-01-01,0.10030258397677572
2024-07-22,CNY,5951.748159019865,0,1.0495992148159021,-0.004342021934033648,-89382.14670860767,20490040.4,0,20495992.14815902,0,0,0,1603624.1771775107,10495992.14815902,2017-01-01,0.0995553319829432
2024-07-23,CNY,5952.201484939168,0,1.0605860401484941,0.0053604749909991105,109868.25332592055,20599908.2,0,20605860.40148494,0,0,0,1603624.1771775107,10605860.40148494,2017-01-01,0.1002948999716542
2024-07-24,CNY,5952.654845386879,0,1.0491379854845384,-0.0055557275653145876,-114480.5466395542,20485427.2,0,20491379.854845386,0,0,0,1603624.1771775107,10491379.854845386,2017-01-01,0.09944707039329037
2024-07-25,CNY,5953.108240365628,0,1.0160314508240362,-0.016156322753771893,-331065.3466050215,20154361.4,0,20160314.508240364,0,0,0,1603624.1771775107,10160314.508240364,2017-01-01,0.09704626280772377
2024-07-26,CNY,2606.104598635253,0,1.0164843504598635,0.00022464909247425172,4528.996358271688,20162237.400000002,0,20164843.504598636,0,0,0,1636773.0793029056,10164843.504598636,2017-01-01,0.09704204226666358
2024-07-29,CNY,2606.3030974176963,0,1.0252758803097421,0.004359830438492319,87915.29849878326,20250152.5,0,20252758.80309742,0,0,0,1636773.0793029056,10252758.80309742,2017-01-01,0.0975615560310732
2024-07-30,CNY,2606.5016113191673,0,1.019064630161132,-0.0030668662027713914,-62112.50148610026,20188039.8,0,20190646.30161132,0,0,0,1636773.0793029056,10190646.30161132,2017-01-01,0.09708020276905605
2024-07-31,CNY,2606.700140340817,0,1.0308920700140343,0.005857880761329766,118274.39852902293,20306314.0,0,20308920.700140342,0,0,0,1636773.0793029056,10308920.700140342,2017-01-01,0.09788844745879022
2024-08-01,CNY,2606.8986844837973,0,1.0320247698684484,0.0005577351308513099,11326.99854414165,20317640.8,0,20320247.698684484,0,0,0,1636773.0793029056,10320247.698684484,2017-01-01,0.09793209745087861
2024-08-02,CNY,2607.09724374926,0,1.019114469724375,-0.0063534167179020995,-129103.00144073367,20188537.6,0,20191144.69724375,0,0,0,1636773.0793029056,10191144.69724375,2017-01-01,0.09697372775304358
2024-08-05,CNY,2607.295818138357,0,0.991747809581814,-0.013553793285576727,-273666.6014256105,19914870.8,0,19917478.09581814,0,0,0,1636773.0793029056,9917478.09581814,2017-01-01,0.09489618000330435
2024-08-06,CNY,2607.4944076522397,0,0.9949875294407651,0.0016265713175963432,32397.198589511216,19947267.799999997,0,19949875.29440765,0,0,0,1636773.0793029056,9949875.29440765,2017-01-01,0.09509448529955744
2024-08-07,CNY,2607.6930122920608,0,0.9987110293012296,0.0018664276370229645,37234.99860464409,19984502.6,0,19987110.293012295,0,0,0,1636773.0793029056,9987110.293012295,2017-01-01,0.09532716650054152
2024-08-08,CNY,2607.891632058972,0,0.9992396891632058,0.0002645003976193126,5286.598619762808,19989789.0,0,19992396.891632058,0,0,0,1636773.0793029056,9992396.891632058,2017-01-01,0.09532932669876981
2024-08-09,CNY,2608.090266954125,0,1.0052777890266955,0.003020198076408238,60380.99863489717,20050169.8,0,20052777.890266955,0,0,0,1636773.0793029056,10052777.890266955,2017-01-01,0.09572749325247298
2024-08-12,CNY,2094.409020929309,0,1.0046111309020929,-0.00033245175718330915,-6666.58124602586,20044016.9,0,20046111.30902093,0,0,0,1647767.6200613207,10046111.309020929,2017-01-01,0.095571627892864
2024-08-13,CNY,2094.5685454705767,0,0.9940990868545472,-0.005243931795796788,-105120.44047545642,19938896.3,0,19940990.868545473,0,0,0,1647767.6200613207,9940990.868545473,2017-01-01,0.09478022454750379
2024-08-14,CNY,2094.7280821623267,0,0.9892578928082161,-0.0024277600236844808,-48411.94046331197,19890484.2,0,19892578.92808216,0,0,0,1647767.6200613207,9892578.92808216,2017-01-01,0.09439565822818108
2024-08-15,CNY,2094.8876310054843,0,0.9913256487631008,0.0010394609780664018,20677.559548847377,19911161.6,0,19913256.487631008,0,0,0,1647767.6200613207,9913256.487631008,2017-01-01,0.09450927210623727
2024-08-16,CNY,2095.047192000975,0,0.9865661047192,-0.0023901384722570004,-47595.440439008176,19863566.0,0,19865661.047192,0,0,0,1647767.6200613207,9865661.047192,2017-01-01,0.09413058205280822
2024-08-19,CNY,2095.206765149724,0,0.9909713606765151,0.002217522964300147,44052.55957315117,19907618.400000002,0,19909713.60676515,0,0,0,1647767.6200613207,9909713.606765151,2017-01-01,0.09434197986815551
2024-08-20,CNY,2095.3663504526576,0,0.9903514366350454,-0.00031136763376602404,-6199.240414697677,19901419.0,0,19903514.366350453,0,0,0,1647767.6200613207,9903514.366350453,2017-01-01,0.09426200827283537
2024-08-21,CNY,2095.5259479107012,0,0.9936175925947908,0.001640994600062876,32661.559597454965,19934080.4,0,19936175.92594791,0,0,0,1647767.6200613207,9936175.925947908,2017-01-01,0.09446142213737652
2024-08-22,CNY,2095.685557524781,0,0.9890682985557526,-0.0022819291201764866,-45492.94039038196,19888587.3,0,19890682.985557526,0,0,0,1647767.6200613207,9890682.985557526,2017-01-01,0.09409909881794731
2024-08-23,CNY,2095.845179295822,0,0.9876369345179297,-0.0007196153288764566,-14313.64037822932,19874273.5,0,19876369.345179297,0,0,0,1647767.6200613207,9876369.345179297,2017-01-01,0.09396090095200749
2024-08-26,CNY,2096.004813224751,0,0.9954530404813222,0.003932360999967145,78161.05963392556,19952434.4,0,19954530.404813223,0,0,0,1647767.6200613207,9954530.404813223,2017-01-01,0.09441622516947001
2024-08-27,CNY,2024.7151313477118,0,0.9948872015131347,-0.0002835641614753734,-5658.389681875706,19946847.3,0,19948872.015131347,0,0,0,1669626.0639476299,9948872.015131347,2017-01-01,0.09434039497240909
2024-08-28,CNY,2024.8693475248285,0,0.9966625169347525,0.0008899327341772448,17753.15421617776,19964600.3,0,19966625.169347525,0,0,0,1669626.0639476299,9966625.169347525,2017-01-01,0.0944321595530151
2024-08-29,CNY,2025.023575448106,0,0.9958739423575447,-0.0003949463519846467,-7885.745772078633,19956714.4,0,19958739.423575446,0,0,0,1669626.0639476299,9958739.423575446,2017-01-01,0.0943404706528086
2024-08-30,CNY,2025.1778151184385,0,1.0018244277815116,0.002981393412520884,59504.8542396687,20016219.099999998,0,20018244.277815115,0,0,0,1669626.0639476299,10018244.277815115,2017-01-01,0.09473012277098025
2024-09-02,CNY,2025.3320665367212,0,0.9943052932066538,-0.0037561408835392633,-75191.34574857727,19941027.6,0,19943052.932066537,0,0,0,1669626.0639476299,9943052.932066537,2017-01-01,0.0940875789034783
2024-09-03,CNY,2025.486329703849,0,0.9982361686329704,0.0019710499890396214,39308.75426316634,19980336.2,0,19982361.686329704,0,0,0,1669626.0639476299,9982361.686329704,2017-01-01,0.09433304599535575
2024-09-04,CNY,2025.6406046207164,0,0.977717144060462,-0.010268568297683174,-205190.2457250841,19775145.8,0,19777171.44060462,0,0,0,1669626.0639476299,9777171.44060462,2017-01-01,0.09282857360637964
2024-09-05,CNY,2025.7948912882187,0,0.9809667794891286,0.00164312446723036,32496.35428666696,19807642.0,0,19809667.794891287,0,0,0,1669626.0639476299,9809667.794891287,2017-01-01,0.09302747438419678
2024-09-06,CNY,2025.9491897072505,0,0.9788835149189707,-0.001051640336288339,-20832.64570157975,19786809.2,0,19788835.149189707,0,0,0,1669626.0639476299,9788835.149189707,2017-01-01,0.09284324036487734
2024-09-09,CNY,2026.1034998787072,0,0.9663027903499875,-0.0063574861653735645,-125807.24568983167,19661001.799999997,0,19663027.903499875,0,0,0,1669626.0639476299,9663027.903499875,2017-01-01,0.0918344161759086
2024-09-10,CNY,2026.257821803484,0,0.96835126578218,0.0010417904313851482,20484.754321925342,19681486.4,0,19683512.6578218,0,0,0,1669626.0639476299,9683512.6578218,2017-01-01,0.09194795589419402
2024-09-11,CNY,225721.8605559104,0,0.9653871460555912,-0.0015058896133618065,-29641.197265889496,19428149.6,0,19653871.46055591,0,0,0,1680301.2524275978,9653871.460555911,2017-01-01,0.09170013894858142
2024-09-12,CNY,225739.05307938575,0,0.9709462753079385,0.0028285161340879704,55591.2925234735,19483723.7,0,19709462.753079385,0,0,0,1680301.2524275978,9709462.753079385,2017-01-01,0.09206638377272847
2024-09-13,CNY,225756.24691236147,0,0.9781306946912363,0.003645162465007005,71844.1938329786,19555550.700000003,0,19781306.946912363,0,0,0,1680301.2524275978,9781306.946912363,2017-01-01,0.09254788175555229
2024-09-16,CNY,225773.44205493733,0,0.9781324142054941,8.692622092403041e-07,17.195142578333616,19555550.700000003,0,19781324.14205494,0,0,0,1680301.2524275978,9781324.142054942,2017-01-01,0.0924449868475381
2024-09-17,CNY,225790.63850721307,0,0.9781341338507217,8.693276623660917e-07,17.196452274918556,19555550.700000003,0,19781341.338507216,0,0,0,1680301.2524275978,9781341.338507216,2017-01-01,0.0924108214316548
2024-09-18,CNY,225807.83626928844,0,0.9863046836269289,0.004130432631634608,81705.49776207283,19637239.0,0,19863046.83626929,0,0,0,1680301.2524275978,9863046.83626929,2017-01-01,0.09295992331306313
2024-09-19,CNY,225825.0353412632,0,0.9898734035341263,0.001796662886924773,35687.19907197356,19672909.0,0,19898734.035341263,0,0,0,1680301.2524275978,9898734.035341263,2017-01-01,0.09317950818638421
2024-09-20,CNY,225842.23572323713,0,0.9960671635723237,0.0031126402449507336,61937.60038197413,19734829.4,0,19960671.635723237,0,0,0,1680301.2524275978,9960671.635723237,2017-01-01,0.09358478026253914
2024-09-23,CNY,225859.43741531,0,0.9933186137415313,-0.0013769826391379757,-27485.498307924718,19707326.700000003,0,19933186.137415312,0,0,0,1680301.2524275978,9933186.137415312,2017-01-01,0.09328602091230165
2024-09-24,CNY,225876.6404175816,0,0.9947845740417585,0.0007354370195116947,14659.603002272546,19721969.1,0,19947845.740417585,0,0,0,1680301.2524275978,9947845.740417585,2017-01-01,0.09335537863500432
2024-09-25,CNY,225893.8447301517,0,0.9953429744730149,0.0002799301932263084,5584.004312563688,19727535.9,0,19953429.74473015,0,0,0,1680301.2524275978,9953429.744730148,2017-01-01,0.09336037476784909
2024-09-26,CNY,225911.05035312014,0,1.0034261582353121,0.004051024743970262,80831.83762297407,19808350.532,0,20034261.582353123,0,0,0,1680301.2524275978,10034261.582353123,2017-01-01,0.09389688793384421
2024-09-27,CNY,225928.2572865867,0,1.0007328721286588,-0.0013443400923874589,-26932.861066535115,19781400.464,0,20007328.721286587,0,0,0,1680301.2524275978,10007328.721286587,2017-01-01,0.09367218787312503
2024-09-30,CNY,16710.632328088937,0,1.007850555832809,0.003557538241763035,71176.83704150096,20061794.926,0,20078505.55832809,0,0,0,1702520.4500854104,10078505.558328088,2017-01-01,0.0940693727922226
2024-10-01,CNY,16711.90512434306,0,1.007850683112434,6.339098549479092e-08,1.2727962546050549,20061794.926,0,20078506.831124343,0,0,0,1702520.4500854104,10078506.831124343,2017-01-01,0.09403463790617583
2024-10-02,CNY,16713.17801754206,0,1.007850810401754,6.339580968547616e-08,1.2728931978344917,20061794.926,0,20078508.10401754,0,0,0,1702520.4500854104,10078508.10401754,2017-01-01,0.09399992865270312
2024-10-03,CNY,16714.451007693333,0,1.0078509377007694,6.340063443185228e-08,1.2729901522397995,20061794.926,0,20078509.377007693,0,0,0,1702520.4500854104,10078509.377007693,2017-01-01,0.09396524500345982
2024-10-04,CNY,16715.724094804256,0,1.0078510650094805,6.34054593628467e-08,1.2730871103703976,20061794.926,0,20078510.650094803,0,0,0,1702520.4500854104,10078510.650094803,2017-01-01,0.09393058693014322
2024-10-07,CNY,16716.997278882216,0,1.0078511923278883,6.341028484953166e-08,1.2731840796768665,20061794.926,0,20078511.923278883,0,0,0,1702520.4500854104,10078511.923278883,2017-01-01,0.09382674803404245
2024-10-08,CNY,16718.2705599346,0,0.9948926912559934,-0.006453915071699572,-129585.01071894914,19932208.642,0,19948926.912559934,0,0,0,1702520.4500854104,9948926.912559934,2017-01-01,0.0928817186995885
2024-10-09,CNY,16719.543937968792,0,0.9702250737937967,-0.012365385652230613,-246676.17462196574,19685531.194,0,19702250.73793797,0,0,0,1702520.4500854104,9702250.737937968,2017-01-01,0.09110071538556208
2024-10-10,CNY,16720.81741299218,0,0.9772225375412988,0.0035516062812194576,69974.63747502118,19755504.558,0,19772225.37541299,0,0,0,1702520.4500854104,9772225.37541299,2017-01-01,0.0915644751180702
2024-10-11,CNY,16722.09098501215,0,0.9715697926985014,-0.0028589320298901596,-56527.44842797518,19698975.836000003,0,19715697.926985014,0,0,0,1702520.4500854104,9715697.926985014,2017-01-01,0.09112938968698958
2024-10-14,CNY,16723.364654036093,0,0.9869232382654034,0.007787421791387647,153534.45566901937,19852509.018,0,19869232.382654034,0,0,0,1702520.4500854104,9869232.382654034,2017-01-01,0.09211574916998377
2024-10-15,CNY,16724.638420071395,0,0.9869878728420072,3.252998171192394e-05,646.3457660377026,19853154.09,0,19869878.72842007,0,0,0,1702520.4500854104,9869878.728420071,2017-01-01,0.09208648177411383
2024-10-16,CNY,16725.912283125446,0,0.9977136614283126,0.005398014116192999,107257.88586305454,19960410.702,0,19977136.614283126,0,0,0,1702520.4500854104,9977136.614283126,2017-01-01,0.09280693091087477
2024-10-17,CNY,16727.186243205637,0,0.9929909282243208,-0.0023640691332186443,-47227.33203991875,19913182.096,0,19929909.282243207,0,0,0,1702520.4500854104,9929909.282243207,2017-01-01,0.09244131963293678
2024-10-18,CNY,16728.460300319355,0,1.003235472030032,0.005140286220388792,102445.43805711344,20015626.26,0,20032354.72030032,0,0,0,1702520.4500854104,10032354.72030032,2017-01-01,0.0931254541494313
2024-10-21,CNY,16729.734454473994,0,1.0091575470454477,0.00295625506741568,59220.75015415624,20074845.736,0,20091575.470454477,0,0,0,1702520.4500854104,10091575.470454477,2017-01-01,0.09343618915308327
2024-10-22,CNY,16295.71001540886,0,1.0064489934015408,-0.0013481041583274073,-27085.536439068615,20048194.224,0,20064489.93401541,0,0,0,1724456.015622873,10064489.934015408,2017-01-01,0.09321318649519372
2024-10-23,CNY,16296.95120833673,0,1.0036290255208336,-0.0014054520648075542,-28199.67880707234,20019993.303999998,0,20036290.255208336,0,0,0,1724456.015622873,10036290.255208336,2017-01-01,0.09298235548401323
2024-10-24,CNY,16298.192495802356,0,0.99452976624958,-0.0045413892269245484,-90992.59271253645,19928999.47,0,19945297.6624958,0,0,0,1724456.015622873,9945297.6624958,2017-01-01,0.09231226006895699
2024-10-25,CNY,16299.43387781294,0,0.9965007727877815,0.0009882061283586075,19710.06538201496,19948708.294,0,19965007.727877814,0,0,0,1724456.015622873,9965007.727877814,2017-01-01,0.0924164155142484
2024-10-28,CNY,16300.675354375684,0,1.0058820227354377,0.004698846138965908,93812.49947656319,20042519.552,0,20058820.227354378,0,0,0,1724456.015622873,10058820.227354378,2017-01-01,0.09296921772977118
2024-10-29,CNY,16301.91692549779,0,1.0130637356925494,0.003580326697039732,71817.12957111746,20114335.439999998,0,20130637.356925495,0,0,0,1724456.015622873,10130637.356925495,2017-01-01,0.09343402431916381
2024-10-30,CNY,16303.158591186459,0,1.0258159998591188,0.006334754305323674,127522.64166569337,20241856.840000004,0,20258159.99859119,0,0,0,1724456.015622873,10258159.998591188,2017-01-01,0.09428140805023988
2024-10-31,CNY,16304.400351448894,0,1.0109800646351448,-0.0073234366916865344,-148359.35223973915,20093496.246,0,20109800.64635145,0,0,0,1724456.015622873,10109800.64635145,2017-01-01,0.09322130336915824
2024-11-01,CNY,16305.6422062923,0,0.9964152036206293,-0.007242668025731055,-145648.61014515534,19947846.394,0,19964152.036206294,0,0,0,1724456.015622873,9964152.036206294,2017-01-01,0.09217429804342503
2024-11-04,CNY,16306.884155723877,0,0.9976091590155725,0.0005980496405646193,11939.553949430585,19959784.706,0,19976091.590155724,0,0,0,1724456.015622873,9976091.590155724,2017-01-01,0.09215665239919679
2024-11-05,CNY,16308.126199750834,0,0.9967339620199756,-0.0004381222380999994,-8751.969955969602,19951031.494000003,0,19967339.620199755,0,0,0,1724456.015622873,9967339.620199755,2017-01-01,0.09206211063932446
2024-11-06,CNY,29565.031671380435,0,1.018762692567138,0.011032381361850217,220287.30547162518,20158061.894,0,20187626.92567138,0,0,0,1735653.461855121,10187626.92567138,2017-01-01,0.09355503129146436
2024-11-07,CNY,29567.283546762854,0,1.0196800807546764,0.000454430919947244,9173.881875384599,20167233.524,0,20196800.807546765,0,0,0,1735653.461855121,10196800.807546765,2017-01-01,0.09358416101284339
2024-11-08,CNY,29569.53559366353,0,1.0297528201593664,0.004987294522866265,100727.39404689893,20267958.666,0,20297528.201593664,0,0,0,1735653.461855121,10297528.201593664,2017-01-01,0.09424240688664298
2024-11-11,CNY,29571.787812095532,0,1.0381496989812096,0.004136897231251949,83968.78821843117,20351925.202,0,20381496.989812095,0,0,0,1735653.461855121,10381496.989812095,2017-01-01,0.09471368257552815
2024-11-12,CNY,29574.04020207192,0,1.0377038790202073,-0.0002187375938209761,-4458.199610020965,20347464.75,0,20377038.790202074,0,0,0,1735653.461855121,10377038.790202074,2017-01-01,0.09464877868270327
2024-11-13,CNY,29576.292763605758,0,1.0309636042763604,-0.003307779316339007,-67402.74743846804,20280059.75,0,20309636.042763606,0,0,0,1735653.461855121,10309636.042763606,2017-01-01,0.09415383275605116
2024-11-14,CNY,29578.545496710118,0,1.0291248807496713,-0.0009053453852239532,-18387.235266894102,20261670.262000002,0,20291248.80749671,0,0,0,1735653.461855121,10291248.807496712,2017-01-01,0.09399378134558023
2024-11-15,CNY,29580.798401398068,0,1.0178620578401398,-0.005550581443449778,-112628.2290953137,20149039.78,0,20178620.578401398,0,0,0,1735653.461855121,10178620.578401398,2017-01-01,0.09318710983802903
2024-11-18,CNY,29583.051477682675,0,1.0222423795477682,0.0021707736119072787,43803.21707628295,20192840.744,0,20222423.79547768,0,0,0,1735653.461855121,10222423.79547768,2017-01-01,0.0933861652732102
2024-11-19,CNY,29585.304725577007,0,1.0313124990725573,0.004485179232974818,90701.19524789229,20283539.685999997,0,20313124.990725573,0,0,0,1735653.461855121,10313124.990725573,2017-01-01,0.09397255610084931
2024-11-20,CNY,29587.55814509414,0,1.0375543680145096,0.0030728255474242183,62418.68941952288,20345956.122,0,20375543.680145096,0,0,0,1735653.461855121,10375543.680145096,2017-01-01,0.0943637548299423
2024-11-21,CNY,12719.542383797892,0,1.0377935158383798,0.00011737003322430072,2391.4782387018204,20365215.616,0,20377935.158383798,0,0,0,1746894.4463501307,10377935.158383798,2017-01-01,0.09434578052741105
2024-11-22,CNY,12720.511191296158,0,1.0421154345191295,0.0021208815550537905,43219.186807498336,20408433.834,0,20421154.345191296,0,0,0,1746894.4463501307,10421154.345191296,2017-01-01,0.09460512348575878
2024-11-25,CNY,12721.480072585442,0,1.0556880168072582,0.006646334511116673,135725.8228812851,20544158.687999997,0,20556880.16807258,0,0,0,1746894.4463501307,10556880.168072581,2017-01-01,0.09541963087077865
2024-11-26,CNY,12722.449027671362,0,1.0563433831027678,0.00031880630239177984,6553.662955094129,20550711.382000003,0,20563433.831027675,0,0,0,1746894.4463501307,10563433.831027675,2017-01-01,0.09542919572103759
2024-11-27,CNY,12723.418056559542,0,1.0605178024056556,0.0020300205389770713,41744.193028882146,20592454.606,0,20605178.024056558,0,0,0,1746894.4463501307,10605178.024056558,2017-01-01,0.09567541434345017
2024-11-28,CNY,12724.3871592556,0,1.0586444965159254,-0.0009091432685237867,-18733.05889730528,20573720.577999998,0,20586444.965159252,0,0,0,1746894.4463501307,10586444.965159252,2017-01-01,0.09551486387591357
2024-11-29,CNY,12725.35633576516,0,1.0629026506335766,0.0020684261536451946,42581.54117651284,20616301.15,0,20629026.506335765,0,0,0,1746894.4463501307,10629026.506335765,2017-01-01,0.0957662058483828
2024-12-02,CNY,12726.325586093843,0,1.0728921479586093,0.004842447277851375,99894.9732503295,20716195.154,0,20728921.479586095,0,0,0,1746894.4463501307,10728921.479586095,2017-01-01,0.096330280822859
2024-12-03,CNY,12727.294910247272,0,1.0843255754910248,0.005515688572449435,114334.27532415465,20830528.46,0,20843255.75491025,0,0,0,1746894.4463501307,10843255.75491025,2017-01-01,0.09705625308646892
2024-12-04,CNY,12728.26430823107,0,1.0847064484308238,0.0001827319802036601,3808.729397986084,20834336.220000003,0,20847064.484308235,0,0,0,1746894.4463501307,10847064.484308235,2017-01-01,0.0970464234385191
2024-12-05,CNY,12729.233780050861,0,1.0928657417780054,0.003913881186160921,81592.93347181752,20915928.184,0,20928657.417780053,0,0,0,1746894.4463501307,10928657.417780053,2017-01-01,0.09755155864969689
2024-12-06,CNY,6647.42097457285,0,1.0928923110974575,1.2695185802875852e-05,265.6931945234537,20922275.690000005,0,20928923.110974576,0,0,0,1758838.0654301743,10928923.110974576,2017-01-01,0.0975180498817505
2024-12-09,CNY,6647.927287700318,0,1.1008633135287704,0.0038086061041204705,79710.02431312576,21001985.208,0,21008633.135287702,0,0,0,1758838.0654301743,11008633.135287702,2017-01-01,0.0979375888607883
2024-12-10,CNY,6648.433639392062,0,1.0924798715639392,-0.003990474730480853,-83834.4196483083,20918150.282,0,20924798.715639394,0,0,0,1758838.0654301743,10924798.715639394,2017-01-01,0.09735003325644231
2024-12-11,CNY,6648.940029651021,0,1.094073729602965,0.000761707704186576,15938.580390255898,20934088.356,0,20940737.29602965,0,0,0,1758838.0654301743,10940737.29602965,2017-01-01,0.09741999789150757
2024-12-12,CNY,6649.446458480132,0,1.1040362126458483,0.004757465270705635,99624.83042883128,21033712.68,0,21040362.12645848,0,0,0,1758838.0654301743,11040362.126458481,2017-01-01,0.09803991290426128
2024-12-13,CNY,6649.952925882331,0,1.1110576892925885,0.0033371462927012934,70214.76646740362,21103926.94,0,21110576.892925885,0,0,0,1758838.0654301743,11110576.892925885,2017-01-01,0.09846442812932588
2024-12-16,CNY,6650.459431860559,0,1.124283848343186,0.006265181249039994,132261.59050597623,21236188.024,0,21242838.48343186,0,0,0,1758838.0654301743,11242838.48343186,2017-01-01,0.09921963825102065
2024-12-17,CNY,6650.965976417752,0,1.1211283895976418,-0.0014854223685810501,-31554.587455444038,21204632.93,0,21211283.895976417,0,0,0,1758838.0654301743,11211283.895976417,2017-01-01,0.09897881051081647
2024-12-18,CNY,6651.47255955685,0,1.117493625855956,-0.0017135991199360183,-36347.637416858226,21168284.786000002,0,21174936.25855956,0,0,0,1758838.0654301743,11174936.258559559,2017-01-01,0.09870669429296064
2024-12-19,CNY,6651.97918128079,0,1.0834732887181282,-0.016066323280702007,-340203.3713782765,20828080.908,0,20834732.887181282,0,0,0,1758838.0654301743,10834732.887181282,2017-01-01,0.09644140763333642
2024-12-20,CNY,6652.485841592512,0,1.0698271259841596,-0.00654971811151206,-136461.6273396872,20691618.774000004,0,20698271.259841595,0,0,0,1758838.0654301743,10698271.259841595,2017-01-01,0.0955037203903828
2024-12-23,CNY,25119.92164093237,0,1.098562999564093,0.013883223975176278,287358.73579933494,20960510.073999997,0,20985629.99564093,0,0,0,1770637.6427904617,10985629.99564093,2017-01-01,0.09729425933229852
2024-12-24,CNY,25121.83494627837,0,1.0973568260946278,-0.0005747616200780098,-12061.73469465226,20948446.426,0,20973568.260946278,0,0,0,1770637.6427904617,10973568.260946278,2017-01-01,0.09718032142590105
2024-12-25,CNY,25123.748397354815,0,1.1043436944397351,0.0033312730853325384,69868.6834510751,21018313.196,0,21043436.944397353,0,0,0,1770637.6427904617,11043436.944397353,2017-01-01,0.09760224893074554
2024-12-26,CNY,25125.661994172802,0,1.1068632281994173,0.0011973014514402725,25195.337596818805,21043506.619999997,0,21068632.28199417,0,0,0,1770637.6427904617,11068632.281994171,2017-01-01,0.09773155521759036
2024-12-27,CNY,25127.575736743434,0,1.1035869655736743,-0.0015550428627218898,-32762.626257427037,21010742.080000002,0,21035869.655736744,0,0,0,1770637.6427904617,11035869.655736744,2017-01-01,0.09748281507031242
2024-12-30,CNY,25129.489625077815,0,1.0965298457625074,-0.0033548029754226294,-70571.19811166823,20940168.968,0,20965298.457625076,0,0,0,1770637.6427904617,10965298.457625076,2017-01-01,0.0969172671351759
2024-12-31,CNY,25131.403659187043,0,1.087311890165919,-0.004396768123869162,-92179.55596588925,20847987.498,0,20873118.901659187,0,0,0,1770637.6427904617,10873118.901659187,2017-01-01,0.09627895003650044
2025-01-02,CNY,25133.317839082225,0,1.092881554783908,0.0026683432620826417,55696.64617989212,20903682.229999997,0,20928815.54783908,0,0,0,1770637.6427904617,10928815.547839079,2017-01-01,0.09657473211450895
2025-01-03,CNY,25135.23216477446,0,1.090342847016477,-0.0012130202789678735,-25387.07767430693,20878293.237999998,0,20903428.470164772,0,0,0,1770637.6427904617,10903428.470164772,2017-01-01,0.09637410069030938
2025-01-06,CNY,25137.146636274858,0,1.1007012832636272,0.004955376703842785,103584.36247149855,20981875.685999997,0,21007012.83263627,0,0,0,1770637.6427904617,11007012.83263627,2017-01-01,0.09694648410138562
2025-01-07,CNY,25139.061253594522,0,1.1070905057253597,0.003041471204228819,63892.224617328495,21045765.996000003,0,21070905.0572536,0,0,0,1770637.6427904617,11070905.0572536,2017-01-01,0.09732702528189785
2025-01-08,CNY,16748.474777603362,0,1.1066315600777603,-0.00021781012555108892,-4589.456475995481,21049567.126000002,0,21066315.600777604,0,0,0,1793830.5048478898,11066315.600777604,2017-01-01,0.0972624659265664
2025-01-09,CNY,16749.750456197722,0,1.10425121464562,-0.0011299296361307917,-23803.454321403056,21025762.396,0,21042512.1464562,0,0,0,1793830.5048478898,11042512.1464562,2017-01-01,0.09707324998709521
2025-01-10,CNY,16751.026231956504,0,1.0984735186231958,-0.0027457254068390803,-57776.96022424474,20967984.16,0,20984735.186231956,0,0,0,1793830.5048478898,10984735.186231956,2017-01-01,0.09666315367240297
2025-01-13,CNY,16752.30210488711,0,1.0828881238104886,-0.0074270152443631525,-155853.94812706858,20812128.936,0,20828881.238104887,0,0,0,1793830.5048478898,10828881.238104887,2017-01-01,0.09554359949207525
2025-01-14,CNY,16753.578074996938,0,1.0863067136074993,0.0016412738437226238,34185.89797010645,20846313.558,0,20863067.136074994,0,0,0,1793830.5048478898,10863067.136074994,2017-01-01,0.09573291921399818
2025-01-15,CNY,16754.854142293392,0,1.0874811154142292,0.0005629094701513645,11744.01806730032,20858056.3,0,20874811.154142294,0,0,0,1793830.5048478898,10874811.154142294,2017-01-01,0.09577544383252024
2025-01-16,CNY,16756.130306783874,0,1.1007571180306783,0.006359819266587366,132760.026164487,20990815.049999997,0,21007571.18030678,0,0,0,1793830.5048478898,11007571.180306781,2017-01-01,0.09660468331990213
2025-01-17,CNY,16757.406568475788,0,1.1021968258568475,0.0006853280723470019,14397.078261692077,21005210.851999998,0,21021968.258568473,0,0,0,1793830.5048478898,11021968.258568473,2017-01-01,0.09666357854849728
2025-01-20,CNY,16758.68292737654,0,1.109063061092738,0.003266219010245197,68662.35235890746,21073871.928000003,0,21090630.61092738,0,0,0,1793830.5048478898,11090630.61092738,2017-01-01,0.09700411519840091
2025-01-21,CNY,16759.95938349353,0,1.1099487475383496,0.00041994308370867534,8856.864456113428,21082727.516,0,21099487.475383494,0,0,0,1793830.5048478898,11099487.475383494,2017-01-01,0.09702672799915857
2025-01-22,CNY,16761.235936834164,0,1.1271522357936834,0.008153510020281295,172034.882553339,21254761.121999998,0,21271522.357936833,0,0,0,1793830.5048478898,11271522.357936833,2017-01-01,0.09809720896153329
2025-01-23,CNY,4246313.583380536,0,1.1187774793380538,-0.0039370743262787215,-83747.56455629691,16941461.21,0,21187774.793380536,0,0,0,1812520.9611084606,11187774.793380536,2017-01-01,0.09752558387402566
2025-01-24,CNY,4246637.011717455,0,1.1220793309717454,0.0015583758397900987,33018.51633691788,16974156.298,0,21220793.309717454,0,0,0,1812520.9611084606,11220793.309717454,2017-01-01,0.09770267242180752
2025-01-27,CNY,4246960.464688893,0,1.1209753740688893,-0.0005202241437177948,-11039.569028560072,16962793.276,0,21209753.740688894,0,0,0,1812520.9611084606,11209753.740688894,2017-01-01,0.09752789151113239
2025-01-28,CNY,4247283.942296726,0,1.1210077218296726,1.5251360849645222e-05,323.4776078313589,16962793.276,0,21210077.218296725,0,0,0,1812520.9611084606,11210077.218296725,2017-01-01,0.09749534059080944
2025-01-29,CNY,4247607.444542829,0,1.1210400720542828,1.5252289879695198e-05,323.5022461041808,16962793.276,0,21210400.72054283,0,0,0,1812520.9611084606,11210400.72054283,2017-01-01,0.0974628128219619
2025-01-30,CNY,4247930.97142908,0,1.1210724247429082,1.52532189520342e-05,323.52688625082374,16962793.276,0,21210724.24742908,0,0,0,1812520.9611084606,11210724.24742908,2017-01-01,0.09743030818004828
2025-01-31,CNY,4248254.522957355,0,1.1211047798957354,1.5254148066831342e-05,323.55152827501297,16962793.276,0,21211047.798957355,0,0,0,1812520.9611084606,11211047.798957355,2017-01-01,0.09739782664056129
2025-02-03,CNY,4248578.0991295315,0,1.121137137512953,1.5255077224080092e-05,323.5761721767485,16962793.276,0,21211371.375129532,0,0,0,1812520.9611084606,11211371.375129532,2017-01-01,0.09729638616839664
2025-02-04,CNY,4248901.699947486,0,1.1211694975947486,1.5256006423598293e-05,323.6008179523051,16962793.276,0,21211694.975947484,0,0,0,1812520.9611084606,11211694.975947484,2017-01-01,0.09726399806262087
2025-02-05,CNY,4249225.325413096,0,1.1387297801413099,0.008278585264625795,175602.82546561584,17138072.476000004,0,21387297.8014131,0,0,0,1812520.9611084606,11387297.8014131,2017-01-01,0.09834637331444873
2025-02-06,CNY,4249548.975528238,0,1.1401188293528235,0.000649473918777082,13890.492115136236,17151639.318,0,21401188.293528236,0,0,0,1812520.9611084606,11401188.293528236,2017-01-01,0.09839951959853632
2025-02-07,CNY,4249872.650294792,0,1.1444983334294792,0.0020463836010358137,43795.040766555816,17195110.684,0,21444983.334294792,0,0,0,1812520.9611084606,11444983.334294792,2017-01-01,0.0986416070556071
2025-02-10,CNY,4250196.349714633,0,1.1506984833714635,0.0028911889766166984,62001.499419841915,17256788.484,0,21506984.833714634,0,0,0,1812520.9611084606,11506984.833714634,2017-01-01,0.09892772044021902
2025-02-11,CNY,4250520.07378964,0,1.154146915778964,0.0016034011434716718,34484.32407500595,17290949.084,0,21541469.15778964,0,0,0,1812520.9611084606,11541469.15778964,2017-01-01,0.09910956939864413
2025-02-12,CNY,4250843.822521691,0,1.1527184300521691,-0.000663132916483747,-14284.85726794973,17276340.478,0,21527184.30052169,0,0,0,1812520.9611084606,11527184.30052169,2017-01-01,0.09898479170959984
2025-02-13,CNY,4251167.595912663,0,1.1544534243912667,0.0008059550728404447,17349.943390976638,17293366.648000002,0,21544534.243912667,0,0,0,1812520.9611084606,11544534.243912667,2017-01-01,0.09905877680481523
2025-02-14,CNY,4251491.393964435,0,1.1558323993964437,0.0006400579328219455,13789.75005177036,17306832.6,0,21558323.993964437,0,0,0,1812520.9611084606,11558323.993964437,2017-01-01,0.0991103016271293
2025-02-17,CNY,17691.34737446458,0,1.1471800111374466,-0.004013479091148139,-86523.88258997351,21454108.764,0,21471800.111374464,0,0,0,1817720.0550900362,11471800.111374464,2017-01-01,0.09846236156090704
2025-02-18,CNY,17692.694868696184,0,1.1484123040868695,0.0005739122677331555,12322.92949423194,21466430.346,0,21484123.040868696,0,0,0,1817720.0550900362,11484123.040868696,2017-01-01,0.09850506841186402
2025-02-19,CNY,17694.042465562183,0,1.1623782658465562,0.006500596618777389,139659.61759686843,21606088.616,0,21623782.658465564,0,0,0,1817720.0550900362,11623782.658465564,2017-01-01,0.09934482479512408
2025-02-20,CNY,17695.390165070392,0,1.1672294646165073,0.0022434552023448385,48511.98769950867,21654599.256,0,21672294.646165073,0,0,0,1817720.0550900362,11672294.646165073,2017-01-01,0.09961229046127085
2025-02-21,CNY,17696.73796722863,0,1.1695188427967231,0.0010563616901641689,22893.781802158803,21677491.69,0,21695188.42796723,0,0,0,1817720.0550900362,11695188.427967232,2017-01-01,0.09971967275333049
2025-02-24,CNY,17698.085872044714,0,1.159882954787204,-0.004441486203962867,-96358.8800951913,21581131.461999997,0,21598829.54787204,0,0,0,1817720.0550900362,11598829.54787204,2017-01-01,0.09901436468466396
2025-02-25,CNY,17699.433879526463,0,1.1623018113879526,0.0011199017036490563,24188.566007487476,21605318.68,0,21623018.113879528,0,0,0,1817720.0550900362,11623018.113879528,2017-01-01,0.09913029565279774
2025-02-26,CNY,17700.781989681698,0,1.159024981798968,-0.0015154358062907717,-32768.29588984698,21572549.036,0,21590249.81798968,0,0,0,1817720.0550900362,11590249.81798968,2017-01-01,0.09889120904112358
2025-02-27,CNY,17702.13020251824,0,1.1640354424202517,0.002320705255160457,50104.60621283576,21622652.294,0,21640354.424202517,0,0,0,1817720.0550900362,11640354.424202517,2017-01-01,0.09916846490026021
2025-02-28,CNY,17703.47851804391,0,1.153853047851804,-0.004705280869642057,-101823.94568447396,21520827.0,0,21538530.478518043,0,0,0,1817720.0550900362,11538530.478518043,2017-01-01,0.09849905190123143
2025-03-03,CNY,17704.826936266527,0,1.1650268986936267,0.00518784271423112,111738.50841822475,21632564.16,0,21650268.986936267,0,0,0,1817720.0550900362,11650268.986936267,2017-01-01,0.09909073434528382
2025-03-04,CNY,14610.339789146552,0,1.1651663711789144,6.442067088018396e-05,1394.724852874875,21637053.371999998,0,21651663.711789142,0,0,0,1818118.1549759863,11651663.711789142,2017-01-01,0.09906460301142261
2025-03-05,CNY,14611.45261273036,0,1.156256614261273,-0.004115044938920803,-89097.56917641312,21547954.689999998,0,21562566.14261273,0,0,0,1818118.1549759863,11562566.14261273,2017-01-01,0.09847601033826558
2025-03-06,CNY,14612.565521074437,0,1.1613894919521073,0.0023804577140244788,51328.77690834552,21599282.354000002,0,21613894.919521075,0,0,0,1818118.1549759863,11613894.919521075,2017-01-01,0.09876065465194217
2025-03-07,CNY,14613.67851418524,0,1.1591532636514188,-0.0010346253227450867,-22362.283006887883,21576918.958,0,21591532.636514187,0,0,0,1818118.1549759863,11591532.636514187,2017-01-01,0.09858709631591722
2025-03-10,CNY,14614.791592069223,0,1.1662450831592066,0.003284537335619659,70918.19507788122,21647836.04,0,21662450.831592068,0,0,0,1818118.1549759863,11662450.831592068,2017-01-01,0.09892315774895977
2025-03-11,CNY,14615.904754732845,0,1.1490284488754732,-0.007947685336981982,-172166.3428373374,21475668.584,0,21490284.48875473,0,0,0,1818118.1549759863,11490284.48875473,2017-01-01,0.09781934426147898
2025-03-12,CNY,14617.018002182562,0,1.1494332810002184,0.00018837913707345786,4048.3212474547327,21479715.792000003,0,21494332.810002185,0,0,0,1818118.1549759863,11494332.810002185,2017-01-01,0.09781033070341394
2025-03-13,CNY,14618.131334424832,0,1.1564575425334422,0.00326795978982663,70242.61533223838,21549957.294,0,21564575.425334424,0,0,0,1818118.1549759863,11564575.425334424,2017-01-01,0.0982128406778
2025-03-14,CNY,14619.244751466114,0,1.1684214894751461,0.005547963132002351,119639.4694170393,21669595.65,0,21684214.894751463,0,0,0,1818118.1549759863,11684214.894751463,2017-01-01,0.09891919686495454
2025-03-17,CNY,14620.358253312867,0,1.1674514153253308,-0.0004473642022659379,-9700.741498153657,21659893.794999998,0,21674514.15325331,0,0,0,1818118.1549759863,11674514.15325331,2017-01-01,0.09875561526629517
2025-03-18,CNY,14621.47183997155,0,1.1739182786839972,0.002983625521172621,64668.63358666375,21724561.315,0,21739182.786839973,0,0,0,1818118.1549759863,11739182.786839973,2017-01-01,0.09911956684495071
2025-03-19,CNY,120287.72051133068,0,1.1755942550511334,0.000770947272291514,16759.76367136091,21635654.830000002,0,21755942.550511334,0,0,0,1830193.7675438107,11755942.550511334,2017-01-01,0.09918799938050182
2025-03-20,CNY,120296.88244829857,0,1.1756408202448299,2.1403436595867286e-05,465.65193696320057,21636111.32,0,21756408.202448297,0,0,0,1830193.7675438107,11756408.202448297,2017-01-01,0.09915622207887731
2025-03-21,CNY,120306.04508310235,0,1.1665440915083103,-0.004181172118059343,-90967.28736519441,21545134.87,0,21665440.915083103,0,0,0,1830193.7675438107,11665440.915083103,2017-01-01,0.09856181694260369
2025-03-24,CNY,120315.20841579518,0,1.1713168458415795,0.0022029343192118077,47727.543332692236,21592853.25,0,21713168.458415795,0,0,0,1830193.7675438107,11713168.458415795,2017-01-01,0.09875236576550561
2025-03-25,CNY,120324.3724464302,0,1.1786711592446428,0.0033870291280371904,73543.13403063267,21666387.22,0,21786711.592446428,0,0,0,1830193.7675438107,11786711.592446428,2017-01-01,0.0991691378113515
2025-03-26,CNY,120333.5371750606,0,1.178928526717506,0.00011813048140428317,2573.6747286319733,21668951.73,0,21789285.26717506,0,0,0,1830193.7675438107,11789285.26717506,2017-01-01,0.0991503349474192
2025-03-27,CNY,120342.70260173951,0,1.1765735757601736,-0.0010807839396548935,-23549.50957332179,21645393.055,0,21765735.757601738,0,0,0,1830193.7675438107,11765735.757601738,2017-01-01,0.09897157789816524
2025-03-28,CNY,120351.86872652012,0,1.1782052718726521,0.000749662740855728,16316.961124785244,21661700.85,0,21782052.718726523,0,0,0,1830193.7675438107,11782052.718726523,2017-01-01,0.09903701031806844
2025-03-31,CNY,120361.0355494556,0,1.1751363505549453,-0.001408921995248217,-30689.21317707002,21631002.47,0,21751363.505549453,0,0,0,1830193.7675438107,11751363.505549453,2017-01-01,0.09874589814096835
2025-04-01,CNY,120370.20307059912,0,1.1845928398070602,0.004347538603592378,94564.89252114668,21725558.195,0,21845928.3980706,0,0,0,1830193.7675438107,11845928.3980706,2017-01-01,0.09928911212365565
2025-04-02,CNY,120379.37129000387,0,1.1814039106290002,-0.001459736166827997,-31889.29178059846,21693659.735,0,21814039.10629,0,0,0,1830193.7675438107,11814039.106290001,2017-01-01,0.09906013929265689
2025-04-03,CNY,1221.2971658592837,0,1.183949396716586,0.001166902688302063,25454.86087585613,21838272.669999998,0,21839493.967165858,0,0,0,1830850.9346832305,11839493.967165858,2017-01-01,0.09918088425190175
2025-04-04,CNY,1221.390188219381,0,1.1839494060188218,4.259364321242781e-09,0.09302236139774323,21838272.669999998,0,21839494.06018822,0,0,0,1830850.9346832305,11839494.060188219,2017-01-01,0.09914642106268823
2025-04-07,CNY,1221.4832176646983,0,1.1139322778217662,-0.032059867322976006,-700171.2819705568,21138101.294999998,0,21139322.778217662,0,0,0,1830850.9346832305,11139322.778217662,2017-01-01,0.09472194129640044
2025-04-08,CNY,1221.5762541957756,0,1.1381407786254196,0.011451880960254034,242085.00803653523,21380186.21,0,21381407.786254197,0,0,0,1830850.9346832305,11381407.786254197,2017-01-01,0.0961967061837159
2025-04-09,CNY,1221.6692978131525,0,1.1519179839297813,0.006443544523396011,137772.05304361507,21517958.169999998,0,21519179.839297812,0,0,0,1830850.9346832305,11519179.839297812,2017-01-01,0.09701435142827752
2025-04-10,CNY,1221.762348517369,0,1.1738324657348516,0.010183697505539121,219144.8180507049,21737102.895,0,21738324.657348517,0,0,0,1830850.9346832305,11738324.657348517,2017-01-01,0.09832402033113441
2025-04-11,CNY,1221.8554063089646,0,1.179908282540631,0.0027949793286969303,60758.16805779189,21797860.97,0,21799082.82540631,0,0,0,1830850.9346832305,11799082.82540631,2017-01-01,0.09866013020844311
2025-04-14,CNY,1221.9484711884793,0,1.1911555733471193,0.0051595247821068285,112472.9080648832,21910333.785000004,0,21911555.733471192,0,0,0,1830850.9346832305,11911555.733471192,2017-01-01,0.09923978845386738
2025-04-15,CNY,1222.0415431564527,0,1.1869702271543159,-0.0019101090966397566,-41853.46192803234,21868480.230000004,0,21869702.27154316,0,0,0,1830850.9346832305,11869702.27154316,2017-01-01,0.09895204268912083
2025-04-16,CNY,1222.134622213425,0,1.1951425874622212,0.003736841135939444,81723.60307905078,21950203.74,0,21951425.87462221,0,0,0,1830850.9346832305,11951425.87462221,2017-01-01,0.09941198860199818
2025-04-17,CNY,1222.227708359936,0,1.197297885770836,0.000981848888051837,21552.98308615014,21971756.630000003,0,21972978.85770836,0,0,0,1830850.9346832305,11972978.857708361,2017-01-01,0.09950760550366322
2025-04-18,CNY,1222.3208015965258,0,1.1984723355801599,0.0005344973100502548,11744.498093236238,21983501.035,0,21984723.355801597,0,0,0,1830850.9346832305,11984723.355801597,2017-01-01,0.0995439576950361
2025-04-21,CNY,15612.65195424873,0,1.213042126195425,0.006627234002205544,145697.9061526507,22114808.61,0,22130421.261954248,0,0,0,1843659.492606556,12130421.261954248,2017-01-01,0.10031505926609507
2025-04-22,CNY,15613.841120794561,0,1.2302302776120793,0.007766752929463529,171881.51416654512,22286688.935,0,22302302.776120793,0,0,0,1843659.492606556,12302302.776120793,2017-01-01,0.10130495954813368
2025-04-23,CNY,15615.030377915464,0,1.2037316385377919,-0.011881570858530274,-264986.39074287564,22021701.355,0,22037316.385377917,0,0,0,1843659.492606556,12037316.385377917,2017-01-01,0.09968803173220708
2025-04-24,CNY,15616.219725618337,0,1.2083436404725618,0.0020928146849269963,46120.01934770122,22067820.185,0,22083436.40472562,0,0,0,1843659.492606556,12083436.404725619,2017-01-01,0.09993003775927867
2025-04-25,CNY,15617.40916391008,0,1.202298142916391,-0.002737571021726107,-60454.97556170821,22007364.02,0,22022981.42916391,0,0,0,1843659.492606556,12022981.42916391,2017-01-01,0.09953322540156262
2025-04-28,CNY,15618.598692797594,0,1.18948614286928,-0.005817559302004796,-128120.00047111139,21879242.830000002,0,21894861.4286928,0,0,0,1843659.492606556,11894861.428692799,2017-01-01,0.09866035929749217
2025-04-29,CNY,15619.788312287777,0,1.1919204363312286,0.0011118103989270003,24342.934619486332,21903584.575,0,21919204.363312285,0,0,0,1843659.492606556,11919204.363312285,2017-01-01,0.09877290234414837
2025-04-30,CNY,15620.978022387533,0,1.1887844463022388,-0.0014307043161833988,-31359.900289896876,21872223.485,0,21887844.46302239,0,0,0,1843659.492606556,11887844.463022389,2017-01-01,0.09855014528706207
2025-05-01,CNY,15622.167823103762,0,1.1887845652823104,5.4358971493120894e-08,1.189800713211298,21872223.485,0,21887845.6528231,0,0,0,1843659.492606556,11887845.652823102,2017-01-01,0.0985162212900994
2025-05-02,CNY,15623.357714443366,0,1.1887846842714445,5.4363109140446924e-08,1.189891342073679,21872223.485,0,21887846.842714444,0,0,0,1843659.492606556,11887846.842714444,2017-01-01,0.09848232062933748
2025-05-05,CNY,15624.547696413245,0,1.188784803269641,5.436724661689897e-08,1.1899819672107697,21872223.485,0,21887848.03269641,0,0,0,1843659.492606556,11887848.032696411,2017-01-01,0.09838074411550579
2025-05-06,CNY,15625.737769020305,0,1.200322129776902,0.005271110476473696,115373.26507261023,21987595.560000002,0,22003221.29776902,0,0,0,1843659.492606556,12003221.297769021,2017-01-01,0.09903862367593597
2025-05-07,CNY,15626.927932271448,0,1.2046601707932272,0.0019715481463456583,43380.41016324982,22030974.78,0,22046601.70793227,0,0,0,1843659.492606556,12046601.707932271,2017-01-01,0.09926374267375859
2025-05-08,CNY,15628.11818617358,0,1.201841874318617,-0.0012783360047711506,-28182.964746098965,22002790.625,0,22018418.743186172,0,0,0,1843659.492606556,12018418.743186172,2017-01-01,0.09906137720393149
2025-05-09,CNY,177031.77541924606,0,1.1968859435419246,-0.002250811393177913,-49559.30776692554,21791827.66,0,21968859.435419247,0,0,0,1855690.9182995146,11968859.435419247,2017-01-01,0.09873112173383114
2025-05-12,CNY,177045.2593722282,0,1.1984756409372226,0.0007236139864115562,15896.97395297885,21807711.15,0,21984756.409372225,0,0,0,1855690.9182995146,11984756.409372225,2017-01-01,0.09872448606048234
2025-05-13,CNY,177058.74435224058,0,1.1828514184352241,-0.007106843583373842,-156242.22501998395,21651455.44,0,21828514.18435224,0,0,0,1855690.9182995146,11828514.184352241,2017-01-01,0.09775479648139518
2025-05-14,CNY,177072.23035936145,0,1.1809222975359357,-0.0008837618918979129,-19291.208992883563,21632150.744999997,0,21809222.975359358,0,0,0,1855690.9182995146,11809222.975359358,2017-01-01,0.09760538027040044
2025-05-15,CNY,177085.717393669,0,1.1583346007393671,-0.010356947068719063,-225876.96796568856,21406260.29,0,21583346.00739367,0,0,0,1855690.9182995146,11583346.00739367,2017-01-01,0.09620845536415801
2025-05-16,CNY,177099.20545524152,0,1.1748327660455242,0.007643933104953039,164981.65306157246,21571228.455000002,0,21748327.66045524,0,0,0,1855690.9182995146,11748327.660455242,2017-01-01,0.09717229796605498
2025-05-19,CNY,177112.69454415722,0,1.174144094454416,-0.0003166549639402834,-6886.715911082923,21564328.25,0,21741440.94454416,0,0,0,1855690.9182995146,11741440.944544159,2017-01-01,0.0970311528148371
2025-05-20,CNY,177126.18466049436,0,1.1834551779660494,0.004282643241256725,93110.83511633426,21657425.595,0,21834551.779660493,0,0,0,1855690.9182995146,11834551.779660493,2017-01-01,0.09755694353482847
2025-05-21,CNY,177139.67580433117,0,1.1990533715804332,0.00714381214315283,155981.93614383787,21813394.04,0,21990533.71580433,0,0,0,1855690.9182995146,11990533.715804331,2017-01-01,0.09845496935791798
2025-05-22,CNY,177153.16797574595,0,1.1960673412975744,-0.0013578707645066092,-29860.30282858759,21783520.244999997,0,21960673.412975743,0,0,0,1855690.9182995146,11960673.412975743,2017-01-01,0.09824352126695102
2025-05-23,CNY,177166.66117481695,0,1.1956624506174816,-0.0001843707943189533,-4048.906800929457,21779457.845,0,21956624.506174814,0,0,0,1855690.9182995146,11956624.506174814,2017-01-01,0.09818582875399051
2025-05-26,CNY,22744.813988736933,0,1.191592009398874,-0.0018538556404527385,-40704.412186075,21893175.28,0,21915920.09398874,0,0,0,1903485.1977545274,11915920.093988739,2017-01-01,0.09784287320335405
2025-05-27,CNY,22746.54638961065,0,1.196378134138961,0.002183857542627204,47861.24740087241,21941034.795,0,21963781.34138961,0,0,0,1903485.1977545274,11963781.341389611,2017-01-01,0.0980943404452943
2025-05-28,CNY,22748.278922435886,0,1.1979737883922432,0.0007264934159015221,15956.542532820255,21956989.604999997,0,21979737.88392243,0,0,0,1903485.1977545274,11979737.883922432,2017-01-01,0.09815568434168487
2025-05-29,CNY,22750.011587222692,0,1.2156021361587217,0.008020272061284852,176283.47766478732,22133271.349999998,0,22156021.36158722,0,0,0,1903485.1977545274,12156021.361587219,2017-01-01,0.09916529648724293
2025-05-30,CNY,22751.74438398112,0,1.1958524229383984,-0.0089139258795645,-197497.13220323622,21935772.485000003,0,21958524.229383983,0,0,0,1903485.1977545274,11958524.229383983,2017-01-01,0.09796276884105004
2025-06-02,CNY,22753.47731272122,0,1.1958525962312723,7.891826989922966e-08,1.732928741723299,21935772.485000003,0,21958525.962312724,0,0,0,1903485.1977545274,11958525.962312724,2017-01-01,0.09786267472760168
2025-06-03,CNY,22755.21037345305,0,1.1987085320373452,0.0013006045173407815,28559.35806072876,21964330.11,0,21987085.320373453,0,0,0,1903485.1977545274,11987085.320373453,2017-01-01,0.09799868354504992
2025-06-04,CNY,22756.94356618666,0,1.2054166053566187,0.0030509152175152905,67080.73319273442,22031409.11,0,22054166.053566188,0,0,0,1903485.1977545274,12054166.053566188,2017-01-01,0.09836215007816063
2025-06-05,CNY,22758.6768909321,0,1.203362746689093,-0.0009312792252208228,-20538.58667525649,22010868.79,0,22033627.46689093,0,0,0,1903485.1977545274,12033627.466890931,2017-01-01,0.09820732853607672
2025-06-06,CNY,22760.41034769943,0,1.20123297153477,-0.0009666021437112253,-21297.75154323131,21989569.305,0,22012329.7153477,0,0,0,1903485.1977545274,12012329.7153477,2017-01-01,0.09804802706844185
2025-06-09,CNY,22762.143936498705,0,1.2088261553936501,0.003449513957437144,75931.83858880028,22065499.41,0,22088261.5539365,0,0,0,1903485.1977545274,12088261.5539365,2017-01-01,0.09839591746515475
2025-06-10,CNY,22763.87765733998,0,1.2085459897657342,-0.00012683914812927164,-2801.656279157847,22062696.020000003,0,22085459.897657342,0,0,0,1903485.1977545274,12085459.897657342,2017-01-01,0.09834598662466099
2025-06-11,CNY,14330.837727730932,0,1.2124704357727727,0.0017769365117250415,39244.46007038653,22110373.52,0,22124704.35772773,0,0,0,1927808.3291357968,12124704.357727729,2017-01-01,0.09854337929367296
2025-06-12,CNY,14331.929262522683,0,1.2101511159262524,-0.0010482941643061908,-23193.19846520573,22087179.23,0,22101511.159262523,0,0,0,1927808.3291357968,12101511.159262523,2017-01-01,0.09837360312879229
2025-06-13,CNY,14333.020880453201,0,1.2008455470880457,-0.004210376734491663,-93055.68838206679,21994122.450000003,0,22008455.470880456,0,0,0,1927808.3291357968,12008455.470880456,2017-01-01,0.09779223036961482
2025-06-16,CNY,14334.112581528821,0,1.2084134777581528,0.003438646878296543,75679.30670107156,22069800.665,0,22084134.777581528,0,0,0,1927808.3291357968,12084134.777581528,2017-01-01,0.09813809465793821
2025-06-17,CNY,14335.204365755875,0,1.2156171809365754,0.0032619358879005245,72037.03178422526,22141836.604999997,0,22156171.809365753,0,0,0,1927808.3291357968,12156171.809365753,2017-01-01,0.09852732843493262
2025-06-18,CNY,14336.296233140696,0,1.2108888696233144,-0.0021340831592858303,-47283.11313261092,22094552.400000002,0,22108888.696233142,0,0,0,1927808.3291357968,12108888.696233142,2017-01-01,0.09821684796727759
2025-06-19,CNY,14337.388183689618,0,1.209158301818369,-0.0007827475314216541,-17305.678049452603,22077245.63,0,22091583.01818369,0,0,0,1927808.3291357968,12091583.01818369,2017-01-01,0.0980820644909961
2025-06-20,CNY,14338.480217408976,0,1.2084993610217412,-0.0002982768577903503,-6589.407966278493,22070655.130000003,0,22084993.61021741,0,0,0,1927808.3291357968,12084993.610217411,2017-01-01,0.09801019186095217
2025-06-23,CNY,14339.572334305105,0,1.2029296707334303,-0.002521934299194955,-55696.902883108705,22014957.134999998,0,22029296.707334302,0,0,0,1927808.3291357968,12029296.707334302,2017-01-01,0.09758392053936582
2025-06-24,CNY,14340.66453438434,0,1.2200834684534376,0.0077868113303392545,171537.97720007598,22186494.019999996,0,22200834.68453438,0,0,0,1927808.3291357968,12200834.684534378,2017-01-01,0.0985547265558262
2025-06-25,CNY,14341.756817653015,0,1.2146801936817653,-0.0024338160472121956,-54032.74771672487,22132460.18,0,22146801.936817653,0,0,0,1927808.3291357968,12146801.936817653,2017-01-01,0.09820605953840333
2025-06-26,CNY,90385.12835488081,0,1.2103496098354882,-0.001955399185233005,-43305.838462769985,22013110.970000003,0,22103496.098354883,0,0,0,1939820.841424916,12103496.098354883,2017-01-01,0.09791972789040493
2025-06-27,CNY,90392.01270554688,0,1.2201715827705546,0.004443628687227176,98219.72935066372,22111323.815,0,22201715.827705547,0,0,0,1939820.841424916,12201715.827705547,2017-01-01,0.09845993605310843
2025-06-30,CNY,90398.89758057226,0,1.2262435517580568,0.002734909785632397,60719.68987502158,22172036.619999997,0,22262435.51758057,0,0,0,1939820.841424916,12262435.517580569,2017-01-01,0.0987131285903029
2025-07-01,CNY,90405.78297999689,0,1.225003419798,-0.0005570513428674029,-12401.319600567222,22159628.415000003,0,22250034.19798,0,0,0,1939820.841424916,12250034.197980002,2017-01-01,0.09860782141614566
2025-07-02,CNY,90412.66890386073,0,1.227643382890386,0.0011864984426071803,26399.630923859775,22186021.16,0,22276433.82890386,0,0,0,1939820.841424916,12276433.828903861,2017-01-01,0.09872769171328555
2025-07-03,CNY,90419.55535220371,0,1.23178871303522,0.0018608589582483103,41453.30144834146,22227467.575,0,22317887.130352203,0,0,0,1939820.841424916,12317887.130352203,2017-01-01,0.09893444936452966
2025-07-04,CNY,90426.44232506577,0,1.2371784742325067,0.0024149961713698367,53897.61197286472,22281358.3,0,22371784.742325068,0,0,0,1939820.841424916,12371784.742325068,2017-01-01,0.09921251456751357
2025-07-07,CNY,90433.32982248688,0,1.2357044274822488,-0.0006588865248060284,-14740.467502579093,22266610.945,0,22357044.27482249,0,0,0,1939820.841424916,12357044.274822488,2017-01-01,0.09902719980470676
2025-07-08,CNY,90440.21784450697,0,1.238515244284451,0.0012572398961376045,28108.16802202165,22294712.225,0,22385152.44284451,0,0,0,1939820.841424916,12385152.44284451,2017-01-01,0.09915586131388099
2025-07-09,CNY,90447.10639116603,0,1.2350881816391168,-0.0015309534541185802,-34270.62645334378,22260434.71,0,22350881.816391166,0,0,0,1939820.841424916,12350881.816391166,2017-01-01,0.098924975002181
2025-07-10,CNY,90453.995462504,0,1.2407987295462504,0.002554954186615539,57105.47907133773,22317533.3,0,22407987.295462504,0,0,0,1939820.841424916,12407987.295462504,2017-01-01,0.09922049831529534
2025-07-11,CNY,7774.080270795994,0,1.2393226760270801,-0.0006587175812391021,-14760.535191703588,22385452.680000003,0,22393226.7602708,0,0,0,1940134.848698746,12393226.7602708,2017-01-01,0.09910221230582139
2025-07-14,CNY,7774.672398014978,0,1.2302657397398016,-0.004044498090532959,-90569.36287278682,22294882.724999998,0,22302657.397398014,0,0,0,1940134.848698746,12302657.397398014,2017-01-01,0.09848082712865391
2025-07-15,CNY,7775.264570334429,0,1.2425150454570333,0.005492307709780269,122493.05717231706,22417375.189999998,0,22425150.45457033,0,0,0,1940134.848698746,12425150.45457033,2017-01-01,0.09915226781741149
2025-07-16,CNY,7775.85678775778,0,1.2370427476787755,-0.0024402501955755897,-54722.977782577276,22362651.619999997,0,22370427.476787753,0,0,0,1940134.848698746,12370427.476787753,2017-01-01,0.09880473866057038
2025-07-17,CNY,7776.449050288468,0,1.2469740384050287,0.004439472932092337,99312.9072625339,22461963.935,0,22469740.384050287,0,0,0,1940134.848698746,12469740.384050287,2017-01-01,0.09934109974911265
2025-07-18,CNY,7777.041357929928,0,1.2540522386357935,0.0031501032543255025,70782.00230764598,22532745.345000003,0,22540522.386357933,0,0,0,1940134.848698746,12540522.386357933,2017-01-01,0.09971216603028132
2025-07-21,CNY,7777.633710685597,0,1.2566770843710686,0.0011645008444276309,26248.45735275373,22558993.21,0,22566770.843710687,0,0,0,1940134.848698746,12566770.843710687,2017-01-01,0.09976132682696681
2025-07-22,CNY,7778.226108558911,0,1.2577843486108562,0.0004906613566716403,11072.642397873104,22570065.26,0,22577843.48610856,0,0,0,1940134.848698746,12577843.48610856,2017-01-01,0.09979087272268727
2025-07-23,CNY,7778.818551553305,0,1.2581384698551554,0.0001568445828394955,3541.2124429941177,22573605.880000003,0,22581384.698551554,0,0,0,1940134.848698746,12581384.698551554,2017-01-01,0.0997775471579807
2025-07-24,CNY,7779.411039672217,0,1.262403140603967,0.0018885780503465485,42646.70748811588,22616251.994999997,0,22624031.40603967,0,0,0,1940134.848698746,12624031.40603967,2017-01-01,0.09998632879026692
2025-07-25,CNY,7780.003572919084,0,1.2663498718572916,0.0017444862865027835,39467.31253324449,22655718.714999996,0,22663498.718572915,0,0,0,1940134.848698746,12663498.718572915,2017-01-01,0.10017655179108553
2025-07-28,CNY,16853.97748425366,0,1.2720275172484254,0.002505193686833942,56776.453911338,22703421.195,0,22720275.172484253,0,0,0,1952992.5584040466,12720275.172484253,2017-01-01,0.10039683411673006
2025-07-29,CNY,16855.26119865703,0,1.2756995811198655,0.0016162057209093146,36720.638714402914,22740140.549999997,0,22756995.811198656,0,0,0,1952992.5584040466,12756995.811198656,2017-01-01,0.10057032823979739
2025-07-30,CNY,16856.545010836886,0,1.2758583220010835,6.97547613643714e-05,1587.4088121801615,22741726.674999997,0,22758583.220010836,0,0,0,1952992.5584040466,12758583.220010836,2017-01-01,0.1005456090945891
2025-07-31,CNY,16857.82892080067,0,1.2621565378920798,-0.006020490808477189,-137017.84109003842,22604707.549999997,0,22621565.378920797,0,0,0,1952992.5584040466,12621565.378920797,2017-01-01,0.09973825560511163
2025-08-01,CNY,16859.112928555838,0,1.2535607072928552,-0.0037998389833951655,-85958.30599224567,22518747.959999997,0,22535607.07292855,0,0,0,1952992.5584040466,12535607.072928552,2017-01-01,0.09921757121177932
2025-08-04,CNY,16860.397034109832,0,1.2562312952034107,0.0011850525712102003,26705.879105556756,22545452.555,0,22562312.95203411,0,0,0,1952992.5584040466,12562312.952034108,2017-01-01,0.0992695881373209
2025-08-05,CNY,16861.681237470104,0,1.271845920623747,0.006920666978395189,156146.25420336053,22701597.525,0,22718459.20623747,0,0,0,1952992.5584040466,12718459.206237469,2017-01-01,0.10011833766452538
2025-08-06,CNY,16862.9655386441,0,1.2770704885538646,0.002299701701902033,52245.67930117622,22753841.92,0,22770704.885538645,0,0,0,1952992.5584040466,12770704.885538645,2017-01-01,0.10037868647985904
2025-08-07,CNY,16864.249937639277,0,1.2781405284937635,0.00046991955026327045,10700.399398989975,22764541.034999996,0,22781405.284937635,0,0,0,1952992.5584040466,12781405.284937635,2017-01-01,0.10040525072217577
2025-08-08,CNY,16865.53443446308,0,1.2809480464434464,0.001232372592721087,28075.179496828467,22792614.93,0,22809480.464434464,0,0,0,1952992.5584040466,12809480.464434464,2017-01-01,0.10052918831447277
2025-08-11,CNY,16866.819029122962,0,1.2856283399029125,0.0020519070860749405,46802.934594661,22839416.580000002,0,22856283.399029125,0,0,0,1952992.5584040466,12856283.399029125,2017-01-01,0.10069044963644025
2025-08-12,CNY,3707.772726429729,0,1.2840375257726433,-0.0006960073527688833,-15908.141302693635,22836667.485,0,22840375.25772643,0,0,0,1953193.8870946064,12840375.25772643,2017-01-01,0.10056797794400918
2025-08-13,CNY,3708.05513580507,0,1.2950078145135806,0.004803024738933038,109702.88740937412,22946370.09,0,22950078.145135805,0,0,0,1953193.8870946064,12950078.145135805,2017-01-01,0.10114624483336021
2025-08-14,CNY,3708.337566690644,0,1.288462650256669,-0.002851913712676651,-65451.64256911352,22880918.165,0,22884626.50256669,0,0,0,1953193.8870946064,12884626.502566691,2017-01-01,0.10074797779408962
2025-08-15,CNY,3708.6200190880895,0,1.302874598001909,0.006297654778688794,144119.47745239735,23025037.36,0,23028745.98001909,0,0,0,1953193.8870946064,13028745.980019089,2017-01-01,0.10151567410119777
2025-08-18,CNY,3708.9024929990446,0,1.3038878937493,0.0004400134285515683,10132.957473911345,23035170.035,0,23038878.937493,0,0,0,1953193.8870946064,13038878.937493,2017-01-01,0.10147042210629564
2025-08-19,CNY,3709.1849884251483,0,1.3011877024988419,-0.0011720150350127286,-27001.912504579872,23008167.839999996,0,23011877.02498842,0,0,0,1953193.8870946064,13011877.02498842,2017-01-01,0.10128714457179955
2025-08-20,CNY,3709.4675053680394,0,1.306909611750537,0.002486502620138886,57219.09251694754,23065386.65,0,23069096.117505368,0,0,0,1953193.8870946064,13069096.117505368,2017-01-01,0.10156999846560044
2025-08-21,CNY,3709.7500438293564,0,1.3096866620043826,0.001203796732954119,27770.502538457513,23093156.869999997,0,23096866.620043825,0,0,0,1953193.8870946064,13096866.620043825,2017-01-01,0.1016895489069185
2025-08-22,CNY,3710.0326038107387,0,1.3168769387603807,0.0031130961936449196,71902.76755998284,23165059.354999997,0,23168769.38760381,0,0,0,1953193.8870946064,13168769.387603808,2017-01-01,0.10205183607706125
2025-08-25,CNY,3710.315185313825,0,1.3427745010185315,0.011177789301147186,258975.62258150429,23424034.695,0,23427745.010185312,0,0,0,1953193.8870946064,13427745.010185312,2017-01-01,0.10336633855045663
2025-08-26,CNY,3710.5977883402547,0,1.3339566687788338,-0.0037638416483805467,-88178.32239697501,23335856.089999996,0,23339566.687788337,0,0,0,1953193.8870946064,13339566.687788337,2017-01-01,0.10285152184297375
2025-08-27,CNY,10784.660590325335,0,1.3158699520590322,-0.007749379824289811,-180867.1671980135,23147914.86,0,23158699.520590324,0,0,0,1978989.8456637014,13158699.520590324,2017-01-01,0.1018271451550421
2025-08-28,CNY,10785.482023969007,0,1.3166925412023969,0.00035519660446958285,8225.89143364504,23156139.93,0,23166925.41202397,0,0,0,1978989.8456637014,13166925.412023969,2017-01-01,0.10183852375630531
2025-08-29,CNY,10786.303520178693,0,1.3169261153520178,0.00010082224786707224,2335.741496209055,23158474.849999998,0,23169261.153520178,0,0,0,1978989.8456637014,13169261.153520178,2017-01-01,0.1018175594471602
2025-09-01,CNY,10787.12507895916,0,1.3262832680078955,0.004038606407807811,93571.52655877918,23252045.555,0,23262832.680078957,0,0,0,1978989.8456637014,13262832.680078957,2017-01-01,0.10222837775443105
2025-09-02,CNY,10787.946700315171,0,1.3222688216700313,-0.0017256911026583327,-40144.463378641754,23211900.27,0,23222688.216700315,0,0,0,1978989.8456637014,13222688.216700315,2017-01-01,0.10197512218781957
2025-09-03,CNY,10788.768384251496,0,1.335048076838425,0.005502918115743198,127792.55168393627,23339692.0,0,23350480.76838425,0,0,0,1978989.8456637014,13350480.768384252,2017-01-01,0.10263829976832217
2025-09-04,CNY,10789.590130772898,0,1.3272537245130773,-0.003337983659805881,-77943.52325347811,23261747.655,0,23272537.245130774,0,0,0,1978989.8456637014,13272537.245130774,2017-01-01,0.10217976587886746
2025-09-05,CNY,10790.411939884147,0,1.3402245131939883,0.005573431269779101,129707.88680911064,23391454.72,0,23402245.131939884,0,0,0,1978989.8456637014,13402245.131939884,2017-01-01,0.10285148812627476
2025-09-08,CNY,10791.233811590007,0,1.3488699918811595,0.0036942945595298286,86454.78687170893,23477908.685000002,0,23488699.918811593,0,0,0,1978989.8456637014,13488699.918811593,2017-01-01,0.10321727825637295
2025-09-09,CNY,10792.055745895248,0,1.3532358710745895,0.0018587147047393012,43658.79193430394,23521566.655,0,23532358.710745897,0,0,0,1978989.8456637014,13532358.710745897,2017-01-01,0.10341874344098012
2025-09-10,CNY,10792.877742804638,0,1.3458247872742803,-0.003149316178375821,-74110.83800309524,23447454.994999997,0,23458247.872742802,0,0,0,1978989.8456637014,13458247.872742802,2017-01-01,0.10298450674996085
2025-09-11,CNY,15815.161949730295,0,1.3501240566949733,0.0018327325399645831,42992.6942069307,23485425.405,0,23501240.566949733,0,0,0,1992316.4659561263,13501240.566949733,2017-01-01,0.1031825878477195
2025-09-12,CNY,15816.366540824916,0,1.3557366886540825,0.0023882279504012813,56126.31959109381,23541550.520000003,0,23557366.886540826,0,0,0,1992316.4659561263,13557366.886540826,2017-01-01,0.10345085136413701
2025-09-15,CNY,15817.571223669449,0,1.351687364122367,-0.001718920688894675,-40493.24531715736,23501056.07,0,23516873.64122367,0,0,0,1992316.4659561263,13516873.641223669,2017-01-01,0.10313052475087003
2025-09-16,CNY,15818.775998270881,0,1.359828734099827,0.0034619269983186553,81413.69977460057,23582468.564999998,0,23598287.34099827,0,0,0,1992316.4659561263,13598287.34099827,2017-01-01,0.10353400550604785
2025-09-17,CNY,15819.980864636202,0,1.3535350055864641,-0.002667027662820535,-62937.28513363004,23519530.075000003,0,23535350.05586464,0,0,0,1992316.4659561263,13535350.05586464,2017-01-01,0.10316184809123952
2025-09-18,CNY,15821.1858227724,0,1.3464058101822776,-0.003029143559481491,-71291.95404186472,23448236.916,0,23464058.101822775,0,0,0,1992316.4659561263,13464058.101822775,2017-01-01,0.1027441273246188
2025-09-19,CNY,15822.390872686467,0,1.3527582502872684,0.002707306671942371,63524.40104990825,23511760.111999996,0,23527582.502872683,0,0,0,1992316.4659561263,13527582.502872683,2017-01-01,0.10305207627723112
2025-09-22,CNY,15823.596014385392,0,1.3640040128014381,0.004779820669121783,112457.62514169887,23624216.531999998,0,23640040.128014382,0,0,0,1992316.4659561263,13640040.128014382,2017-01-01,0.1035527461808583
2025-09-23,CNY,15824.801247876165,0,1.3626876805247874,-0.0005568231989128415,-13163.322766508907,23611052.003999997,0,23626876.805247873,0,0,0,1992316.4659561263,13626876.805247873,2017-01-01,0.10344826952971453
2025-09-24,CNY,15826.00657316578,0,1.3651727522573167,0.0010517986583725202,24850.717325292528,23635901.516,0,23651727.522573166,0,0,0,1992316.4659561263,13651727.522573166,2017-01-01,0.1035469803814073
2025-09-25,CNY,15827.211990261227,0,1.3615429595990265,-0.0015346839484879063,-36297.92658290267,23599602.384000003,0,23615429.595990263,0,0,0,1992316.4659561263,13615429.595990263,2017-01-01,0.10331898849332921
2025-09-26,CNY,34229.810571023525,0,1.3579050710571021,-0.0015404710412474972,-36378.885419242084,23544820.9,0,23579050.71057102,0,0,0,2005394.5743537033,13579050.71057102,2017-01-01,0.10309045524309934
2025-09-29,CNY,34232.41774792854,0,1.3720683221747931,0.006006709638798699,141632.51117691025,23686450.804,0,23720683.22174793,0,0,0,2005394.5743537033,13720683.221747931,2017-01-01,0.103743918411215
2025-09-30,CNY,34235.025123414016,0,1.3821412293123414,0.004246465855719111,100729.07137548178,23787177.268,0,23821412.293123413,0,0,0,2005394.5743537033,13821412.293123413,2017-01-01,0.10424424728920023
2025-10-01,CNY,34237.63269749507,0,1.3821414900697495,1.094634545939054e-07,2.6075740829110146,23787177.268,0,23821414.900697496,0,0,0,2005394.5743537033,13821414.900697496,2017-01-01,0.10421000062896613
2025-10-02,CNY,34240.240470186836,0,1.3821417508470186,1.0947177991666399e-07,2.6077726893126965,23787177.268,0,23821417.508470185,0,0,0,2005394.5743537033,13821417.508470185,2017-01-01,0.10417577645514764
2025-10-03,CNY,34242.84844150444,0,1.3821420116441505,1.0948010617499162e-07,2.60797131806612,23787177.268,0,23821420.116441503,0,0,0,2005394.5743537033,13821420.116441503,2017-01-01,0.10414157474562225
2025-10-06,CNY,34245.456611463,0,1.382142272461146,1.094884328997355e-07,2.6081699579954147,23787177.268,0,23821422.72461146,0,0,0,2005394.5743537033,13821422.724611461,2017-01-01,0.1040390766118513
2025-10-07,CNY,34248.06498007766,0,1.382142533298008,1.0949676040366327e-07,2.608368616551161,23787177.268,0,23821425.332980078,0,0,0,2005394.5743537033,13821425.332980078,2017-01-01,0.10400496454622177
2025-10-08,CNY,34250.67354736354,0,1.3821427941547366,1.0950508837400638e-07,2.608567286282778,23787177.268,0,23821427.941547364,0,0,0,2005394.5743537033,13821427.941547364,2017-01-01,0.10397087483470346
2025-10-09,CNY,34253.28231333578,0,1.4226588734313337,0.017008249621313563,405160.7927659713,24192335.452,0,24226588.734313335,0,0,0,2005394.5743537033,14226588.734313335,2017-01-01,0.10605981361202299
2025-10-10,CNY,34255.89127800951,0,1.4189066555278007,-0.0015488015851849494,-37522.17903532833,24154810.663999997,0,24189066.555278007,0,0,0,2005394.5743537033,14189066.555278007,2017-01-01,0.10582980649485796
2025-10-13,CNY,34258.50044139987,0,1.4187683208441397,-5.718893010816844e-05,-1383.3468366116285,24153424.707999997,0,24187683.208441395,0,0,0,2005394.5743537033,14187683.208441395,2017-01-01,0.10571858705611126
2025-10-14,CNY,34261.10980352199,0,1.414273399780352,-0.0018583512215914844,-44949.2106378749,24108472.888,0,24142733.99780352,0,0,0,2005394.5743537033,14142733.99780352,2017-01-01,0.10545005490145032
2025-10-15,CNY,34263.71936439101,0,1.435888329936439,0.008952975316736398,216149.30156086758,24324619.58,0,24358883.299364388,0,0,0,2005394.5743537033,14358883.299364388,2017-01-01,0.10653642330622115
2025-10-16,CNY,34266.32912402206,0,1.4424981341124021,0.0027135087001856637,66098.04175963253,24390715.012,0,24424981.34112402,0,0,0,2005394.5743537033,14424981.34112402,2017-01-01,0.10684242742222816
2025-10-17,CNY,34268.93908243028,0,1.4493714663082433,0.0028140583199826683,68733.32195841148,24459445.724000003,0,24493714.663082432,0,0,0,2005394.5743537033,14493714.663082432,2017-01-01,0.10716094112947872
2025-10-20,CNY,34271.549239630825,0,1.4573038553239632,0.0032385406316812956,79323.8901572004,24538767.004,0,24573038.553239632,0,0,0,2005394.5743537033,14573038.553239632,2017-01-01,0.10746222641333958
2025-10-21,CNY,18412.77003814492,0,1.4722512642038148,0.006082849236355807,149474.0887985155,24704099.872,0,24722512.642038148,0,0,0,2033652.2558911014,14722512.642038148,2017-01-01,0.10818956211425346
2025-10-22,CNY,18414.172480869554,0,1.4625121832480872,-0.003939357255769967,-97390.80955727771,24606707.66,0,24625121.83248087,0,0,0,2033652.2558911014,14625121.83248087,2017-01-01,0.10765800920430935
2025-10-23,CNY,18415.575030413835,0,1.4563180439030412,-0.002515374091215909,-61941.3934504576,24544764.864,0,24563180.439030413,0,0,0,2033652.2558911014,14563180.439030413,2017-01-01,0.10730645206297873
2025-10-24,CNY,18416.977686785896,0,1.458484560568679,0.0008820179744292968,21665.16665637493,24566428.628000002,0,24584845.605686788,0,0,0,2033652.2558911014,14584845.605686788,2017-01-01,0.10738208591963527
2025-10-27,CNY,18418.380449993878,0,1.4791841512449997,0.00841965453365818,206995.90676320717,24773423.132,0,24791841.512449995,0,0,0,2033652.2558911014,14791841.512449995,2017-01-01,0.10832913127489618
2025-10-28,CNY,18419.783320045917,0,1.4608846707320047,-0.00738125100703199,-182994.805129949,24590426.924,0,24608846.707320046,0,0,0,2033652.2558911014,14608846.707320046,2017-01-01,0.10736427607482035
2025-10-29,CNY,18421.186296950153,0,1.4839110138296951,0.009356937109466886,230263.43097690493,24820688.952,0,24839110.13829695,0,0,0,2033652.2558911014,14839110.13829695,2017-01-01,0.10849743771323928
2025-10-30,CNY,18422.589380714722,0,1.4802133877380714,-0.001488630659889332,-36976.26091623679,24783711.288,0,24802133.877380714,0,0,0,2033652.2558911014,14802133.877380714,2017-01-01,0.1082751554114667
2025-10-31,CNY,18423.992571347764,0,1.4952692348571346,0.006070383779677084,150558.4711906314,24934268.356,0,24952692.348571345,0,0,0,2033652.2558911014,14952692.348571345,2017-01-01,0.1089989610956319
2025-11-03,CNY,18425.395868857417,0,1.5045261339868858,0.003709779690479502,92568.99129751325,25026835.944000002,0,25045261.33986886,0,0,0,2033652.2558911014,15045261.339868858,2017-01-01,0.10935661539028874
2025-11-04,CNY,18426.799273251825,0,1.4642598571273253,-0.01607740335113287,-402662.7685956061,24624171.772,0,24642598.571273252,0,0,0,2033652.2558911014,14642598.571273252,2017-01-01,0.10729104440799575
2025-11-05,CNY,2575.3607734821667,0,1.444513670077348,-0.008013029548351258,-197461.8704997711,24442561.34,0,24445136.70077348,0,0,0,2060414.2905330532,14445136.700773481,2017-01-01,0.106250230193768
2025-11-06,CNY,2575.5569306042394,0,1.4630040156930608,0.0075640180875435606,184903.45615712553,24627464.6,0,24630040.156930607,0,0,0,2060414.2905330532,14630040.156930607,2017-01-01,0.10715747432510159
2025-11-07,CNY,2575.7531026669826,0,1.448448837710267,-0.005909522635795659,-145551.77982793748,24481912.624,0,24484488.37710267,0,0,0,2060414.2905330532,14484488.37710267,2017-01-01,0.10638202681939646
2025-11-10,CNY,2575.949289671534,0,1.4661366601289676,0.007224093126341074,176878.2241870053,24658790.652000003,0,24661366.601289675,0,0,0,2060414.2905330532,14661366.601289675,2017-01-01,0.1071768933641204
2025-11-11,CNY,2576.1454916190323,0,1.4701569045491616,0.0016301790915285341,40202.44420194253,24698992.9,0,24701569.045491617,0,0,0,2060414.2905330532,14701569.045491617,2017-01-01,0.10734543427106669
2025-11-12,CNY,2576.3417085106153,0,1.4730308097708509,0.0011634504740959555,28739.0522168912,24727731.755999997,0,24730308.09770851,0,0,0,2060414.2905330532,14730308.097708508,2017-01-01,0.10745571157604794
2025-11-13,CNY,2576.5379403474208,0,1.4742250049940346,0.0004828873212843568,11941.9522318393,24739673.512000002,0,24742250.049940348,0,0,0,2060414.2905330532,14742250.049940348,2017-01-01,0.10748106336968144
2025-11-14,CNY,2576.7341871305875,0,1.4551578530187128,-0.007706312860324566,-190671.51975322142,24549001.795999996,0,24551578.530187126,0,0,0,2060414.2905330532,14551578.530187126,2017-01-01,0.10648143664900545
2025-11-17,CNY,2576.9304488612543,0,1.4327860886448862,-0.00911214908089093,-223717.64373826608,24325283.956,0,24327860.88644886,0,0,0,2060414.2905330532,14327860.88644886,2017-01-01,0.10523858529382935
2025-11-18,CNY,2577.1267255405587,0,1.4073744662725542,-0.010445481619177896,-254116.22372331843,24071167.536000002,0,24073744.66272554,0,0,0,2060414.2905330532,14073744.662725542,2017-01-01,0.10389951204177894
2025-11-19,CNY,2577.32301716964,0,1.4031018367017167,-0.0017748088761001203,-42726.29570837319,24028441.044,0,24031018.36701717,0,0,0,2060414.2905330532,14031018.367017169,2017-01-01,0.10364534515548884
2025-11-20,CNY,82378.39184642311,0,1.4283698271846421,0.01051473978214999,252679.9048292525,24201319.88,0,24283698.27184642,0,0,0,2086965.0957286796,14283698.271846421,2017-01-01,0.10491061235078658
2025-11-21,CNY,82384.66634917705,0,1.4062881330349173,-0.009093217146140144,-220816.94149724767,23980496.663999997,0,24062881.330349173,0,0,0,2086965.0957286796,14062881.330349173,2017-01-01,0.10374269566747962
2025-11-24,CNY,82390.9413298401,0,1.411344386532984,0.0021012668552246143,50562.53498066589,24031052.924,0,24113443.86532984,0,0,0,2086965.0957286796,14113443.86532984,2017-01-01,0.10390233800844473
2025-11-25,CNY,82397.21678844868,0,1.416798950878845,0.0022620428572226437,54545.64345860854,24085592.292,0,24167989.508788448,0,0,0,2086965.0957286796,14167989.508788448,2017-01-01,0.10414883752706539
2025-11-26,CNY,82403.49272503919,0,1.407210313272504,-0.0039674949390613706,-95886.37606340647,23989699.64,0,24072103.13272504,0,0,0,2086965.0957286796,14072103.132725041,2017-01-01,0.10362266192022496
2025-11-27,CNY,82409.76913964802,0,1.413194899713965,0.002486108674619636,59845.86441460624,24049539.228,0,24131948.997139648,0,0,0,2086965.0957286796,14131948.997139648,2017-01-01,0.10389672054726229
2025-11-28,CNY,82416.0460323116,0,1.4191594130032312,0.0024716251845109667,59645.13289266452,24109178.084,0,24191594.130032312,0,0,0,2086965.0957286796,14191594.130032312,2017-01-01,0.10416888931622847
2025-12-01,CNY,82422.32340306633,0,1.4176653983403074,-0.0006175759459643518,-14940.146629240364,24094231.660000004,0,24176653.98340307,0,0,0,2086965.0957286796,14176653.983403072,2017-01-01,0.1039916793118405
2025-12-02,CNY,82428.60125194862,0,1.409237041725195,-0.0034861551234088455,-84283.5661511235,24009941.816,0,24092370.41725195,0,0,0,2086965.0957286796,14092370.417251948,2017-01-01,0.10352632457258149
2025-12-03,CNY,82434.8795789949,0,1.4114083331578997,0.0009012361154591782,21712.914327047765,24031648.452,0,24114083.331578996,0,0,0,2086965.0957286796,14114083.331578996,2017-01-01,0.10360430632342421
2025-12-04,CNY,82441.15838424159,0,1.406927901038424,-0.0018580146953412298,-44804.321194756776,23986837.851999998,0,24069279.01038424,0,0,0,2086965.0957286796,14069279.01038424,2017-01-01,0.10334116949393479
2025-12-05,CNY,30734.672968759354,0,1.4144566416968765,0.0031279460656898897,75287.40658452362,24113831.744000003,0,24144566.416968763,0,0,0,2126522.5219291453,14144566.416968763,2017-01-01,0.10369363702293888
2025-12-08,CNY,30737.013932036996,0,1.409180012593204,-0.0021854312943735852,-52766.291036725044,24061063.112,0,24091800.125932038,0,0,0,2126522.5219291453,14091800.125932038,2017-01-01,0.10332358888421589
2025-12-09,CNY,30739.35507361844,0,1.3974713683073623,-0.00486001221354923,-117086.44285841659,23943974.328,0,23974713.68307362,0,0,0,2126522.5219291453,13974713.683073621,2017-01-01,0.10268963673169007
2025-12-10,CNY,30741.696393517268,0,1.4038362476393513,0.002654830174878326,63648.79331989214,24007620.779999997,0,24038362.476393513,0,0,0,2126522.5219291453,14038362.476393513,2017-01-01,0.10298340343492618
2025-12-11,CNY,30744.037891747063,0,1.4013904329891749,-0.001017463087420509,-24458.146501764655,23983160.292000003,0,24013904.32989175,0,0,0,2126522.5219291453,14013904.329891749,2017-01-01,0.10282487766612713
2025-12-12,CNY,30746.379568321405,0,1.4165911023568318,0.006329945001378032,152006.69367656857,24135164.643999998,0,24165911.023568317,0,0,0,2126522.5219291453,14165911.023568317,2017-01-01,0.10356932409947373
2025-12-15,CNY,30748.72142325388,0,1.4180122965423254,0.000588098741283884,14211.941854938865,24149374.244000003,0,24180122.965423256,0,0,0,2126522.5219291453,14180122.965423256,2017-01-01,0.10354197766168904
2025-12-16,CNY,30751.063456558073,0,1.4064846875456558,-0.004767390560070366,-115276.08996669948,24034095.812,0,24064846.875456557,0,0,0,2126522.5219291453,14064846.875456557,2017-01-01,0.10292064008643176
2025-12-17,CNY,30753.405668247568,0,1.4161722689668248,0.0040256152350794765,96875.81421169266,24130969.284,0,24161722.68966825,0,0,0,2126522.5219291453,14161722.68966825,2017-01-01,0.10338186656297066
2025-12-18,CNY,30755.748058335954,0,1.410949145205834,-0.0021617348349189723,-52231.237609907985,24078735.704000004,0,24109491.45205834,0,0,0,2126522.5219291453,14109491.452058341,2017-01-01,0.10308254922967319
2025-12-19,CNY,30758.09062683682,0,1.4190531818626835,0.0033613469918950026,81040.36656849459,24159773.728,0,24190531.818626836,0,0,0,2126522.5219291453,14190531.818626836,2017-01-01,0.10346211724685594
2025-12-22,CNY,9999.214669568766,0,1.432235568666957,0.005449399336530024,131823.86804273352,24312356.472,0,24322355.68666957,0,0,0,2140034.959437108,14322355.68666957,2017-01-01,0.1040305812874962
2025-12-23,CNY,9999.976278269483,0,1.4380105436278265,0.002374348535670276,57749.74960869551,24370105.459999997,0,24380105.436278265,0,0,0,2140034.959437108,14380105.436278265,2017-01-01,0.10428873790402227
2025-12-24,CNY,10000.737944979539,0,1.4414595193944981,0.0014146681094903218,34489.75766671449,24404594.456,0,24414595.19394498,0,0,0,2140034.959437108,14414595.19394498,2017-01-01,0.10442906808856134
2025-12-25,CNY,10001.49966970335,0,1.4367066851669708,-0.001946718423865593,-47528.342275273055,24357065.352,0,24367066.851669706,0,0,0,2140034.959437108,14367066.851669706,2017-01-01,0.10415625184207244
2025-12-26,CNY,10002.261452445333,0,1.4398694253452442,0.0012979568683938246,31627.401782736182,24388691.992,0,24398694.253452443,0,0,0,2140034.959437108,14398694.253452443,2017-01-01,0.10428220604361771
2025-12-29,CNY,10003.02329320991,0,1.429980487129321,-0.004053060427413657,-98889.3821592331,24289801.848,0,24299804.87129321,0,0,0,2140034.959437108,14299804.87129321,2017-01-01,0.10368401868220034
2025-12-30,CNY,10003.7851920015,0,1.4166984381192003,-0.005465907681345858,-132820.49010120705,24156980.596,0,24166984.381192002,0,0,0,2140034.959437108,14166984.381192002,2017-01-01,0.10297918175759979
2025-12-31,CNY,10004.547148824522,0,1.4151525903148823,-0.0006396527510155775,-15458.478043179959,24141521.356,0,24151525.903148822,0,0,0,2140034.959437108,14151525.903148822,2017-01-01,0.10286792880749762
2026-01-02,CNY,10005.309163683396,0,1.4151526665163683,3.1551416729545596e-08,0.7620148584246635,24141521.356,0,24151526.66516368,0,0,0,2140034.959437108,14151526.66516368,2017-01-01,0.1028022695554347
2026-01-05,CNY,10006.071236582544,0,1.4359480375236582,0.008610375358707857,207953.7100729011,24349474.303999998,0,24359480.375236582,0,0,0,2140034.959437108,14359480.375236582,2017-01-01,0.10375264667862827
2026-01-06,CNY,10006.833367526384,0,1.443472797736753,0.003089047917764336,75247.60213094577,24424721.144,0,24434727.977367528,0,0,0,2140034.959437108,14434727.977367528,2017-01-01,0.1040969480955225
2026-01-07,CNY,10007.59555651934,0,1.4398877927556524,-0.0014671761373489165,-35850.04981100559,24388870.332000002,0,24398877.927556522,0,0,0,2140034.959437108,14398877.927556522,2017-01-01,0.10388414661700218
2026-01-08,CNY,19103.84186401781,0,1.4371801821864016,-0.001109727495374925,-27076.105692505836,24352697.979999997,0,24371801.821864016,0,0,0,2180254.968098282,14371801.821864016,2017-01-01,0.10371527348482701
2026-01-09,CNY,19105.296943507707,0,1.4555306204943506,0.00752937285559517,183504.38307948783,24536200.907999996,0,24555306.204943504,0,0,0,2180254.968098282,14555306.204943504,2017-01-01,0.10459941823103969
2026-01-12,CNY,19106.752133826427,0,1.4640764392133825,0.0034802330085835294,85458.18719032034,24621657.639999997,0,24640764.392133825,0,0,0,2180254.968098282,14640764.392133825,2017-01-01,0.10492412625372394
2026-01-13,CNY,19108.207434982414,0,1.4559720307434985,-0.0032890247806075783,-81044.08469884098,24540612.1,0,24559720.307434984,0,0,0,2180254.968098282,14559720.307434984,2017-01-01,0.104488186017901
2026-01-14,CNY,19109.66284698411,0,1.460957455484698,0.0020299191842548677,49854.247411996126,24590464.891999997,0,24609574.55484698,0,0,0,2180254.968098282,14609574.55484698,2017-01-01,0.10470260918785512
2026-01-15,CNY,19111.118369839955,0,1.4688623522369841,0.003212122474798756,79048.96752285957,24669512.404,0,24688623.52236984,0,0,0,2180254.968098282,14688623.52236984,2017-01-01,0.1050609661733859
2026-01-16,CNY,19112.57400355839,0,1.4651857490003555,-0.001489189234586947,-36766.03236628324,24632744.915999997,0,24651857.490003556,0,0,0,2180254.968098282,14651857.490003556,2017-01-01,0.10484557565362906
2026-01-19,CNY,19114.029748147866,0,1.4762319733748148,0.004480889271300796,110462.24374459311,24743205.704,0,24762319.73374815,0,0,0,2180254.968098282,14762319.73374815,2017-01-01,0.10529106407469535
2026-01-20,CNY,19115.485603616824,0,1.4765791517603613,0.0001402043060906234,3471.7838554643095,24746676.031999998,0,24765791.517603613,0,0,0,2180254.968098282,14765791.517603613,2017-01-01,0.10527470785253401
2026-01-21,CNY,19116.941569973707,0,1.486930840956997,0.004179833779702847,103516.89196635783,24850191.468,0,24869308.40956997,0,0,0,2180254.968098282,14869308.409569971,2017-01-01,0.1057500533779887
2026-01-22,CNY,19118.397647226964,0,1.500444672564723,0.005433939450654598,135138.31607725844,24985328.328,0,25004446.72564723,0,0,0,2180254.968098282,15004446.72564723,2017-01-01,0.1063776233037732
2026-01-23,CNY,12515.212442952956,0,1.5140401620442954,0.005437228677260569,135954.89479572326,25127886.408,0,25140401.620442953,0,0,0,2181442.4064742858,15140401.620442953,2017-01-01,0.10700556923900106
2026-01-26,CNY,12516.165687282923,0,1.5320349485687283,0.0071577164104651425,179947.86524432898,25307833.32,0,25320349.485687282,0,0,0,2181442.4064742858,15320349.485687282,2017-01-01,0.1077737843823714
2026-01-27,CNY,12517.119004218508,0,1.525867882700422,-0.0024356164087672603,-61670.6586830616,25246161.708,0,25258678.82700422,0,0,0,2181442.4064742858,15258678.82700422,2017-01-01,0.10744209130721072
2026-01-28,CNY,12518.072393765244,0,1.5625449060393763,0.014520562848973123,366770.2333895415,25612930.987999998,0,25625449.06039376,0,0,0,2181442.4064742858,15625449.060393762,2017-01-01,0.10916718182330776
2026-01-29,CNY,12519.02585592866,0,1.5696579745855925,0.0027757829841157378,71130.68546216562,25684060.72,0,25696579.745855927,0,0,0,2181442.4064742858,15696579.745855927,2017-01-01,0.10947098932040156
2026-01-30,CNY,12519.979390714287,0,1.5209933607390718,-0.018938167774786914,-486646.1384652108,25197413.628000002,0,25209933.607390717,0,0,0,2181442.4064742858,15209933.607390717,2017-01-01,0.10710452446542651
2026-02-02,CNY,12520.932998127657,0,1.4591834600998133,-0.024518073550633117,-618099.0063925833,24579313.668000005,0,24591834.600998133,0,0,0,2181442.4064742858,14591834.600998133,2017-01-01,0.10398573204343409
2026-02-03,CNY,12521.886678174302,0,1.4970966098678171,0.01541696680347102,379131.4976800382,24958444.211999997,0,24970966.09867817,0,0,0,2181442.4064742858,14970966.098678172,2017-01-01,0.10581070325101982
2026-02-04,CNY,12522.840430859753,0,1.507616992443086,0.004213045876437101,105203.82575268671,25063647.084,0,25076169.92443086,0,0,0,2181442.4064742858,15076169.924430858,2017-01-01,0.10628813328727382
2026-02-05,CNY,12523.794256189543,0,1.4879140770256187,-0.007857226792147065,-197029.15417467058,24866616.976,0,24879140.770256188,0,0,0,2181442.4064742858,14879140.770256188,2017-01-01,0.10529640628320225
2026-02-06,CNY,12524.748154169207,0,1.493667758815417,0.0023126529340100847,57536.817897982895,24924152.84,0,24936677.58815417,0,0,0,2181442.4064742858,14936677.58815417,2017-01-01,0.10554350628782383
2026-02-09,CNY,75386.67442651158,0,1.509723441442651,0.006438581310792139,160556.82627233863,25021847.74,0,25097234.41442651,0,0,0,2195240.021730279,15097234.41442651,2017-01-01,0.10622210602978277
2026-02-10,CNY,75392.41639216176,0,1.5257339212392158,0.006379380107061411,160104.79796564952,25181946.795999996,0,25257339.21239216,0,0,0,2195240.021730279,15257339.212392159,2017-01-01,0.10696031917302262
2026-02-11,CNY,75398.15879515938,0,1.5437193510795155,0.007120872744772562,179854.2984029986,25361795.351999998,0,25437193.510795157,0,0,0,2195240.021730279,15437193.510795157,2017-01-01,0.10778803574172668
2026-02-12,CNY,75403.90163553777,0,1.540696653363554,-0.0011882984318530054,-30226.97715961933,25331562.632,0,25406966.533635538,0,0,0,2195240.021730279,15406966.533635538,2017-01-01,0.10760962235138116
2026-02-13,CNY,75409.64491333022,0,1.5471102436913329,0.002524343202990581,64135.90327779204,25395692.792,0,25471102.43691333,0,0,0,2195240.021730279,15471102.43691333,2017-01-01,0.10788166022874646
2026-02-16,CNY,75415.38862857006,0,1.547110818062857,2.2549927911648533e-07,5.743715237826109,25395692.792,0,25471108.180628568,0,0,0,2195240.021730279,15471108.180628568,2017-01-01,0.10777956070359607
2026-02-20,CNY,75421.13278129061,0,1.5471113924781288,2.25516403930402e-07,5.744152721017599,25395692.792,0,25471113.92478129,0,0,0,2195240.021730279,15471113.924781289,2017-01-01,0.10764371896874181
2026-02-23,CNY,75426.87737152519,0,1.5471119669371522,2.2553352990276565e-07,5.744590234011412,25395692.792,0,25471119.669371523,0,0,0,2195240.021730279,15471119.669371523,2017-01-01,0.10754206885016093
2026-02-24,CNY,75432.62239930712,0,1.5492596926399305,0.0008432003503013824,21477.2570277825,25417164.303999998,0,25492596.926399305,0,0,0,2195240.021730279,15492596.926399305,2017-01-01,0.10761017226681324
2026-02-25,CNY,75438.36786466972,0,1.5585978951864665,0.0036631036741752417,93382.02546536177,25510540.584,0,25585978.951864667,0,0,0,2195240.021730279,15585978.951864667,2017-01-01,0.10801856415636824
2026-02-26,CNY,75444.11376764634,0,1.5502152469767645,-0.0032762663588024677,-83826.48209702224,25426708.356,0,25502152.469767645,0,0,0,2195240.021730279,15502152.469767645,2017-01-01,0.10758777522328544
2026-02-27,CNY,75449.8601082703,0,1.551886112010827,0.0006551858852083943,16708.650340624154,25443411.259999998,0,25518861.12010827,0,0,0,2195240.021730279,15518861.12010827,2017-01-01,0.10763309952505962
2026-03-02,CNY,75455.60688657493,0,1.5473319218886568,-0.0017846369008142787,-45541.90122170001,25397863.611999996,0,25473319.21888657,0,0,0,2195240.021730279,15473319.21888657,2017-01-01,0.10731599046650775
2026-03-03,CNY,75461.35410259357,0,1.521801109010259,-0.010022570148404004,-255308.12878397852,25142549.735999998,0,25218011.09010259,0,0,0,2195240.021730279,15218011.09010259,2017-01-01,0.10606732482291426
2026-03-04,CNY,277770.8707248397,0,1.5170777030724842,-0.0018730287336691136,-47234.05937774852,24893006.160000004,0,25170777.030724842,0,0,0,2209040.9604294114,15170777.030724842,2017-01-01,0.1058081368233248
2026-03-05,CNY,277792.027657553,0,1.5324683175657556,0.006114477306157335,153906.14493271336,25046891.148000002,0,25324683.175657555,0,0,0,2209040.9604294114,15324683.175657555,2017-01-01,0.1065094013171064
2026-03-06,CNY,277813.18620172323,0,1.5468150242201717,0.005665108050870418,143467.06654416025,25190337.055999994,0,25468150.242201716,0,0,0,2209040.9604294114,15468150.242201716,2017-01-01,0.10715683231290196
2026-03-09,CNY,277834.3463574732,0,1.534091573835747,-0.004995828226009667,-127234.50384424627,25063081.391999997,0,25340915.73835747,0,0,0,2209040.9604294114,15340915.73835747,2017-01-01,0.10645301875608015
2026-03-10,CNY,277855.5081249256,0,1.5314201560124925,-0.001054191510218672,-26714.17823254317,25036346.052,0,25314201.560124926,0,0,0,2209040.9604294114,15314201.560124926,2017-01-01,0.1062927521779673
2026-03-11,CNY,277876.67150420323,0,1.5496962527504201,0.007219701041930622,182760.9673792757,25219085.856,0,25496962.527504202,0,0,0,2209040.9604294114,15496962.527504202,2017-01-01,0.10712507808232763
2026-03-12,CNY,277897.8364954288,0,1.5435984596495436,-0.0023915762884692223,-60977.93100876734,25158086.760000005,0,25435984.596495435,0,0,0,2209040.9604294114,15435984.596495435,2017-01-01,0.10680342635375939
2026-03-13,CNY,277919.00309872517,0,1.5517331719098726,0.0031981118047420807,81347.12260328978,25239412.716,0,25517331.719098724,0,0,0,2209040.9604294114,15517331.719098724,2017-01-01,0.10715406479133205
2026-03-16,CNY,277940.17131421505,0,1.535906687931421,-0.006202248790223592,-158264.83978451416,25081126.707999997,0,25359066.87931421,0,0,0,2209040.9604294114,15359066.87931421,2017-01-01,0.10630599465835022
2026-03-17,CNY,277961.34114202124,0,1.515800584114202,-0.007928566107304122,-201061.03817218915,24880044.5,0,25158005.84114202,0,0,0,2209040.9604294114,15158005.841142021,2017-01-01,0.10531741073217726
2026-03-18,CNY,277982.5125822666,0,1.5357125480582265,0.007914762429803275,199119.6394402422,25079142.968,0,25357125.480582263,0,0,0,2209040.9604294114,15357125.480582263,2017-01-01,0.1062303589258431
2026-03-19,CNY,2620.0821887085285,0,1.5091676210188707,-0.010468429104743401,-265449.27039355785,25089056.128,0,25091676.210188705,0,0,0,2236067.9903711826,15091676.210188705,2017-01-01,0.1049351761622237
2026-03-20,CNY,2620.2817521200022,0,1.4928596525752122,-0.0064993539319769325,-163079.68443658203,24925976.244000003,0,24928596.525752123,0,0,0,2236067.9903711826,14928596.525752123,2017-01-01,0.10412145007133766
2026-03-23,CNY,2620.4813307315926,0,1.4575323377330727,-0.014171401428734742,-353273.14842139557,24572702.895999998,0,24575323.377330728,0,0,0,2236067.9903711826,14575323.377330728,2017-01-01,0.10231821077999137
2026-03-24,CNY,2620.6809245444574,0,1.4796281948924546,0.008991074835566088,220958.57159381732,24793661.268,0,24796281.948924545,0,0,0,2236067.9903711826,14796281.948924545,2017-01-01,0.10335548653013071
2026-03-25,CNY,2620.8805335597544,0,1.469389584053356,-0.004129091151725171,-102386.10839098692,24691274.959999997,0,24693895.84053356,0,0,0,2236067.9903711826,14693895.840533558,2017-01-01,0.10282910622523045
2026-03-26,CNY,2621.080157778642,0,1.4666335776157782,-0.001116067896040065,-27560.064375776798,24663714.696000002,0,24666335.77615778,0,0,0,2236067.9903711826,14666335.776157781,2017-01-01,0.1026638018283399
2026-03-27,CNY,2621.2797972022777,0,1.4537740271797204,-0.005213401192927812,-128595.50436057895,24535118.992,0,24537740.271797203,0,0,0,2236067.9903711826,14537740.271797203,2017-01-01,0.10200834886228893
2026-03-30,CNY,2621.47945183182,0,1.441579863945183,-0.004969554286363117,-121941.63234537467,24413177.159999996,0,24415798.639451828,0,0,0,2236067.9903711826,14415798.639451828,2017-01-01,0.10131987007717247
2026-03-31,CNY,2621.6791216684264,0,1.423073631912167,-0.007579613637177047,-185062.32033015788,24228114.64,0,24230736.31912167,0,0,0,2236067.9903711826,14230736.31912167,2017-01-01,0.100383117448545
2026-04-01,CNY,2621.878806713256,0,1.454556798280671,0.01299307043494973,314831.6636850424,24542946.104,0,24545567.982806712,0,0,0,2236067.9903711826,14545567.982806712,2017-01-01,0.10188789384791885
2026-04-02,CNY,2622.0785069674666,0,1.447402691050697,-0.002914622808885627,-71541.07229974121,24471404.832000002,0,24474026.91050697,0,0,0,2236067.9903711826,14474026.910506971,2017-01-01,0.10150889667205387
2026-04-03,CNY,2981.552537239594,0,1.4448031380537243,-0.0010621680716780334,-25995.529969729483,24445049.828,0,24448031.38053724,0,0,0,2250243.743419082,14448031.380537242,2017-01-01,0.10135098865238201
2026-04-07,CNY,2981.7796327094934,0,1.4456575743632714,0.00034949084294254583,8544.363095469773,24453593.964,0,24456575.74363271,0,0,0,2250243.743419082,14456575.743632711,2017-01-01,0.10126682557153455
2026-04-08,CNY,2982.0067454765394,0,1.4861869038745472,0.016571955917347957,405293.2951127626,24858887.031999998,0,24861869.038745474,0,0,0,2250243.743419082,14861869.038745474,2017-01-01,0.10318887918325848
2026-04-09,CNY,2982.23387554205,0,1.4843539213875538,-0.0007372665683890752,-18329.82486993447,24840556.979999997,0,24843539.21387554,0,0,0,2250243.743419082,14843539.21387554,2017-01-01,0.10306918137159893
2026-04-10,CNY,2982.461022907343,0,1.4838924457022906,-0.00018575279524009328,-4614.756852634251,24835941.996,0,24838924.457022905,0,0,0,2250243.743419082,14838924.457022905,2017-01-01,0.10301515199950151
2026-04-13,CNY,2982.688187573735,0,1.4898647160187575,0.0024043997262443765,59722.70316467062,24895664.472000003,0,24898647.160187576,0,0,0,2250243.743419082,14898647.160187576,2017-01-01,0.1032046689169972
2026-04-14,CNY,2982.915369542545,0,1.4990436819369544,0.003686531986715212,91789.65918196738,24987453.904,0,24990436.819369543,0,0,0,2250243.743419082,14990436.819369543,2017-01-01,0.10360974746661245
2026-04-15,CNY,2983.14256881509,0,1.5060449526568815,0.0028015799685824796,70012.70719927177,25057466.384,0,25060449.526568815,0,0,0,2250243.743419082,15060449.526568815,2017-01-01,0.10390994949599675
2026-04-16,CNY,2983.3697853926883,0,1.53017657057854,0.009629363549953146,241316.17921658233,25298782.336000003,0,25301765.705785397,0,0,0,2250243.743419082,15301765.705785397,2017-01-01,0.10501638026616633
2026-04-17,CNY,2983.597019276658,0,1.5241794753019282,-0.002370227969995153,-59970.95276611671,25238811.156000003,0,25241794.75301928,0,0,0,2250243.743419082,15241794.75301928,2017-01-01,0.1047019087504808
2026-04-20,CNY,2983.8242704683175,0,1.5216708800270466,-0.0009938260331435356,-25085.95274881646,25213724.975999996,0,25216708.800270464,0,0,0,2250243.743419082,15216708.800270464,2017-01-01,0.1044867604797226
2026-04-21,CNY,30094.653247720544,0,1.528350254524772,0.00264878916222953,66793.74497725442,25253407.891999997,0,25283502.54524772,0,0,0,2264947.2064822414,15283502.545247719,2017-01-01,0.1047683296846289
2026-04-22,CNY,30096.945462711017,0,1.536185166146271,0.0030988236726608442,78349.11621499434,25331754.716000002,0,25361851.661462713,0,0,0,2264947.2064822414,15361851.661462713,2017-01-01,0.10510305663898789
2026-04-23,CNY,30099.23785229229,0,1.5289473329852297,-0.0028538267858570386,-72378.33161041513,25259374.092000004,0,25289473.329852298,0,0,0,2264947.2064822414,15289473.329852298,2017-01-01,0.10473158521192572
2026-04-24,CNY,30101.53041647766,0,1.5301953658416476,0.0004934989511800596,12480.328564178199,25271852.128,0,25301953.658416476,0,0,0,2264947.2064822414,15301953.658416476,2017-01-01,0.10475772757288637
2026-04-27,CNY,30103.82315528043,0,1.549040238315528,0.007447991063572157,188448.72473880276,25460298.56,0,25490402.38315528,0,0,0,2264947.2064822414,15490402.383155279,2017-01-01,0.1055400212622728
2026-04-28,CNY,30106.11606871389,0,1.5476624916068715,-0.0005404962573548567,-13777.46708656475,25446518.8,0,25476624.916068714,0,0,0,2264947.2064822414,15476624.916068714,2017-01-01,0.10544337810958937
2026-04-29,CNY,30108.409156791353,0,1.550448029315679,0.001093369988365622,27855.377088077366,25474371.884,0,25504480.29315679,0,0,0,2264947.2064822414,15504480.293156791,2017-01-01,0.10554030031551953
2026-04-30,CNY,30110.70241952611,0,1.5455310450419528,-0.0019278904009056748,-49169.84273726493,25425199.748,0,25455310.450419527,0,0,0,2264947.2064822414,15455310.450419527,2017-01-01,0.10527921552513919
2026-05-04,CNY,30112.995856931473,0,1.5455312743856933,9.009661897024358e-08,2.2934374064207077,25425199.748,0,25455312.743856933,0,0,0,2264947.2064822414,15455312.743856933,2017-01-01,0.10514949327899847
2026-05-05,CNY,30115.289469020743,0,1.5455315037469024,9.010347317620777e-08,2.293612089008093,25425199.748,0,25455315.037469022,0,0,0,2264947.2064822414,15455315.037469022,2017-01-01,0.10511712060577283
2026-05-06,CNY,30117.583255807225,0,1.588610401925581,0.016923341202129554,430788.9817867875,25855986.436,0,25886104.01925581,0,0,0,2264947.2064822414,15886104.01925581,2017-01-01,0.10706984100188643
2026-05-07,CNY,30119.877217304223,0,1.61942918292173,0.011905530848992946,308187.80996149033,26164171.951999996,0,26194291.8292173,0,0,0,2264947.2064822414,16194291.8292173,2017-01-01,0.10843851675683536
2026-05-08,CNY,30122.17135352505,0,1.6168855059353526,-0.000971080647250054,-25436.769863773137,26138732.888,0,26168855.059353527,0,0,0,2264947.2064822414,16168855.059353527,2017-01-01,0.10829000927601751
2026-05-11,CNY,12257.472295148058,0,1.6263902512295147,0.003632082975202466,95047.45294161886,26251645.04,0,26263902.512295146,0,0,0,2280377.439082589,16263902.512295146,2017-01-01,0.10861912547738828
2026-05-12,CNY,12258.405908222414,0,1.6132713509908223,-0.004995030815603631,-131189.00238692388,26120455.104,0,26132713.50990822,0,0,0,2280377.439082589,16132713.509908222,2017-01-01,0.1079932128709109
2026-05-13,CNY,12259.339592407137,0,1.6235564647592406,0.0039357236149697595,102851.13768418506,26223305.308,0,26235564.647592407,0,0,0,2280377.439082589,16235564.647592407,2017-01-01,0.1084245618343036
2026-05-14,CNY,12260.273347707645,0,1.6192628217347709,-0.0016365735146714033,-42936.43024469912,26180367.944,0,26192628.217347708,0,0,0,2280377.439082589,16192628.217347708,2017-01-01,0.10819752868678445
2026-05-15,CNY,12261.207174129355,0,1.608077209517413,-0.004270519218055935,-111856.12217357755,26068510.888,0,26080772.09517413,0,0,0,2280377.439082589,16080772.09517413,2017-01-01,0.10765851874113963
2026-05-18,CNY,12262.141071677683,0,1.5825702021071675,-0.009780004716564773,-255070.0741024539,25813439.88,0,25825702.021071676,0,0,0,2280377.439082589,15825702.021071676,2017-01-01,0.10639989381520376
2026-05-19,CNY,12263.075040358048,0,1.5769072431040358,-0.00219276091643562,-56629.59003131837,25756809.356,0,25769072.431040358,0,0,0,2280377.439082589,15769072.431040358,2017-01-01,0.1061085259865362
2026-05-20,CNY,12264.009080175867,0,1.5742296809080174,-0.00103906037098677,-26775.621960181743,25730032.8,0,25742296.809080176,0,0,0,2280377.439082589,15742296.809080176,2017-01-01,0.10595351309921419
2026-05-21,CNY,12264.943191136557,0,1.5993957035191135,0.009776137225726969,251660.2261109613,25981692.092,0,25993957.035191137,0,0,0,2280377.439082589,15993957.035191137,2017-01-01,0.10706720632796074
2026-05-22,CNY,12265.87737324554,0,1.6340737137373247,0.013340796928787375,346780.1021821089,26328471.26,0,26340737.137373246,0,0,0,2280377.439082589,16340737.137373246,2017-01-01,0.10859713289475925
2026-05-25,CNY,12266.811626508232,0,1.6911233879626506,0.021658343852640944,570496.7422532588,26898967.067999996,0,26911233.879626505,0,0,0,2280377.439082589,16911233.879626505,2017-01-01,0.11102617654244495
2026-05-26,CNY,8156.263706104379,0,1.6734367239706103,-0.006572223358896282,-176866.63992040232,26726210.976,0,26734367.239706103,0,0,0,2295546.808192604,16734367.239706103,2017-01-01,0.11021349168128913
2026-05-27,CNY,8156.884943032397,0,1.6816928592943028,0.0030882104856517437,82561.35323692486,26808771.707999997,0,26816928.592943028,0,0,0,2295546.808192604,16816928.592943028,2017-01-01,0.11054360054675416
2026-05-28,CNY,8157.506227278076,0,1.6810141174227278,-0.00025310201696756093,-6787.418715748936,26801983.668,0,26810141.17422728,0,0,0,2295546.808192604,16810141.17422728,2017-01-01,0.11047983307114406
2026-05-29,CNY,8158.12755884502,0,1.6981187671558846,0.006379917816173044,171046.4973315671,26973029.544,0,26981187.671558846,0,0,0,2295546.808192604,16981187.671558846,2017-01-01,0.11119640797554853
2026-06-01,CNY,8158.748937736834,0,1.7366941932937738,0.014297156451178737,385754.26137889177,27358783.184,0,27366941.932937738,0,0,0,2295546.808192604,17366941.932937738,2017-01-01,0.11276954431398556
2026-06-02,CNY,8159.370363957121,0,1.7316935966363958,-0.0018272398390845926,-50005.96657377854,27308776.596,0,27316935.96636396,0,0,0,2295546.808192604,17316935.96636396,2017-01-01,0.11251906847802107
2026-06-03,CNY,8159.991837509488,0,1.717728827983751,-0.005112128486825876,-139647.68652644753,27169128.288000003,0,27177288.27983751,0,0,0,2295546.808192604,17177288.27983751,2017-01-01,0.11187995310887744
2026-06-04,CNY,8160.613358397538,0,1.6930092613358396,-0.009095670765008067,-247195.66647911444,26921932.0,0,26930092.613358397,0,0,0,2295546.808192604,16930092.613358397,2017-01-01,0.11076889911738053
2026-06-05,CNY,8161.2349266248775,0,1.6831272010926628,-0.0036695233043035087,-98820.60243177041,26823110.776,0,26831272.010926627,0,0,0,2295546.808192604,16831272.010926627,2017-01-01,0.11030220584850792
2026-06-08,CNY,8161.856542195112,0,1.6444037416542194,-0.014432211571137457,-387234.59438443184,26435875.56,0,26444037.416542195,0,0,0,2295546.808192604,16444037.416542195,2017-01-01,0.10849290427467051
2026-06-09,CNY,8162.478205111847,0,1.6759526146205115,0.011930429710614681,315488.7296629213,26751363.668000005,0,26759526.146205116,0,0,0,2295546.808192604,16759526.146205116,2017-01-01,0.10985268949214166
2026-06-10,CNY,2794.5436364838474,0,1.6441590199636478,-0.011881224833038606,-317935.9465686381,26438795.655999996,0,26441590.199636478,0,0,0,2324506.555596611,16441590.199636478,2017-01-01,0.10841581958612756
2026-06-11,CNY,2794.7564880745385,0,1.6382676824488076,-0.0022280571895865256,-58913.375148400664,26379882.068000004,0,26382676.824488077,0,0,0,2324506.555596611,16382676.824488077,2017-01-01,0.10812113392332501
2026-06-12,CNY,2794.969355877465,0,1.6598177021355878,0.008168246091987777,215500.19686780125,26595382.052,0,26598177.02135588,0,0,0,2324506.555596611,16598177.021355879,2017-01-01,0.10904226352091295
2026-06-15,CNY,2795.1822398938625,0,1.7245346302239897,0.02433133971416158,647169.2808840163,27242551.12,0,27245346.302239895,0,0,0,2324506.555596611,17245346.302239895,2017-01-01,0.11176412541418945
2026-06-16,CNY,2795.395140124965,0,1.7246851675140125,5.525247811238823e-05,1505.3729002289474,27244056.279999997,0,27246851.675140124,0,0,0,2324506.555596611,17246851.675140124,2017-01-01,0.11173651465450729
2026-06-17,CNY,2795.608056572008,0,1.7301342088056573,0.001999879236182165,54490.41291644797,27298546.48,0,27301342.08805657,0,0,0,2324506.555596611,17301342.08805657,2017-01-01,0.11193709701639709
2026-06-18,CNY,2795.8209892362265,0,1.738738493698924,0.003151597773294429,86042.84893266857,27384589.116000004,0,27387384.93698924,0,0,0,2324506.555596611,17387384.93698924,2017-01-01,0.11227253713087304
2026-06-22,CNY,2796.0339381188555,0,1.7562589569938116,0.006397274999127248,175204.63294887543,27559793.536,0,27562589.569938116,0,0,0,2324506.555596611,17562589.569938116,2017-01-01,0.1128841166716883
2026-06-23,CNY,2796.2469032211307,0,1.695132091490322,-0.022177475504754192,-611268.655034896,26948524.667999998,0,26951320.91490322,0,0,0,2324506.555596611,16951320.91490322,2017-01-01,0.11022074583446795
2026-06-24,CNY,2796.459884544287,0,1.7111099051884544,0.0059283972568843985,159778.13698132336,27108302.592,0,27111099.051884543,0,0,0,2324506.555596611,17111099.051884543,2017-01-01,0.11087928633512667
2026-06-25,CNY,2796.67288208956,0,1.7408918192882092,0.010985137136181341,297819.14099754766,27406121.52,0,27408918.19288209,0,0,0,2324506.555596611,17408918.19288209,2017-01-01,0.11212545281636421
2026-06-26,CNY,6760.624515770859,0,1.7170560395515775,-0.008696359180940503,-238357.79736631736,27163799.771,0,27170560.395515773,0,0,0,2340295.3188591967,17170560.395515773,2017-01-01,0.11106830420299474
2026-06-29,CNY,6761.139451255659,0,1.7126286406451254,-0.001629483839127048,-44273.98906451836,27119525.267,0,27126286.406451255,0,0,0,2340295.3188591967,17126286.406451255,2017-01-01,0.11077632656089698
2026-06-30,CNY,6761.654425961474,0,1.718914049842596,0.0023170916590985087,62854.09197470546,27182378.844,0,27189140.49842596,0,0,0,2340295.3188591967,17189140.49842596,2017-01-01,0.11101327291730678
2026-07-01,CNY,6762.169439891291,0,1.7107250424439893,-0.003011866961767665,-81890.07398606837,27100488.255000003,0,27107250.424439892,0,0,0,2340295.3188591967,17107250.424439892,2017-01-01,0.11062701147420095
2026-07-02,CNY,6762.684493048098,0,1.6831733949493048,-0.01016394029762752,-275516.4749468453,26824971.265,0,26831733.949493047,0,0,0,2340295.3188591967,16831733.949493047,2017-01-01,0.10940063986779935
2026-07-03,CNY,6763.1995854348825,0,1.712726371658543,0.011014188186595674,295529.7670923844,27120500.516999997,0,27127263.71658543,0,0,0,2340295.3188591967,17127263.71658543,2017-01-01,0.1106460598768575
2026-07-06,CNY,6763.714717054632,0,1.724199688971705,0.004229441433176009,114733.17313161865,27235233.174999997,0,27241996.88971705,0,0,0,2340295.3188591967,17241996.88971705,2017-01-01,0.11103797704336849
2026-07-07,CNY,6764.2298879103355,0,1.7119162645887913,-0.00450900293126105,-122834.24382913858,27112398.416,0,27119162.64588791,0,0,0,2340295.3188591967,17119162.64588791,2017-01-01,0.11047706771851962
2026-07-08,CNY,6764.745098004981,0,1.689758799409801,-0.008170409045557351,-221574.65178990364,26890823.249,0,26897587.994098008,0,0,0,2340295.3188591967,16897587.994098008,2017-01-01,0.10948739578615552
2026-07-09,CNY,6765.260347341557,0,1.6907462789347338,0.00036712567875969086,9874.795249331743,26900697.529,0,26907462.78934734,0,0,0,2340295.3188591967,16907462.78934734,2017-01-01,0.10949699357271236
2026-07-10,CNY,6765.7756359230525,0,1.6901243129635928,-0.00023114998839189875,-6219.6597114130855,26894477.354000002,0,26901243.129635926,0,0,0,2340295.3188591967,16901243.129635926,2017-01-01,0.10943693107243302
2026-07-13,CNY,315140.3120048775,0,1.6597218369004878,-0.011301513434377922,-304024.7606310472,26282078.057,0,26597218.36900488,0,0,0,2369112.7839075346,16597218.36900488,2017-01-01,0.10801635429854972
2026-07-14,CNY,315164.31525028235,0,1.6595044981250284,-8.171485169778249e-05,-2173.38775459677,26279880.666,0,26595044.981250282,0,0,0,2369112.7839075346,16595044.981250282,2017-01-01,0.10797422422935155
2026-07-15,CNY,315188.32032393885,0,1.6666452909323937,0.002685008734672153,71407.92807365581,26351264.588999998,0,26666452.90932394,0,0,0,2369112.7839075346,16666452.909323938,2017-01-01,0.10825298066267286
2026-07-16,CNY,315212.3272259863,0,1.6449912630225985,-0.008120325557893698,-216540.27909795195,26134700.303,0,26449912.630225986,0,0,0,2369112.7839075346,16449912.630225986,2017-01-01,0.1072740525068161
2026-07-17,CNY,315236.3359565638,0,1.6296498451956563,-0.00580017712777272,-153414.17826942354,25981262.116,0,26296498.451956563,0,0,0,2369112.7839075346,16296498.451956563,2017-01-01,0.10656729738297721
2026-07-18,CNY,315260.3465158108,0,1.6296522462515814,9.130705859388984e-07,24.010559249669313,25981262.116,0,26296522.462515812,0,0,0,2369112.7839075346,16296522.462515812,2017-01-01,0.10653525963550425
