date,alpha,beta
2017-10-09 00:00:00,0.00043427830385389573,0.0977182119286802
2017-10-10 00:00:00,0.00044596966854322355,0.09911689801349069
2017-10-11 00:00:00,0.00046046241075945024,0.09863273741115498
2017-10-12 00:00:00,0.0004722740021011673,0.09858709178142737
2017-10-13 00:00:00,0.00045945726926869965,0.09706704148715307
2017-10-16 00:00:00,0.00046325494936817746,0.09477876992933236
2017-10-17 00:00:00,0.00046158789542591675,0.09514014501261406
2017-10-18 00:00:00,0.0004449784512904615,0.09700432343803973
2017-10-19 00:00:00,0.000447288006974083,0.09670848167240423
2017-10-20 00:00:00,0.0004543531603883181,0.09484159207755383
2017-10-23 00:00:00,0.0004227636937634402,0.10447408203129868
2017-10-24 00:00:00,0.000430847982053221,0.10719844009706381
2017-10-25 00:00:00,0.00042904577739484855,0.10715733847710567
2017-10-26 00:00:00,0.00042925020324073766,0.10595291744169845
2017-10-27 00:00:00,0.0004483361634674246,0.10381336904681679
2017-10-30 00:00:00,0.00047742049905972935,0.09549399102167982
2017-10-31 00:00:00,0.0004809829695620367,0.09496098204249655
2017-11-01 00:00:00,0.00048532821868106196,0.09480051033216984
2017-11-02 00:00:00,0.0004548041312978259,0.08972223244433628
2017-11-03 00:00:00,0.00046751983263015564,0.08846980652465461
2017-11-06 00:00:00,0.00047366465466725346,0.0891380713867474
2017-11-07 00:00:00,0.00046388549894526193,0.08814676384875857
2017-11-08 00:00:00,0.00045663867193678983,0.0879869562644209
2017-11-09 00:00:00,0.0004606287315404441,0.08814423200615086
2017-11-10 00:00:00,0.00045691462547011553,0.0864310647394701
2017-11-13 00:00:00,0.00045432765876342443,0.08623969038739357
2017-11-14 00:00:00,0.00045382742190873426,0.0874415847950407
2017-11-15 00:00:00,0.00042791316693890756,0.09101774125553432
2017-11-16 00:00:00,0.0004238556566599171,0.09086785100923297
2017-11-17 00:00:00,0.00046029419527649,0.0750771292278117
2017-11-20 00:00:00,0.0004293889880246179,0.0713446477216477
2017-11-21 00:00:00,0.000438670563455012,0.07163140908341606
2017-11-22 00:00:00,0.00044319485509699397,0.07221191316395083
2017-11-23 00:00:00,0.0004255674075527966,0.07523285907906015
2017-11-24 00:00:00,0.0004359799345893483,0.0752441061790518
2017-11-27 00:00:00,0.00045499467802610506,0.07158516574380482
2017-11-28 00:00:00,0.00045279006582915236,0.07089096266566175
2017-11-29 00:00:00,0.0004500513939016726,0.07005431131436227
2017-11-30 00:00:00,0.0004306769509013584,0.07167440370911753
2017-12-01 00:00:00,0.0004428266741072574,0.07337446678036623
2017-12-04 00:00:00,0.0004900210288749588,0.06993511864378067
2017-12-05 00:00:00,0.0004523106136689412,0.07985660047627292
2017-12-06 00:00:00,0.0004099050065739361,0.07678744510989866
2017-12-07 00:00:00,0.0003422324589224421,0.08051549700402019
2017-12-08 00:00:00,0.0003625970206364335,0.0819550007440337
2017-12-11 00:00:00,0.0003251707434322544,0.07789733775586612
2017-12-12 00:00:00,0.00038210676147098935,0.07759630485543097
2017-12-13 00:00:00,0.0004032105850923543,0.07561642935307884
2017-12-14 00:00:00,0.0004336776549105206,0.07263467110334859
2017-12-15 00:00:00,0.00039324042097091963,0.07425603120185922
2017-12-18 00:00:00,0.00040631261610686836,0.07023768220090097
2017-12-19 00:00:00,0.00041397882779694727,0.07214960649565709
2017-12-20 00:00:00,0.00042279354541813153,0.07258718894988811
2017-12-21 00:00:00,0.00036210782083122186,0.06711832416286098
2017-12-22 00:00:00,0.00039469339042916404,0.06477584964692605
2017-12-25 00:00:00,0.0003796593776362496,0.06567222467401322
2017-12-26 00:00:00,0.0003630759794703402,0.06497177950613692
2017-12-27 00:00:00,0.00039687021861630286,0.06512070649440076
2017-12-28 00:00:00,0.00038647580616232705,0.06428549737967564
2017-12-29 00:00:00,0.00038550617922909167,0.06412297481119453
2018-01-02 00:00:00,0.0003848497948373388,0.061189078064217056
2018-01-03 00:00:00,0.0003924771568370281,0.06380217526142422
2018-01-04 00:00:00,0.0004062072563278743,0.06434368969764123
2018-01-05 00:00:00,0.0004142731864560139,0.06251430198169465
2018-01-08 00:00:00,0.0004264658783415644,0.06314709609172707
2018-01-09 00:00:00,0.0004296647896251832,0.0631434889766382
2018-01-10 00:00:00,0.0004402128975410634,0.06256762450157836
2018-01-11 00:00:00,0.00042089447697653276,0.060304956822242656
2018-01-12 00:00:00,0.0004514492601794792,0.05925412341979195
2018-01-15 00:00:00,0.0004431346629990699,0.05899398317459402
2018-01-16 00:00:00,0.00046264795010046207,0.06010619214160357
2018-01-17 00:00:00,0.0004519722500527667,0.062290888177816264
2018-01-18 00:00:00,0.000435534380599741,0.06251905430984427
2018-01-19 00:00:00,0.00041811465593018135,0.06195754869418598
2018-01-22 00:00:00,0.000415216038680355,0.06040240175923383
2018-01-23 00:00:00,0.0004508405273721077,0.05939057964466128
2018-01-24 00:00:00,0.0004650810419580615,0.059392236181676696
2018-01-25 00:00:00,0.0005204310870602536,0.054058475892320254
2018-01-26 00:00:00,0.0005114386001715758,0.054073347870242726
2018-01-29 00:00:00,0.0005311508430925412,0.05179562873445218
2018-01-30 00:00:00,0.0004921639483892043,0.05703486812624821
2018-01-31 00:00:00,0.00043977925506146723,0.05749289814736343
2018-02-01 00:00:00,0.00046773997750429165,0.055590411072450684
2018-02-02 00:00:00,0.0004530391958091318,0.055041649126810165
2018-02-05 00:00:00,0.00038080519115444835,0.055561118439765834
2018-02-06 00:00:00,0.0003025356963891763,0.10020456159729257
2018-02-07 00:00:00,0.000364955545019755,0.10100132284342249
2018-02-08 00:00:00,0.00037173904287102997,0.1011843746186276
2018-02-09 00:00:00,0.00036007070113355414,0.11331299649944421
2018-02-12 00:00:00,0.0003702414046236533,0.12156585123953453
2018-02-13 00:00:00,0.00035466375079876427,0.1290564210573516
2018-02-14 00:00:00,0.000379500621006162,0.1298430231860139
2018-02-15 00:00:00,0.00036165577844734023,0.13287454192186035
2018-02-16 00:00:00,0.0003442659085857625,0.13318195814242836
2018-02-20 00:00:00,0.00037715731119423404,0.1327232755336872
2018-02-21 00:00:00,0.0003631647380362939,0.1321643317548597
2018-02-22 00:00:00,0.00037770866087577737,0.13482929686777784
2018-02-23 00:00:00,0.0004164071438119064,0.1357955950558213
2018-02-26 00:00:00,0.0004883068540754074,0.1388306464777598
2018-02-27 00:00:00,0.0005024839514717615,0.1383320845693609
2018-02-28 00:00:00,0.0004236716954061039,0.14365733463636973
2018-03-01 00:00:00,0.00037572207390428275,0.14670145960257613
2018-03-02 00:00:00,0.00036697476591780596,0.14883612408381003
2018-03-05 00:00:00,0.0003747438463494007,0.14877508649808424
2018-03-06 00:00:00,0.0003691521389633186,0.15077385761345152
2018-03-07 00:00:00,0.0003693823547053721,0.15090922589302608
2018-03-08 00:00:00,0.00037648980989993047,0.15124419962286592
2018-03-09 00:00:00,0.0003872706261284529,0.15061358780172582
2018-03-12 00:00:00,0.00040315413629226867,0.15537132182408286
2018-03-13 00:00:00,0.00036988496165176875,0.15256351410516422
2018-03-14 00:00:00,0.0003374534056226514,0.15235457855097786
2018-03-15 00:00:00,0.0003658343305624148,0.15352834055212286
2018-03-16 00:00:00,0.0003916040641772667,0.15976846819647647
2018-03-19 00:00:00,0.0003889460844141382,0.15971403261842249
2018-03-20 00:00:00,0.000367133923309828,0.15904212915608237
2018-03-21 00:00:00,0.0003835513258515093,0.15766772077417648
2018-03-22 00:00:00,0.0004179848520420221,0.15953416963719944
2018-03-23 00:00:00,0.0004002360889305081,0.1641187771058051
2018-03-26 00:00:00,0.0004004289877266486,0.16115027007636587
2018-03-27 00:00:00,0.00043428762482944144,0.1660351496267863
2018-03-28 00:00:00,0.0003710078624268106,0.16987334012136043
2018-03-29 00:00:00,0.000332006942276029,0.1676380675780906
2018-03-30 00:00:00,0.00033569662941949186,0.16740350815053884
2018-04-02 00:00:00,0.0003160312155956035,0.16855309004585575
2018-04-03 00:00:00,0.00029333465245000664,0.17044757266184848
2018-04-04 00:00:00,0.000302417682777757,0.1700142769809358
2018-04-05 00:00:00,0.00029379137034317654,0.16999911578846527
2018-04-06 00:00:00,0.00030128829372329794,0.16968479162279165
2018-04-09 00:00:00,0.00031629830788045677,0.1700702331531392
2018-04-10 00:00:00,0.0003498646330660408,0.17157866943548192
2018-04-11 00:00:00,0.0003498976471919108,0.17166292880661302
2018-04-12 00:00:00,0.0003516157127887167,0.17157255082878048
2018-04-13 00:00:00,0.00034696994711715936,0.1707639736058173
2018-04-16 00:00:00,0.00030037146119320647,0.17054281157297418
2018-04-17 00:00:00,0.0002651475858753315,0.17223355562738818
2018-04-18 00:00:00,0.00030313583328047815,0.17336410248677273
2018-04-19 00:00:00,0.0003333731683244088,0.17331977762820325
2018-04-20 00:00:00,0.00033331588282143937,0.17464589736644426
2018-04-23 00:00:00,0.0002764923598448811,0.17506606147781217
2018-04-24 00:00:00,0.00027938754413457776,0.174483534245899
2018-04-25 00:00:00,0.00022686906208265134,0.18337343504067338
2018-04-26 00:00:00,0.00017360662734280328,0.18168179746878685
2018-04-27 00:00:00,0.00017474270305865475,0.1790792169435009
2018-04-30 00:00:00,0.0001871970887449258,0.17979903226862826
2018-05-01 00:00:00,0.00018710652841327793,0.1798288828774104
2018-05-02 00:00:00,0.00017237273838317764,0.17930528810923088
2018-05-03 00:00:00,0.00021002161788940518,0.1782797894374249
2018-05-04 00:00:00,0.00018854118956742046,0.17844632251664555
2018-05-07 00:00:00,0.0002178772836819764,0.17994200363883406
2018-05-08 00:00:00,0.000204216868243953,0.17941300743595473
2018-05-09 00:00:00,0.00018833504228576065,0.17844394604726574
2018-05-10 00:00:00,0.0002121530383513908,0.17844612821188935
2018-05-11 00:00:00,0.00020390873803987218,0.17853294826036456
2018-05-14 00:00:00,0.00020663153134259339,0.17822179287717
2018-05-15 00:00:00,0.00016966013796683525,0.1764348807565583
2018-05-16 00:00:00,0.00015356107487750947,0.17762348016946683
2018-05-17 00:00:00,0.00016417872685525097,0.1772955631345533
2018-05-18 00:00:00,0.000176926035469709,0.17797081747051863
2018-05-21 00:00:00,0.00017984873516931432,0.1795818812652676
2018-05-22 00:00:00,0.0001757599753449849,0.1789983976667546
2018-05-23 00:00:00,0.00018715159542580665,0.18080663092535473
2018-05-24 00:00:00,0.0002041239515546968,0.17979229724213652
2018-05-25 00:00:00,0.00023923152363475818,0.17779732920525856
2018-05-28 00:00:00,0.0002423263755864255,0.1775198664946644
2018-05-29 00:00:00,0.0002576387186903315,0.1771265113500318
2018-05-30 00:00:00,0.000280965003679921,0.17781782072836147
2018-05-31 00:00:00,0.0003009676434839689,0.17878209571573347
2018-06-01 00:00:00,0.00029306977108260507,0.17931139644561428
2018-06-04 00:00:00,0.00030945178124336566,0.17980514516270174
2018-06-05 00:00:00,0.00032195239238043253,0.18093763283718312
2018-06-06 00:00:00,0.00032895430767959703,0.18145299962643846
2018-06-07 00:00:00,0.000345617034503436,0.18075416326609922
2018-06-08 00:00:00,0.00035374912609041566,0.1823844192591977
2018-06-11 00:00:00,0.00037374032360297076,0.18088970875781013
2018-06-12 00:00:00,0.00032763524886765376,0.17758143406908128
2018-06-13 00:00:00,0.0003464583149524633,0.1754026015886473
2018-06-14 00:00:00,0.00034991665714135525,0.1757475666563932
2018-06-15 00:00:00,0.00038586806312521836,0.1706294652992326
2018-06-18 00:00:00,0.0003892537877387094,0.17033545296955147
2018-06-19 00:00:00,0.00039498380931582997,0.1674820962363804
2018-06-20 00:00:00,0.00040228420156709183,0.16805211090346237
2018-06-21 00:00:00,0.00042857960857406593,0.16238198976981363
2018-06-22 00:00:00,0.0004054104559624457,0.16030463706220988
2018-06-25 00:00:00,0.00041647490750833157,0.1600288059447903
2018-06-26 00:00:00,0.00038566112824699964,0.1580695703733516
2018-06-27 00:00:00,0.00038075218547701064,0.16019954588502508
2018-06-28 00:00:00,0.00037910708353666896,0.16077060175169905
2018-06-29 00:00:00,0.00041645966145589916,0.16645551215238863
2018-07-02 00:00:00,0.00042100996673861567,0.16585243743257916
2018-07-03 00:00:00,0.0004492389357553712,0.16856604398512884
2018-07-04 00:00:00,0.00043325290681284526,0.16996644024703297
2018-07-05 00:00:00,0.0004916397626103548,0.16495557453221515
2018-07-06 00:00:00,0.00051014131428818,0.16534952205461992
2018-07-09 00:00:00,0.0005167099332151785,0.1683183315667021
2018-07-10 00:00:00,0.0005061798907149029,0.16791457757023046
2018-07-11 00:00:00,0.0005032489559274528,0.16864422645931398
2018-07-12 00:00:00,0.000490627439935728,0.16652755634978778
2018-07-13 00:00:00,0.0004966137379693125,0.16668759855172596
2018-07-16 00:00:00,0.0004998261394719415,0.16670138427533093
2018-07-17 00:00:00,0.00048221524691570113,0.16656344333810502
2018-07-18 00:00:00,0.0004785511199685776,0.16423106688478642
2018-07-19 00:00:00,0.0005064204521331578,0.16304228717981428
2018-07-20 00:00:00,0.0004849681856337858,0.16274889822257374
2018-07-23 00:00:00,0.0004685854788019019,0.16221260883501212
2018-07-24 00:00:00,0.0005011943873535799,0.1644863375880167
2018-07-25 00:00:00,0.0004912389182036885,0.16555342866186187
2018-07-26 00:00:00,0.0005049106501561705,0.16476342174573547
2018-07-27 00:00:00,0.0005195453150825105,0.16435410780966755
2018-07-30 00:00:00,0.0005003973923263896,0.16546602258319973
2018-07-31 00:00:00,0.00047023586958990963,0.16553845091775596
2018-08-01 00:00:00,0.0005039740746821522,0.1626614081451283
2018-08-02 00:00:00,0.0005050672493623007,0.1642176642590515
2018-08-03 00:00:00,0.0005450896141489189,0.16158816315793456
2018-08-06 00:00:00,0.0005715061639189161,0.16025892151743543
2018-08-07 00:00:00,0.0005349181008194914,0.15866271590198874
2018-08-08 00:00:00,0.0004958511884778377,0.16268530743380807
2018-08-09 00:00:00,0.00046516385117008753,0.158320879661576
2018-08-10 00:00:00,0.00044754504405732467,0.15793889724840482
2018-08-13 00:00:00,0.00039989212872744537,0.15741643597221672
2018-08-14 00:00:00,0.0003869055816091092,0.15800023093691318
2018-08-15 00:00:00,0.00040132030575298905,0.15623619472324876
2018-08-16 00:00:00,0.00038677874726972814,0.1581468006321036
2018-08-17 00:00:00,0.0004094608238059245,0.1570330822875734
2018-08-20 00:00:00,0.00040117118708069075,0.15671175979374316
2018-08-21 00:00:00,0.00040866131390158116,0.15640763535072835
2018-08-22 00:00:00,0.00041598883673061053,0.15627580584401146
2018-08-23 00:00:00,0.00043467453268619834,0.15634547477394808
2018-08-24 00:00:00,0.0004540394979585401,0.15524466674033066
2018-08-27 00:00:00,0.00045205898411655797,0.1545546949268112
2018-08-28 00:00:00,0.000429617313245887,0.1631794663369715
2018-08-29 00:00:00,0.00046760587282072645,0.16496789542476759
2018-08-30 00:00:00,0.0004912833361048006,0.16250360510894926
2018-08-31 00:00:00,0.00047997915056313824,0.16247096545463388
2018-09-03 00:00:00,0.00046517292825098413,0.16192644287577795
2018-09-04 00:00:00,0.0004463143886701854,0.16127245294272885
2018-09-05 00:00:00,0.0004185824084038995,0.1633245568454167
2018-09-06 00:00:00,0.0004186838490185833,0.16480881553617202
2018-09-07 00:00:00,0.00039326388275370914,0.1643771792748069
2018-09-10 00:00:00,0.0004229616542934281,0.16192596201763518
2018-09-11 00:00:00,0.00041619318979676243,0.16122760460701968
2018-09-12 00:00:00,0.0003937228181446884,0.16217910586129566
2018-09-13 00:00:00,0.0004001952163503399,0.15822427283052756
2018-09-14 00:00:00,0.0004678635872639085,0.15871470364836418
2018-09-17 00:00:00,0.0004585455022917211,0.15901185101044726
2018-09-18 00:00:00,0.000415302656219261,0.15512016629737227
2018-09-19 00:00:00,0.000421984816063576,0.15557300638335952
2018-09-20 00:00:00,0.0004111096871933752,0.15606538421207475
2018-09-21 00:00:00,0.00043203386691527195,0.1573126914174406
2018-09-24 00:00:00,0.0004300993637620865,0.15730079448162226
2018-09-25 00:00:00,0.0004448382556885896,0.15663435619798857
2018-09-26 00:00:00,0.0004205667286397856,0.15781874186782008
2018-09-27 00:00:00,0.0003999437806625429,0.15744259577299557
2018-09-28 00:00:00,0.00040353098090334437,0.15735756744519638
2018-10-01 00:00:00,0.0004234168152120436,0.1582147485334986
2018-10-02 00:00:00,0.00041292302196235093,0.1581124258626554
2018-10-03 00:00:00,0.0004166827981198564,0.15782518488389
2018-10-04 00:00:00,0.0004230755660278924,0.15811794493359346
2018-10-05 00:00:00,0.000434856941804039,0.15758799087803788
2018-10-08 00:00:00,0.0004562853998483059,0.15811257292813696
2018-10-09 00:00:00,0.00046597817994982157,0.1585037009096025
2018-10-10 00:00:00,0.0004904054004353428,0.1602317359643026
2018-10-11 00:00:00,0.0004510388084962402,0.1764990123469414
2018-10-12 00:00:00,0.00048627338013931874,0.1750904970675222
2018-10-15 00:00:00,0.0004999921849191728,0.1740731595141007
2018-10-16 00:00:00,0.0005006032826398448,0.17118661408927816
2018-10-17 00:00:00,0.0005449806181445388,0.17319734274894633
2018-10-18 00:00:00,0.0005410819696898906,0.17228263387719414
2018-10-19 00:00:00,0.0005103080926882176,0.16783018307016367
2018-10-22 00:00:00,0.0004044784840692884,0.15566820532011758
2018-10-23 00:00:00,0.00038608872717325237,0.15744594700089107
2018-10-24 00:00:00,0.0003818388477144615,0.15700171348769115
2018-10-25 00:00:00,0.00035107296147247896,0.15689205810850582
2018-10-26 00:00:00,0.00036853148428740804,0.15717116570502432
2018-10-29 00:00:00,0.00037613645228952875,0.15699592846590504
2018-10-30 00:00:00,0.0003619545278084258,0.15641491358578663
2018-10-31 00:00:00,0.00034558202239324545,0.156681041579043
2018-11-01 00:00:00,0.0003542531975665469,0.15696492096423398
2018-11-02 00:00:00,0.00033581285151281653,0.1564170416001197
2018-11-05 00:00:00,0.0003121273301036404,0.15617638427145325
2018-11-06 00:00:00,0.00030256726779904434,0.15709534147497417
2018-11-07 00:00:00,0.0003443524059334464,0.1569436381557646
2018-11-08 00:00:00,0.00038907565774472144,0.1558379070503778
2018-11-09 00:00:00,0.00035611255115408635,0.15918998710968102
2018-11-12 00:00:00,0.00034443075342012106,0.15662584830981233
2018-11-13 00:00:00,0.0003584185634147985,0.1527525699416204
2018-11-14 00:00:00,0.0004200862420995077,0.1370771516009877
2018-11-15 00:00:00,0.0003768370002850129,0.13601656187915223
2018-11-16 00:00:00,0.00037173602845756585,0.13580480554116006
2018-11-19 00:00:00,0.000397728453529696,0.13032715292880348
2018-11-20 00:00:00,0.0003668934334438397,0.1278998646646042
2018-11-21 00:00:00,0.00032345943009395536,0.12669430452141267
2018-11-22 00:00:00,0.00030352889949405217,0.12627563550374477
2018-11-23 00:00:00,0.00030973046240512735,0.12530350906034426
2018-11-26 00:00:00,0.0003141346576918283,0.12530707105585998
2018-11-27 00:00:00,0.0003159374481711964,0.1253212498629412
2018-11-28 00:00:00,0.0003062807236952448,0.12470331304958253
2018-11-29 00:00:00,0.0003255109910027131,0.12272521403606107
2018-11-30 00:00:00,0.0003219906269503901,0.12280701271007541
2018-12-03 00:00:00,0.0002609110337252759,0.11656529832043074
2018-12-04 00:00:00,0.00021886466804918814,0.11612085817613153
2018-12-05 00:00:00,0.0002391486750007588,0.11689528407201957
2018-12-06 00:00:00,0.0002605196096221649,0.11775266213094723
2018-12-07 00:00:00,0.000286008440211736,0.11732174155044843
2018-12-10 00:00:00,0.00027819816627627813,0.11706909810851193
2018-12-11 00:00:00,0.00024685646013407363,0.11548184066149587
2018-12-12 00:00:00,0.0002603978438880367,0.11543566904338805
2018-12-13 00:00:00,0.0002412280768215961,0.11456505154798965
2018-12-14 00:00:00,0.0002205680583250071,0.1169318745941747
2018-12-17 00:00:00,0.00017522882687385496,0.11484164878170693
2018-12-18 00:00:00,0.00016554725575572857,0.11498257172275696
2018-12-19 00:00:00,0.0001822290633335559,0.11423309141106297
2018-12-20 00:00:00,0.00022452171495921446,0.11500290429483746
2018-12-21 00:00:00,0.00023812024640479355,0.1147385134172146
2018-12-24 00:00:00,0.00024115023559771978,0.11461236950799791
2018-12-25 00:00:00,0.0002687082859005586,0.1151263025110133
2018-12-26 00:00:00,0.0002553654868581152,0.1153591322990963
2018-12-27 00:00:00,0.00022966573676121626,0.11606066659529768
2018-12-28 00:00:00,0.00024177317446097939,0.11132370775897957
2018-12-31 00:00:00,0.00027312300467968243,0.11409705779887683
2019-01-02 00:00:00,0.0002037726892096821,0.11126181866316369
2019-01-03 00:00:00,0.00027975711734972374,0.10874574929366033
2019-01-04 00:00:00,0.0002911681107123776,0.10871896354136333
2019-01-07 00:00:00,0.00030773255737768715,0.1100559156369377
2019-01-08 00:00:00,0.0003145543442949234,0.11016951501448671
2019-01-09 00:00:00,0.00032702649715108723,0.10891250685686989
2019-01-10 00:00:00,0.00033872693652027357,0.10906852098112053
2019-01-11 00:00:00,0.00032791636048868896,0.10858255640046738
2019-01-14 00:00:00,0.0003200885285938542,0.108818590858175
2019-01-15 00:00:00,0.0002738128606644414,0.10624258666356005
2019-01-16 00:00:00,0.00023989212462079162,0.10525151488247213
2019-01-17 00:00:00,0.0002715936376412471,0.10445939391496664
2019-01-18 00:00:00,0.0002781964358148154,0.10491013459453678
2019-01-21 00:00:00,0.00027668832934642446,0.10506367361243854
2019-01-22 00:00:00,0.0002946927678492258,0.10446796708129011
2019-01-23 00:00:00,0.0002976857974062785,0.10238823233487811
2019-01-24 00:00:00,0.0002696853599918953,0.1008364581004286
2019-01-25 00:00:00,0.0002623828315897592,0.09985476978783053
2019-01-28 00:00:00,0.00026900841569550465,0.09853356597392013
2019-01-29 00:00:00,0.00027805670492703807,0.09832338641932158
2019-01-30 00:00:00,0.00027294614487689925,0.09751952603713371
2019-01-31 00:00:00,0.00034177398964489936,0.09629795615653924
2019-02-01 00:00:00,0.0003794719104460701,0.09686715213858747
2019-02-04 00:00:00,0.00035784811775125777,0.0965300280928435
2019-02-05 00:00:00,0.0003578491852562825,0.09653003511710767
2019-02-06 00:00:00,0.0003578502528422458,0.09653004214190437
2019-02-07 00:00:00,0.00036207090028068684,0.09653129782399338
2019-02-08 00:00:00,0.0003615914653788922,0.09658209391615342
2019-02-11 00:00:00,0.00034051624198300266,0.09423794833704739
2019-02-12 00:00:00,0.0003413737272824311,0.09393511081259713
2019-02-13 00:00:00,0.000370410158551061,0.09593568336158385
2019-02-14 00:00:00,0.00037034591823051274,0.09571795793110298
2019-02-15 00:00:00,0.00034227777537169165,0.09597075784215031
2019-02-18 00:00:00,0.0003697106369252049,0.10108676991620887
2019-02-19 00:00:00,0.0003611082843739885,0.10112083069144039
2019-02-20 00:00:00,0.0003713409703252912,0.10221322291656502
2019-02-21 00:00:00,0.0003940623010715741,0.1020431907760582
2019-02-22 00:00:00,0.00035588761345962163,0.0987578041780038
2019-02-25 00:00:00,0.000322539113974164,0.09158015618241776
2019-02-26 00:00:00,0.0002890206454599534,0.09074182167332288
2019-02-27 00:00:00,0.00029758006716037544,0.09079872510752644
2019-02-28 00:00:00,0.0002905316073094318,0.09039608483579932
2019-03-01 00:00:00,0.0002779256220930856,0.09109321587945765
2019-03-04 00:00:00,0.0002465745076202502,0.09061442849285913
2019-03-05 00:00:00,0.00021006812550830863,0.08717650360180187
2019-03-06 00:00:00,0.00020950095738653298,0.08684305552358249
2019-03-07 00:00:00,0.00019074346668571603,0.08464101429657989
2019-03-08 00:00:00,0.00013180725132104005,0.09023554872625178
2019-03-11 00:00:00,0.000127961464581855,0.0886354208042887
2019-03-12 00:00:00,0.00014166821597811138,0.09128152071893715
2019-03-13 00:00:00,0.00013056249011825796,0.0907754449412538
2019-03-14 00:00:00,0.0001557459931526965,0.08836117363873981
2019-03-15 00:00:00,0.00014602498651190043,0.08873792536512408
2019-03-18 00:00:00,0.00018983174721700505,0.09126159618544392
2019-03-19 00:00:00,0.0001690827588202822,0.09196366548685049
2019-03-20 00:00:00,0.00015516824780879255,0.09196257007183868
2019-03-21 00:00:00,0.0001296403869529936,0.09218761251729597
2019-03-22 00:00:00,0.00016344077571506764,0.09260160935565728
2019-03-25 00:00:00,7.032595920182587e-05,0.09773434474966038
2019-03-26 00:00:00,9.986141066738138e-05,0.09476153599788058
2019-03-27 00:00:00,0.00012271701047800057,0.09124083214311036
2019-03-28 00:00:00,0.00011627127679261961,0.09107889988207471
2019-03-29 00:00:00,8.18493984094115e-05,0.0945506923072518
2019-04-01 00:00:00,9.92519852226756e-05,0.09585066553963005
2019-04-02 00:00:00,0.00010017668130595932,0.09609856150368394
2019-04-03 00:00:00,0.00013914384394802222,0.09716782769808298
2019-04-04 00:00:00,0.0001701863241736073,0.09629784719465445
2019-04-05 00:00:00,0.0001860237336729309,0.09559441057825264
2019-04-08 00:00:00,0.00016699317277588409,0.09088840500486194
2019-04-09 00:00:00,0.00015251428786902747,0.09132685854553142
2019-04-10 00:00:00,9.779568610212328e-05,0.08991933254041337
2019-04-11 00:00:00,0.00013826749209574972,0.08700326508832361
2019-04-12 00:00:00,0.00010911552552048808,0.0900488762087475
2019-04-15 00:00:00,0.00010724840388375088,0.08901058788728074
2019-04-16 00:00:00,8.003913987457005e-05,0.08654782449395063
2019-04-17 00:00:00,7.511152796123869e-05,0.08644901450429056
2019-04-18 00:00:00,9.185666731579317e-05,0.08536874208181866
2019-04-19 00:00:00,0.00010109599759151369,0.085520082419888
2019-04-22 00:00:00,9.328523091328098e-05,0.08535518209245041
2019-04-23 00:00:00,0.00010970142043492922,0.08415685752514901
2019-04-24 00:00:00,0.00015389105371761908,0.08504788826883701
2019-04-25 00:00:00,0.0001571188528641785,0.08246192714385804
2019-04-26 00:00:00,0.00013539111353061975,0.08321624563514889
2019-04-29 00:00:00,0.00016413240264299216,0.08053446646037371
2019-04-30 00:00:00,0.0001778614737701888,0.08093325057550536
2019-05-01 00:00:00,0.00015575853823848482,0.07951343747601333
2019-05-02 00:00:00,0.00014988283620117837,0.07950149087007845
2019-05-03 00:00:00,0.000126270425155383,0.08009705057339352
2019-05-06 00:00:00,8.799654903861109e-05,0.0881373447844499
2019-05-07 00:00:00,0.00012143913566045441,0.0888603308026523
2019-05-08 00:00:00,0.00010783332486522269,0.0898044207793347
2019-05-09 00:00:00,8.282670217607692e-05,0.09127216680704513
2019-05-10 00:00:00,8.91835212594022e-05,0.08823531574226419
2019-05-13 00:00:00,6.021996136715673e-05,0.08961398981333234
2019-05-14 00:00:00,1.3093219414487283e-05,0.09141266578678145
2019-05-15 00:00:00,1.6501103739112742e-05,0.09170146535931702
2019-05-16 00:00:00,3.599358787779936e-05,0.09126057728472386
2019-05-17 00:00:00,9.377969573359161e-05,0.08887110432232748
2019-05-20 00:00:00,9.371496128434655e-05,0.08909316423542253
2019-05-21 00:00:00,0.00010497740449508494,0.08841595016499186
2019-05-22 00:00:00,0.000110302267200162,0.0882908072552973
2019-05-23 00:00:00,9.967507238241432e-05,0.08905115311601153
2019-05-24 00:00:00,0.00012776980476522583,0.0881301515953918
2019-05-27 00:00:00,0.00011480855207278521,0.0884598525016594
2019-05-28 00:00:00,0.00012681080444156603,0.08851402667301442
2019-05-29 00:00:00,0.00011430659040694478,0.08882976905179173
2019-05-30 00:00:00,9.979683924222619e-05,0.08918301650265004
2019-05-31 00:00:00,8.36356417290035e-05,0.08895934831885016
2019-06-03 00:00:00,8.056702700445449e-05,0.08901356320385508
2019-06-04 00:00:00,9.454264324086939e-05,0.08811112967522422
2019-06-05 00:00:00,0.0001209938210036304,0.08748826573269117
2019-06-06 00:00:00,0.0001340245148552843,0.08619104776632298
2019-06-07 00:00:00,0.00010665441863172949,0.08758030744468606
2019-06-10 00:00:00,0.00013664442537656747,0.0886283296528634
2019-06-11 00:00:00,0.0001275324328863557,0.08624306984184613
2019-06-12 00:00:00,0.00013837657727824209,0.08613911394844301
2019-06-13 00:00:00,0.00014632231002615362,0.08576040323636969
2019-06-14 00:00:00,0.00019128426691172824,0.08380466813151932
2019-06-17 00:00:00,0.00017924139397213358,0.0837005069387043
2019-06-18 00:00:00,0.00017073033017434155,0.08459797109273053
2019-06-19 00:00:00,0.00017017410088826813,0.08497551214309429
2019-06-20 00:00:00,0.00017736997465735046,0.08673024614154749
2019-06-21 00:00:00,0.0002097458014001675,0.0878437786625554
2019-06-24 00:00:00,0.0002062029378547189,0.08869516445688116
2019-06-25 00:00:00,0.00023093601117647977,0.08778096330111834
2019-06-26 00:00:00,0.00023919138052834444,0.08954647431554458
2019-06-27 00:00:00,0.00020796306967612094,0.08855635017398784
2019-06-28 00:00:00,0.00020658803270178327,0.08855255043317213
2019-07-01 00:00:00,0.0001890793220223691,0.08747019682511058
2019-07-02 00:00:00,0.00019405757529884966,0.08742153337041976
2019-07-03 00:00:00,0.0002347810437695568,0.08628804081130086
2019-07-04 00:00:00,0.00022612430720185992,0.08607608296406585
2019-07-05 00:00:00,0.00023435310085274084,0.08565069001408684
2019-07-08 00:00:00,0.00022077764548835007,0.08646106890599384
2019-07-09 00:00:00,0.00020381700692593784,0.08634241213993162
2019-07-10 00:00:00,0.00020490269973721107,0.08634002714128644
2019-07-11 00:00:00,0.00023685582966107647,0.0863336376978682
2019-07-12 00:00:00,0.0002288215212195271,0.08623318095464738
2019-07-15 00:00:00,0.0002326265693846258,0.08634481501371875
2019-07-16 00:00:00,0.00023163200490811816,0.0852876771822216
2019-07-17 00:00:00,0.00022000206985468956,0.08533589727048373
2019-07-18 00:00:00,0.00019814742732369425,0.08653130917174551
2019-07-19 00:00:00,0.0003099199112836933,0.06772556885721456
2019-07-22 00:00:00,0.0002465287132236179,0.07026435893976678
2019-07-23 00:00:00,0.000257295109681011,0.07110977056267316
2019-07-24 00:00:00,0.0002574120861263095,0.0726346477030713
2019-07-25 00:00:00,0.00022408181288437645,0.07154623915180668
2019-07-26 00:00:00,0.00020684932187953737,0.07119096384726854
2019-07-29 00:00:00,0.0002412764691328284,0.0730610726496525
2019-07-30 00:00:00,0.000264091427415307,0.07883795496352906
2019-07-31 00:00:00,0.0002604039661986332,0.07797556952812039
2019-08-01 00:00:00,0.0002128892177126378,0.07920672837298912
2019-08-02 00:00:00,0.00029068950258778927,0.07713747210371215
2019-08-05 00:00:00,0.0003139114048907243,0.07573164463363298
2019-08-06 00:00:00,0.0002885265576635871,0.07784652959478802
2019-08-07 00:00:00,0.000341348860725902,0.07790801294770898
2019-08-08 00:00:00,0.00034887610858554114,0.07754576168547737
2019-08-09 00:00:00,0.0003738601841627293,0.075320005448159
2019-08-12 00:00:00,0.00035459161384814475,0.07339053085161218
2019-08-13 00:00:00,0.00037439792173935715,0.07361436334526365
2019-08-14 00:00:00,0.00035764414063887983,0.07350081305121409
2019-08-15 00:00:00,0.00029947277841967015,0.07328649802397683
2019-08-16 00:00:00,0.00025719959300026375,0.07471310804687153
2019-08-19 00:00:00,0.00027371294166312715,0.07470095947355278
2019-08-20 00:00:00,0.00028974481907785034,0.07602887326198347
2019-08-21 00:00:00,0.00032347988370484704,0.0787758250723905
2019-08-22 00:00:00,0.00033020400716143617,0.07886033960812479
2019-08-23 00:00:00,0.00034094410412369185,0.07913489321464905
2019-08-26 00:00:00,0.00035588547026343996,0.07879071602322144
2019-08-27 00:00:00,0.0003704000822803533,0.07961738534622682
2019-08-28 00:00:00,0.00038032234025390746,0.07831128600029162
2019-08-29 00:00:00,0.0004146679330006315,0.07861565105452666
2019-08-30 00:00:00,0.0004122463547707885,0.07864083913709888
2019-09-02 00:00:00,0.00040194968024208415,0.07644661680544457
2019-09-03 00:00:00,0.00039913990483915517,0.07644557346142451
2019-09-04 00:00:00,0.0004047875309307733,0.07667566786011687
2019-09-05 00:00:00,0.0004304633000715342,0.07765454093872019
2019-09-06 00:00:00,0.0003835900247838583,0.0789142279203452
2019-09-09 00:00:00,0.00037173643143246815,0.07861605622880452
2019-09-10 00:00:00,0.0003591567473847989,0.08068678782622933
2019-09-11 00:00:00,0.0003957501663521525,0.08069127869172532
2019-09-12 00:00:00,0.00041603549014320265,0.08032205231520138
2019-09-13 00:00:00,0.00041708741436021944,0.08007169909863997
2019-09-16 00:00:00,0.0004117762555219145,0.08006447945618232
2019-09-17 00:00:00,0.00041064902762420297,0.0801565260255682
2019-09-18 00:00:00,0.0004250635962679289,0.0805257236837849
2019-09-19 00:00:00,0.0004101099568818842,0.08039691429645901
2019-09-20 00:00:00,0.0004353405828162281,0.08091437494039642
2019-09-23 00:00:00,0.00046115277416464693,0.07799599080624177
2019-09-24 00:00:00,0.00047459094659082525,0.07785497780970925
2019-09-25 00:00:00,0.00046537469814847984,0.0793100651902123
2019-09-26 00:00:00,0.0004493733906465751,0.08072231596668204
2019-09-27 00:00:00,0.0004016366135800411,0.08016711835324183
2019-09-30 00:00:00,0.00041577555617274117,0.07926880462283953
2019-10-01 00:00:00,0.00041691395415433474,0.07940762977627412
2019-10-02 00:00:00,0.00041687740440523875,0.07931353590941877
2019-10-03 00:00:00,0.0004229890577363342,0.07915413322802303
2019-10-04 00:00:00,0.00043789735625014025,0.07833316741747683
2019-10-07 00:00:00,0.000437890262887844,0.07834814465931231
2019-10-08 00:00:00,0.00040890697305214147,0.07844324435907822
2019-10-09 00:00:00,0.00043451851185913765,0.07685138388302684
2019-10-10 00:00:00,0.00041061973768189195,0.07736206903658085
2019-10-11 00:00:00,0.00043866717384544336,0.0781566659315946
2019-10-14 00:00:00,0.0004240071034472331,0.07696360774666224
2019-10-15 00:00:00,0.00045019703512512866,0.07554716035735465
2019-10-16 00:00:00,0.00048823203881029554,0.07504990220167107
2019-10-17 00:00:00,0.0004650329248364202,0.07529819628042968
2019-10-18 00:00:00,0.00047861156362272725,0.07546092040480629
2019-10-21 00:00:00,0.00048325387995964866,0.07518826060952595
2019-10-22 00:00:00,0.0005270306341807845,0.0776024383645612
2019-10-23 00:00:00,0.0005166640156687009,0.0780900235723658
2019-10-24 00:00:00,0.0004965164545659143,0.07900659155525946
2019-10-25 00:00:00,0.00048593685108616873,0.07860827661523972
2019-10-28 00:00:00,0.00048194308664137645,0.07844821983333386
2019-10-29 00:00:00,0.000485024910879361,0.07824904722994884
2019-10-30 00:00:00,0.0004978269376824626,0.07849496810532146
2019-10-31 00:00:00,0.0005090611911662993,0.07845623355435635
2019-11-01 00:00:00,0.0004889096740287843,0.07862534974657864
2019-11-04 00:00:00,0.0005052931958293234,0.07865392276031427
2019-11-05 00:00:00,0.0005324807716277693,0.07819425897132763
2019-11-06 00:00:00,0.0005133950694294234,0.0790392478745695
2019-11-07 00:00:00,0.00047006615710325575,0.08087272690193555
2019-11-08 00:00:00,0.000443876034713348,0.07900089349619675
2019-11-11 00:00:00,0.0004487817755622178,0.07874911167600562
2019-11-12 00:00:00,0.00047332414646197564,0.07877558856611
2019-11-13 00:00:00,0.0004754403207896839,0.07877020193868328
2019-11-14 00:00:00,0.00047243182242870645,0.0786064268995028
2019-11-15 00:00:00,0.0004943825369735179,0.07782874707753151
2019-11-18 00:00:00,0.0005292946246209497,0.08003019988451598
2019-11-19 00:00:00,0.0005286665421488022,0.08031312239705722
2019-11-20 00:00:00,0.00047790254546246984,0.07939964237283578
2019-11-21 00:00:00,0.00045777678361286157,0.07960155965092021
2019-11-22 00:00:00,0.0004916655175692795,0.07848415717130006
2019-11-25 00:00:00,0.00048501348163032347,0.07343098727895535
2019-11-26 00:00:00,0.0005134962394599195,0.07298356266726398
2019-11-27 00:00:00,0.0005305479528498905,0.07293144290643301
2019-11-28 00:00:00,0.0005385611837125984,0.07283082712904515
2019-11-29 00:00:00,0.0005552490768421796,0.07573895200329124
2019-12-02 00:00:00,0.0006057027940762476,0.08289410550391617
2019-12-03 00:00:00,0.0005682045524715548,0.08164302537441051
2019-12-04 00:00:00,0.0005412693591728162,0.08181347198374411
2019-12-05 00:00:00,0.000575547992809974,0.08283643170103906
2019-12-06 00:00:00,0.0005612567864455575,0.08226750545792384
2019-12-09 00:00:00,0.0005946471445326449,0.08392475842298278
2019-12-10 00:00:00,0.0006055178062385518,0.0876591123688253
2019-12-11 00:00:00,0.0006035237988082912,0.08827014883668749
2019-12-12 00:00:00,0.000652147456818586,0.08984002622130229
2019-12-13 00:00:00,0.000699134168921199,0.08132048637133832
2019-12-16 00:00:00,0.0007150951967253646,0.08396138827089752
2019-12-17 00:00:00,0.0006858291169377772,0.08113970393702741
2019-12-18 00:00:00,0.0006679268390374319,0.08051850421251168
2019-12-19 00:00:00,0.0006303509402703988,0.08349440089760346
2019-12-20 00:00:00,0.0006527637720461347,0.08214532524945115
2019-12-23 00:00:00,0.0006432342896057331,0.0754788539301684
2019-12-24 00:00:00,0.0006463230573999973,0.07593446951560577
2019-12-25 00:00:00,0.0006495329323381129,0.07558318030792029
2019-12-26 00:00:00,0.0006718838309522231,0.07689982179739042
2019-12-27 00:00:00,0.0006808767059769608,0.07481667514315991
2019-12-30 00:00:00,0.0007428729896806706,0.07026762800263112
2019-12-31 00:00:00,0.0007135338811707814,0.07344428659701245
2020-01-02 00:00:00,0.0007244145574883715,0.07477682073327502
2020-01-03 00:00:00,0.0007429620009634576,0.07454354136192165
2020-01-06 00:00:00,0.0007314675672241748,0.07346542501277187
2020-01-07 00:00:00,0.0007333317570616085,0.07284857104354697
2020-01-08 00:00:00,0.0006963617810345235,0.07540181679867804
2020-01-09 00:00:00,0.0007094913184056637,0.07660711105546678
2020-01-10 00:00:00,0.0007155876353474032,0.07629902248711228
2020-01-13 00:00:00,0.0007009327411266471,0.07475988013642029
2020-01-14 00:00:00,0.0007142306371117355,0.074593380317224
2020-01-15 00:00:00,0.0007230209879947305,0.07470673146888619
2020-01-16 00:00:00,0.0007457479233501507,0.07457345855717348
2020-01-17 00:00:00,0.0007259583816315462,0.0770508467240428
2020-01-20 00:00:00,0.0007010092655921251,0.07479225962770206
2020-01-21 00:00:00,0.0006835997757316193,0.07584927428478674
2020-01-22 00:00:00,0.0006557316351184107,0.07430440516684882
2020-01-23 00:00:00,0.0006571278794016861,0.07438318864398291
2020-01-24 00:00:00,0.000653415699248483,0.07439128813467033
2020-01-27 00:00:00,0.0006425992891383182,0.07411182575909338
2020-01-28 00:00:00,0.0006430012347444616,0.07379166009949333
2020-01-29 00:00:00,0.0006258706338532398,0.07514641979914527
2020-01-30 00:00:00,0.0005978832051125765,0.07379169127096565
2020-01-31 00:00:00,0.0005785026890414571,0.07770327901382587
2020-02-03 00:00:00,0.0004917590246644277,0.12158446831932956
2020-02-04 00:00:00,0.000516928510478238,0.1303618436769517
2020-02-05 00:00:00,0.0005381657283501118,0.13340305070055436
2020-02-06 00:00:00,0.0005596965315320713,0.13626544014150957
2020-02-07 00:00:00,0.0005700926602003892,0.1365683561537691
2020-02-10 00:00:00,0.0005767081674076788,0.13677422367618902
2020-02-11 00:00:00,0.0006444475996056262,0.13034170624871522
2020-02-12 00:00:00,0.0006537284962878545,0.13189512034747847
2020-02-13 00:00:00,0.0008193493548301223,0.12461130390337168
2020-02-14 00:00:00,0.0007170177621290487,0.12438451056570067
2020-02-17 00:00:00,0.0007152898454352031,0.12459968128103972
2020-02-18 00:00:00,0.0006500275382514343,0.12139484265838608
2020-02-19 00:00:00,0.0006871515435591067,0.11965577925559547
2020-02-20 00:00:00,0.0006758463794566122,0.11853864561843934
2020-02-21 00:00:00,0.0006489994155583217,0.1166701100120455
2020-02-24 00:00:00,0.0005668759111306862,0.1210296058210328
2020-02-25 00:00:00,0.0005695430191179621,0.12060594496320103
2020-02-26 00:00:00,0.0005878968286799277,0.12366587147539798
2020-02-27 00:00:00,0.0005604827749934445,0.12371595593948782
2020-02-28 00:00:00,0.0005181068265857201,0.13366794076533103
2020-03-02 00:00:00,0.0005194409060878784,0.13246371340797594
2020-03-03 00:00:00,0.0005124719266959858,0.1330327237248599
2020-03-04 00:00:00,0.0005264177490495547,0.13313298749337463
2020-03-05 00:00:00,0.000537634762400228,0.13220396077642077
2020-03-06 00:00:00,0.0005604903940751937,0.13138018716684496
2020-03-09 00:00:00,0.0005340043689104165,0.13692343326258424
2020-03-10 00:00:00,0.0005110571394423413,0.13353542119120465
2020-03-11 00:00:00,0.0004936615376314725,0.13456920376298023
2020-03-12 00:00:00,0.00041343459939736335,0.13794071852555617
2020-03-13 00:00:00,0.0003435785339775422,0.1421447584765663
2020-03-16 00:00:00,0.0003195563564717426,0.1471607362130504
2020-03-17 00:00:00,0.0002291006467826743,0.1454923235945332
2020-03-18 00:00:00,0.00029727281882562363,0.14785577010916318
2020-03-19 00:00:00,0.0002486938596209485,0.1468794726128128
2020-03-20 00:00:00,0.0002865102009893984,0.14896502299605135
2020-03-23 00:00:00,0.0003134421415941455,0.14014772512049964
2020-03-24 00:00:00,0.0003811404167584115,0.14446791339348072
2020-03-25 00:00:00,0.0004179758031634101,0.14928921406524512
2020-03-26 00:00:00,0.00039069526693918336,0.1502276842632913
2020-03-27 00:00:00,0.0003936029558717117,0.1481464091280947
2020-03-30 00:00:00,0.00038467520218831265,0.14660674364797055
2020-03-31 00:00:00,0.0003700670629714426,0.1466125306127769
2020-04-01 00:00:00,0.0003082577569464767,0.14841288648685674
2020-04-02 00:00:00,0.00032166346547471593,0.1476542820908532
2020-04-03 00:00:00,0.0003405379720968414,0.14892396499639912
2020-04-06 00:00:00,0.00033577246331296706,0.14908374054297305
2020-04-07 00:00:00,0.00038572121456936364,0.15623372025082458
2020-04-08 00:00:00,0.0003620364557243494,0.1562431896558289
2020-04-09 00:00:00,0.0003317946145824594,0.1581860656646492
2020-04-10 00:00:00,0.0003390759532664526,0.15720813504243844
2020-04-13 00:00:00,0.00033656169014740594,0.15745309681083391
2020-04-14 00:00:00,0.00034188600211383733,0.15889010183122296
2020-04-15 00:00:00,0.00036167434102637005,0.15903492402600575
2020-04-16 00:00:00,0.000333121583031665,0.15807269232682244
2020-04-17 00:00:00,0.00029371030699713917,0.15814441416454622
2020-04-20 00:00:00,0.00027564849767004577,0.15678304500048074
2020-04-21 00:00:00,0.00027476738642390544,0.15700508719459597
2020-04-22 00:00:00,0.000292665724938958,0.1572666342998611
2020-04-23 00:00:00,0.0003461449014983254,0.1560634677736536
2020-04-24 00:00:00,0.0003630370141905354,0.15478012540093358
2020-04-27 00:00:00,0.00037287488176526707,0.15400318759337162
2020-04-28 00:00:00,0.0004025408718819546,0.15243650217173302
2020-04-29 00:00:00,0.0004379709927737636,0.15180620463325356
2020-04-30 00:00:00,0.0004473256334433526,0.15345264300850603
2020-05-01 00:00:00,0.000435926400465969,0.1533233232959833
2020-05-04 00:00:00,0.00045613359381470103,0.15340583198233199
2020-05-05 00:00:00,0.00043857968436694466,0.15346504242344552
2020-05-06 00:00:00,0.00039016521528401977,0.14907815382747278
2020-05-07 00:00:00,0.0003787634138703934,0.14889124549739519
2020-05-08 00:00:00,0.0004486382573658693,0.14919115292635968
2020-05-11 00:00:00,0.00042131569286087996,0.15095674307937657
2020-05-12 00:00:00,0.0003530045637652377,0.1525163016685259
2020-05-13 00:00:00,0.00036786548990363555,0.15038250925452684
2020-05-14 00:00:00,0.0003243557593788888,0.1517134342709618
2020-05-15 00:00:00,0.00032283837279947883,0.15146399775102898
2020-05-18 00:00:00,0.0003063054068971993,0.15321350063184294
2020-05-19 00:00:00,0.0003187899963183978,0.15440563909955332
2020-05-20 00:00:00,0.00032421224998956165,0.1542532227798692
2020-05-21 00:00:00,0.0003286141973824127,0.1547174211510537
2020-05-22 00:00:00,0.0003435613692014751,0.15740740221291238
2020-05-25 00:00:00,0.00036397468183691227,0.15711126640181072
2020-05-26 00:00:00,0.00038545223770555847,0.1598230622558757
2020-05-27 00:00:00,0.0003613973009446296,0.16077334334030055
2020-05-28 00:00:00,0.00038686006163769413,0.16062292863935818
2020-05-29 00:00:00,0.0003683419681346768,0.1602754831335887
2020-06-01 00:00:00,0.0003486539626323213,0.15831969378304767
2020-06-02 00:00:00,0.0003321069451751673,0.15886164552741772
2020-06-03 00:00:00,0.000330378670978593,0.15842972716556097
2020-06-04 00:00:00,0.0003330197239294558,0.15841628351003864
2020-06-05 00:00:00,0.00031048358103616614,0.15835418914818053
2020-06-08 00:00:00,0.0002929793929389658,0.1586967769162773
2020-06-09 00:00:00,0.0003216962365441393,0.16163956745880675
2020-06-10 00:00:00,0.0003336689274323111,0.16175182245777814
2020-06-11 00:00:00,0.0003186640560219825,0.16191508331619797
2020-06-12 00:00:00,0.00023512169590262516,0.16136703221709656
2020-06-15 00:00:00,0.00017310386563326187,0.16200640409040518
2020-06-16 00:00:00,0.00030370946706472293,0.17351289442419535
2020-06-17 00:00:00,0.0003338275178842359,0.1733651089802633
2020-06-18 00:00:00,0.0002951210247792697,0.17389223325881759
2020-06-19 00:00:00,0.00029231774746322814,0.1738706738989029
2020-06-22 00:00:00,0.00027905828140241114,0.17394353326239242
2020-06-23 00:00:00,0.0002927966281277475,0.1740831139787837
2020-06-24 00:00:00,0.00030113657751028777,0.1747513977239321
2020-06-25 00:00:00,0.0002965516129457305,0.17476468840022394
2020-06-26 00:00:00,0.00030391978909796204,0.1751584563843971
2020-06-29 00:00:00,0.00020211266009186193,0.17708521675616073
2020-06-30 00:00:00,0.00020168486102543247,0.17674502922241794
2020-07-01 00:00:00,0.000258975417182479,0.1773432000948351
2020-07-02 00:00:00,0.00028616950975129273,0.1771318275283194
2020-07-03 00:00:00,0.00031061186478260156,0.17834663462127706
2020-07-06 00:00:00,0.00035589863721850415,0.18635026956744732
2020-07-07 00:00:00,0.0003181205536901641,0.1874486226979667
2020-07-08 00:00:00,0.000331535698263017,0.1888643640670375
2020-07-09 00:00:00,0.00035010970463771,0.1908691272052709
2020-07-10 00:00:00,0.000303203414921445,0.19173509589088297
2020-07-13 00:00:00,0.00030792767497966585,0.19230027620728082
2020-07-14 00:00:00,0.00028723150427854843,0.19358356338248292
2020-07-15 00:00:00,0.00031480079432986947,0.19369931289500134
2020-07-16 00:00:00,0.0003281009483189703,0.19393352241195919
2020-07-17 00:00:00,0.00035324559409166955,0.1944810874981046
2020-07-20 00:00:00,0.000370221412202212,0.19926995425359353
2020-07-21 00:00:00,0.0003787395692488646,0.1996959794357442
2020-07-22 00:00:00,0.00037814011396658775,0.20257706047392304
2020-07-23 00:00:00,0.0003685870683820668,0.2031400945409739
2020-07-24 00:00:00,0.00041289056053318146,0.19677579303186243
2020-07-27 00:00:00,0.00045445829186742154,0.19761647983748493
2020-07-28 00:00:00,0.00042608257510006874,0.19640205429210392
2020-07-29 00:00:00,0.00041013080197770856,0.19506054657765984
2020-07-30 00:00:00,0.0004158416744208305,0.19477750039407718
2020-07-31 00:00:00,0.00039231329680022603,0.19445707550934024
2020-08-03 00:00:00,0.0003690920219582436,0.1916711393842377
2020-08-04 00:00:00,0.00040823589260762606,0.19153862842247468
2020-08-05 00:00:00,0.0004037078489181495,0.19326276938711195
2020-08-06 00:00:00,0.0004072677594078913,0.19340184137295524
2020-08-07 00:00:00,0.00042393114646387635,0.19242105977524937
2020-08-10 00:00:00,0.0004298794582244986,0.19264647893838027
2020-08-11 00:00:00,0.00042477866543607344,0.19254733056464107
2020-08-12 00:00:00,0.0003431518889147923,0.19555267002841062
2020-08-13 00:00:00,0.0003941476903733838,0.19538738827847618
2020-08-14 00:00:00,0.00038447090393018617,0.19503250887141946
2020-08-17 00:00:00,0.0003622491815570971,0.19281339795369978
2020-08-18 00:00:00,0.00033669215891654706,0.19411123712708908
2020-08-19 00:00:00,0.00033678655921558204,0.192682307626328
2020-08-20 00:00:00,0.00032569470823243024,0.19312539610147578
2020-08-21 00:00:00,0.00033275626213407196,0.19328465320491534
2020-08-24 00:00:00,0.000307332478644669,0.19428959763878897
2020-08-25 00:00:00,0.0003554929035574138,0.19244691590121674
2020-08-26 00:00:00,0.0003393855750264105,0.19360663993344723
2020-08-27 00:00:00,0.0003790637141304382,0.19339030379495853
2020-08-28 00:00:00,0.00038655146463251183,0.19196085746285865
2020-08-31 00:00:00,0.00037332313976920446,0.1925590056069655
2020-09-01 00:00:00,0.00031476718614508755,0.19218424958154648
2020-09-02 00:00:00,0.0003417727981341011,0.19263355877066524
2020-09-03 00:00:00,0.00045483027538624834,0.18887741739695374
2020-09-04 00:00:00,0.00026589387493470537,0.19425972602877595
2020-09-07 00:00:00,0.00014689818477668225,0.20363752945233066
2020-09-08 00:00:00,0.00019684046235789936,0.20516412275947335
2020-09-09 00:00:00,0.00016397313235067289,0.2137168001961248
2020-09-10 00:00:00,0.0002840071506969545,0.20738144933502572
2020-09-11 00:00:00,0.0002249603871585813,0.2051080493688648
2020-09-14 00:00:00,0.00026023182562365206,0.20581030099721218
2020-09-15 00:00:00,0.00025077143040202197,0.20583517167022455
2020-09-16 00:00:00,0.0002637306974206602,0.20638509135578392
2020-09-17 00:00:00,0.0002569110563173804,0.2062952424854266
2020-09-18 00:00:00,0.00024505487245326624,0.20732807888533444
2020-09-21 00:00:00,0.00023152363300414056,0.20766270690623467
2020-09-22 00:00:00,0.00021076835029142842,0.2090791039971851
2020-09-23 00:00:00,0.0002039707288856647,0.2089009174214237
2020-09-24 00:00:00,0.00022796346328142662,0.20854998925956614
2020-09-25 00:00:00,0.0002386547807119101,0.2085696049458382
2020-09-28 00:00:00,0.00023287669649258068,0.20893941622940107
2020-09-29 00:00:00,0.00018783092332290657,0.2114819821353538
2020-09-30 00:00:00,0.00018533714071221073,0.21167985010831128
2020-10-01 00:00:00,0.00019649494072307736,0.21181684845317802
2020-10-02 00:00:00,0.00018901409722147278,0.2116783342489666
2020-10-05 00:00:00,0.00014647740102341969,0.21294112884220492
2020-10-06 00:00:00,0.00015259226607549172,0.21323006262903735
2020-10-07 00:00:00,0.000159875685946019,0.21334911425782865
2020-10-08 00:00:00,0.00015452999697942437,0.21304032839430906
2020-10-09 00:00:00,0.00017682045539496838,0.21664341142395527
2020-10-12 00:00:00,0.00017416429646626184,0.21541491205271737
2020-10-13 00:00:00,0.00015574139732673899,0.21533592800050172
2020-10-14 00:00:00,0.0001791798282609133,0.21421113923945773
2020-10-15 00:00:00,0.0001667877678366529,0.21350602779477318
2020-10-16 00:00:00,0.00016952103568626225,0.21336263423979115
2020-10-19 00:00:00,0.00020773122465178302,0.21401841062792135
2020-10-20 00:00:00,0.0001674738990592643,0.21405843219950943
2020-10-21 00:00:00,0.00017550392416645046,0.21360304521279416
2020-10-22 00:00:00,0.00017735700722005038,0.21349233339289422
2020-10-23 00:00:00,0.0001739875430335502,0.21347189856388551
2020-10-26 00:00:00,0.00020491108527938648,0.2150729328447162
2020-10-27 00:00:00,0.00020094368571959155,0.2154728733160623
2020-10-28 00:00:00,0.00022955515225821916,0.21642349037753464
2020-10-29 00:00:00,0.00018291880024416793,0.21999016086418635
2020-10-30 00:00:00,0.00018795244931800375,0.21965713110389762
2020-11-02 00:00:00,0.00017708347384030025,0.21946598922058708
2020-11-03 00:00:00,0.00017996784297930654,0.21957739218914574
2020-11-04 00:00:00,0.0001982656759329328,0.21944437566727737
2020-11-05 00:00:00,0.0002150634877103921,0.22051864130565552
2020-11-06 00:00:00,0.00023420200414735613,0.21995764552928618
2020-11-09 00:00:00,0.00028755263124812143,0.2058295050906687
2020-11-10 00:00:00,0.00024040240357019508,0.20280068650541924
2020-11-11 00:00:00,0.00028456845337418316,0.19791100461824124
2020-11-12 00:00:00,0.0002647633104385178,0.1964915090423805
2020-11-13 00:00:00,0.00023919806188709813,0.19647101416586885
2020-11-16 00:00:00,0.00027516193562164386,0.1983671547524496
2020-11-17 00:00:00,0.00022919091388102662,0.19937509571193915
2020-11-18 00:00:00,0.0001895413081250073,0.1975601788724481
2020-11-19 00:00:00,6.686773530289187e-05,0.20231481638576704
2020-11-20 00:00:00,0.00016788587566574827,0.20273504712362228
2020-11-23 00:00:00,0.00024961833977401205,0.20891736081483397
2020-11-24 00:00:00,0.000305497244940081,0.21193182396788002
2020-11-25 00:00:00,0.00031691750796843793,0.21085291881046378
2020-11-26 00:00:00,0.0003248201684836455,0.21282661020915142
2020-11-27 00:00:00,0.0003568205253778172,0.21449567874604186
2020-11-30 00:00:00,0.0004175658929757066,0.21680348365505273
2020-12-01 00:00:00,0.00040521028484665145,0.21545960331252267
2020-12-02 00:00:00,0.00037029414321327063,0.21645060474398276
2020-12-03 00:00:00,0.00035812189516693535,0.21652750911379695
2020-12-04 00:00:00,0.00037434729440754557,0.2143329568250613
2020-12-07 00:00:00,0.0003764202611736625,0.2183792963388244
2020-12-08 00:00:00,0.0003795556216192916,0.2193296686950746
2020-12-09 00:00:00,0.00036718877601385957,0.21864682135551652
2020-12-10 00:00:00,0.00036354984660540515,0.2197045063180009
2020-12-11 00:00:00,0.0003682265532097731,0.218658537245741
2020-12-14 00:00:00,0.00035652543729041233,0.2162075393702176
2020-12-15 00:00:00,0.00038729933461109585,0.22109860563749986
2020-12-16 00:00:00,0.0004217123906698632,0.2205612890841592
2020-12-17 00:00:00,0.0004597241216068243,0.21931051104372434
2020-12-18 00:00:00,0.0005083839192057015,0.21760839007771143
2020-12-21 00:00:00,0.0004770458398747202,0.21240158260240127
2020-12-22 00:00:00,0.0005114170169671216,0.21654606300310036
2020-12-23 00:00:00,0.00046403748916340167,0.2208867722556903
2020-12-24 00:00:00,0.0005530381821740451,0.21835508605778464
2020-12-25 00:00:00,0.0005080554263666355,0.21554103007492234
2020-12-28 00:00:00,0.0004339425436305268,0.2326584662003822
2020-12-29 00:00:00,0.00047920335003698376,0.22498018834434463
2020-12-30 00:00:00,0.00041202827419578483,0.2179960930910378
2020-12-31 00:00:00,0.00041583378934688685,0.21501204362567294
2021-01-04 00:00:00,0.0003568591668791382,0.21182174656391103
2021-01-05 00:00:00,0.0003036910139874918,0.211872242083724
2021-01-06 00:00:00,0.0003053847280987217,0.21176324124242513
2021-01-07 00:00:00,0.00039573563186620674,0.21050315985504117
2021-01-08 00:00:00,0.0004402019234013739,0.21272819904114768
2021-01-11 00:00:00,0.00043237401735317154,0.21361893352210387
2021-01-12 00:00:00,0.00043910912743234227,0.21396512146119132
2021-01-13 00:00:00,0.00046283151098920465,0.20684561065147278
2021-01-14 00:00:00,0.0004708459762331622,0.20750222655838374
2021-01-15 00:00:00,0.000469497558725679,0.2070558857106513
2021-01-18 00:00:00,0.0004196004725510708,0.2061435595549802
2021-01-19 00:00:00,0.0004211239780314223,0.20603926890531435
2021-01-20 00:00:00,0.00038573501685036307,0.20390367245639776
2021-01-21 00:00:00,0.00039141332443689517,0.20448000414025266
2021-01-22 00:00:00,0.00038479090880179573,0.20567322668956092
2021-01-25 00:00:00,0.0003723827714530703,0.20562879434001588
2021-01-26 00:00:00,0.00040626036754861153,0.20749005860327324
2021-01-27 00:00:00,0.0004112526806460393,0.2074504196325457
2021-01-28 00:00:00,0.0003632156498023951,0.21268564205557783
2021-01-29 00:00:00,0.00029696594803599666,0.21576031116559352
2021-02-01 00:00:00,0.00028288084403475366,0.21608907172664507
2021-02-02 00:00:00,0.00026654016392248616,0.21720451473503327
2021-02-03 00:00:00,0.0002643335880043935,0.21714577293209006
2021-02-04 00:00:00,0.00020578200111920502,0.2182426852220312
2021-02-05 00:00:00,0.0002403747744320882,0.21273395069719675
2021-02-08 00:00:00,0.00024911632245612893,0.21333505251526982
2021-02-09 00:00:00,0.0002546006297496035,0.21391196475824553
2021-02-10 00:00:00,0.0002492644681783517,0.21351230536067858
2021-02-11 00:00:00,0.0003038618070094455,0.21994848493990732
2021-02-12 00:00:00,0.00033387584740302424,0.2195812898179417
2021-02-16 00:00:00,0.0003051986090814587,0.2177858276977367
2021-02-17 00:00:00,0.0002971114908374889,0.2179121844250293
2021-02-18 00:00:00,0.00032718807135262147,0.21796600049314546
2021-02-19 00:00:00,0.0003131229083506935,0.2163351650477239
2021-02-22 00:00:00,0.00031901256181306013,0.21600325836885617
2021-02-23 00:00:00,0.00029271023957721766,0.21603587800248075
2021-02-24 00:00:00,0.0002317275473778417,0.2196159406279092
2021-02-25 00:00:00,0.0002922679829858093,0.21815698399214464
2021-02-26 00:00:00,0.00020014918291369024,0.22858885996289544
2021-03-01 00:00:00,0.00021659711269608677,0.23063368932255904
2021-03-02 00:00:00,0.0002688044903641087,0.22702234820360687
2021-03-03 00:00:00,0.00022575826878662485,0.22578238936784467
2021-03-04 00:00:00,0.00015433796243561045,0.23223346255308744
2021-03-05 00:00:00,0.00015354172219893443,0.2313331593546688
2021-03-08 00:00:00,0.0001827297563875677,0.22538193213492502
2021-03-09 00:00:00,0.0003052878771752504,0.21164142400970984
2021-03-10 00:00:00,0.0003462145538217328,0.21460333263436004
2021-03-11 00:00:00,0.00039498754992432815,0.22215663331322658
2021-03-12 00:00:00,0.0003263771669964275,0.22187191784962337
2021-03-15 00:00:00,0.00033188045153095894,0.22156274301025222
2021-03-16 00:00:00,0.0003384115405853415,0.22157120855898663
2021-03-17 00:00:00,0.0003398415690270078,0.22110901563379215
2021-03-18 00:00:00,0.0003626459980563692,0.22209519889958737
2021-03-19 00:00:00,0.0003291989889400098,0.22365796249707834
2021-03-22 00:00:00,0.0003028648910778821,0.21992562808347924
2021-03-23 00:00:00,0.0003899840074368059,0.21843365433916706
2021-03-24 00:00:00,0.000475479628357619,0.21853628775555298
2021-03-25 00:00:00,0.0003523823692164559,0.20585858102973326
2021-03-26 00:00:00,0.0003604513169811385,0.2069047149376578
2021-03-29 00:00:00,0.00038730082839149357,0.20681740761164577
2021-03-30 00:00:00,0.0004035986338130281,0.20715764993730135
2021-03-31 00:00:00,0.00043503270896306633,0.20664826765424257
2021-04-01 00:00:00,0.0004336899647871411,0.2068347910641182
2021-04-02 00:00:00,0.00043085035168567633,0.2073147986613194
2021-04-05 00:00:00,0.0004308502671651701,0.2073147989146398
2021-04-06 00:00:00,0.0004659525565100857,0.20769283653306192
2021-04-07 00:00:00,0.0005457008870000032,0.20520457086544872
2021-04-08 00:00:00,0.0005700788906497601,0.20602086034640865
2021-04-09 00:00:00,0.000519523908345212,0.20511430143040962
2021-04-12 00:00:00,0.0005625676816339925,0.19910319411519453
2021-04-13 00:00:00,0.0005208168483937287,0.1978760106888988
2021-04-14 00:00:00,0.0004920959837725923,0.18922777389231513
2021-04-15 00:00:00,0.000485875887564647,0.19012728531023984
2021-04-16 00:00:00,0.00048196495567146995,0.18878019203721202
2021-04-19 00:00:00,0.00045686402656682136,0.1854269307144309
2021-04-20 00:00:00,0.0004723106395621408,0.18457415477940395
2021-04-21 00:00:00,0.00044367221869461807,0.18374555349598642
2021-04-22 00:00:00,0.0004795569088448734,0.1823519676343679
2021-04-23 00:00:00,0.0004580701679068588,0.18106584391512573
2021-04-26 00:00:00,0.0004897500725509933,0.17936010243997927
2021-04-27 00:00:00,0.0004888487615606765,0.178942233696468
2021-04-28 00:00:00,0.000419626323260238,0.16822527969400186
2021-04-29 00:00:00,0.0004247045998023611,0.16814371850238813
2021-04-30 00:00:00,0.00037282798574751205,0.1659699426539854
2021-05-03 00:00:00,0.0003508045564436431,0.1659778469865513
2021-05-04 00:00:00,0.0003244672521291074,0.17523922867340455
2021-05-05 00:00:00,0.00026855292280532697,0.17430322742325627
2021-05-06 00:00:00,0.00026515601215251,0.17678507524078954
2021-05-07 00:00:00,0.0002825300329835695,0.1780865163907462
2021-05-10 00:00:00,0.00030010699729519057,0.17846514413918685
2021-05-11 00:00:00,0.00025527622858889366,0.180965578670099
2021-05-12 00:00:00,0.00030159891706175296,0.188657658272683
2021-05-13 00:00:00,0.0002302162394543035,0.194254692782628
2021-05-14 00:00:00,0.00020949121829165801,0.19222228715377043
2021-05-17 00:00:00,0.00022296913289711646,0.1937478332942137
2021-05-18 00:00:00,0.00020622383366762634,0.19655061428915493
2021-05-19 00:00:00,0.00020683305039534622,0.19669547009356417
2021-05-20 00:00:00,0.00017930969473772883,0.1981878299308588
2021-05-21 00:00:00,0.00026011360975000116,0.19139208152620546
2021-05-24 00:00:00,0.0002177942721980465,0.1900725599884553
2021-05-25 00:00:00,0.00022497228013273817,0.19073357907835625
2021-05-26 00:00:00,0.00028043403728839056,0.19617195753505184
2021-05-27 00:00:00,0.00026641550887054893,0.19498456899072414
2021-05-28 00:00:00,0.00024179450272552978,0.19837248613045874
2021-05-31 00:00:00,0.00025194193899133184,0.1976703046270373
2021-06-01 00:00:00,0.0002633050783593371,0.19790251444662854
2021-06-02 00:00:00,0.00025836376472915024,0.19810567277120714
2021-06-03 00:00:00,0.00019985471491981355,0.2010894393351291
2021-06-04 00:00:00,0.00018983781396743522,0.19799931736892387
2021-06-07 00:00:00,0.00017117483372200914,0.19669401413453566
2021-06-08 00:00:00,0.00020746102400567281,0.19923065394811906
2021-06-09 00:00:00,0.0001996992247539837,0.1995134544015311
2021-06-10 00:00:00,0.00021541484155199463,0.19966420296539306
2021-06-11 00:00:00,0.00017193417892477812,0.19846467312668645
2021-06-14 00:00:00,6.580782905178735e-05,0.20646474484453559
2021-06-15 00:00:00,0.00027577846550773226,0.1928066218840505
2021-06-16 00:00:00,0.00038863663795506604,0.17092989481651946
2021-06-17 00:00:00,0.0002826114150972116,0.16385080237250765
2021-06-18 00:00:00,0.0003864945515331781,0.14281820315793392
2021-06-21 00:00:00,0.00024768617324412705,0.15370145225422352
2021-06-22 00:00:00,0.0003248819638907309,0.16026706307805766
2021-06-23 00:00:00,0.00032105365382112356,0.16035596731132407
2021-06-24 00:00:00,0.00030613486750506486,0.1602994023231478
2021-06-25 00:00:00,0.00032418689349771447,0.16014614079134226
2021-06-28 00:00:00,0.0003249364398150167,0.1601456181473071
2021-06-29 00:00:00,0.0003201160138607378,0.15669092052921305
2021-06-30 00:00:00,0.0003423924649358683,0.15641788550644684
2021-07-01 00:00:00,0.00037577239285457935,0.15207521670316712
2021-07-02 00:00:00,0.0003890809663211124,0.15144249834236265
2021-07-05 00:00:00,0.0004040543984205147,0.15117443736653288
2021-07-06 00:00:00,0.00040874446631172166,0.1511204781957074
2021-07-07 00:00:00,0.0003907433245774289,0.15381270179959294
2021-07-08 00:00:00,0.0003922924180062833,0.1541977849018652
2021-07-09 00:00:00,0.00039789359581379193,0.1536419107615659
2021-07-12 00:00:00,0.0004069737509416406,0.15471302270313508
2021-07-13 00:00:00,0.0004091841132382148,0.15471359938883741
2021-07-14 00:00:00,0.000410666588909694,0.15475316432448322
2021-07-15 00:00:00,0.00041238971088146577,0.15472610124408032
2021-07-16 00:00:00,0.00040382841040517036,0.15488628316697986
2021-07-19 00:00:00,0.0003907376046744601,0.15570379258841743
2021-07-20 00:00:00,0.0003442570986111482,0.14318257525615155
2021-07-21 00:00:00,0.0003611630798745827,0.14664576108538932
2021-07-22 00:00:00,0.0003922582490958836,0.14767923137034897
2021-07-23 00:00:00,0.00039478514741292424,0.14750753125260652
2021-07-26 00:00:00,0.0004337093613211371,0.14114058838112303
2021-07-27 00:00:00,0.0004255280155859501,0.14055826932751736
2021-07-28 00:00:00,0.0004035240315480873,0.14343442781184546
2021-07-29 00:00:00,0.0004323315537351925,0.14871080627220445
2021-07-30 00:00:00,0.0004135612261558624,0.14935868364699925
2021-08-02 00:00:00,0.00042648820996530137,0.1521492994213604
2021-08-03 00:00:00,0.0003896585254009179,0.15482947852299772
2021-08-04 00:00:00,0.0004190836211922655,0.15960141934260486
2021-08-05 00:00:00,0.0004098130711481367,0.1597278474815464
2021-08-06 00:00:00,0.0004500574285441679,0.16108480001306255
2021-08-09 00:00:00,0.00045505024115865286,0.1605935037030218
2021-08-10 00:00:00,0.00045102143735050435,0.15907499687973883
2021-08-11 00:00:00,0.00047580864725862103,0.1606084949112722
2021-08-12 00:00:00,0.00048742938895283446,0.16017354544073886
2021-08-13 00:00:00,0.00048766182190695386,0.1602213288245625
2021-08-16 00:00:00,0.0004611199519708926,0.1566581000007909
2021-08-17 00:00:00,0.000448517180214163,0.1574815845299365
2021-08-18 00:00:00,0.00044622180439402785,0.15737592592594193
2021-08-19 00:00:00,0.0004109301226881591,0.15669060440624535
2021-08-20 00:00:00,0.0003579130857319923,0.16357552125037378
2021-08-23 00:00:00,0.00038023843200644405,0.16582258018283966
2021-08-24 00:00:00,0.0004038211880938174,0.1657596253428752
2021-08-25 00:00:00,0.0003501656810973523,0.15920127099609516
2021-08-26 00:00:00,0.0003372775539382945,0.16018617327165158
2021-08-27 00:00:00,0.0003510180417617146,0.15988691321781404
2021-08-30 00:00:00,0.00035481491889351554,0.1600678425095337
2021-08-31 00:00:00,0.00036161982441103855,0.15991033362489557
2021-09-01 00:00:00,0.0003161487575357598,0.15535434602686252
2021-09-02 00:00:00,0.00031289282540567,0.1540342800649399
2021-09-03 00:00:00,0.00031199745017710924,0.15547491354864348
2021-09-06 00:00:00,0.0003217986105404284,0.15441805851600426
2021-09-07 00:00:00,0.0003144480220391709,0.15378118470733612
2021-09-08 00:00:00,0.00028345723484615097,0.15388478622529264
2021-09-09 00:00:00,0.0002714063614256079,0.15392323977869427
2021-09-10 00:00:00,0.0002990577495636052,0.1539506942758871
2021-09-13 00:00:00,0.00031596257025157527,0.15311137465809677
2021-09-14 00:00:00,0.0003061055940634233,0.15332563105346877
2021-09-15 00:00:00,0.0003146698804767777,0.1518035252603068
2021-09-16 00:00:00,0.00031987331780823056,0.15360588544576256
2021-09-17 00:00:00,0.00031855216677005387,0.15384131279734806
2021-09-20 00:00:00,0.0003362856954843065,0.15409449332138198
2021-09-21 00:00:00,0.0003213383937658304,0.15625883523584116
2021-09-22 00:00:00,0.00032779090060093346,0.15678188368855453
2021-09-23 00:00:00,0.00032701997300140634,0.1566180453594301
2021-09-24 00:00:00,0.0002885306428481229,0.15831795452978284
2021-09-27 00:00:00,0.0002863111967550273,0.1526035484718954
2021-09-28 00:00:00,0.0002628179976689996,0.15228825817320507
2021-09-29 00:00:00,0.00028317992672533085,0.1608852901712241
2021-09-30 00:00:00,0.00031897342590088445,0.15277770178911637
2021-10-01 00:00:00,0.00031389984807203846,0.1524787522515802
2021-10-04 00:00:00,0.00026909444398203435,0.15900068919155416
2021-10-05 00:00:00,0.0002777506291854181,0.1602188101930067
2021-10-06 00:00:00,0.0002574788483940205,0.16134104385390485
2021-10-07 00:00:00,0.00017760945221095357,0.16724993722945913
2021-10-08 00:00:00,0.0001293955194809312,0.17279810792975708
2021-10-11 00:00:00,0.00013954315207910018,0.17515258513993545
2021-10-12 00:00:00,0.00014780549849527296,0.1865646817143907
2021-10-13 00:00:00,0.00016107973629057208,0.18887852260049853
2021-10-14 00:00:00,0.00017331252040243613,0.18960980389837287
2021-10-15 00:00:00,0.0001365500013940853,0.18929381364511086
2021-10-18 00:00:00,8.167333906649643e-05,0.187170548630091
2021-10-19 00:00:00,9.678211863252039e-05,0.18537421737516235
2021-10-20 00:00:00,8.954551107184948e-05,0.18418666456814495
2021-10-21 00:00:00,3.748705219762365e-05,0.1878764526008678
2021-10-22 00:00:00,5.411118743843367e-05,0.18626377750684492
2021-10-25 00:00:00,3.823698823373042e-05,0.18541422477385894
2021-10-26 00:00:00,7.480681185636039e-05,0.19025980815753293
2021-10-27 00:00:00,7.485345425981476e-05,0.19028445490599083
2021-10-28 00:00:00,0.00012268122083157536,0.19084923844641735
2021-10-29 00:00:00,0.000108116592967404,0.18895986444822216
2021-11-01 00:00:00,0.0001562740059776831,0.19047162148029714
2021-11-02 00:00:00,0.00019635190861967512,0.1885033177503854
2021-11-03 00:00:00,0.00019523341084375746,0.18899648956268741
2021-11-04 00:00:00,0.00019217332647234256,0.18895658682035607
2021-11-05 00:00:00,0.00026806034172421585,0.17560433468176526
2021-11-08 00:00:00,0.0002970099111094543,0.1733309859056305
2021-11-09 00:00:00,0.0003007986655312295,0.17361417472511864
2021-11-10 00:00:00,0.00027166219750602324,0.17264081596333544
2021-11-11 00:00:00,0.00024228730927501602,0.17362183260251482
2021-11-12 00:00:00,0.0002479657976870287,0.17162286372601798
2021-11-15 00:00:00,0.00023381480109582642,0.1752351887472519
2021-11-16 00:00:00,0.00022361945525208553,0.17377893060489596
2021-11-17 00:00:00,0.00021597709722160046,0.17167376808955034
2021-11-18 00:00:00,0.000224739603666971,0.17203928849723257
2021-11-19 00:00:00,0.00023893207763213902,0.17383969374934247
2021-11-22 00:00:00,0.00021247724531111187,0.1700790154488111
2021-11-23 00:00:00,0.00015204690994155155,0.16987318609175373
2021-11-24 00:00:00,0.00014554516978729305,0.16997272720539433
2021-11-25 00:00:00,0.00016065531182796574,0.16949129706246754
2021-11-26 00:00:00,0.00013997103577737755,0.17349570050371005
2021-11-29 00:00:00,0.00013533355232305173,0.17343373793778338
2021-11-30 00:00:00,0.00012930679184731774,0.17220796925032275
2021-12-01 00:00:00,0.00015952644656424847,0.1671491738354016
2021-12-02 00:00:00,7.338822998382765e-05,0.1731759369359949
2021-12-03 00:00:00,0.0001782976966135374,0.15261949702283867
2021-12-06 00:00:00,0.00013077653686487887,0.14921195300875933
2021-12-07 00:00:00,0.00013348011633594582,0.150376020432811
2021-12-08 00:00:00,0.00018018528350973215,0.1584330243889389
2021-12-09 00:00:00,0.0002697172816228847,0.14270612456405127
2021-12-10 00:00:00,0.0003022931420959175,0.14216035821385065
2021-12-13 00:00:00,0.0002667876008326179,0.15307585099863988
2021-12-14 00:00:00,9.965957862233255e-05,0.18610856501011933
2021-12-15 00:00:00,9.241971255531797e-05,0.1879076340231087
2021-12-16 00:00:00,8.224462078624444e-05,0.172438348195295
2021-12-17 00:00:00,0.00014840238951587963,0.17252367061484283
2021-12-20 00:00:00,0.00010925675359287849,0.17956718277657654
2021-12-21 00:00:00,0.0001088487820117524,0.1794315213718268
2021-12-22 00:00:00,0.00012740529851182933,0.18031777650402617
2021-12-23 00:00:00,0.0001285589891008854,0.17913828199766363
2021-12-24 00:00:00,0.0001723315660454859,0.1735705892866468
2021-12-27 00:00:00,0.00018724937950780922,0.18105887106059956
2021-12-28 00:00:00,0.0001823539330156208,0.18434918869929723
2021-12-29 00:00:00,0.0001737963978110229,0.1843334835411385
2021-12-30 00:00:00,0.00017605481712205657,0.1840932343257206
2021-12-31 00:00:00,0.0001541610065875688,0.1797884117506929
2022-01-03 00:00:00,0.00014741236556536168,0.1798265085193325
2022-01-04 00:00:00,0.00015047819132738927,0.17858870477908712
2022-01-05 00:00:00,0.00016043741068249857,0.17379866906264219
2022-01-06 00:00:00,0.00012335430362951313,0.17258267265029414
2022-01-07 00:00:00,0.00010561526137998204,0.17224069100725592
2022-01-10 00:00:00,0.00011299024625933542,0.17238116343100238
2022-01-11 00:00:00,8.768796809784225e-05,0.1704209974604276
2022-01-12 00:00:00,0.00010122195671073136,0.17147140511214903
2022-01-13 00:00:00,8.8273594448843e-05,0.1701026706127655
2022-01-14 00:00:00,7.047339103815081e-05,0.17088208574134728
2022-01-17 00:00:00,5.942149290752115e-06,0.18262390658094374
2022-01-18 00:00:00,2.512740508860432e-05,0.18179892355577199
2022-01-19 00:00:00,2.975814083153065e-05,0.1788150869473782
2022-01-20 00:00:00,9.426104937891029e-05,0.1728954682073764
2022-01-21 00:00:00,9.977172906036211e-05,0.16889902033101326
2022-01-24 00:00:00,0.00010170076335771378,0.16925540795571398
2022-01-25 00:00:00,0.0001487480035853456,0.16294310391043798
2022-01-26 00:00:00,0.00016692757998079064,0.16218365410948185
2022-01-27 00:00:00,0.00017741773504957419,0.15320363693278247
2022-01-28 00:00:00,0.00021139697813841093,0.15350724539387597
2022-01-31 00:00:00,0.00018105532825041666,0.15466596173612931
2022-02-01 00:00:00,0.00016186176484362565,0.15457401609485466
2022-02-02 00:00:00,0.00018219265507336203,0.15630450340883714
2022-02-03 00:00:00,0.00017255294235984188,0.1562813151671378
2022-02-04 00:00:00,0.0001866474133076339,0.1560868033645056
2022-02-07 00:00:00,0.00028286926325936184,0.1732227545734886
2022-02-08 00:00:00,0.00030164662144985233,0.1752727837232116
2022-02-09 00:00:00,0.0003228110978608994,0.17887350865916624
2022-02-10 00:00:00,0.00038497715714079874,0.1787844217381987
2022-02-11 00:00:00,0.00034827188528377206,0.18396997514852725
2022-02-14 00:00:00,0.00032209543738779064,0.18455231688924995
2022-02-15 00:00:00,0.0003510827962748506,0.1791004120118502
2022-02-16 00:00:00,0.00032978688762372646,0.17766927506152577
2022-02-17 00:00:00,0.000405190210493158,0.171329907979157
2022-02-18 00:00:00,0.00041680339979531706,0.1728071752104849
2022-02-21 00:00:00,0.0003936924073329474,0.17069968453319856
2022-02-22 00:00:00,0.00041726121340567723,0.1660114189384752
2022-02-23 00:00:00,0.0004160450853736009,0.1651137018180183
2022-02-24 00:00:00,0.0005160875620506497,0.14908326533357516
2022-02-25 00:00:00,0.0004513068155940677,0.14457870355187402
2022-02-28 00:00:00,0.0004349657445692675,0.1436094225291211
2022-03-01 00:00:00,0.00044684165386455046,0.14401273168299486
2022-03-02 00:00:00,0.00043651793687771054,0.1437329831671813
2022-03-03 00:00:00,0.0004469654307417042,0.14591182536355804
2022-03-04 00:00:00,0.00045288364977885833,0.14571051352286293
2022-03-07 00:00:00,0.0005395683681522431,0.12397080518129053
2022-03-08 00:00:00,0.0005426083021598935,0.11911318620827563
2022-03-09 00:00:00,0.0005722997541751729,0.11391109056874207
2022-03-10 00:00:00,0.0005078138990239657,0.10292628041696877
2022-03-11 00:00:00,0.0005434302537184781,0.10499550270447805
2022-03-14 00:00:00,0.000532487612660269,0.10807213633077346
2022-03-15 00:00:00,0.0004543981221967621,0.15166045866088426
2022-03-16 00:00:00,0.00045765758187276865,0.1524257891516137
2022-03-17 00:00:00,0.00048187306580765946,0.15496280070040228
2022-03-18 00:00:00,0.0005119239327384574,0.1587753394629977
2022-03-21 00:00:00,0.0005182326302911945,0.15891379171197903
2022-03-22 00:00:00,0.0005202436765894942,0.1614058014841131
2022-03-23 00:00:00,0.0005262953951270358,0.16060649020098447
2022-03-24 00:00:00,0.0005540762046739345,0.16268166013795352
2022-03-25 00:00:00,0.000562397724319638,0.1599222222421225
2022-03-28 00:00:00,0.0005884176063186545,0.1627067609994735
2022-03-29 00:00:00,0.0005369239839880679,0.1618114435252731
2022-03-30 00:00:00,0.00046685152406464764,0.1532133005399492
2022-03-31 00:00:00,0.0004783446011050277,0.15265751907612038
2022-04-01 00:00:00,0.0004061310673246927,0.14879889359685652
2022-04-04 00:00:00,0.0004135581470587684,0.14898430642703192
2022-04-05 00:00:00,0.0004023201445674832,0.14965988631867064
2022-04-06 00:00:00,0.00039972940214652087,0.14932288333132498
2022-04-07 00:00:00,0.00038230978158070256,0.15211950220067033
2022-04-08 00:00:00,0.00039299791931212915,0.15285980740285046
2022-04-11 00:00:00,0.0003811904675202742,0.1525030059167268
2022-04-12 00:00:00,0.0003319297066493506,0.1468470011775008
2022-04-13 00:00:00,0.00035091441876116997,0.14373163413369225
2022-04-14 00:00:00,0.0003651783544064724,0.14491835772398615
2022-04-15 00:00:00,0.0003392348127435515,0.1468088668861128
2022-04-18 00:00:00,0.00032151709306015236,0.14573937369710682
2022-04-19 00:00:00,0.00033126514560394564,0.1459677157828494
2022-04-20 00:00:00,0.0003561460871398233,0.14146802210061915
2022-04-21 00:00:00,0.00039287022825230624,0.13057136460273663
2022-04-22 00:00:00,0.00039539031285751634,0.13069975045268445
2022-04-25 00:00:00,0.00037359755031690677,0.15817610039416422
2022-04-26 00:00:00,0.00037352319969081847,0.1593785867464235
2022-04-27 00:00:00,0.000345726623919869,0.15546226832460672
2022-04-28 00:00:00,0.00035641568844810723,0.15454778192517138
2022-04-29 00:00:00,0.0003895131489305434,0.16097814316802148
2022-05-02 00:00:00,0.00035471386673328203,0.16425362707264282
2022-05-03 00:00:00,0.0003449577392483561,0.16532258996710344
2022-05-04 00:00:00,0.00035334675373549897,0.16444841005046357
2022-05-05 00:00:00,0.0003239540200233023,0.16144419338327917
2022-05-06 00:00:00,0.0003069524371727497,0.16550538339230977
2022-05-09 00:00:00,0.0002809404233951757,0.16349797382628428
2022-05-10 00:00:00,0.000274395679507556,0.15811203017635816
2022-05-11 00:00:00,0.00023617724252927546,0.15468969616619974
2022-05-12 00:00:00,0.0002497462442395676,0.15474916969654476
2022-05-13 00:00:00,0.00023070284264472673,0.15486079891277899
2022-05-16 00:00:00,0.00025333663427387686,0.155284486614263
2022-05-17 00:00:00,0.0002613390603254097,0.15558720062403364
2022-05-18 00:00:00,0.00023571671097539327,0.15493992488529595
2022-05-19 00:00:00,0.00021325337200297625,0.15433550637764076
2022-05-20 00:00:00,0.00020906515998587972,0.15548269973027176
2022-05-23 00:00:00,0.00021848160983801182,0.15544714305014784
2022-05-24 00:00:00,0.00021269557649310087,0.1566159805873932
2022-05-25 00:00:00,0.0002129494512259293,0.15655774333352562
2022-05-26 00:00:00,0.0002544434840626392,0.156961526182083
2022-05-27 00:00:00,0.000263155473952917,0.1569385088136515
2022-05-30 00:00:00,0.00024271866780677874,0.1554437530691685
2022-05-31 00:00:00,0.00021375533375511425,0.15328864887836743
2022-06-01 00:00:00,0.0002195312884218421,0.15409316051950905
2022-06-02 00:00:00,0.0002084997375091628,0.15331147321600502
2022-06-03 00:00:00,0.00021020412067044902,0.15344714864365083
2022-06-06 00:00:00,0.00020440839385750883,0.15307792915083104
2022-06-07 00:00:00,0.00017683447272890366,0.1526721207828688
2022-06-08 00:00:00,0.00017710870975661187,0.15315835253970297
2022-06-09 00:00:00,0.00019143118608729812,0.1533729120166274
2022-06-10 00:00:00,0.00015378171433295235,0.15084041116880983
2022-06-13 00:00:00,0.00013693584664247217,0.15115952906162874
2022-06-14 00:00:00,0.00013330743788522912,0.15112227312639867
2022-06-15 00:00:00,0.00013316266744347092,0.15181261324513573
2022-06-16 00:00:00,0.00014794326183069793,0.15332228134164974
2022-06-17 00:00:00,0.0001656029504185711,0.15440025217482992
2022-06-20 00:00:00,0.0001406715118530646,0.1542818409929022
2022-06-21 00:00:00,0.00013068758496376603,0.15468358063036228
2022-06-22 00:00:00,0.00012352388308564408,0.15633325043765653
2022-06-23 00:00:00,9.087006897470175e-05,0.15118729506725528
2022-06-24 00:00:00,7.454329931337348e-05,0.15029706289926686
2022-06-27 00:00:00,0.00010314775392341566,0.1513563456010267
2022-06-28 00:00:00,0.000125884413411588,0.15315635897416588
2022-06-29 00:00:00,0.00012526222945823942,0.15495673369877147
2022-06-30 00:00:00,0.00013317498507077434,0.15545132027348926
2022-07-01 00:00:00,0.0001350892799077591,0.15579734479909013
2022-07-04 00:00:00,0.00012384676584936168,0.15797226032828662
2022-07-05 00:00:00,0.00015474842306824208,0.1582636261747272
2022-07-06 00:00:00,0.00010493378050135862,0.16165533244166685
2022-07-07 00:00:00,0.00010246905714132924,0.16166766856496875
2022-07-08 00:00:00,0.00010728800404362442,0.161490063696481
2022-07-11 00:00:00,8.810904856217948e-05,0.16299393126094994
2022-07-12 00:00:00,9.022402356417075e-05,0.16287900475886516
2022-07-13 00:00:00,7.920284747969713e-05,0.1625669794518036
2022-07-14 00:00:00,5.808302847084331e-05,0.16185464232041882
2022-07-15 00:00:00,0.00016377480872668278,0.15865516771026783
2022-07-18 00:00:00,0.0002070934622173592,0.16268556253152944
2022-07-19 00:00:00,0.0002037000038619183,0.15933552862881428
2022-07-20 00:00:00,0.00028586678524351747,0.16386655526171365
2022-07-21 00:00:00,0.0002803422682041525,0.1627940597718607
2022-07-22 00:00:00,0.00027924663204021376,0.16192465179369847
2022-07-25 00:00:00,0.0002805204090161502,0.16362702424581566
2022-07-26 00:00:00,0.0002707956081422499,0.16301416157225143
2022-07-27 00:00:00,0.0002734016673172092,0.16307528132351395
2022-07-28 00:00:00,0.00030646202249193986,0.16339152653017394
2022-07-29 00:00:00,0.0003588370018382417,0.161013647836021
2022-08-01 00:00:00,0.0003788467269716338,0.16213709127265624
2022-08-02 00:00:00,0.00038563886487444013,0.1601379238517007
2022-08-03 00:00:00,0.0003758431433038518,0.16050700881338456
2022-08-04 00:00:00,0.0003904492241605297,0.1622941490129841
2022-08-05 00:00:00,0.0004004589046646067,0.1630432714083035
2022-08-08 00:00:00,0.0003679712982664793,0.16174532061835833
2022-08-09 00:00:00,0.0003312486300937823,0.16228633505782533
2022-08-10 00:00:00,0.0003072423754824513,0.16257595896674285
2022-08-11 00:00:00,0.00035801939208603703,0.16771357351231764
2022-08-12 00:00:00,0.00032895238300620285,0.1694136147910178
2022-08-15 00:00:00,0.00036127215921508837,0.17001903978391367
2022-08-16 00:00:00,0.0003754606116070004,0.170367482532802
2022-08-17 00:00:00,0.0003850896994241241,0.17003521049216638
2022-08-18 00:00:00,0.0003675089985250886,0.17107818785305576
2022-08-19 00:00:00,0.0003859484928279602,0.1707344701733358
2022-08-22 00:00:00,0.00030961506376975126,0.16834103667729627
2022-08-23 00:00:00,0.00025305887147572623,0.16849962659091386
2022-08-24 00:00:00,0.00027472883500873405,0.16493324988398034
2022-08-25 00:00:00,0.000303636719966199,0.16610738939279404
2022-08-26 00:00:00,0.00029744381108191863,0.1650183722068087
2022-08-29 00:00:00,0.00021515716593338536,0.16548886180216466
2022-08-30 00:00:00,0.0002805665929889986,0.1659231705377182
2022-08-31 00:00:00,0.00029450239478640813,0.1652229756917962
2022-09-01 00:00:00,0.0002549931598143279,0.16595549475917726
2022-09-02 00:00:00,0.00031665323575232285,0.16621587760559148
2022-09-05 00:00:00,0.0003356642384145205,0.16664669228816004
2022-09-06 00:00:00,0.00032462665387134103,0.16447486432711778
2022-09-07 00:00:00,0.0003188575239190292,0.16442521409572897
2022-09-08 00:00:00,0.0003783021720927352,0.16293061020375804
2022-09-09 00:00:00,0.00037274560303710816,0.16263687436029056
2022-09-12 00:00:00,0.000394194654810679,0.16164173393263703
2022-09-13 00:00:00,0.00044204281791290426,0.16146886175580222
2022-09-14 00:00:00,0.0003546811312803284,0.16104123306311097
2022-09-15 00:00:00,0.00033702833290498555,0.16169531475598525
2022-09-16 00:00:00,0.000327900199447194,0.161105996069757
2022-09-19 00:00:00,0.00032598719245075316,0.1606532210810737
2022-09-20 00:00:00,0.0003766034177022485,0.16033988340621208
2022-09-21 00:00:00,0.0003798506024394737,0.16072282154424158
2022-09-22 00:00:00,0.00033980749676218675,0.1589570118116795
2022-09-23 00:00:00,0.0003396296268832528,0.15895012078840667
2022-09-26 00:00:00,0.00034976903919058805,0.15786539701353763
2022-09-27 00:00:00,0.0003453311977181812,0.15739356152636105
2022-09-28 00:00:00,0.00035090045785782936,0.155071267219245
2022-09-29 00:00:00,0.00033889938223445143,0.15434867094055596
2022-09-30 00:00:00,0.0003266591334777759,0.15480286259699935
2022-10-03 00:00:00,0.0003399894669899495,0.154814876862101
2022-10-04 00:00:00,0.00032532207816499055,0.15461579892445734
2022-10-05 00:00:00,0.00034092009595754235,0.15423545226056795
2022-10-06 00:00:00,0.0003421229730752712,0.15436362154414643
2022-10-07 00:00:00,0.00034795884843331145,0.15463932703227332
2022-10-10 00:00:00,0.00036534005716139977,0.15358051838183098
2022-10-11 00:00:00,0.0003307960126889395,0.1527947973757787
2022-10-12 00:00:00,0.000311059022190919,0.15430466577015794
2022-10-13 00:00:00,0.0003420621007365086,0.15461430420704222
2022-10-14 00:00:00,0.00035252503973452146,0.1554639117667553
2022-10-17 00:00:00,0.0003041009775460838,0.153785819889715
2022-10-18 00:00:00,0.00028096834598252544,0.15370723305651157
2022-10-19 00:00:00,0.0002686341613973292,0.1534024289237694
2022-10-20 00:00:00,0.000259401302090706,0.153743333076221
2022-10-21 00:00:00,0.0002680879736565838,0.15362175080250492
2022-10-24 00:00:00,0.00029125503870132456,0.15307555908281878
2022-10-25 00:00:00,0.0002917031334623777,0.15307712040648583
2022-10-26 00:00:00,0.00028296321932180237,0.15365842081927153
2022-10-27 00:00:00,0.00023350566418809635,0.1553668081847756
2022-10-28 00:00:00,0.00022347478684962155,0.155576834065896
2022-10-31 00:00:00,0.00022536943036031886,0.15561412705323188
2022-11-01 00:00:00,0.0002355383801845372,0.15982458883664277
2022-11-02 00:00:00,0.0002357029318433708,0.15974613378235855
2022-11-03 00:00:00,0.00020646526918079383,0.1629286253415579
2022-11-04 00:00:00,0.0001858616973084568,0.16187496754526168
2022-11-07 00:00:00,0.00018652971956727984,0.1618741031242004
2022-11-08 00:00:00,0.0002117456131238201,0.16176618487504482
2022-11-09 00:00:00,0.00027041098585398033,0.16122178336160123
2022-11-10 00:00:00,0.0002588298686505849,0.16152956592554846
2022-11-11 00:00:00,0.00033970033913054826,0.16471714559401718
2022-11-14 00:00:00,0.00022406064606928305,0.1576929008546051
2022-11-15 00:00:00,0.00019712754550676713,0.1561034937139992
2022-11-16 00:00:00,0.00020066176647622606,0.1537476652275841
2022-11-17 00:00:00,0.00018829391745126792,0.15391021118657602
2022-11-18 00:00:00,0.00021136436150876375,0.15213800467680985
2022-11-21 00:00:00,0.0002209463874729361,0.15163420576234585
2022-11-22 00:00:00,0.00024706804898666577,0.1530799211968086
2022-11-23 00:00:00,0.0002911061543879267,0.15295156085327197
2022-11-24 00:00:00,0.00030506881877437585,0.15320189376974874
2022-11-25 00:00:00,0.00031205992237996066,0.1522332583692508
2022-11-28 00:00:00,0.00030745369560704333,0.15239146960283956
2022-11-29 00:00:00,0.00023486629576864793,0.15033637678429068
2022-11-30 00:00:00,0.00022245481897644023,0.15059082314234365
2022-12-01 00:00:00,0.00019886999509891642,0.15768837308580305
2022-12-02 00:00:00,0.00023391505290716466,0.16022480222456784
2022-12-05 00:00:00,0.0002247164959263804,0.1596163319400583
2022-12-06 00:00:00,0.00016252708763816098,0.15945456961765653
2022-12-07 00:00:00,0.00011746173372148727,0.15953515040287405
2022-12-08 00:00:00,0.0001330766879544453,0.15936457572025808
2022-12-09 00:00:00,0.0001440239218783469,0.1595459303530235
2022-12-12 00:00:00,4.82068176200861e-05,0.16952706868128095
2022-12-13 00:00:00,4.072818578061182e-05,0.17326317645773234
2022-12-14 00:00:00,5.278842310284792e-05,0.17542307501231375
2022-12-15 00:00:00,9.750630457088929e-05,0.18125872853904892
2022-12-16 00:00:00,4.0982698839857526e-05,0.1818540862260217
2022-12-19 00:00:00,5.2250722969071304e-05,0.18048214242861357
2022-12-20 00:00:00,0.00010661856310821185,0.15941717769793642
2022-12-21 00:00:00,0.00014189664965058265,0.15754164375212873
2022-12-22 00:00:00,0.00017219131176930062,0.1540386367667156
2022-12-23 00:00:00,0.00012224384708136893,0.15153294996332364
2022-12-26 00:00:00,0.00013670448828000784,0.15305263158983973
2022-12-27 00:00:00,0.00010678207488123778,0.15333124173706986
2022-12-28 00:00:00,9.486269964203181e-05,0.15347510813168255
2022-12-29 00:00:00,0.0001038829110539276,0.15341814613742583
2022-12-30 00:00:00,0.00010160036368144142,0.1552487671600768
2023-01-03 00:00:00,0.0001236347094563331,0.1552194782231831
2023-01-04 00:00:00,0.00012605349922158312,0.1548613254783245
2023-01-05 00:00:00,0.0001585682899622813,0.15925893277396785
2023-01-06 00:00:00,0.00013052510579844177,0.1594584381344393
2023-01-09 00:00:00,0.0002036893468031343,0.16219027513220546
2023-01-10 00:00:00,0.00018531640499627744,0.16201101208119975
2023-01-11 00:00:00,0.00020828782419579362,0.16128311878599558
2023-01-12 00:00:00,0.0002204666449207506,0.1613475415184668
2023-01-13 00:00:00,0.00024913231330801056,0.16057758395743277
2023-01-16 00:00:00,0.00021348340984421265,0.15948079229966639
2023-01-17 00:00:00,0.00021417402277373122,0.1596060000372455
2023-01-18 00:00:00,0.00027790664274494095,0.16446150934593232
2023-01-19 00:00:00,0.00022177667822346884,0.16547480126970218
2023-01-20 00:00:00,0.0002045243952580443,0.16424446579497298
2023-01-23 00:00:00,0.00023007897068551655,0.1626849543702945
2023-01-24 00:00:00,0.00023700277955163263,0.16270279188055775
2023-01-25 00:00:00,0.00022510475377239558,0.16251072852445247
2023-01-26 00:00:00,0.00019288610605543063,0.16686206505602114
2023-01-27 00:00:00,0.00013496893459560158,0.17847340032186104
2023-01-30 00:00:00,0.0001444374640518496,0.17842200465606547
2023-01-31 00:00:00,0.00020466524257940497,0.15143649204114565
2023-02-01 00:00:00,0.0002385973017384874,0.15236082480234217
2023-02-02 00:00:00,0.0002677916687624007,0.15587962844693012
2023-02-03 00:00:00,0.00021546932571682846,0.15786566500514
2023-02-06 00:00:00,0.00016336546813885733,0.14998886025236932
2023-02-07 00:00:00,0.000155261133774955,0.14984267597730277
2023-02-08 00:00:00,0.0001522453393442532,0.15011215278230627
2023-02-09 00:00:00,0.00015522103625460607,0.15038975573395624
2023-02-10 00:00:00,0.0001455841694677922,0.1513670076965693
2023-02-13 00:00:00,0.00018252885224043108,0.14466175300943804
2023-02-14 00:00:00,0.00021041441214765945,0.14534632300225003
2023-02-15 00:00:00,0.00022571790387051078,0.15096941908368108
2023-02-16 00:00:00,0.00026836204055839986,0.1463145187654971
2023-02-17 00:00:00,0.0002268487244801569,0.14873429848223832
2023-02-20 00:00:00,0.00021297195074511464,0.14805256000377895
2023-02-21 00:00:00,0.0001859304972861198,0.14743314610058925
2023-02-22 00:00:00,0.0001559977735497341,0.14792779862026212
2023-02-23 00:00:00,0.00017264908214016596,0.14742752975000728
2023-02-24 00:00:00,0.0002011863339271127,0.14683353728358703
2023-02-27 00:00:00,0.0001612774681897803,0.14651235708330712
2023-02-28 00:00:00,0.0001637884315564988,0.14675644882493205
2023-03-01 00:00:00,0.00015823940618700088,0.14397282956387794
2023-03-02 00:00:00,0.0001287223133972679,0.1449778271573445
2023-03-03 00:00:00,0.00015398950460703998,0.14501566096839202
2023-03-06 00:00:00,0.00019583272653651666,0.14549376546354606
2023-03-07 00:00:00,0.00023545434192223644,0.14004767220694953
2023-03-08 00:00:00,0.00020687717741797425,0.14175238959663372
2023-03-09 00:00:00,0.00023176451352477075,0.14128450368230372
2023-03-10 00:00:00,0.00019857018716632315,0.14814864121527138
2023-03-13 00:00:00,0.0002162773763885337,0.14919299445830705
2023-03-14 00:00:00,0.00011916082671779473,0.15833615741396007
2023-03-15 00:00:00,0.00019440638062532626,0.16180580676720419
2023-03-16 00:00:00,0.0001447895926145893,0.1673107486841654
2023-03-17 00:00:00,0.0001399884544328416,0.16860915729164128
2023-03-20 00:00:00,0.00019600012871402112,0.17246434483106315
2023-03-21 00:00:00,0.00020959597376994313,0.17124907514372284
2023-03-22 00:00:00,0.0002060557825131647,0.1711198100024198
2023-03-23 00:00:00,0.00022324793864122734,0.17085369747670692
2023-03-24 00:00:00,0.000244787092545982,0.1709715695117903
2023-03-27 00:00:00,0.00022619732897388495,0.16936442207677974
2023-03-28 00:00:00,0.0002655213287380199,0.17050048662131154
2023-03-29 00:00:00,0.00029106736394440624,0.16902885808465806
2023-03-30 00:00:00,0.00030561928732584864,0.16629600221752816
2023-03-31 00:00:00,0.0003498407030756216,0.17469952993388224
2023-04-03 00:00:00,0.0003459372460774674,0.17406455890408884
2023-04-04 00:00:00,0.00033176846086161485,0.1723458159192523
2023-04-05 00:00:00,0.000311493548613986,0.16949937406654733
2023-04-06 00:00:00,0.00032194440521466706,0.16700975635984946
2023-04-07 00:00:00,0.00032312436932536645,0.1668790069068587
2023-04-10 00:00:00,0.00030824994366595405,0.167855723941668
2023-04-11 00:00:00,0.00031513184225469054,0.1680475460796482
2023-04-12 00:00:00,0.0002996578077616101,0.16823569818632758
2023-04-13 00:00:00,0.0003580262446118195,0.15890149719897675
2023-04-14 00:00:00,0.0003797753630926207,0.15995318953072044
2023-04-17 00:00:00,0.00037269769632515434,0.16000291648172668
2023-04-18 00:00:00,0.0003948118936699189,0.15675000550539062
2023-04-19 00:00:00,0.0003860692523477945,0.15724425976229076
2023-04-20 00:00:00,0.0004008105806444518,0.15780894762420578
2023-04-21 00:00:00,0.00042626009287463043,0.1583637932638905
2023-04-24 00:00:00,0.00042373169679123127,0.16154496104527497
2023-04-25 00:00:00,0.00041796893375076465,0.1490811802233892
2023-04-26 00:00:00,0.000431235714484975,0.1495976748171746
2023-04-27 00:00:00,0.00036479246035081916,0.14179081782178868
2023-04-28 00:00:00,0.0003597905361828089,0.14384035860799232
2023-05-01 00:00:00,0.00034581797587567725,0.14507381416432324
2023-05-02 00:00:00,0.0003647400447276472,0.14294492267031636
2023-05-03 00:00:00,0.0003692513282507089,0.14381943479917314
2023-05-04 00:00:00,0.00034370871713619306,0.14283299861544943
2023-05-05 00:00:00,0.0003124697978786979,0.14277544016903396
2023-05-08 00:00:00,0.00027928994099203603,0.1500205353630589
2023-05-09 00:00:00,0.00026431390047016026,0.14963751470299097
2023-05-10 00:00:00,0.0002551433716824906,0.15353458199783598
2023-05-11 00:00:00,0.0002633881097375072,0.15253602421237628
2023-05-12 00:00:00,0.0002341995191752201,0.15106391273024214
2023-05-15 00:00:00,0.00022713901736352664,0.1496524275718661
2023-05-16 00:00:00,0.0002323022409645435,0.152156989900775
2023-05-17 00:00:00,0.00025241134447639415,0.1528740125997034
2023-05-18 00:00:00,0.00029294606116312533,0.1523291200926547
2023-05-19 00:00:00,0.0002609694534243498,0.1401875601479025
2023-05-22 00:00:00,0.00026468058872759575,0.14010929292112434
2023-05-23 00:00:00,0.00022373233833637663,0.13855539652215704
2023-05-24 00:00:00,0.00017865522195177445,0.14085773683791009
2023-05-25 00:00:00,0.0002040446551418343,0.1403887318693041
2023-05-26 00:00:00,0.00022339933480683522,0.13837932016041482
2023-05-29 00:00:00,0.00028238223565800946,0.13846939271245232
2023-05-30 00:00:00,0.0003411044867837749,0.14654386720902618
2023-05-31 00:00:00,0.00037748436588344917,0.1465742717257083
2023-06-01 00:00:00,0.00036929655846937916,0.15390075888684807
2023-06-02 00:00:00,0.0003594629328188826,0.15392320428302927
2023-06-05 00:00:00,0.00039367848993877505,0.1536506422124675
2023-06-06 00:00:00,0.0005280071634394038,0.1515379443805015
2023-06-07 00:00:00,0.0005132036787585502,0.15148474212026805
2023-06-08 00:00:00,0.00047236414724986846,0.15411426290610947
2023-06-09 00:00:00,0.0005390750811752318,0.15609429872798952
2023-06-12 00:00:00,0.0005427167908681438,0.15605877545894276
2023-06-13 00:00:00,0.000587062957572578,0.1572358847757796
2023-06-14 00:00:00,0.00062718770330734,0.1636815347126264
2023-06-15 00:00:00,0.000612839117919212,0.1611502165607288
2023-06-16 00:00:00,0.0005957811807077815,0.1635646811679681
2023-06-19 00:00:00,0.000579918379817785,0.16429271837178452
2023-06-20 00:00:00,0.0005843491764464267,0.1642822106279164
2023-06-21 00:00:00,0.0005411126339051577,0.15631937272596333
2023-06-22 00:00:00,0.000591612356248602,0.1509676489612185
2023-06-23 00:00:00,0.000598088331725513,0.14812922163493977
2023-06-26 00:00:00,0.0005530276906409729,0.1587902280425898
2023-06-27 00:00:00,0.0005079913962642599,0.15365006665305275
2023-06-28 00:00:00,0.0005182871743169617,0.15268186517553678
2023-06-29 00:00:00,0.0005096821156278481,0.15196192825150717
2023-06-30 00:00:00,0.000519623460779873,0.15249502896836392
2023-07-03 00:00:00,0.0006190189561320472,0.16189511879605212
2023-07-04 00:00:00,0.0006068307710619655,0.15711260419224277
2023-07-05 00:00:00,0.0006160493156223475,0.15858699259641418
2023-07-06 00:00:00,0.0005988352883718835,0.1644846237480406
2023-07-07 00:00:00,0.0005676424505388221,0.16541771864051003
2023-07-10 00:00:00,0.0005486422589230937,0.16405932015608596
2023-07-11 00:00:00,0.000557292526166105,0.16468386907303453
2023-07-12 00:00:00,0.0005852273700310518,0.16076401604481033
2023-07-13 00:00:00,0.0005786403116915256,0.15884142735314352
2023-07-14 00:00:00,0.0005770181124106022,0.15899007603238238
2023-07-17 00:00:00,0.0005923180896874091,0.15841533045599737
2023-07-18 00:00:00,0.0005798541351944059,0.1614981977148127
2023-07-19 00:00:00,0.0006287011820384575,0.16265046580931444
2023-07-20 00:00:00,0.0006435564638527439,0.1622475880499902
2023-07-21 00:00:00,0.0006298636880065468,0.16227273573563783
2023-07-24 00:00:00,0.0006222662795068947,0.16040328730657855
2023-07-25 00:00:00,0.000663477704141379,0.16463895294037814
2023-07-26 00:00:00,0.0006926614228971186,0.16513225862451297
2023-07-27 00:00:00,0.0007138039764259695,0.1627042836994663
2023-07-28 00:00:00,0.0006953346321005666,0.15668668552870293
2023-07-31 00:00:00,0.0006903207106975093,0.15564618552813797
2023-08-01 00:00:00,0.0006788598929971533,0.15835944984722108
2023-08-02 00:00:00,0.0006824727043480159,0.1581285453927704
2023-08-03 00:00:00,0.0006629687555841558,0.15698890600384102
2023-08-04 00:00:00,0.0006794707143497859,0.15725057018126198
2023-08-07 00:00:00,0.0006679410647534838,0.1590150091148302
2023-08-08 00:00:00,0.0006649436505034047,0.15935375441645167
2023-08-09 00:00:00,0.0006688656568487957,0.14988234354856236
2023-08-10 00:00:00,0.0006705153868353387,0.15079349903550232
2023-08-11 00:00:00,0.0006946446646866973,0.14520730672741922
2023-08-14 00:00:00,0.0007037038395951275,0.1497496402272679
2023-08-15 00:00:00,0.0007137857744246919,0.14902286357917752
2023-08-16 00:00:00,0.0006853179795678119,0.15035140473878011
2023-08-17 00:00:00,0.0006456420004762027,0.15418882063697908
2023-08-18 00:00:00,0.0006701323991998401,0.150044414729834
2023-08-21 00:00:00,0.0006014676629818179,0.1365046722811474
2023-08-22 00:00:00,0.0005878486574857632,0.13324156530437986
2023-08-23 00:00:00,0.0005918845381717587,0.13708314398543534
2023-08-24 00:00:00,0.0005760278999644964,0.13968020724152302
2023-08-25 00:00:00,0.0005802251978386025,0.1355596087566015
2023-08-28 00:00:00,0.0006012147870258532,0.13788389283189256
2023-08-29 00:00:00,0.0006006730768414869,0.13551066855115926
2023-08-30 00:00:00,0.0006047163588974188,0.13476549315182848
2023-08-31 00:00:00,0.0005743561343351153,0.13513207803321037
2023-09-01 00:00:00,0.0005200150303161152,0.13400609236832417
2023-09-04 00:00:00,0.0004762322807476573,0.12952141865044522
2023-09-05 00:00:00,0.0004965915994631611,0.12746838946765435
2023-09-06 00:00:00,0.0005496267620065381,0.13949609393003384
2023-09-07 00:00:00,0.0005644672361239024,0.13971582411244501
2023-09-08 00:00:00,0.0005063264544226153,0.13592305875411834
2023-09-11 00:00:00,0.0005268811945582867,0.1348326406626853
2023-09-12 00:00:00,0.0005434831711939633,0.13846009578514004
2023-09-13 00:00:00,0.0005837427669666044,0.13994091433430234
2023-09-14 00:00:00,0.0006179607114819745,0.13951317856066137
2023-09-15 00:00:00,0.0006186993875458841,0.13982005419108534
2023-09-18 00:00:00,0.0005907289595059572,0.1388037046880583
2023-09-19 00:00:00,0.0005847702820672295,0.1392347160942276
2023-09-20 00:00:00,0.0005915713088062728,0.13834648784348869
2023-09-21 00:00:00,0.0005418899999100458,0.14188451682598224
2023-09-22 00:00:00,0.0005554779652697689,0.14019996734679854
2023-09-25 00:00:00,0.0006035929801548973,0.1368485325419639
2023-09-26 00:00:00,0.0006069713976424977,0.13726979272630993
2023-09-27 00:00:00,0.0006059702386407681,0.13316321897663938
2023-09-28 00:00:00,0.0005569321607643255,0.13559961577101864
2023-09-29 00:00:00,0.0005183622923250272,0.14226643874492373
2023-10-02 00:00:00,0.0005259015242486209,0.1418222462996708
2023-10-03 00:00:00,0.0005044178704957008,0.1375692910103935
2023-10-04 00:00:00,0.0004960595853084137,0.1368596442793691
2023-10-05 00:00:00,0.0005058271334684764,0.13605853548689614
2023-10-06 00:00:00,0.0004970631938679818,0.13612504028449288
2023-10-09 00:00:00,0.00047166841357181884,0.13631200544345565
2023-10-10 00:00:00,0.0004565754937289683,0.13930595947134047
2023-10-11 00:00:00,0.00045736883081888384,0.13920199854870824
2023-10-12 00:00:00,0.00047816673164330847,0.14220331973199885
2023-10-13 00:00:00,0.0004988605082337831,0.14286634747875582
2023-10-16 00:00:00,0.000503785347710331,0.14027481237503975
2023-10-17 00:00:00,0.0005291547007820817,0.141095566868614
2023-10-18 00:00:00,0.0005051716527840715,0.14389018552253152
2023-10-19 00:00:00,0.0004771062776712982,0.14615741128429466
2023-10-20 00:00:00,0.00046487651387010524,0.14350184926242132
2023-10-23 00:00:00,0.00047724076174430753,0.1490401852525263
2023-10-24 00:00:00,0.00047770915949994633,0.14912770207474702
2023-10-25 00:00:00,0.0004527121793152709,0.14760849796814324
2023-10-26 00:00:00,0.0004710765479577244,0.15076079447925395
2023-10-27 00:00:00,0.000470646031411314,0.1496960847350742
2023-10-30 00:00:00,0.00046333450950254614,0.1482916839215059
2023-10-31 00:00:00,0.0004664047727387774,0.1482809835405237
2023-11-01 00:00:00,0.0004724500291213236,0.14814487291686723
2023-11-02 00:00:00,0.0004931307312570931,0.14557106604205963
2023-11-03 00:00:00,0.0005049466186258964,0.14688025245098107
2023-11-06 00:00:00,0.0004888960478313678,0.14355060411249523
2023-11-07 00:00:00,0.0004953377514042406,0.14366568032898014
2023-11-08 00:00:00,0.00046966671937473533,0.1385617805812316
2023-11-09 00:00:00,0.00044514298592562845,0.13831769235607771
2023-11-10 00:00:00,0.0004482999685607436,0.13787662749932647
2023-11-13 00:00:00,0.0004904824370765765,0.13633974370795374
2023-11-14 00:00:00,0.0005134465419828698,0.1376761939616107
2023-11-15 00:00:00,0.0005414566528474263,0.13912903370706806
2023-11-16 00:00:00,0.0005410109393797212,0.13872705756068723
2023-11-17 00:00:00,0.0005313963023165992,0.1363745905760497
2023-11-20 00:00:00,0.0004914006296822641,0.13321091911071917
2023-11-21 00:00:00,0.0004735876785552834,0.1321954217197296
2023-11-22 00:00:00,0.0004814442382808406,0.13445257116690884
2023-11-23 00:00:00,0.0004507491439444159,0.14137056139052112
2023-11-24 00:00:00,0.0004915214680020221,0.13607685308025366
2023-11-27 00:00:00,0.0004859393452221573,0.1343786740243887
2023-11-28 00:00:00,0.0004915793292296591,0.1351553456348702
2023-11-29 00:00:00,0.0005298595629869444,0.13411382928618112
2023-11-30 00:00:00,0.0005432229023969612,0.13400399424578852
2023-12-01 00:00:00,0.0005133945561284695,0.13435464839021116
2023-12-04 00:00:00,0.0005441092378308871,0.13218210866820487
2023-12-05 00:00:00,0.0005265476651826972,0.13541679155026579
2023-12-06 00:00:00,0.0005645326377912184,0.13861496226674663
2023-12-07 00:00:00,0.0005792140167249297,0.13734603660551756
2023-12-08 00:00:00,0.0005689171684165604,0.13742893483509416
2023-12-11 00:00:00,0.0005480069544126864,0.1418736939269101
2023-12-12 00:00:00,0.0005200167352084377,0.14987906745543791
2023-12-13 00:00:00,0.0005910138755369747,0.1494488278558851
2023-12-14 00:00:00,0.000613717432437745,0.14833462651710505
2023-12-15 00:00:00,0.0006439179759718306,0.1407482925971765
2023-12-18 00:00:00,0.000629672571158508,0.13875252887598521
2023-12-19 00:00:00,0.0007266741351072591,0.12590598646969664
2023-12-20 00:00:00,0.000679438444170515,0.11602306222097837
2023-12-21 00:00:00,0.0006754685460957714,0.10211380430343138
2023-12-22 00:00:00,0.0006885765244306427,0.10066791031395018
2023-12-25 00:00:00,0.0006787155922830415,0.10210797675333906
2023-12-26 00:00:00,0.0006995429421229364,0.10098202079517422
2023-12-27 00:00:00,0.0007109669234376162,0.10203829850504054
2023-12-28 00:00:00,0.0006918308391794812,0.0976805346831838
2023-12-29 00:00:00,0.0006565133719831262,0.0937614126896924
2024-01-02 00:00:00,0.0006692700472802863,0.0932490081471424
2024-01-03 00:00:00,0.0006387175968710954,0.09319471857030451
2024-01-04 00:00:00,0.0006089733994751762,0.09610745868917231
2024-01-05 00:00:00,0.0006093258815499463,0.09679496141116276
2024-01-08 00:00:00,0.0006086404476089995,0.09261325545171491
2024-01-09 00:00:00,0.0006625524282070188,0.09750211283191035
2024-01-10 00:00:00,0.0006600545885213871,0.09711175207977739
2024-01-11 00:00:00,0.000706609956919323,0.10432912126861577
2024-01-12 00:00:00,0.0007082896112435098,0.10448312425382462
2024-01-15 00:00:00,0.0007246932730288779,0.1033104086777256
2024-01-16 00:00:00,0.0006994815236723655,0.10157304476430984
2024-01-17 00:00:00,0.0006830091131521752,0.10747570599741105
2024-01-18 00:00:00,0.0006772988031040931,0.10739120425930894
2024-01-19 00:00:00,0.0007101154581414668,0.10330695031752347
2024-01-22 00:00:00,0.0007055042703389351,0.06668654664424563
2024-01-23 00:00:00,0.000691751294999713,0.06384292726919494
2024-01-24 00:00:00,0.0006823395095700306,0.06209400778860679
2024-01-25 00:00:00,0.0006591398567494995,0.05305742447190936
2024-01-26 00:00:00,0.000636904548491092,0.055213842826792425
2024-01-29 00:00:00,0.00066605803965909,0.046217454591652746
2024-01-30 00:00:00,0.0006733912675952437,0.038635188631006366
2024-01-31 00:00:00,0.0006405433620526418,0.047427738823848216
2024-02-01 00:00:00,0.0006295750925575586,0.04897962062663939
2024-02-02 00:00:00,0.0006743704645249458,0.03554790898693625
2024-02-05 00:00:00,0.0006644003244808703,0.03222977944246039
2024-02-06 00:00:00,0.0006254971507063874,0.017464605741184545
2024-02-07 00:00:00,0.0006047589761085313,0.010090676891504302
2024-02-08 00:00:00,0.0006631787202951791,0.01325033434112051
2024-02-09 00:00:00,0.0006828262430687504,0.013879700156365006
2024-02-12 00:00:00,0.0006928293420776912,0.012994082693902707
2024-02-13 00:00:00,0.0006623617970639454,0.011469151709828417
2024-02-14 00:00:00,0.0006724081977673741,0.010502043692653045
2024-02-15 00:00:00,0.0006688707358264308,0.010483480983577665
2024-02-16 00:00:00,0.0006753927033105071,0.010306901774327547
2024-02-19 00:00:00,0.0006686295816362971,0.009662844738297724
2024-02-20 00:00:00,0.0006548440180103019,0.009239439080574641
2024-02-21 00:00:00,0.0006486672186082847,0.008282749848005368
2024-02-22 00:00:00,0.0006781709400879236,0.009819193406776765
2024-02-23 00:00:00,0.0006865874355334316,0.010443241131241218
2024-02-26 00:00:00,0.0006523930942843067,0.010551728914222564
2024-02-27 00:00:00,0.000649965431814912,0.010110067135428506
2024-02-28 00:00:00,0.0006709317557949821,0.007559093190412723
2024-02-29 00:00:00,0.00069171040948251,0.002275491306086504
2024-03-01 00:00:00,0.0006930362968633086,0.003312137852064966
2024-03-04 00:00:00,0.0007140980691519409,0.003837654182929962
2024-03-05 00:00:00,0.0006539737934309154,0.004143519626922296
2024-03-06 00:00:00,0.0006426245968963578,0.00364729929431768
2024-03-07 00:00:00,0.0006762665899503167,0.002587312512731075
2024-03-08 00:00:00,0.0006757644017204238,0.0033376559641933373
2024-03-11 00:00:00,0.0006460979703313423,0.0015581622115072506
2024-03-12 00:00:00,0.0005930109830413992,0.0019956965240305272
2024-03-13 00:00:00,0.0005786601677523319,0.002885113244720509
2024-03-14 00:00:00,0.0005892347452741391,0.0030271198259466665
2024-03-15 00:00:00,0.0006298109264831917,0.002280144953760608
2024-03-18 00:00:00,0.0005756176426088248,-0.000676196904942243
2024-03-19 00:00:00,0.0005479332798038887,-0.0011850898326101267
2024-03-20 00:00:00,0.0005023386992962168,-0.002069698182275607
2024-03-21 00:00:00,0.0005438842405763462,-0.003670015155978208
2024-03-22 00:00:00,0.0005275144937092498,0.00043081424625564366
2024-03-25 00:00:00,0.00047924262909333705,0.0029989817911264243
2024-03-26 00:00:00,0.000502860804888521,0.0027171272667856155
2024-03-27 00:00:00,0.0005133719110952162,0.0008129784442248042
2024-03-28 00:00:00,0.00048402486087902535,0.002606722385752402
2024-03-29 00:00:00,0.0005168820862578397,0.004867027528718823
2024-04-01 00:00:00,0.0005325373468418414,0.006541356913816716
2024-04-02 00:00:00,0.0005647434393309291,0.001246545403388441
2024-04-03 00:00:00,0.000572064244223942,0.003549200025835338
2024-04-04 00:00:00,0.0005526929250465166,0.003596237589879913
2024-04-05 00:00:00,0.0005436061073272027,0.003584063560814711
2024-04-08 00:00:00,0.0005541185016207311,0.0007694018864859952
2024-04-09 00:00:00,0.00046101458022269805,-0.003480152100403799
2024-04-10 00:00:00,0.0004852046511251238,-0.0024133839849662126
2024-04-11 00:00:00,0.00045477120961549665,-0.003484501387324077
2024-04-12 00:00:00,0.000499535951069137,-0.004634639402450766
2024-04-15 00:00:00,0.0004756902599128399,-0.008074015922905528
2024-04-16 00:00:00,0.0004554975703997969,-0.000801659498558356
2024-04-17 00:00:00,0.00043432759671594893,-0.0026585138345841504
2024-04-18 00:00:00,0.0004227473211685763,-0.0016495955109529714
2024-04-19 00:00:00,0.0003998109829443951,-0.0010413013964631374
2024-04-22 00:00:00,0.00035832454785220873,0.0012521527264692215
2024-04-23 00:00:00,0.00029294547754795574,0.004918611074590204
2024-04-24 00:00:00,0.0003066497569492482,0.00609660265821617
2024-04-25 00:00:00,0.000281125524033962,0.006251032369393733
2024-04-26 00:00:00,0.00029672628305839235,0.008771264507663403
2024-04-29 00:00:00,0.0002950095889467816,0.007253350786019644
2024-04-30 00:00:00,0.00030284488836044416,0.007022678864293432
2024-05-01 00:00:00,0.0002876158498024506,0.005712478250339614
2024-05-02 00:00:00,0.00027522447086283,0.005841963876737829
2024-05-03 00:00:00,0.00026043626516398724,0.006335004428129941
2024-05-06 00:00:00,0.00028540229503300305,0.008432687931679405
2024-05-07 00:00:00,0.00030417386148675403,0.008565375726961892
2024-05-08 00:00:00,0.00028968920550591387,0.008849110749093751
2024-05-09 00:00:00,0.0003058262007029648,0.010596701100825688
2024-05-10 00:00:00,0.0003283615791783601,0.010768153697390353
2024-05-13 00:00:00,0.00031736206331293965,0.010364975026249034
2024-05-14 00:00:00,0.0003242368010828391,0.009975188391712917
2024-05-15 00:00:00,0.0003415230270484766,0.009207504252227307
2024-05-16 00:00:00,0.00033046744058582757,0.009740154920931698
2024-05-17 00:00:00,0.00034291816365584777,0.010512689930771549
2024-05-20 00:00:00,0.0003635406589654517,0.011876018248247097
2024-05-21 00:00:00,0.0003489616530483931,0.012569684949953372
2024-05-22 00:00:00,0.000354636748229101,0.012640782149653787
2024-05-23 00:00:00,0.00033858327751151496,0.015159219946747399
2024-05-24 00:00:00,0.0002913301267797384,0.015533363671389591
2024-05-27 00:00:00,0.00032438573205946194,0.01770196822259774
2024-05-28 00:00:00,0.00032604154069405144,0.017660230828618333
2024-05-29 00:00:00,0.0003097025622670798,0.017862676556688814
2024-05-30 00:00:00,0.0002745295232024694,0.01721867385223757
2024-05-31 00:00:00,0.0002682111900137535,0.0169324281256608
2024-06-03 00:00:00,0.00026658889481485237,0.01740137529865563
2024-06-04 00:00:00,0.00024499613527635385,0.01600586871806523
2024-06-05 00:00:00,0.00025081782466436454,0.013802274674796026
2024-06-06 00:00:00,0.00029378561530159344,0.011425463940467695
2024-06-07 00:00:00,0.0002956098893770428,0.011409899907803443
2024-06-10 00:00:00,0.0003041301295529746,0.011544309536253143
2024-06-11 00:00:00,0.00029704842823149573,0.01264608475938362
2024-06-12 00:00:00,0.00029880950090211946,0.013287444587177144
2024-06-13 00:00:00,0.0003136614104729387,0.01221892064131895
2024-06-14 00:00:00,0.0003195715288297947,0.011224184645917422
2024-06-17 00:00:00,0.0003275489378292145,0.01136107171450802
2024-06-18 00:00:00,0.0003381378968666747,0.011376820910250662
2024-06-19 00:00:00,0.00034805745806461345,0.011525727823457933
2024-06-20 00:00:00,0.00037150907158925314,0.010028309683957563
2024-06-21 00:00:00,0.00034585376248882146,0.009730375397082098
2024-06-24 00:00:00,0.0003167061535403008,0.01240907788322463
2024-06-25 00:00:00,0.0003233106414198947,0.013006352375231038
2024-06-26 00:00:00,0.0003829726750176439,0.016038661833512616
2024-06-27 00:00:00,0.0003653319228431389,0.01679247020888715
2024-06-28 00:00:00,0.00040845681371544775,0.016791068337339097
2024-07-01 00:00:00,0.00039930953777480763,0.01612200929399434
2024-07-02 00:00:00,0.00041315012212528654,0.015391249126439365
2024-07-03 00:00:00,0.0004552558024112298,0.013531929887974354
2024-07-04 00:00:00,0.0004771661372979591,0.013276887163774611
2024-07-05 00:00:00,0.0005118939590155511,0.014434392341667848
2024-07-08 00:00:00,0.0005297186890053213,0.012957543400571299
2024-07-09 00:00:00,0.0005727494212478567,0.01715552220225969
2024-07-10 00:00:00,0.0005513789572143144,0.0179897006072993
2024-07-11 00:00:00,0.0005684560967341303,0.01948790909420023
2024-07-12 00:00:00,0.0004921506733850449,0.021023208291496124
2024-07-15 00:00:00,0.0005624267044872103,0.018555808705903953
2024-07-16 00:00:00,0.0005682220036062237,0.01818535889378704
2024-07-17 00:00:00,0.0005863102943715659,0.01788058426860612
2024-07-18 00:00:00,0.0005571116507898326,0.016791541449811043
2024-07-19 00:00:00,0.00048519021671016477,0.016322923088661394
2024-07-22 00:00:00,0.000468843842827395,0.016142103286004083
2024-07-23 00:00:00,0.00048547335681553837,0.012364464543033004
2024-07-24 00:00:00,0.00045113431188583374,0.01394790022748405
2024-07-25 00:00:00,0.00038030693948198956,0.013043455801389851
2024-07-26 00:00:00,0.00039829514762322675,0.011759691467233638
2024-07-29 00:00:00,0.000417217395755116,0.011232937744805698
2024-07-30 00:00:00,0.0004213660807705129,0.008388968133603437
2024-07-31 00:00:00,0.00043966378155512186,0.013173173138893516
2024-08-01 00:00:00,0.0004428140521107005,0.013191951718278564
2024-08-02 00:00:00,0.00041931511600234165,0.01559231036560114
2024-08-05 00:00:00,0.00035076538362718715,0.021931386342898065
2024-08-06 00:00:00,0.0003580616834757538,0.022372876759819336
2024-08-07 00:00:00,0.00036636633182158716,0.022397627441562137
2024-08-08 00:00:00,0.00036356740582298,0.022423674474365156
2024-08-09 00:00:00,0.00036302635275776464,0.022576614276279095
2024-08-12 00:00:00,0.00034421735026782127,0.021809518689411275
2024-08-13 00:00:00,0.00031577989305915275,0.02117744703384625
2024-08-14 00:00:00,0.0003130874014190472,0.02208794864660976
2024-08-15 00:00:00,0.00031150494263094676,0.022195116877564473
2024-08-16 00:00:00,0.00030402252168254854,0.022485237819110156
2024-08-19 00:00:00,0.0003371009244266177,0.022326617195283907
2024-08-20 00:00:00,0.00031895950920776326,0.021867448844161523
2024-08-21 00:00:00,0.00031029031342012304,0.021361636758173017
2024-08-22 00:00:00,0.00027230769156419855,0.021060633715711402
2024-08-23 00:00:00,0.0002704771702073711,0.02085879547390828
2024-08-26 00:00:00,0.00031063635750605166,0.021641481932343585
2024-08-27 00:00:00,0.0003461981412411359,0.022868260409172343
2024-08-28 00:00:00,0.0003461187752296624,0.02292841193033269
2024-08-29 00:00:00,0.00036122471409184224,0.02130427987554588
2024-08-30 00:00:00,0.00036895247736023926,0.022164575720811926
2024-09-02 00:00:00,0.0003457678196632997,0.024229043934415294
2024-09-03 00:00:00,0.0003510397064928819,0.024633826252850453
2024-09-04 00:00:00,0.0003077706969496417,0.025469717476911215
2024-09-05 00:00:00,0.00030938766667047766,0.025770955601851005
2024-09-06 00:00:00,0.00028593310863819934,0.02615498197988867
2024-09-09 00:00:00,0.0002584167044793053,0.027183944408764545
2024-09-10 00:00:00,0.0002591980051266207,0.027212129693408596
2024-09-11 00:00:00,0.00027127083356349297,0.025130389948735794
2024-09-12 00:00:00,0.0002588264214458237,0.024303041941277758
2024-09-13 00:00:00,0.00029017036979134557,0.023511367387895325
2024-09-16 00:00:00,0.00027078148272561577,0.023143730080499716
2024-09-17 00:00:00,0.00022954853258338545,0.020625490687048272
2024-09-18 00:00:00,0.0002489039635406293,0.020985453498346386
2024-09-19 00:00:00,0.0002415135789967115,0.022161808578392273
2024-09-20 00:00:00,0.00022060729733143036,0.022300346294892498
2024-09-23 00:00:00,0.0002261514495142101,0.021852088611320857
2024-09-24 00:00:00,0.00022645190391519174,0.021226302244630818
2024-09-25 00:00:00,0.00021983827902832115,0.02120830752330276
2024-09-26 00:00:00,0.00021893401753180479,0.025165353661581163
2024-09-27 00:00:00,0.00024341343967116736,0.02272677547538141
2024-09-30 00:00:00,0.00023007562792580775,0.024800211757896453
2024-10-01 00:00:00,0.00021255634338159259,0.024792649978289585
2024-10-02 00:00:00,0.0001975338724091047,0.02534236975521746
2024-10-03 00:00:00,0.00019182515354176555,0.025266088637913606
2024-10-04 00:00:00,0.00019561897624350427,0.0255811601539308
2024-10-07 00:00:00,0.00021578495647659124,0.02621014662466685
2024-10-08 00:00:00,0.00016774120971287365,0.016453391643601295
2024-10-09 00:00:00,0.00014154278390705424,0.02815190256173298
2024-10-10 00:00:00,0.00018237571847968406,0.027088517734250583
2024-10-11 00:00:00,0.00017734627461351622,0.028027376093795558
2024-10-14 00:00:00,0.00020484552934205415,0.03090313233187508
2024-10-15 00:00:00,0.0001737820357464947,0.030486672477362566
2024-10-16 00:00:00,0.00019201782272239287,0.030404866246567755
2024-10-17 00:00:00,0.0001381347930007689,0.029116091270034828
2024-10-18 00:00:00,0.00015593957668626782,0.03132889117821826
2024-10-21 00:00:00,0.00014262601120563616,0.031932537787337255
2024-10-22 00:00:00,0.00016865520359062388,0.03160457533868923
2024-10-23 00:00:00,0.00018614705357853286,0.029709524829965323
2024-10-24 00:00:00,0.00016868863046416648,0.030322586098474845
2024-10-25 00:00:00,0.00013989015981124406,0.03130276162201762
2024-10-28 00:00:00,0.0001018138396689148,0.03919404902049257
2024-10-29 00:00:00,0.00013008969603290745,0.038820752015866954
2024-10-30 00:00:00,0.00016489498849592204,0.03932594361252779
2024-10-31 00:00:00,0.0001447694313767736,0.039781891677267166
2024-11-01 00:00:00,0.0001319964770560075,0.04043265050819743
2024-11-04 00:00:00,9.97531460094241e-05,0.04223454751349681
2024-11-05 00:00:00,4.872618989564852e-05,0.04427956326128406
2024-11-06 00:00:00,0.0001240179943437808,0.042910850733249684
2024-11-07 00:00:00,0.00014708389344083211,0.04238012540855661
2024-11-08 00:00:00,0.00010661530717439793,0.04673521505624366
2024-11-11 00:00:00,0.00010863881795536656,0.048338374211820224
2024-11-12 00:00:00,0.0001265909656615557,0.055339788758480606
2024-11-13 00:00:00,0.00012911704361636263,0.06140391611748432
2024-11-14 00:00:00,8.157874493450374e-05,0.059685714931066475
2024-11-15 00:00:00,5.9784516388168786e-05,0.06158285884441514
2024-11-18 00:00:00,7.605474113801564e-05,0.06071263645697912
2024-11-19 00:00:00,9.225541813106451e-05,0.061693779253982124
2024-11-20 00:00:00,0.00010440240162121005,0.06204784743546371
2024-11-21 00:00:00,0.00010535998561008838,0.062043105460473966
2024-11-22 00:00:00,0.00013024882464616566,0.05902587089487848
2024-11-25 00:00:00,0.0001787477193686472,0.05854179244696648
2024-11-26 00:00:00,0.00018813757698563977,0.058438383322237074
2024-11-27 00:00:00,0.00021256689864105,0.05857483718440487
2024-11-28 00:00:00,0.00018168265996505454,0.05805069466947023
2024-11-29 00:00:00,0.00016028603741054237,0.05799948730947489
2024-12-02 00:00:00,0.00019076152894748495,0.05888246891618213
2024-12-03 00:00:00,0.00022370551531176536,0.05905411454309364
2024-12-04 00:00:00,0.0002043666276843753,0.060649959617628965
2024-12-05 00:00:00,0.0002427423900264158,0.0632410822464316
2024-12-06 00:00:00,0.00021923216694253898,0.06267310331574806
2024-12-09 00:00:00,0.00022211388160123097,0.06219952455381428
2024-12-10 00:00:00,0.00019074655743391068,0.06186143755685515
2024-12-11 00:00:00,0.000187648176799271,0.061873369470158264
2024-12-12 00:00:00,0.00019074871941770444,0.06321217759756381
2024-12-13 00:00:00,0.00020617470770647848,0.061477082808094996
2024-12-16 00:00:00,0.0002450682989034063,0.06015444899363854
2024-12-17 00:00:00,0.00025036475021567045,0.06022871811158863
2024-12-18 00:00:00,0.00024403438053863366,0.05993002535236233
2024-12-19 00:00:00,0.00016162965162880378,0.059468897597205084
2024-12-20 00:00:00,0.00012782845047452316,0.059244182365791605
2024-12-23 00:00:00,0.00021407102740141377,0.055435477747544336
2024-12-24 00:00:00,0.00020334083574565225,0.055212747478211976
2024-12-25 00:00:00,0.0002083564748628861,0.054497794085434946
2024-12-26 00:00:00,0.00015366428570165382,0.05564261468128913
2024-12-27 00:00:00,0.0001740297260968785,0.05408448021042782
2024-12-30 00:00:00,0.00018569870671812031,0.05244397734058123
2024-12-31 00:00:00,0.00016290884249879105,0.05404365265570819
2025-01-02 00:00:00,0.00016305574248178553,0.053539702257509904
2025-01-03 00:00:00,0.00017373824392834017,0.054138130950117144
2025-01-06 00:00:00,0.00017031180286501858,0.05302180557761068
2025-01-07 00:00:00,0.00017307634697729974,0.052784049020872276
2025-01-08 00:00:00,0.00019042770210420465,0.05255622687929727
2025-01-09 00:00:00,0.00020826414374808288,0.05246194018944589
2025-01-10 00:00:00,0.00019865116422992035,0.0530354367724871
2025-01-13 00:00:00,0.00016094555424853572,0.05275351179728562
2025-01-14 00:00:00,0.00012879577933685868,0.05395842120247894
2025-01-15 00:00:00,0.00011878285921393858,0.05342567265693036
2025-01-16 00:00:00,0.0001508817766572714,0.053712314058256605
2025-01-17 00:00:00,0.00018181483261326182,0.05419008216360776
2025-01-20 00:00:00,0.0001509437912873118,0.05514663879786861
2025-01-21 00:00:00,0.00019250717292828393,0.05673716422806544
2025-01-22 00:00:00,0.00026741217001668565,0.05298566844542216
2025-01-23 00:00:00,0.0002610381356426076,0.054647938134711416
2025-01-24 00:00:00,0.000260410790950197,0.05475482121650863
2025-01-27 00:00:00,0.0002784670344954788,0.054347508022114896
2025-01-28 00:00:00,0.0003229214215085231,0.05291678447394433
2025-01-29 00:00:00,0.0003760551745724479,0.05077245689908176
2025-01-30 00:00:00,0.0003595681348924555,0.0502628132232463
2025-01-31 00:00:00,0.00035032940997974094,0.050294936204071196
2025-02-03 00:00:00,0.0003358292697049608,0.04934276319899333
2025-02-04 00:00:00,0.0003516162428123981,0.05054091382541946
2025-02-05 00:00:00,0.00038281510575708993,0.0512732148032644
2025-02-06 00:00:00,0.0003801238832993521,0.0508887509619686
2025-02-07 00:00:00,0.00038643325255337995,0.051109358838679064
2025-02-10 00:00:00,0.0003983338712281842,0.05141065439086844
2025-02-11 00:00:00,0.00039970782265355635,0.05093938240042604
2025-02-12 00:00:00,0.00037549709971137937,0.05056975128583081
2025-02-13 00:00:00,0.0003831616260018749,0.05030870245900335
2025-02-14 00:00:00,0.0003702416038859079,0.049537999448644954
2025-02-17 00:00:00,0.0003399986717462358,0.049687052798605864
2025-02-18 00:00:00,0.00034352573856796635,0.04937204522659155
2025-02-19 00:00:00,0.00037439879546764555,0.05088766732222375
2025-02-20 00:00:00,0.00036856483589864516,0.05144526762939483
2025-02-21 00:00:00,0.000361931283917189,0.05149097420550595
2025-02-24 00:00:00,0.00033077393017758835,0.05139166078716782
2025-02-25 00:00:00,0.00031405140889607936,0.05071306447888821
2025-02-26 00:00:00,0.0003162202318216403,0.049835439697193486
2025-02-27 00:00:00,0.00031612329818336404,0.04976678454400537
2025-02-28 00:00:00,0.0003217749159445798,0.04990583348454074
2025-03-03 00:00:00,0.00036967592517924867,0.04939863706356024
2025-03-04 00:00:00,0.00033575718428138025,0.04822491958304734
2025-03-05 00:00:00,0.0003025195065026467,0.04849153838992699
2025-03-06 00:00:00,0.00035105922430615864,0.04904457122877283
2025-03-07 00:00:00,0.0003955594332688341,0.04842011033297237
2025-03-10 00:00:00,0.00040511015828895066,0.04839456054706929
2025-03-11 00:00:00,0.0003522559773606634,0.04800944886889113
2025-03-12 00:00:00,0.00035318160575226643,0.04807895170386419
2025-03-13 00:00:00,0.00035258325662831605,0.04833387164375406
2025-03-14 00:00:00,0.00032468469576975924,0.0511809668130579
2025-03-17 00:00:00,0.00031653763560376757,0.051237840467814016
2025-03-18 00:00:00,0.00033027353736505774,0.05136413927582166
2025-03-19 00:00:00,0.0003588284006569318,0.051350182266113015
2025-03-20 00:00:00,0.0003478821283133178,0.051270187643761074
2025-03-21 00:00:00,0.000300756339459977,0.05297671115493007
2025-03-24 00:00:00,0.0003151809215789133,0.05297861209618828
2025-03-25 00:00:00,0.0003370732854203212,0.05269583804464145
2025-03-26 00:00:00,0.000319366122007041,0.052486234820261816
2025-03-27 00:00:00,0.00031188025586238266,0.05247351431319172
2025-03-28 00:00:00,0.0003048381771132683,0.05291616132342361
2025-03-31 00:00:00,0.00032420318376923807,0.05318996205653076
2025-04-01 00:00:00,0.0003616607812155078,0.05214143068353906
2025-04-02 00:00:00,0.00035819605204608546,0.051947785290363105
2025-04-03 00:00:00,0.0003284432586279811,0.049971085370238255
2025-04-04 00:00:00,0.0003255351966913492,0.050055315214315686
2025-04-07 00:00:00,0.0001404029856888673,0.08907530584727093
2025-04-08 00:00:00,0.00020306608727668654,0.09054184546875113
2025-04-09 00:00:00,0.00020739980152106047,0.0923912227365532
2025-04-10 00:00:00,0.00019436851255779858,0.09590054994739512
2025-04-11 00:00:00,0.00018732502928792494,0.09684400349234194
2025-04-14 00:00:00,0.0001866617513746222,0.09693523534019396
2025-04-15 00:00:00,0.00015184713506838393,0.09839747689150684
2025-04-16 00:00:00,0.00014459877433476754,0.09608744826758928
2025-04-17 00:00:00,0.00016920618535697156,0.09562613929357257
2025-04-18 00:00:00,0.00016339370165274942,0.09519184470096023
2025-04-21 00:00:00,0.0002653404792377393,0.09510073612937064
2025-04-22 00:00:00,0.0002299704932077382,0.09639136489286959
2025-04-23 00:00:00,0.00017238524959580653,0.09622357355257909
2025-04-24 00:00:00,0.00018536844836064342,0.09598604727298654
2025-04-25 00:00:00,0.00020996077072477613,0.0962700588395463
2025-04-28 00:00:00,0.0002375048875987049,0.09643183394994355
2025-04-29 00:00:00,0.00026372348462050756,0.09629418967051522
2025-04-30 00:00:00,0.00020959454613284458,0.0998288886293745
2025-05-01 00:00:00,0.00023256324298008102,0.09894487165292717
2025-05-02 00:00:00,0.0003135205372901275,0.09853613759872462
2025-05-05 00:00:00,0.00031953031849412116,0.0988833545059062
2025-05-06 00:00:00,0.00031015671785573294,0.100206918041508
2025-05-07 00:00:00,0.0003336283457434766,0.10006544196472261
2025-05-08 00:00:00,0.00031684355939484623,0.09904157480740451
2025-05-09 00:00:00,0.00030351421432236764,0.09941262401451632
2025-05-12 00:00:00,0.0003275481445415145,0.09807452062140086
2025-05-13 00:00:00,0.00035535629689126003,0.0945293345683207
2025-05-14 00:00:00,0.00034718679052157494,0.09446352938568926
2025-05-15 00:00:00,0.00029054074496303434,0.09674483190843625
2025-05-16 00:00:00,0.0003279073308754257,0.09663181498126448
2025-05-19 00:00:00,0.00030668277179433977,0.09709210668398416
2025-05-20 00:00:00,0.0003266715135850469,0.09726471012693949
2025-05-21 00:00:00,0.0003891835140885206,0.09757825721557957
2025-05-22 00:00:00,0.000392725314306692,0.097371115502866
2025-05-23 00:00:00,0.00039420744062519035,0.0973283293265898
2025-05-26 00:00:00,0.0003929302153716635,0.09701394692848388
2025-05-27 00:00:00,0.0003957413416510355,0.09683960321499024
2025-05-28 00:00:00,0.0003935502726685719,0.09708477577008384
2025-05-29 00:00:00,0.00041497348770146907,0.09849686111771765
2025-05-30 00:00:00,0.00037897861669782234,0.09948914177945013
2025-06-02 00:00:00,0.0003829863476560222,0.09948830657675513
2025-06-03 00:00:00,0.0003685318065302285,0.09949438788974624
2025-06-04 00:00:00,0.00037559838992970977,0.09976644447683451
2025-06-05 00:00:00,0.00036448408256484156,0.0996530647498227
2025-06-06 00:00:00,0.0003681564194725963,0.10007415902239533
2025-06-09 00:00:00,0.00037561113076733346,0.100087947072659
2025-06-10 00:00:00,0.0003889473429757509,0.09931785700776545
2025-06-11 00:00:00,0.00039040072576990593,0.09930116285415586
2025-06-12 00:00:00,0.00043532636549630595,0.09856909238675494
2025-06-13 00:00:00,0.000412380405910895,0.09919840952863153
2025-06-16 00:00:00,0.00042542962409047446,0.0993160934303979
2025-06-17 00:00:00,0.0004730446211729321,0.09831684595377882
2025-06-18 00:00:00,0.00045751377953122814,0.09841826296865652
2025-06-19 00:00:00,0.0004678004051747238,0.09844048234637967
2025-06-20 00:00:00,0.0004530822404903192,0.09868987018684912
2025-06-23 00:00:00,0.0004135258117931226,0.09918633354791274
2025-06-24 00:00:00,0.0004425035220067938,0.10052214358104891
2025-06-25 00:00:00,0.00042360314892159336,0.09941328359845868
2025-06-26 00:00:00,0.0003963967469474099,0.09952488550140601
2025-06-27 00:00:00,0.0004136621605755742,0.09966966676716953
2025-06-30 00:00:00,0.00040421170022487583,0.1001579241039072
2025-07-01 00:00:00,0.000406419803119156,0.10005937125095016
2025-07-02 00:00:00,0.0004305940279478465,0.10260008539469903
2025-07-03 00:00:00,0.00044025269964135746,0.10278878380705397
2025-07-04 00:00:00,0.00045495156506054674,0.10331015384345033
2025-07-07 00:00:00,0.00048165469234592135,0.11010424874391438
2025-07-08 00:00:00,0.0005143489332571449,0.12868943401960778
2025-07-09 00:00:00,0.0005092626003728304,0.12882907844991381
2025-07-10 00:00:00,0.0005187945962870395,0.12896617141664193
2025-07-11 00:00:00,0.0005108717532539045,0.12864182358296763
2025-07-14 00:00:00,0.0004912674475244893,0.1287698238750752
2025-07-15 00:00:00,0.0005189813447634812,0.1286899970489174
2025-07-16 00:00:00,0.0005856471651277248,0.15686794687606279
2025-07-17 00:00:00,0.0006090427353727714,0.1532837832301278
2025-07-18 00:00:00,0.0005984238752624832,0.15434980753663174
2025-07-21 00:00:00,0.0005791549612770521,0.15688628036272395
2025-07-22 00:00:00,0.0005573093035568636,0.15425919397648372
2025-07-23 00:00:00,0.0005396949155418495,0.15659513678595413
2025-07-24 00:00:00,0.0005083005214247509,0.15655774649084583
2025-07-25 00:00:00,0.0005224099499944262,0.15614571750010228
2025-07-28 00:00:00,0.0005366285411871427,0.15842997791755908
2025-07-29 00:00:00,0.0005349533868625883,0.15826282371337064
2025-07-30 00:00:00,0.0005537053806158464,0.1589558353176472
2025-07-31 00:00:00,0.0005438570434469903,0.1611471932705654
2025-08-01 00:00:00,0.0005426843355738446,0.16043679940774272
2025-08-04 00:00:00,0.0005487200836090987,0.16110938985888187
2025-08-05 00:00:00,0.0005646606774062477,0.16132733972775945
2025-08-06 00:00:00,0.0005404934950280053,0.16335482874381418
2025-08-07 00:00:00,0.0005176121010496979,0.1626965825472202
2025-08-08 00:00:00,0.0005697305784536395,0.16571575054995455
2025-08-11 00:00:00,0.0005987702300858326,0.16337584436672256
2025-08-12 00:00:00,0.0006019748604935101,0.16452800140323215
2025-08-13 00:00:00,0.0006393721962511595,0.17133504651898998
2025-08-14 00:00:00,0.0005822057773362864,0.17127988039784411
2025-08-15 00:00:00,0.0006077441980465629,0.17456083134677775
2025-08-18 00:00:00,0.0005697299256661483,0.17373771035273508
2025-08-19 00:00:00,0.0005600279029624332,0.17354192720012246
2025-08-20 00:00:00,0.0005547548339591046,0.17391933531715553
2025-08-21 00:00:00,0.0005799627556259607,0.1736313538495069
2025-08-22 00:00:00,0.000557464102222521,0.17674816708256963
2025-08-25 00:00:00,0.0005994769026584077,0.17965097230331364
2025-08-26 00:00:00,0.0005522120345605149,0.18188764512423097
2025-08-27 00:00:00,0.0005184480027625707,0.18437342889811675
2025-08-28 00:00:00,0.0004962038503774583,0.1813124988656785
2025-08-29 00:00:00,0.0004909589398573726,0.18114727422805352
2025-09-01 00:00:00,0.00044199345400694164,0.19386845070973033
2025-09-02 00:00:00,0.00041854589226120295,0.193279329596752
2025-09-03 00:00:00,0.0004531633168807465,0.18996878376345766
2025-09-04 00:00:00,0.0004684064660320761,0.19064157583184585
2025-09-05 00:00:00,0.00046336309987889444,0.18965206313361813
2025-09-08 00:00:00,0.00047522110795198173,0.1907750818532849
2025-09-09 00:00:00,0.000485277175888434,0.18909979895113313
2025-09-10 00:00:00,0.00043922877418023864,0.18964297829195212
2025-09-11 00:00:00,0.00041585955473984827,0.18685197880895388
2025-09-12 00:00:00,0.0004087102441167889,0.18670449456095647
2025-09-15 00:00:00,0.00041241031998371486,0.18796011753224276
2025-09-16 00:00:00,0.0003972825427101906,0.18921266169267356
2025-09-17 00:00:00,0.00040209935941293957,0.18908894889916078
2025-09-18 00:00:00,0.00039878303861555996,0.19000928743474782
2025-09-19 00:00:00,0.00040185148946619766,0.188825481084351
2025-09-22 00:00:00,0.00037973491210333075,0.1935118662465988
2025-09-23 00:00:00,0.0003354830586187113,0.19718932423177638
2025-09-24 00:00:00,0.0003199870216776252,0.1953635578403166
2025-09-25 00:00:00,0.00032465283899677725,0.19590363473460215
2025-09-26 00:00:00,0.00041262652734951315,0.1961443136011035
2025-09-29 00:00:00,0.0004613229360684024,0.1976646042543048
2025-09-30 00:00:00,0.00037516684415495744,0.20788906798312992
2025-10-01 00:00:00,0.00038996684334101405,0.2093418583644384
2025-10-02 00:00:00,0.000361377041366729,0.2110529530964404
2025-10-03 00:00:00,0.00036359066804508286,0.2112570554562419
2025-10-06 00:00:00,0.0003734428802939537,0.21133604628346594
2025-10-07 00:00:00,0.00039033589304731834,0.21119642927715548
2025-10-08 00:00:00,0.00037929608355309033,0.21267967458676398
2025-10-09 00:00:00,0.0003693776744255762,0.23038203562545292
2025-10-10 00:00:00,0.0003651547432309347,0.23101423151394368
2025-10-13 00:00:00,0.0003429400613107901,0.23125327423621006
2025-10-14 00:00:00,0.00036374564175773843,0.2280747611409624
2025-10-15 00:00:00,0.0003855242918655903,0.23041212914217535
2025-10-16 00:00:00,0.00041587968242763114,0.228845306307391
2025-10-17 00:00:00,0.0004725114378941039,0.21962649225216546
2025-10-20 00:00:00,0.0005193250829774356,0.2200908547610481
2025-10-21 00:00:00,0.0005506721556436389,0.22883187202934205
2025-10-22 00:00:00,0.0005249111321491595,0.2304002074607254
2025-10-23 00:00:00,0.00048377581037924595,0.22984419621794472
2025-10-24 00:00:00,0.000476663405837402,0.22849615893152952
2025-10-27 00:00:00,0.00048615906586119877,0.23042007477716117
2025-10-28 00:00:00,0.0004550071686908198,0.2319590286445988
2025-10-29 00:00:00,0.0004266132952086249,0.23641668627121004
2025-10-30 00:00:00,0.0004507802009850041,0.23527763360712592
2025-10-31 00:00:00,0.0004980641581990139,0.23370587666819317
2025-11-03 00:00:00,0.0005055606966330124,0.23419600696475507
2025-11-04 00:00:00,0.00043453314422643166,0.24171695549901895
2025-11-05 00:00:00,0.0003918049038430854,0.24133916604214514
2025-11-06 00:00:00,0.0004078728839193219,0.24289611846141254
2025-11-07 00:00:00,0.0003801849616945113,0.24359991635100606
2025-11-10 00:00:00,0.0004133969501461826,0.24373224020678955
2025-11-11 00:00:00,0.00043131107702550916,0.242895194998287
2025-11-12 00:00:00,0.000410988138419629,0.24159788706601357
2025-11-13 00:00:00,0.00041709892863577626,0.24395959749908044
2025-11-14 00:00:00,0.0004026817065521148,0.2472464279711172
2025-11-17 00:00:00,0.000353909491815834,0.24754936194540422
2025-11-18 00:00:00,0.0002976358427942469,0.2513549400826502
2025-11-19 00:00:00,0.0003126214825496802,0.25345474571525267
2025-11-20 00:00:00,0.0003661460407692746,0.2502041636853629
2025-11-21 00:00:00,0.0003702927669346504,0.2515332242219919
2025-11-24 00:00:00,0.00039165059207051144,0.2514066821021979
2025-11-25 00:00:00,0.0003592912811883442,0.2538250098513841
2025-11-26 00:00:00,0.00032832265904464967,0.25283827919018503
2025-11-27 00:00:00,0.0003352003045272502,0.2525356572143055
2025-11-28 00:00:00,0.0003475340978283341,0.2540529080996297
2025-12-01 00:00:00,0.0003526796499179859,0.2526324777692186
2025-12-02 00:00:00,0.0003253883630208172,0.25444358329446254
2025-12-03 00:00:00,0.0003596572522228149,0.2557177569475011
2025-12-04 00:00:00,0.00033070273942990944,0.25601264951594355
2025-12-05 00:00:00,0.00031642393055322267,0.2579593823172744
2025-12-08 00:00:00,0.00027387939430958497,0.25592992372482753
2025-12-09 00:00:00,0.0002681408267452588,0.2574475954683052
2025-12-10 00:00:00,0.0002982188515207351,0.25778729197607547
2025-12-11 00:00:00,0.0003149008550073954,0.2583875560770691
2025-12-12 00:00:00,0.00032757462857689227,0.25946918809317804
2025-12-15 00:00:00,0.0003246766821384053,0.2589089829831881
2025-12-16 00:00:00,0.0003662662266074276,0.26082539919521347
2025-12-17 00:00:00,0.0003598398380163175,0.2599728934997362
2025-12-18 00:00:00,0.0003279344085521837,0.2615701951858331
2025-12-19 00:00:00,0.00032763694097916695,0.2613897480739581
2025-12-22 00:00:00,0.000342466551244739,0.26211268446527225
2025-12-23 00:00:00,0.00034483456475870906,0.2619015269712875
2025-12-24 00:00:00,0.0003246362247807979,0.2613347092237411
2025-12-25 00:00:00,0.00029601949148814533,0.26074988678501676
2025-12-26 00:00:00,0.0002966790382373225,0.26027076834319746
2025-12-29 00:00:00,0.0002689401398438669,0.2609206774082942
2025-12-30 00:00:00,0.00021476268237024247,0.2610049198036187
2025-12-31 00:00:00,0.0002101461359353208,0.26101132005220423
2026-01-02 00:00:00,0.00021751539672780175,0.2610372340279907
2026-01-05 00:00:00,0.00021244994309352761,0.2630924304934519
2026-01-06 00:00:00,0.0001960390899128826,0.2617341172154387
2026-01-07 00:00:00,0.00016628053077458426,0.26063460937872157
2026-01-08 00:00:00,0.00016632188739159893,0.26054905447967147
2026-01-09 00:00:00,0.00015561106779665663,0.26287962877690174
2026-01-12 00:00:00,0.00014527745199501712,0.26085271717266295
2026-01-13 00:00:00,0.00024976768167306643,0.2299870834976894
2026-01-14 00:00:00,0.0002047543265806536,0.2275947340927126
2026-01-15 00:00:00,0.00021662695639431003,0.22603850177445958
2026-01-16 00:00:00,0.00018724192445135817,0.22181048929360964
2026-01-19 00:00:00,0.00019496205694307365,0.22216238913819658
2026-01-20 00:00:00,0.00018669823186686502,0.2209782142614396
2026-01-21 00:00:00,0.00019934463227740866,0.22127376076273275
2026-01-22 00:00:00,0.0001859810872987277,0.22435966724301942
2026-01-23 00:00:00,0.00018138276484364708,0.22427538496452734
2026-01-26 00:00:00,0.00023647211753629932,0.21954981843781554
2026-01-27 00:00:00,0.00020653885878906604,0.21734493552536413
2026-01-28 00:00:00,0.00022102630598067372,0.22153231041767377
2026-01-29 00:00:00,0.00031254500788955095,0.21899785300604954
2026-01-30 00:00:00,0.0001922871169189531,0.2327490517232146
2026-02-02 00:00:00,8.616715358462652e-05,0.2587443825049217
2026-02-03 00:00:00,0.00013146679660337658,0.26567154026865036
2026-02-04 00:00:00,0.0001466737177385942,0.26561670545911475
2026-02-05 00:00:00,0.0001401846862708353,0.26833981879348606
2026-02-06 00:00:00,0.0001520135413972443,0.2681750205963102
2026-02-09 00:00:00,0.00015590565710420212,0.26875259781551364
2026-02-10 00:00:00,0.0001898606980997987,0.26811826163306773
2026-02-11 00:00:00,0.0002215179765512375,0.2682713514308604
2026-02-12 00:00:00,0.00019560972507175537,0.26659507008204303
2026-02-13 00:00:00,0.00024662957443704757,0.26291219420752127
2026-02-16 00:00:00,0.0002460904200766701,0.262878305001954
2026-02-20 00:00:00,0.0002568317345091431,0.2640419378227888
2026-02-23 00:00:00,0.0002915085487118174,0.26304158923096693
2026-02-24 00:00:00,0.0002907896897429579,0.26227633761371755
2026-02-25 00:00:00,0.0003306805999407639,0.25754715462253996
2026-02-26 00:00:00,0.0002710748201742477,0.25785868376449705
2026-02-27 00:00:00,0.0002639653697786375,0.25684537759197906
2026-03-02 00:00:00,0.00023983608056370208,0.25674028115525127
2026-03-03 00:00:00,0.00021491760492689472,0.25531016294867365
2026-03-04 00:00:00,0.00020418262910877497,0.2558729515236018
2026-03-05 00:00:00,0.0002121401564261371,0.25733730324378856
2026-03-06 00:00:00,0.00024423650988840255,0.25798917869324567
2026-03-09 00:00:00,0.00021369787352539264,0.25959175474574936
2026-03-10 00:00:00,0.0001857815057989342,0.25722009519068145
2026-03-11 00:00:00,0.0002067372116586674,0.2546999919181037
2026-03-12 00:00:00,0.00023965328775227713,0.2524493494148237
2026-03-13 00:00:00,0.0002809615199705033,0.24871652304101324
2026-03-16 00:00:00,0.0002542064771186393,0.25014748050974644
2026-03-17 00:00:00,0.00023113360043580683,0.2522779240166206
2026-03-18 00:00:00,0.00026639913267308314,0.2540406440908525
2026-03-19 00:00:00,0.00024568980572691374,0.25762222490718306
2026-03-20 00:00:00,0.00022280420328358154,0.2589455389795676
2026-03-23 00:00:00,0.00018775468421159102,0.26442471776484777
2026-03-24 00:00:00,0.00020120885272584705,0.2663816632583992
2026-03-25 00:00:00,0.0001676653660440726,0.2598341772425254
2026-03-26 00:00:00,0.00019404393051168525,0.2576688019348267
2026-03-27 00:00:00,0.000145595975355349,0.25462972971237713
2026-03-30 00:00:00,9.736424686808572e-05,0.25506885272873997
2026-03-31 00:00:00,8.895117364513287e-05,0.25674213676118934
2026-04-01 00:00:00,0.00011205363418005394,0.2616009481311647
2026-04-02 00:00:00,0.0001160704997731382,0.2608047549999011
2026-04-03 00:00:00,0.00014316293841894429,0.26099299746054877
2026-04-07 00:00:00,0.0001231010295117095,0.2594000070118781
2026-04-08 00:00:00,0.0001633168884940568,0.26715378699939113
2026-04-09 00:00:00,0.0001721719720885107,0.2668542371550735
2026-04-10 00:00:00,0.0001441945809159899,0.2660578914187541
2026-04-13 00:00:00,0.0001547997492913057,0.26589295115138273
2026-04-14 00:00:00,0.00016037510199082674,0.26577568401375024
2026-04-15 00:00:00,0.00016661025416174442,0.2656589630258956
2026-04-16 00:00:00,0.00018619515156063937,0.26770789391230737
2026-04-17 00:00:00,0.00015410382000006692,0.2677354679474439
2026-04-20 00:00:00,0.0001389580758327793,0.26696292141870187
2026-04-21 00:00:00,0.0001659051279506164,0.26735644856561014
2026-04-22 00:00:00,0.0001669660669958784,0.26710962084665957
2026-04-23 00:00:00,0.00015938980982424522,0.26715242599657435
2026-04-24 00:00:00,0.00018250334437899514,0.26721205714324187
2026-04-27 00:00:00,0.00022962374138730092,0.26760935282442877
2026-04-28 00:00:00,0.0002151943175862953,0.26707937111826335
2026-04-29 00:00:00,0.00021279347989487944,0.2654484148311254
2026-04-30 00:00:00,0.0001946997090932089,0.26516576416049825
2026-05-04 00:00:00,0.00018278872591092807,0.26510516031203696
2026-05-05 00:00:00,0.0001897270736129876,0.2655068721369828
2026-05-06 00:00:00,0.0002332649779038845,0.27242990864070893
2026-05-07 00:00:00,0.00026677607296632616,0.27488586451210223
2026-05-08 00:00:00,0.000272559656238188,0.2759457358801173
2026-05-11 00:00:00,0.00026106002974981147,0.27547035580096924
2026-05-12 00:00:00,0.0002359628647528675,0.27615015953670347
2026-05-13 00:00:00,0.00023419742380671803,0.27599381794347383
2026-05-14 00:00:00,0.0002619465513442249,0.271899000188259
2026-05-15 00:00:00,0.00027409450576881865,0.27104209515854955
2026-05-18 00:00:00,0.0002392649834063237,0.2705864406179639
2026-05-19 00:00:00,0.00022242265740244108,0.2699177774295371
2026-05-20 00:00:00,0.00018834455930533464,0.26919924979279974
2026-05-21 00:00:00,0.0002926641692850238,0.2568313155681814
2026-05-22 00:00:00,0.0003231341396901974,0.2604986380225018
2026-05-25 00:00:00,0.00039307639881307633,0.26640026430537933
2026-05-26 00:00:00,0.0003692585990110193,0.2676382063945739
2026-05-27 00:00:00,0.00041734660422845327,0.2650707840879581
2026-05-28 00:00:00,0.00040608335016577133,0.264762926230132
2026-05-29 00:00:00,0.00047868904115885846,0.25706982991014143
2026-06-01 00:00:00,0.0005656234260889377,0.2522235645250481
2026-06-02 00:00:00,0.000565064860194243,0.25317372680497346
2026-06-03 00:00:00,0.000537637311682018,0.25244086521907194
2026-06-04 00:00:00,0.0004935919864502837,0.2530757374516294
2026-06-05 00:00:00,0.00048012627512114374,0.25359746512023995
2026-06-08 00:00:00,0.0004537492197842941,0.2596571862166205
2026-06-09 00:00:00,0.0004471101522774974,0.2599600207463129
2026-06-10 00:00:00,0.0004239940354860576,0.2631371618393435
2026-06-11 00:00:00,0.00043829109323314743,0.26169608457496224
2026-06-12 00:00:00,0.0004909260125259776,0.26567610788569096
2026-06-15 00:00:00,0.0005570527166704292,0.2777765956356101
2026-06-16 00:00:00,0.0005346751031077861,0.2765998700480165
2026-06-17 00:00:00,0.0005037217774274377,0.27771677312719495
2026-06-18 00:00:00,0.0004619277297639332,0.2808919256063023
2026-06-22 00:00:00,0.00044145201364606843,0.28268193572676803
2026-06-23 00:00:00,0.000362120995371647,0.29453369363515697
2026-06-24 00:00:00,0.000363610118897104,0.2946667725639754
2026-06-25 00:00:00,0.00037631440952698935,0.2974129748754385
2026-06-26 00:00:00,0.00038730830076515074,0.29817675800092347
2026-06-29 00:00:00,0.0003879328044361873,0.3006698443302445
2026-06-30 00:00:00,0.00036068337706219087,0.29779962311620073
2026-07-01 00:00:00,0.00035243961267784234,0.29781410143015247
2026-07-02 00:00:00,0.0003513332284665922,0.2972221455976819
2026-07-03 00:00:00,0.00042303510308497935,0.2993798414407877
2026-07-06 00:00:00,0.00046521461255259527,0.2972588782709916
2026-07-07 00:00:00,0.0004470713002532701,0.29769422947239493
2026-07-08 00:00:00,0.00041344756945579334,0.2988850199688098
2026-07-09 00:00:00,0.00036859099016761437,0.29264845595010935
2026-07-10 00:00:00,0.00041613640203585453,0.2930510930047766
2026-07-13 00:00:00,0.0004343219808686863,0.292318508275443
2026-07-14 00:00:00,0.0003978703117276935,0.29105263802925074
2026-07-15 00:00:00,0.0004275930695011507,0.2883260434854508
2026-07-16 00:00:00,0.0004115283816847016,0.2889859142088074
