index,now,market_type,long_short,currency,adjustment,slippage,trading_cost,minimal_trading_cost,cost_times,stamp_duty,dividend_tax,cash,frozen_cash,market_value,total_value,combined_friction_cost,total_dividend_tax,dividend_receivable
0,2016-12-31,A share,long_only,CNY,U,0.001,0.00012,0.0,1,0.0005,0.1,10000000,0,0,10000000,0,0,0
0,2017-01-03,A share,long_only,CNY,U,0.001,0.00012,0.0,1,0.0005,0.1,15468.416519488574,0,9973361.4,9988829.81651949,11171.361571366433,0,0
0,2017-01-04,A share,long_only,CNY,U,0.001,0.00012,0.0,1,0.0005,0.1,15469.594700075437,0,9983652.4,9999121.994700076,11171.361571366433,0,0
0,2017-01-05,A share,long_only,CNY,U,0.001,0.00012,0.0,1,0.0005,0.1,15470.772970400607,0,9975420.9,9990891.672970401,11171.361571366433,0,0
0,2017-01-06,A share,long_only,CNY,U,0.001,0.00012,0.0,1,0.0005,0.1,15471.951330470918,0,9972726.8,9988198.751330473,11171.361571366433,0,0
0,2017-01-09,A share,long_only,CNY,U,0.001,0.00012,0.0,1,0.0005,0.1,15473.129780293206,0,9996754.5,10012227.629780293,11171.361571366433,0,0
0,2017-01-10,A share,long_only,CNY,U,0.001,0.00012,0.0,1,0.0005,0.1,15474.308319874306,0,10019860.8,10035335.108319875,11171.361571366433,0,0
0,2017-01-11,A share,long_only,CNY,U,0.001,0.00012,0.0,1,0.0005,0.1,15475.486949221056,0,10031868.6,10047344.08694922,11171.361571366433,0,0
0,2017-01-12,A share,long_only,CNY,U,0.001,0.00012,0.0,1,0.0005,0.1,15476.665668340293,0,10044431.399999999,10059908.065668339,11171.361571366433,0,0
0,2017-01-13,A share,long_only,CNY,U,0.001,0.00012,0.0,1,0.0005,0.1,15477.844477238854,0,10018611.9,10034089.744477239,11171.361571366433,0,0
0,2017-01-16,A share,long_only,CNY,U,0.001,0.00012,0.0,1,0.0005,0.1,15479.023375923578,0,10050851.4,10066330.423375923,11171.361571366433,0,0
0,2017-01-17,A share,long_only,CNY,U,0.001,0.00012,0.0,1,0.0005,0.1,15480.202364401302,0,10020013.8,10035494.002364403,11171.361571366433,0,0
0,2017-01-18,A share,long_only,CNY,U,0.001,0.00012,0.0,1,0.0005,0.1,10786.20526915809,0,10028538.2,10039324.405269157,11327.680155336424,0,0
0,2017-01-19,A share,long_only,CNY,U,0.001,0.00012,0.0,1,0.0005,0.1,10787.026820455085,0,10005946.2,10016733.226820454,11327.680155336424,0,0
0,2017-01-20,A share,long_only,CNY,U,0.001,0.00012,0.0,1,0.0005,0.1,10787.848434327056,0,10027666.5,10038454.348434327,11327.680155336424,0,0
0,2017-01-23,A share,long_only,CNY,U,0.001,0.00012,0.0,1,0.0005,0.1,10788.670110778769,0,10050577.700000001,10061366.37011078,11327.680155336424,0,0
0,2017-01-24,A share,long_only,CNY,U,0.001,0.00012,0.0,1,0.0005,0.1,10789.491849814991,0,10039406.2,10050195.691849815,11327.680155336424,0,0
0,2017-01-25,A share,long_only,CNY,U,0.001,0.00012,0.0,1,0.0005,0.1,10790.313651440487,0,10049796.3,10060586.613651441,11327.680155336424,0,0
0,2017-01-26,A share,long_only,CNY,U,0.001,0.00012,0.0,1,0.0005,0.1,10791.135515660026,0,10143547.899999999,10154339.035515659,11327.680155336424,0,0
0,2017-01-27,A share,long_only,CNY,U,0.001,0.00012,0.0,1,0.0005,0.1,10791.957442478375,0,10143547.899999999,10154339.857442478,11327.680155336424,0,0
0,2017-01-30,A share,long_only,CNY,U,0.001,0.00012,0.0,1,0.0005,0.1,10792.779431900302,0,10143547.899999999,10154340.679431899,11327.680155336424,0,0
0,2017-01-31,A share,long_only,CNY,U,0.001,0.00012,0.0,1,0.0005,0.1,10793.601483930577,0,10143547.899999999,10154341.501483928,11327.680155336424,0,0
0,2017-02-01,A share,long_only,CNY,U,0.001,0.00012,0.0,1,0.0005,0.1,10794.423598573967,0,10143547.899999999,10154342.323598573,11327.680155336424,0,0
0,2017-02-02,A share,long_only,CNY,U,0.001,0.00012,0.0,1,0.0005,0.1,10795.24577583524,0,10143547.899999999,10154343.145775834,11327.680155336424,0,0
0,2017-02-03,A share,long_only,CNY,U,0.001,0.00012,0.0,1,0.0005,0.1,10796.068015719165,0,10114139.899999999,10124935.968015717,11327.680155336424,0,0
0,2017-02-06,A share,long_only,CNY,U,0.001,0.00012,0.0,1,0.0005,0.1,10796.890318230515,0,10127921.5,10138718.39031823,11327.680155336424,0,0
0,2017-02-07,A share,long_only,CNY,U,0.001,0.00012,0.0,1,0.0005,0.1,10797.712683374059,0,10109035.0,10119832.712683374,11327.680155336424,0,0
0,2017-02-08,A share,long_only,CNY,U,0.001,0.00012,0.0,1,0.0005,0.1,10798.535111154566,0,10121347.0,10132145.535111155,11327.680155336424,0,0
0,2017-02-09,A share,long_only,CNY,U,0.001,0.00012,0.0,1,0.0005,0.1,10951.28257141873,0,10130969.4,10141920.682571419,17078.06675626023,0,0
0,2017-02-10,A share,long_only,CNY,U,0.001,0.00012,0.0,1,0.0005,0.1,10952.116696134122,0,10150327.200000001,10161279.316696135,17078.06675626023,0,0
0,2017-02-13,A share,long_only,CNY,U,0.001,0.00012,0.0,1,0.0005,0.1,10952.95088438217,0,10173138.0,10184090.950884381,17078.06675626023,0,0
0,2017-02-14,A share,long_only,CNY,U,0.001,0.00012,0.0,1,0.0005,0.1,10953.78513616771,0,10171397.0,10182350.785136167,17078.06675626023,0,0
0,2017-02-15,A share,long_only,CNY,U,0.001,0.00012,0.0,1,0.0005,0.1,10954.61945149558,0,10185344.0,10196298.619451495,17078.06675626023,0,0
0,2017-02-16,A share,long_only,CNY,U,0.001,0.00012,0.0,1,0.0005,0.1,10955.453830370623,0,10207631.3,10218586.753830371,17078.06675626023,0,0
0,2017-02-17,A share,long_only,CNY,U,0.001,0.00012,0.0,1,0.0005,0.1,10956.28827279768,0,10204575.4,10215531.688272798,17078.06675626023,0,0
0,2017-02-20,A share,long_only,CNY,U,0.001,0.00012,0.0,1,0.0005,0.1,10957.122778781588,0,10222604.899999999,10233562.02277878,17078.06675626023,0,0
0,2017-02-21,A share,long_only,CNY,U,0.001,0.00012,0.0,1,0.0005,0.1,10957.957348327189,0,10227927.1,10238885.057348328,17078.06675626023,0,0
0,2017-02-22,A share,long_only,CNY,U,0.001,0.00012,0.0,1,0.0005,0.1,10958.791981439324,0,10277768.3,10288727.09198144,17078.06675626023,0,0
0,2017-02-23,A share,long_only,CNY,U,0.001,0.00012,0.0,1,0.0005,0.1,10959.626678122837,0,10289395.399999999,10300355.02667812,17078.06675626023,0,0
0,2017-02-24,A share,long_only,CNY,U,0.001,0.00012,0.0,1,0.0005,0.1,13521.2578639613,0,10302452.5,10315973.757863961,22818.565363628146,0,0
0,2017-02-27,A share,long_only,CNY,U,0.001,0.00012,0.0,1,0.0005,0.1,13522.287735603639,0,10280883.399999999,10294405.687735602,22818.565363628146,0,0
0,2017-02-28,A share,long_only,CNY,U,0.001,0.00012,0.0,1,0.0005,0.1,13523.317685688058,0,10292387.6,10305910.917685688,22818.565363628146,0,0
0,2017-03-01,A share,long_only,CNY,U,0.001,0.00012,0.0,1,0.0005,0.1,13524.347714220532,0,10303795.0,10317319.347714221,22818.565363628146,0,0
0,2017-03-02,A share,long_only,CNY,U,0.001,0.00012,0.0,1,0.0005,0.1,13525.377821207037,0,10458829.5,10472354.877821207,22818.565363628146,0,0
0,2017-03-03,A share,long_only,CNY,U,0.001,0.00012,0.0,1,0.0005,0.1,13526.408006653548,0,10439977.799999999,10453504.208006652,22818.565363628146,0,0
0,2017-03-06,A share,long_only,CNY,U,0.001,0.00012,0.0,1,0.0005,0.1,13527.438270566041,0,10536075.9,10549603.338270565,22818.565363628146,0,0
0,2017-03-07,A share,long_only,CNY,U,0.001,0.00012,0.0,1,0.0005,0.1,13528.468612950492,0,10440073.5,10453601.96861295,22818.565363628146,0,0
0,2017-03-08,A share,long_only,CNY,U,0.001,0.00012,0.0,1,0.0005,0.1,13529.49903381288,0,10378224.6,10391754.099033812,22818.565363628146,0,0
0,2017-03-09,A share,long_only,CNY,U,0.001,0.00012,0.0,1,0.0005,0.1,13530.529533159179,0,10312333.4,10325863.92953316,22818.565363628146,0,0
0,2017-03-10,A share,long_only,CNY,U,0.001,0.00012,0.0,1,0.0005,0.1,13531.56011099537,0,10354887.2,10368418.760110995,22818.565363628146,0,0
0,2017-03-13,A share,long_only,CNY,U,0.001,0.00012,0.0,1,0.0005,0.1,11226.929040610052,0,10407441.799999999,10418668.72904061,34443.65148872581,0,0
0,2017-03-14,A share,long_only,CNY,U,0.001,0.00012,0.0,1,0.0005,0.1,11227.784160449182,0,10431848.0,10443075.78416045,34443.65148872581,0,0
0,2017-03-15,A share,long_only,CNY,U,0.001,0.00012,0.0,1,0.0005,0.1,11228.639345420099,0,10403095.0,10414323.63934542,34443.65148872581,0,0
0,2017-03-16,A share,long_only,CNY,U,0.001,0.00012,0.0,1,0.0005,0.1,11229.494595527762,0,10500298.0,10511527.494595528,34443.65148872581,0,0
0,2017-03-17,A share,long_only,CNY,U,0.001,0.00012,0.0,1,0.0005,0.1,11230.349910777133,0,10447076.2,10458306.549910776,34443.65148872581,0,0
0,2017-03-20,A share,long_only,CNY,U,0.001,0.00012,0.0,1,0.0005,0.1,11231.205291173173,0,10462948.0,10474179.205291172,34443.65148872581,0,0
0,2017-03-21,A share,long_only,CNY,U,0.001,0.00012,0.0,1,0.0005,0.1,11232.060736720847,0,10492016.16,10503248.220736722,34443.65148872581,0,0
0,2017-03-22,A share,long_only,CNY,U,0.001,0.00012,0.0,1,0.0005,0.1,11232.916247425113,0,10385961.391999999,10397194.308247425,34443.65148872581,0,0
0,2017-03-23,A share,long_only,CNY,U,0.001,0.00012,0.0,1,0.0005,0.1,11233.771823290937,0,10376811.488,10388045.25982329,34443.65148872581,0,0
0,2017-03-24,A share,long_only,CNY,U,0.001,0.00012,0.0,1,0.0005,0.1,11234.627464323281,0,10377325.056,10388559.683464322,34443.65148872581,0,0
0,2017-03-27,A share,long_only,CNY,U,0.001,0.00012,0.0,1,0.0005,0.1,11235.483170527108,0,10347322.464,10358557.947170528,34443.65148872581,0,0
0,2017-03-28,A share,long_only,CNY,U,0.001,0.00012,0.0,1,0.0005,0.1,15.276269661588818,0,10391949.299999999,10391964.57626966,40180.75955304786,0,0
0,2017-03-29,A share,long_only,CNY,U,0.001,0.00012,0.0,1,0.0005,0.1,15.277433206954454,0,10390434.299999999,10390449.577433206,40180.75955304786,0,0
0,2017-03-30,A share,long_only,CNY,U,0.001,0.00012,0.0,1,0.0005,0.1,15.278596840943678,0,10362642.5,10362657.77859684,40180.75955304786,0,0
0,2017-03-31,A share,long_only,CNY,U,0.001,0.00012,0.0,1,0.0005,0.1,15.279760563563238,0,10383767.34,10383782.619760564,40180.75955304786,0,0
0,2017-04-03,A share,long_only,CNY,U,0.001,0.00012,0.0,1,0.0005,0.1,15.280924374819888,0,10383767.34,10383782.620924374,40180.75955304786,0,0
0,2017-04-04,A share,long_only,CNY,U,0.001,0.00012,0.0,1,0.0005,0.1,15.282088274720376,0,10383767.34,10383782.622088274,40180.75955304786,0,0
0,2017-04-05,A share,long_only,CNY,U,0.001,0.00012,0.0,1,0.0005,0.1,15.283252263271455,0,10418011.2,10418026.483252263,40180.75955304786,0,0
0,2017-04-06,A share,long_only,CNY,U,0.001,0.00012,0.0,1,0.0005,0.1,15.284416340479877,0,10415149.1,10415164.38441634,40180.75955304786,0,0
0,2017-04-07,A share,long_only,CNY,U,0.001,0.00012,0.0,1,0.0005,0.1,15.285580506352396,0,10438684.32,10438699.605580507,40180.75955304786,0,0
0,2017-04-10,A share,long_only,CNY,U,0.001,0.00012,0.0,1,0.0005,0.1,15.286744760895765,0,10431331.559999999,10431346.846744759,40180.75955304786,0,0
0,2017-04-11,A share,long_only,CNY,U,0.001,0.00012,0.0,1,0.0005,0.1,15.287909104116736,0,10422308.9,10422324.187909104,40180.75955304786,0,0
0,2017-04-12,A share,long_only,CNY,U,0.001,0.00012,0.0,1,0.0005,0.1,15.289073536022064,0,10435932.527999999,10435947.817073535,40180.75955304786,0,0
0,2017-04-13,A share,long_only,CNY,U,0.001,0.00012,0.0,1,0.0005,0.1,15.290238056618506,0,10466273.728,10466289.018238056,40180.75955304786,0,0
0,2017-04-14,A share,long_only,CNY,U,0.001,0.00012,0.0,1,0.0005,0.1,32094.32487739604,0,10421090.332,10453184.656877397,40324.86925121386,0,0
0,2017-04-17,A share,long_only,CNY,U,0.001,0.00012,0.0,1,0.0005,0.1,32096.769401078953,0,10395496.2,10427592.969401078,40324.86925121386,0,0
0,2017-04-18,A share,long_only,CNY,U,0.001,0.00012,0.0,1,0.0005,0.1,32099.214110953537,0,10381461.98,10413561.194110954,40324.86925121386,0,0
0,2017-04-19,A share,long_only,CNY,U,0.001,0.00012,0.0,1,0.0005,0.1,32101.659007033977,0,10290731.476,10322833.135007033,40324.86925121386,0,0
0,2017-04-20,A share,long_only,CNY,U,0.001,0.00012,0.0,1,0.0005,0.1,32104.104089334454,0,10302611.08,10334715.184089335,40324.86925121386,0,0
0,2017-04-21,A share,long_only,CNY,U,0.001,0.00012,0.0,1,0.0005,0.1,32106.549357869153,0,10292179.284,10324285.833357869,40324.86925121386,0,0
0,2017-04-24,A share,long_only,CNY,U,0.001,0.00012,0.0,1,0.0005,0.1,32108.994812652258,0,10320519.9,10352628.894812653,40324.86925121386,0,0
0,2017-04-25,A share,long_only,CNY,U,0.001,0.00012,0.0,1,0.0005,0.1,32111.440453697953,0,10416149.364,10448260.804453699,40324.86925121386,0,0
0,2017-04-26,A share,long_only,CNY,U,0.001,0.00012,0.0,1,0.0005,0.1,32113.886281020426,0,10378327.488,10410441.37428102,40324.86925121386,0,0
0,2017-04-27,A share,long_only,CNY,U,0.001,0.00012,0.0,1,0.0005,0.1,32116.332294633867,0,10383007.040000001,10415123.372294635,40324.86925121386,0,0
0,2017-04-28,A share,long_only,CNY,U,0.001,0.00012,0.0,1,0.0005,0.1,32118.778494552465,0,10400262.76,10432381.538494552,40324.86925121386,0,0
0,2017-05-01,A share,long_only,CNY,U,0.001,0.00012,0.0,1,0.0005,0.1,32121.22488079041,0,10400262.76,10432383.98488079,40324.86925121386,0,0
0,2017-05-02,A share,long_only,CNY,U,0.001,0.00012,0.0,1,0.0005,0.1,13126.738842509614,0,10363074.0,10376200.73884251,46131.15503571772,0,0
0,2017-05-03,A share,long_only,CNY,U,0.001,0.00012,0.0,1,0.0005,0.1,13127.738664880158,0,10355906.832000002,10369034.570664883,46131.15503571772,0,0
0,2017-05-04,A share,long_only,CNY,U,0.001,0.00012,0.0,1,0.0005,0.1,13128.738563404024,0,10310427.468,10323556.206563404,46131.15503571772,0,0
0,2017-05-05,A share,long_only,CNY,U,0.001,0.00012,0.0,1,0.0005,0.1,13129.738538087013,0,10336040.068,10349169.806538086,46131.15503571772,0,0
0,2017-05-08,A share,long_only,CNY,U,0.001,0.00012,0.0,1,0.0005,0.1,13130.738588934924,0,10394877.832,10408008.570588935,46131.15503571772,0,0
0,2017-05-09,A share,long_only,CNY,U,0.001,0.00012,0.0,1,0.0005,0.1,13131.738715953561,0,10401034.108,10414165.846715953,46131.15503571772,0,0
0,2017-05-10,A share,long_only,CNY,U,0.001,0.00012,0.0,1,0.0005,0.1,13132.738919148724,0,10410181.4,10423314.138919149,46131.15503571772,0,0
0,2017-05-11,A share,long_only,CNY,U,0.001,0.00012,0.0,1,0.0005,0.1,13133.739198526215,0,10443355.3,10456489.039198527,46131.15503571772,0,0
0,2017-05-12,A share,long_only,CNY,U,0.001,0.00012,0.0,1,0.0005,0.1,13134.739554091837,0,10372431.46,10385566.199554093,46131.15503571772,0,0
0,2017-05-15,A share,long_only,CNY,U,0.001,0.00012,0.0,1,0.0005,0.1,13135.739985851393,0,10408410.168000001,10421545.907985853,46131.15503571772,0,0
0,2017-05-16,A share,long_only,CNY,U,0.001,0.00012,0.0,1,0.0005,0.1,13136.740493810687,0,10408474.78,10421611.52049381,46131.15503571772,0,0
0,2017-05-17,A share,long_only,CNY,U,0.001,0.00012,0.0,1,0.0005,0.1,11781.83222852132,0,10365644.164,10377425.996228522,51976.860617729646,0,0
0,2017-05-18,A share,long_only,CNY,U,0.001,0.00012,0.0,1,0.0005,0.1,11782.729613589265,0,10273008.3,10284791.02961359,51976.860617729646,0,0
0,2017-05-19,A share,long_only,CNY,U,0.001,0.00012,0.0,1,0.0005,0.1,11783.627067008205,0,10285028.56,10296812.18706701,51976.860617729646,0,0
0,2017-05-22,A share,long_only,CNY,U,0.001,0.00012,0.0,1,0.0005,0.1,11784.524588783346,0,10363318.8,10375103.324588785,51976.860617729646,0,0
0,2017-05-23,A share,long_only,CNY,U,0.001,0.00012,0.0,1,0.0005,0.1,11785.422178919895,0,10390658.836,10402444.25817892,51976.860617729646,0,0
0,2017-05-24,A share,long_only,CNY,U,0.001,0.00012,0.0,1,0.0005,0.1,11786.319837423058,0,10369612.4,10381398.719837423,51976.860617729646,0,0
0,2017-05-25,A share,long_only,CNY,U,0.001,0.00012,0.0,1,0.0005,0.1,11787.217564298044,0,10391208.7,10402995.917564297,51976.860617729646,0,0
0,2017-05-26,A share,long_only,CNY,U,0.001,0.00012,0.0,1,0.0005,0.1,11788.11535955006,0,10429255.280000001,10441043.395359552,51976.860617729646,0,0
0,2017-05-29,A share,long_only,CNY,U,0.001,0.00012,0.0,1,0.0005,0.1,11789.013223184313,0,10429255.280000001,10441044.293223185,51976.860617729646,0,0
0,2017-05-30,A share,long_only,CNY,U,0.001,0.00012,0.0,1,0.0005,0.1,11789.911155206013,0,10429255.280000001,10441045.191155206,51976.860617729646,0,0
0,2017-05-31,A share,long_only,CNY,U,0.001,0.00012,0.0,1,0.0005,0.1,11790.809155620367,0,10401382.016,10413172.825155621,51976.860617729646,0,0
0,2017-06-01,A share,long_only,CNY,U,0.001,0.00012,0.0,1,0.0005,0.1,11791.707224432586,0,10391668.003999999,10403459.711224431,51976.860617729646,0,0
0,2017-06-02,A share,long_only,CNY,U,0.001,0.00012,0.0,1,0.0005,0.1,11792.60536164788,0,10479503.4,10491296.005361648,51976.860617729646,0,0
0,2017-06-05,A share,long_only,CNY,U,0.001,0.00012,0.0,1,0.0005,0.1,8803.31247422216,0,10542097.068,10550900.380474223,57865.123974683396,0,0
0,2017-06-06,A share,long_only,CNY,U,0.001,0.00012,0.0,1,0.0005,0.1,8803.982994817734,0,10487279.628,10496083.610994818,57865.123974683396,0,0
0,2017-06-07,A share,long_only,CNY,U,0.001,0.00012,0.0,1,0.0005,0.1,8804.65356648475,0,10451663.040000001,10460467.693566486,57865.123974683396,0,0
0,2017-06-08,A share,long_only,CNY,U,0.001,0.00012,0.0,1,0.0005,0.1,8805.3241892271,0,10444546.740000002,10453352.06418923,57865.123974683396,0,0
0,2017-06-09,A share,long_only,CNY,U,0.001,0.00012,0.0,1,0.0005,0.1,8805.994863048672,0,10440608.66,10449414.654863048,57865.123974683396,0,0
0,2017-06-12,A share,long_only,CNY,U,0.001,0.00012,0.0,1,0.0005,0.1,8806.665587953357,0,10409604.14,10418410.805587955,57865.123974683396,0,0
0,2017-06-13,A share,long_only,CNY,U,0.001,0.00012,0.0,1,0.0005,0.1,8807.336363945047,0,10391757.068,10400564.404363945,57865.123974683396,0,0
0,2017-06-14,A share,long_only,CNY,U,0.001,0.00012,0.0,1,0.0005,0.1,8808.007191027633,0,10408135.632,10416943.639191028,57865.123974683396,0,0
0,2017-06-15,A share,long_only,CNY,U,0.001,0.00012,0.0,1,0.0005,0.1,8808.678069205005,0,10356282.8,10365091.478069205,57865.123974683396,0,0
0,2017-06-16,A share,long_only,CNY,U,0.001,0.00012,0.0,1,0.0005,0.1,8809.348998481057,0,10345367.848000001,10354177.196998483,57865.123974683396,0,0
0,2017-06-19,A share,long_only,CNY,U,0.001,0.00012,0.0,1,0.0005,0.1,8810.019978859678,0,10381315.5,10390125.51997886,57865.123974683396,0,0
0,2017-06-20,A share,long_only,CNY,U,0.001,0.00012,0.0,1,0.0005,0.1,216.25238101887163,0,10424491.904000001,10424708.15638102,69323.90804253283,0,0
0,2017-06-21,A share,long_only,CNY,U,0.001,0.00012,0.0,1,0.0005,0.1,216.26885228190352,0,10416880.808,10417097.076852283,69323.90804253283,0,0
0,2017-06-22,A share,long_only,CNY,U,0.001,0.00012,0.0,1,0.0005,0.1,216.28532479949968,0,10418244.528,10418460.8133248,69323.90804253283,0,0
0,2017-06-23,A share,long_only,CNY,U,0.001,0.00012,0.0,1,0.0005,0.1,216.30179857175563,0,10425250.644,10425466.94579857,69323.90804253283,0,0
0,2017-06-26,A share,long_only,CNY,U,0.001,0.00012,0.0,1,0.0005,0.1,216.31827359876695,0,10457540.652,10457756.970273599,69323.90804253283,0,0
0,2017-06-27,A share,long_only,CNY,U,0.001,0.00012,0.0,1,0.0005,0.1,216.3347498806292,0,10476029.44,10476245.77474988,69323.90804253283,0,0
0,2017-06-28,A share,long_only,CNY,U,0.001,0.00012,0.0,1,0.0005,0.1,216.351227417438,0,10452473.68,10452690.031227417,69323.90804253283,0,0
0,2017-06-29,A share,long_only,CNY,U,0.001,0.00012,0.0,1,0.0005,0.1,216.36770620928888,0,10448658.204,10448874.57170621,69323.90804253283,0,0
0,2017-06-30,A share,long_only,CNY,U,0.001,0.00012,0.0,1,0.0005,0.1,216.38418625627747,0,10441936.0,10442152.384186257,69323.90804253283,0,0
0,2017-07-03,A share,long_only,CNY,U,0.001,0.00012,0.0,1,0.0005,0.1,216.40066755849935,0,10448693.836,10448910.236667559,69323.90804253283,0,0
0,2017-07-04,A share,long_only,CNY,U,0.001,0.00012,0.0,1,0.0005,0.1,216.41715011605012,0,10447000.083999999,10447216.501150114,69323.90804253283,0,0
0,2017-07-05,A share,long_only,CNY,U,0.001,0.00012,0.0,1,0.0005,0.1,3496.4295472982167,0,10482566.18,10486062.609547298,69627.3619370988,0,0
0,2017-07-06,A share,long_only,CNY,U,0.001,0.00012,0.0,1,0.0005,0.1,3496.695859328978,0,10566639.219999999,10570135.915859329,69627.3619370988,0,0
0,2017-07-07,A share,long_only,CNY,U,0.001,0.00012,0.0,1,0.0005,0.1,3496.9621916438878,0,10620331.432,10623828.394191643,69627.3619370988,0,0
0,2017-07-10,A share,long_only,CNY,U,0.001,0.00012,0.0,1,0.0005,0.1,3497.228544244492,0,10569985.628,10573482.856544245,69627.3619370988,0,0
0,2017-07-11,A share,long_only,CNY,U,0.001,0.00012,0.0,1,0.0005,0.1,3497.4949171323346,0,10529445.388,10532942.882917132,69627.3619370988,0,0
0,2017-07-12,A share,long_only,CNY,U,0.001,0.00012,0.0,1,0.0005,0.1,3497.761310308962,0,10517591.46,10521089.22131031,69627.3619370988,0,0
0,2017-07-13,A share,long_only,CNY,U,0.001,0.00012,0.0,1,0.0005,0.1,3498.0277237759187,0,10608084.916000001,10611582.943723777,69627.3619370988,0,0
0,2017-07-14,A share,long_only,CNY,U,0.001,0.00012,0.0,1,0.0005,0.1,3498.2941575347504,0,10592934.600000001,10596432.894157536,69627.3619370988,0,0
0,2017-07-17,A share,long_only,CNY,U,0.001,0.00012,0.0,1,0.0005,0.1,3498.5606115870028,0,10576892.02,10580390.580611587,69627.3619370988,0,0
0,2017-07-18,A share,long_only,CNY,U,0.001,0.00012,0.0,1,0.0005,0.1,3498.8270859342215,0,10687124.724000001,10690623.551085936,69627.3619370988,0,0
0,2017-07-19,A share,long_only,CNY,U,0.001,0.00012,0.0,1,0.0005,0.1,3499.0935805779523,0,10766849.940000001,10770349.033580579,69627.3619370988,0,0
0,2017-07-20,A share,long_only,CNY,U,0.001,0.00012,0.0,1,0.0005,0.1,8402.092234870941,0,10748039.252,10756441.34423487,75906.0031949788,0,0
0,2017-07-21,A share,long_only,CNY,U,0.001,0.00012,0.0,1,0.0005,0.1,8402.73219578405,0,10756751.787999999,10765154.520195782,75906.0031949788,0,0
0,2017-07-24,A share,long_only,CNY,U,0.001,0.00012,0.0,1,0.0005,0.1,8403.372205440968,0,10792999.34,10801402.712205442,75906.0031949788,0,0
0,2017-07-25,A share,long_only,CNY,U,0.001,0.00012,0.0,1,0.0005,0.1,8404.012263845407,0,10699868.892,10708272.904263847,75906.0031949788,0,0
0,2017-07-26,A share,long_only,CNY,U,0.001,0.00012,0.0,1,0.0005,0.1,8404.652371001079,0,10744489.152,10752893.804371001,75906.0031949788,0,0
0,2017-07-27,A share,long_only,CNY,U,0.001,0.00012,0.0,1,0.0005,0.1,8405.292526911697,0,10696601.004,10705006.296526913,75906.0031949788,0,0
0,2017-07-28,A share,long_only,CNY,U,0.001,0.00012,0.0,1,0.0005,0.1,8405.932731580975,0,10731109.796,10739515.728731582,75906.0031949788,0,0
0,2017-07-31,A share,long_only,CNY,U,0.001,0.00012,0.0,1,0.0005,0.1,8406.572985012628,0,10779949.660000002,10788356.232985014,75906.0031949788,0,0
0,2017-08-01,A share,long_only,CNY,U,0.001,0.00012,0.0,1,0.0005,0.1,8407.213287210368,0,10750614.532000002,10759021.745287212,75906.0031949788,0,0
0,2017-08-02,A share,long_only,CNY,U,0.001,0.00012,0.0,1,0.0005,0.1,8407.853638177912,0,10787462.452,10795870.305638177,75906.0031949788,0,0
0,2017-08-03,A share,long_only,CNY,U,0.001,0.00012,0.0,1,0.0005,0.1,8408.494037918972,0,10803664.200000001,10812072.69403792,75906.0031949788,0,0
0,2017-08-04,A share,long_only,CNY,U,0.001,0.00012,0.0,1,0.0005,0.1,18228.913431575613,0,10800543.52,10818772.433431575,87958.2721345225,0,0
0,2017-08-07,A share,long_only,CNY,U,0.001,0.00012,0.0,1,0.0005,0.1,18230.30187052136,0,10811491.32,10829721.621870521,87958.2721345225,0,0
0,2017-08-08,A share,long_only,CNY,U,0.001,0.00012,0.0,1,0.0005,0.1,18231.69041522013,0,10808544.86,10826776.55041522,87958.2721345225,0,0
0,2017-08-09,A share,long_only,CNY,U,0.001,0.00012,0.0,1,0.0005,0.1,18233.07906567998,0,10785804.664,10804037.743065681,87958.2721345225,0,0
0,2017-08-10,A share,long_only,CNY,U,0.001,0.00012,0.0,1,0.0005,0.1,18234.467821908962,0,10789384.812,10807619.27982191,87958.2721345225,0,0
0,2017-08-11,A share,long_only,CNY,U,0.001,0.00012,0.0,1,0.0005,0.1,18235.856683915135,0,10746588.799999999,10764824.656683914,87958.2721345225,0,0
0,2017-08-14,A share,long_only,CNY,U,0.001,0.00012,0.0,1,0.0005,0.1,18237.245651706555,0,10766950.616,10785187.861651707,87958.2721345225,0,0
0,2017-08-15,A share,long_only,CNY,U,0.001,0.00012,0.0,1,0.0005,0.1,18238.63472529128,0,10795869.68,10814108.314725291,87958.2721345225,0,0
0,2017-08-16,A share,long_only,CNY,U,0.001,0.00012,0.0,1,0.0005,0.1,18240.023904677364,0,10767561.192,10785801.215904677,87958.2721345225,0,0
0,2017-08-17,A share,long_only,CNY,U,0.001,0.00012,0.0,1,0.0005,0.1,18241.41318987287,0,10788163.52,10806404.933189873,87958.2721345225,0,0
0,2017-08-18,A share,long_only,CNY,U,0.001,0.00012,0.0,1,0.0005,0.1,18242.802580885855,0,10754863.836,10773106.638580885,87958.2721345225,0,0
0,2017-08-21,A share,long_only,CNY,U,0.001,0.00012,0.0,1,0.0005,0.1,3332.4618915519095,0,10747840.579999998,10751173.04189155,93850.6666276564,0,0
0,2017-08-22,A share,long_only,CNY,U,0.001,0.00012,0.0,1,0.0005,0.1,3332.715714682554,0,10725440.08,10728772.795714682,93850.6666276564,0,0
0,2017-08-23,A share,long_only,CNY,U,0.001,0.00012,0.0,1,0.0005,0.1,3332.969557146107,0,10728708.96,10732041.929557147,93850.6666276564,0,0
0,2017-08-24,A share,long_only,CNY,U,0.001,0.00012,0.0,1,0.0005,0.1,3333.2234189440414,0,10737994.58,10741327.803418944,93850.6666276564,0,0
0,2017-08-25,A share,long_only,CNY,U,0.001,0.00012,0.0,1,0.0005,0.1,3333.47730007783,0,10739224.76,10742558.237300077,93850.6666276564,0,0
0,2017-08-28,A share,long_only,CNY,U,0.001,0.00012,0.0,1,0.0005,0.1,3333.7312005489453,0,10755583.671999998,10758917.403200548,93850.6666276564,0,0
0,2017-08-29,A share,long_only,CNY,U,0.001,0.00012,0.0,1,0.0005,0.1,3333.98512035886,0,10748090.120000001,10751424.105120359,93850.6666276564,0,0
0,2017-08-30,A share,long_only,CNY,U,0.001,0.00012,0.0,1,0.0005,0.1,3334.2390595090474,0,10733072.52,10736406.75905951,93850.6666276564,0,0
0,2017-08-31,A share,long_only,CNY,U,0.001,0.00012,0.0,1,0.0005,0.1,3334.49301800098,0,10757435.84,10760770.333018001,93850.6666276564,0,0
0,2017-09-01,A share,long_only,CNY,U,0.001,0.00012,0.0,1,0.0005,0.1,3334.7469958361316,0,10863467.36,10866802.106995836,93850.6666276564,0,0
0,2017-09-04,A share,long_only,CNY,U,0.001,0.00012,0.0,1,0.0005,0.1,3335.0009930159754,0,10876564.68,10879899.680993015,93850.6666276564,0,0
0,2017-09-05,A share,long_only,CNY,U,0.001,0.00012,0.0,1,0.0005,0.1,14517.40862535084,0,10846560.4,10861077.808625352,99876.36465641594,0,0
0,2017-09-06,A share,long_only,CNY,U,0.001,0.00012,0.0,1,0.0005,0.1,14518.514370660478,0,10856017.612,10870536.126370661,99876.36465641594,0,0
0,2017-09-07,A share,long_only,CNY,U,0.001,0.00012,0.0,1,0.0005,0.1,14519.620200191255,0,10834504.7,10849024.32020019,99876.36465641594,0,0
0,2017-09-08,A share,long_only,CNY,U,0.001,0.00012,0.0,1,0.0005,0.1,14520.726113949586,0,10838696.416,10853217.142113948,99876.36465641594,0,0
0,2017-09-11,A share,long_only,CNY,U,0.001,0.00012,0.0,1,0.0005,0.1,14521.832111941887,0,10848995.144000001,10863516.976111943,99876.36465641594,0,0
0,2017-09-12,A share,long_only,CNY,U,0.001,0.00012,0.0,1,0.0005,0.1,14522.938194174572,0,10871976.968,10886499.906194175,99876.36465641594,0,0
0,2017-09-13,A share,long_only,CNY,U,0.001,0.00012,0.0,1,0.0005,0.1,14524.04436065406,0,10887539.112,10902063.156360654,99876.36465641594,0,0
0,2017-09-14,A share,long_only,CNY,U,0.001,0.00012,0.0,1,0.0005,0.1,14525.150611386764,0,10879160.532,10893685.682611387,99876.36465641594,0,0
0,2017-09-15,A share,long_only,CNY,U,0.001,0.00012,0.0,1,0.0005,0.1,14526.256946379104,0,10860715.456,10875241.71294638,99876.36465641594,0,0
0,2017-09-18,A share,long_only,CNY,U,0.001,0.00012,0.0,1,0.0005,0.1,14527.363365637499,0,10844533.595,10859060.958365638,99876.36465641594,0,0
0,2017-09-19,A share,long_only,CNY,U,0.001,0.00012,0.0,1,0.0005,0.1,14528.469869168364,0,10815313.083,10829841.552869169,99876.36465641594,0,0
0,2017-09-20,A share,long_only,CNY,U,0.001,0.00012,0.0,1,0.0005,0.1,19642.428576980703,0,10816494.231,10836136.65957698,111726.501936603,0,0
0,2017-09-21,A share,long_only,CNY,U,0.001,0.00012,0.0,1,0.0005,0.1,19643.924678924886,0,10813812.386999998,10833456.311678924,111726.501936603,0,0
0,2017-09-22,A share,long_only,CNY,U,0.001,0.00012,0.0,1,0.0005,0.1,19645.420894822444,0,10821379.204,10841024.624894822,111726.501936603,0,0
0,2017-09-25,A share,long_only,CNY,U,0.001,0.00012,0.0,1,0.0005,0.1,19646.917224682056,0,10820158.879999999,10839805.797224682,111726.501936603,0,0
0,2017-09-26,A share,long_only,CNY,U,0.001,0.00012,0.0,1,0.0005,0.1,19648.413668512403,0,10774648.945,10794297.358668514,111726.501936603,0,0
0,2017-09-27,A share,long_only,CNY,U,0.001,0.00012,0.0,1,0.0005,0.1,19649.910226322165,0,10800307.735,10819957.645226322,111726.501936603,0,0
0,2017-09-28,A share,long_only,CNY,U,0.001,0.00012,0.0,1,0.0005,0.1,19651.406898120025,0,10837901.63,10857553.036898121,111726.501936603,0,0
0,2017-09-29,A share,long_only,CNY,U,0.001,0.00012,0.0,1,0.0005,0.1,19652.903683914665,0,10878542.549999999,10898195.453683913,111726.501936603,0,0
0,2017-10-02,A share,long_only,CNY,U,0.001,0.00012,0.0,1,0.0005,0.1,19654.400583714767,0,10878542.549999999,10898196.950583713,111726.501936603,0,0
0,2017-10-03,A share,long_only,CNY,U,0.001,0.00012,0.0,1,0.0005,0.1,19655.897597529012,0,10878542.549999999,10898198.447597528,111726.501936603,0,0
0,2017-10-04,A share,long_only,CNY,U,0.001,0.00012,0.0,1,0.0005,0.1,19657.394725366088,0,10878542.549999999,10898199.944725364,111726.501936603,0,0
0,2017-10-05,A share,long_only,CNY,U,0.001,0.00012,0.0,1,0.0005,0.1,19658.89196723468,0,10878542.549999999,10898201.441967234,111726.501936603,0,0
0,2017-10-06,A share,long_only,CNY,U,0.001,0.00012,0.0,1,0.0005,0.1,19660.389323143467,0,10878542.549999999,10898202.939323142,111726.501936603,0,0
0,2017-10-09,A share,long_only,CNY,U,0.001,0.00012,0.0,1,0.0005,0.1,19661.88679310114,0,10950055.432,10969717.318793101,111726.501936603,0,0
0,2017-10-10,A share,long_only,CNY,U,0.001,0.00012,0.0,1,0.0005,0.1,19663.384377116385,0,10959049.83,10978713.214377116,111726.501936603,0,0
0,2017-10-11,A share,long_only,CNY,U,0.001,0.00012,0.0,1,0.0005,0.1,19664.88207519789,0,10982865.975,11002530.857075198,111726.501936603,0,0
0,2017-10-12,A share,long_only,CNY,U,0.001,0.00012,0.0,1,0.0005,0.1,9848.86951787897,0,11007611.328000002,11017460.197517881,111877.26459417299,0,0
0,2017-10-13,A share,long_only,CNY,U,0.001,0.00012,0.0,1,0.0005,0.1,9849.619675262817,0,10988372.68,10998222.299675262,111877.26459417299,0,0
0,2017-10-16,A share,long_only,CNY,U,0.001,0.00012,0.0,1,0.0005,0.1,9850.36988978379,0,11000447.209999999,11010297.579889784,111877.26459417299,0,0
0,2017-10-17,A share,long_only,CNY,U,0.001,0.00012,0.0,1,0.0005,0.1,9851.12016144624,0,11024858.348,11034709.468161445,111877.26459417299,0,0
0,2017-10-18,A share,long_only,CNY,U,0.001,0.00012,0.0,1,0.0005,0.1,9851.870490254523,0,11004620.399999999,11014472.270490253,111877.26459417299,0,0
0,2017-10-19,A share,long_only,CNY,U,0.001,0.00012,0.0,1,0.0005,0.1,9852.620876212988,0,11023213.75,11033066.370876214,111877.26459417299,0,0
0,2017-10-20,A share,long_only,CNY,U,0.001,0.00012,0.0,1,0.0005,0.1,9853.37131932599,0,11033903.865,11043757.236319326,111877.26459417299,0,0
0,2017-10-23,A share,long_only,CNY,U,0.001,0.00012,0.0,1,0.0005,0.1,9854.12181959788,0,11044410.383,11054264.504819598,111877.26459417299,0,0
0,2017-10-24,A share,long_only,CNY,U,0.001,0.00012,0.0,1,0.0005,0.1,9854.872377033013,0,11019677.93,11029532.802377032,111877.26459417299,0,0
0,2017-10-25,A share,long_only,CNY,U,0.001,0.00012,0.0,1,0.0005,0.1,9855.622991635742,0,11030525.443,11040381.065991636,111877.26459417299,0,0
0,2017-10-26,A share,long_only,CNY,U,0.001,0.00012,0.0,1,0.0005,0.1,9856.373663410424,0,11013855.756000001,11023712.129663412,111877.26459417299,0,0
0,2017-10-27,A share,long_only,CNY,U,0.001,0.00012,0.0,1,0.0005,0.1,12415.992115649928,0,11052889.215000002,11065305.207115652,111966.79175693898,0,0
0,2017-10-30,A share,long_only,CNY,U,0.001,0.00012,0.0,1,0.0005,0.1,12416.93780267994,0,11106858.476,11119275.41380268,111966.79175693898,0,0
0,2017-10-31,A share,long_only,CNY,U,0.001,0.00012,0.0,1,0.0005,0.1,12417.883561739956,0,11111111.77,11123529.65356174,111966.79175693898,0,0
0,2017-11-01,A share,long_only,CNY,U,0.001,0.00012,0.0,1,0.0005,0.1,12418.829392835463,0,11128539.647,11140958.476392835,111966.79175693898,0,0
0,2017-11-02,A share,long_only,CNY,U,0.001,0.00012,0.0,1,0.0005,0.1,12419.775295971947,0,11143089.653,11155509.428295974,111966.79175693898,0,0
0,2017-11-03,A share,long_only,CNY,U,0.001,0.00012,0.0,1,0.0005,0.1,12420.721271154895,0,11161961.63,11174382.351271156,111966.79175693898,0,0
0,2017-11-06,A share,long_only,CNY,U,0.001,0.00012,0.0,1,0.0005,0.1,12421.667318389793,0,11189027.589000002,11201449.256318392,111966.79175693898,0,0
0,2017-11-07,A share,long_only,CNY,U,0.001,0.00012,0.0,1,0.0005,0.1,12422.61343768213,0,11172727.014,11185149.627437683,111966.79175693898,0,0
0,2017-11-08,A share,long_only,CNY,U,0.001,0.00012,0.0,1,0.0005,0.1,12423.559629037396,0,11157874.653,11170298.212629039,111966.79175693898,0,0
0,2017-11-09,A share,long_only,CNY,U,0.001,0.00012,0.0,1,0.0005,0.1,12424.505892461078,0,11174346.52,11186771.02589246,111966.79175693898,0,0
0,2017-11-10,A share,long_only,CNY,U,0.001,0.00012,0.0,1,0.0005,0.1,12425.452227958667,0,11139284.685,11151710.13722796,111966.79175693898,0,0
0,2017-11-13,A share,long_only,CNY,U,0.001,0.00012,0.0,1,0.0005,0.1,12070.071641301356,0,11145151.013,11157221.084641302,112149.79161293499,0,0
0,2017-11-14,A share,long_only,CNY,U,0.001,0.00012,0.0,1,0.0005,0.1,12070.990980657903,0,11116433.529000001,11128504.51998066,112149.79161293499,0,0
0,2017-11-15,A share,long_only,CNY,U,0.001,0.00012,0.0,1,0.0005,0.1,12071.910390037636,0,11057274.72,11069346.630390039,112149.79161293499,0,0
0,2017-11-16,A share,long_only,CNY,U,0.001,0.00012,0.0,1,0.0005,0.1,12072.829869445886,0,11055743.263999999,11067816.093869444,112149.79161293499,0,0
0,2017-11-17,A share,long_only,CNY,U,0.001,0.00012,0.0,1,0.0005,0.1,12073.749418887988,0,11124364.164,11136437.913418889,112149.79161293499,0,0
0,2017-11-20,A share,long_only,CNY,U,0.001,0.00012,0.0,1,0.0005,0.1,12074.669038369277,0,11084843.870000001,11096918.53903837,112149.79161293499,0,0
0,2017-11-21,A share,long_only,CNY,U,0.001,0.00012,0.0,1,0.0005,0.1,12075.588727895085,0,11105814.083000002,11117889.671727898,112149.79161293499,0,0
0,2017-11-22,A share,long_only,CNY,U,0.001,0.00012,0.0,1,0.0005,0.1,12076.508487470748,0,11137092.836000001,11149169.344487472,112149.79161293499,0,0
0,2017-11-23,A share,long_only,CNY,U,0.001,0.00012,0.0,1,0.0005,0.1,12077.428317101603,0,11095291.989999998,11107369.4183171,112149.79161293499,0,0
0,2017-11-24,A share,long_only,CNY,U,0.001,0.00012,0.0,1,0.0005,0.1,12078.348216792985,0,11122427.340999998,11134505.68921679,112149.79161293499,0,0
0,2017-11-27,A share,long_only,CNY,U,0.001,0.00012,0.0,1,0.0005,0.1,12079.26818655023,0,11163824.45,11175903.71818655,112149.79161293499,0,0
0,2017-11-28,A share,long_only,CNY,U,0.001,0.00012,0.0,1,0.0005,0.1,10999.69302500657,0,11173230.427,11184230.120025005,118277.10452265665,0,0
0,2017-11-29,A share,long_only,CNY,U,0.001,0.00012,0.0,1,0.0005,0.1,11000.530836993803,0,11219191.580000002,11230192.110836996,118277.10452265665,0,0
0,2017-11-30,A share,long_only,CNY,U,0.001,0.00012,0.0,1,0.0005,0.1,11001.368712794536,0,11181108.6,11192109.968712794,118277.10452265665,0,0
0,2017-12-01,A share,long_only,CNY,U,0.001,0.00012,0.0,1,0.0005,0.1,11002.206652413632,0,11231480.153,11242482.359652415,118277.10452265665,0,0
0,2017-12-04,A share,long_only,CNY,U,0.001,0.00012,0.0,1,0.0005,0.1,11003.044655855949,0,11316447.040000001,11327450.084655857,118277.10452265665,0,0
0,2017-12-05,A share,long_only,CNY,U,0.001,0.00012,0.0,1,0.0005,0.1,11003.882723126351,0,11217185.3,11228189.182723127,118277.10452265665,0,0
0,2017-12-06,A share,long_only,CNY,U,0.001,0.00012,0.0,1,0.0005,0.1,11004.7208542297,0,11139202.806,11150207.52685423,118277.10452265665,0,0
0,2017-12-07,A share,long_only,CNY,U,0.001,0.00012,0.0,1,0.0005,0.1,11005.559049170854,0,11153423.25,11164428.80904917,118277.10452265665,0,0
0,2017-12-08,A share,long_only,CNY,U,0.001,0.00012,0.0,1,0.0005,0.1,11006.397307954678,0,11185677.74,11196684.137307955,118277.10452265665,0,0
0,2017-12-11,A share,long_only,CNY,U,0.001,0.00012,0.0,1,0.0005,0.1,11007.235630586034,0,11209143.478999998,11220150.714630585,118277.10452265665,0,0
0,2017-12-12,A share,long_only,CNY,U,0.001,0.00012,0.0,1,0.0005,0.1,11008.074017069786,0,11226777.85,11237785.92401707,118277.10452265665,0,0
0,2017-12-13,A share,long_only,CNY,U,0.001,0.00012,0.0,1,0.0005,0.1,4407.81963787126,0,11224563.453,11228971.27263787,124449.99460603054,0,0
0,2017-12-14,A share,long_only,CNY,U,0.001,0.00012,0.0,1,0.0005,0.1,4408.155367615878,0,11230743.399999999,11235151.555367615,124449.99460603054,0,0
0,2017-12-15,A share,long_only,CNY,U,0.001,0.00012,0.0,1,0.0005,0.1,4408.491122931974,0,11178379.4,11182787.891122932,124449.99460603054,0,0
0,2017-12-18,A share,long_only,CNY,U,0.001,0.00012,0.0,1,0.0005,0.1,4408.826903821496,0,11251098.149999999,11255506.97690382,124449.99460603054,0,0
0,2017-12-19,A share,long_only,CNY,U,0.001,0.00012,0.0,1,0.0005,0.1,4409.16271028639,0,11302385.57,11306794.732710287,124449.99460603054,0,0
0,2017-12-20,A share,long_only,CNY,U,0.001,0.00012,0.0,1,0.0005,0.1,4409.498542328606,0,11285171.401,11289580.89954233,124449.99460603054,0,0
0,2017-12-21,A share,long_only,CNY,U,0.001,0.00012,0.0,1,0.0005,0.1,4409.834399950091,0,11253844.55,11258254.38439995,124449.99460603054,0,0
0,2017-12-22,A share,long_only,CNY,U,0.001,0.00012,0.0,1,0.0005,0.1,4410.170283152794,0,11278442.427000001,11282852.597283155,124449.99460603054,0,0
0,2017-12-25,A share,long_only,CNY,U,0.001,0.00012,0.0,1,0.0005,0.1,4410.506191938663,0,11252825.46,11257235.96619194,124449.99460603054,0,0
0,2017-12-26,A share,long_only,CNY,U,0.001,0.00012,0.0,1,0.0005,0.1,4410.842126309646,0,11249152.727000002,11253563.569126312,124449.99460603054,0,0
0,2017-12-27,A share,long_only,CNY,U,0.001,0.00012,0.0,1,0.0005,0.1,4411.178086267693,0,11207800.891999999,11212212.070086267,124449.99460603054,0,0
0,2017-12-28,A share,long_only,CNY,U,0.001,0.00012,0.0,1,0.0005,0.1,40.50718358936792,0,11181652.747000001,11181693.25418359,124505.26859377853,0,0
0,2017-12-29,A share,long_only,CNY,U,0.001,0.00012,0.0,1,0.0005,0.1,40.510268894012604,0,11181698.350000001,11181738.860268895,124505.26859377853,0,0
0,2018-01-02,A share,long_only,CNY,U,0.001,0.00012,0.0,1,0.0005,0.1,40.51335443365523,0,11161263.954,11161304.467354434,124505.26859377853,0,0
0,2018-01-03,A share,long_only,CNY,U,0.001,0.00012,0.0,1,0.0005,0.1,40.516440208313696,0,11221914.04,11221954.556440208,124505.26859377853,0,0
0,2018-01-04,A share,long_only,CNY,U,0.001,0.00012,0.0,1,0.0005,0.1,40.51952621800591,0,11256372.877999999,11256413.397526216,124505.26859377853,0,0
0,2018-01-05,A share,long_only,CNY,U,0.001,0.00012,0.0,1,0.0005,0.1,40.522612462749755,0,11255782.587,11255823.109612461,124505.26859377853,0,0
0,2018-01-08,A share,long_only,CNY,U,0.001,0.00012,0.0,1,0.0005,0.1,40.52569894256315,0,11306602.749999998,11306643.275698941,124505.26859377853,0,0
0,2018-01-09,A share,long_only,CNY,U,0.001,0.00012,0.0,1,0.0005,0.1,40.528785657464,0,11313788.26,11313828.788785657,124505.26859377853,0,0
0,2018-01-10,A share,long_only,CNY,U,0.001,0.00012,0.0,1,0.0005,0.1,40.531872607470206,0,11333180.190000001,11333220.72187261,124505.26859377853,0,0
0,2018-01-11,A share,long_only,CNY,U,0.001,0.00012,0.0,1,0.0005,0.1,40.53495979259967,0,11313882.79,11313923.324959792,124505.26859377853,0,0
0,2018-01-12,A share,long_only,CNY,U,0.001,0.00012,0.0,1,0.0005,0.1,40.53804721287031,0,11375227.588,11375268.126047213,124505.26859377853,0,0
0,2018-01-15,A share,long_only,CNY,U,0.001,0.00012,0.0,1,0.0005,0.1,17913.089250137382,0,11346929.303,11364842.392250137,137076.781670554,0,0
0,2018-01-16,A share,long_only,CNY,U,0.001,0.00012,0.0,1,0.0005,0.1,17914.453633749545,0,11389232.297,11407146.75063375,137076.781670554,0,0
0,2018-01-17,A share,long_only,CNY,U,0.001,0.00012,0.0,1,0.0005,0.1,17915.81812128251,0,11343634.96,11361550.778121283,137076.781670554,0,0
0,2018-01-18,A share,long_only,CNY,U,0.001,0.00012,0.0,1,0.0005,0.1,17917.182712744197,0,11328848.86,11346766.042712744,137076.781670554,0,0
0,2018-01-19,A share,long_only,CNY,U,0.001,0.00012,0.0,1,0.0005,0.1,17918.547408142516,0,11316729.083999999,11334647.631408142,137076.781670554,0,0
0,2018-01-22,A share,long_only,CNY,U,0.001,0.00012,0.0,1,0.0005,0.1,17919.912207485388,0,11314017.973,11331937.885207485,137076.781670554,0,0
0,2018-01-23,A share,long_only,CNY,U,0.001,0.00012,0.0,1,0.0005,0.1,17921.277110780728,0,11375387.443,11393308.720110781,137076.781670554,0,0
0,2018-01-24,A share,long_only,CNY,U,0.001,0.00012,0.0,1,0.0005,0.1,17922.642118036456,0,11400712.014999999,11418634.657118035,137076.781670554,0,0
0,2018-01-25,A share,long_only,CNY,U,0.001,0.00012,0.0,1,0.0005,0.1,17924.00722926049,0,11432687.23,11450611.237229262,137076.781670554,0,0
0,2018-01-26,A share,long_only,CNY,U,0.001,0.00012,0.0,1,0.0005,0.1,17925.372444460747,0,11425643.600000001,11443568.972444462,137076.781670554,0,0
0,2018-01-29,A share,long_only,CNY,U,0.001,0.00012,0.0,1,0.0005,0.1,17926.73776364515,0,11456375.2,11474301.937763644,137076.781670554,0,0
0,2018-01-30,A share,long_only,CNY,U,0.001,0.00012,0.0,1,0.0005,0.1,14827.973369465994,0,11419351.684,11434179.657369466,143564.075378766,0,0
0,2018-01-31,A share,long_only,CNY,U,0.001,0.00012,0.0,1,0.0005,0.1,14829.102769514437,0,11390097.07,11404926.172769515,143564.075378766,0,0
0,2018-02-01,A share,long_only,CNY,U,0.001,0.00012,0.0,1,0.0005,0.1,14830.232255585724,0,11389699.086,11404529.318255585,143564.075378766,0,0
0,2018-02-02,A share,long_only,CNY,U,0.001,0.00012,0.0,1,0.0005,0.1,14831.36182768641,0,11361927.557,11376758.918827686,143564.075378766,0,0
0,2018-02-05,A share,long_only,CNY,U,0.001,0.00012,0.0,1,0.0005,0.1,14832.491485823048,0,11213599.749999998,11228432.241485821,143564.075378766,0,0
0,2018-02-06,A share,long_only,CNY,U,0.001,0.00012,0.0,1,0.0005,0.1,14833.621230002189,0,10969872.02,10984705.641230002,143564.075378766,0,0
0,2018-02-07,A share,long_only,CNY,U,0.001,0.00012,0.0,1,0.0005,0.1,14834.751060230386,0,11047807.357,11062642.108060231,143564.075378766,0,0
0,2018-02-08,A share,long_only,CNY,U,0.001,0.00012,0.0,1,0.0005,0.1,14835.880976514196,0,11069190.221,11084026.101976516,143564.075378766,0,0
0,2018-02-09,A share,long_only,CNY,U,0.001,0.00012,0.0,1,0.0005,0.1,14837.010978860171,0,10944664.868999999,10959501.87997886,143564.075378766,0,0
0,2018-02-12,A share,long_only,CNY,U,0.001,0.00012,0.0,1,0.0005,0.1,14838.141067274868,0,11038859.98,11053698.121067276,143564.075378766,0,0
0,2018-02-13,A share,long_only,CNY,U,0.001,0.00012,0.0,1,0.0005,0.1,14839.271241764842,0,11098951.29,11113790.561241765,143564.075378766,0,0
0,2018-02-14,A share,long_only,CNY,U,0.001,0.00012,0.0,1,0.0005,0.1,164.80554439227092,0,11170843.6,11171008.405544393,143995.75362790196,0,0
0,2018-02-15,A share,long_only,CNY,U,0.001,0.00012,0.0,1,0.0005,0.1,164.81809711172775,0,11170843.6,11171008.41809711,143995.75362790196,0,0
0,2018-02-16,A share,long_only,CNY,U,0.001,0.00012,0.0,1,0.0005,0.1,164.8306507872857,0,11170843.6,11171008.430650787,143995.75362790196,0,0
0,2018-02-20,A share,long_only,CNY,U,0.001,0.00012,0.0,1,0.0005,0.1,164.84320541901758,0,11170843.6,11171008.443205418,143995.75362790196,0,0
0,2018-02-21,A share,long_only,CNY,U,0.001,0.00012,0.0,1,0.0005,0.1,164.85576100699623,0,11170843.6,11171008.455761006,143995.75362790196,0,0
0,2018-02-22,A share,long_only,CNY,U,0.001,0.00012,0.0,1,0.0005,0.1,164.8683175512945,0,11203695.72,11203860.588317553,143995.75362790196,0,0
0,2018-02-23,A share,long_only,CNY,U,0.001,0.00012,0.0,1,0.0005,0.1,164.8808750519852,0,11245191.96,11245356.840875054,143995.75362790196,0,0
0,2018-02-26,A share,long_only,CNY,U,0.001,0.00012,0.0,1,0.0005,0.1,164.89343350914123,0,11354398.396,11354563.28943351,143995.75362790196,0,0
0,2018-02-27,A share,long_only,CNY,U,0.001,0.00012,0.0,1,0.0005,0.1,164.9059929228354,0,11395116.046,11395280.951992923,143995.75362790196,0,0
0,2018-02-28,A share,long_only,CNY,U,0.001,0.00012,0.0,1,0.0005,0.1,164.91855329314055,0,11330378.461999997,11330543.38055329,143995.75362790196,0,0
0,2018-03-01,A share,long_only,CNY,U,0.001,0.00012,0.0,1,0.0005,0.1,164.93111462012956,0,11306092.899,11306257.83011462,143995.75362790196,0,0
0,2018-03-02,A share,long_only,CNY,U,0.001,0.00012,0.0,1,0.0005,0.1,164.9436769038753,0,11245639.7,11245804.643676903,143995.75362790196,0,0
0,2018-03-05,A share,long_only,CNY,U,0.001,0.00012,0.0,1,0.0005,0.1,164.95624014445067,0,11273743.1,11273908.056240143,143995.75362790196,0,0
0,2018-03-06,A share,long_only,CNY,U,0.001,0.00012,0.0,1,0.0005,0.1,164.96880434192852,0,11330294.57,11330459.538804343,143995.75362790196,0,0
0,2018-03-07,A share,long_only,CNY,U,0.001,0.00012,0.0,1,0.0005,0.1,164.98136949638172,0,11314472.989999998,11314637.971369496,143995.75362790196,0,0
0,2018-03-08,A share,long_only,CNY,U,0.001,0.00012,0.0,1,0.0005,0.1,74002.31936090803,0,11269579.463,11343581.782360908,144121.65173088995,0,0
0,2018-03-09,A share,long_only,CNY,U,0.001,0.00012,0.0,1,0.0005,0.1,74007.95588459125,0,11288102.274,11362110.229884591,144121.65173088995,0,0
0,2018-03-12,A share,long_only,CNY,U,0.001,0.00012,0.0,1,0.0005,0.1,74013.59283759074,0,11377489.649999999,11451503.24283759,144121.65173088995,0,0
0,2018-03-13,A share,long_only,CNY,U,0.001,0.00012,0.0,1,0.0005,0.1,74019.23021993919,0,11363788.309999999,11437807.540219938,144121.65173088995,0,0
0,2018-03-14,A share,long_only,CNY,U,0.001,0.00012,0.0,1,0.0005,0.1,74024.86803166929,0,11323227.943,11397252.81103167,144121.65173088995,0,0
0,2018-03-15,A share,long_only,CNY,U,0.001,0.00012,0.0,1,0.0005,0.1,74030.50627281377,0,11319342.498999998,11393373.005272811,144121.65173088995,0,0
0,2018-03-16,A share,long_only,CNY,U,0.001,0.00012,0.0,1,0.0005,0.1,74036.14494340532,0,11298879.440000001,11372915.584943406,144121.65173088995,0,0
0,2018-03-19,A share,long_only,CNY,U,0.001,0.00012,0.0,1,0.0005,0.1,74041.78404347665,0,11286079.747000001,11360121.531043477,144121.65173088995,0,0
0,2018-03-20,A share,long_only,CNY,U,0.001,0.00012,0.0,1,0.0005,0.1,74047.4235730605,0,11234621.05,11308668.47357306,144121.65173088995,0,0
0,2018-03-21,A share,long_only,CNY,U,0.001,0.00012,0.0,1,0.0005,0.1,74053.06353218955,0,11244485.796,11318538.85953219,144121.65173088995,0,0
0,2018-03-22,A share,long_only,CNY,U,0.001,0.00012,0.0,1,0.0005,0.1,74058.70392089653,0,11272208.920000002,11346267.623920899,144121.65173088995,0,0
0,2018-03-23,A share,long_only,CNY,U,0.001,0.00012,0.0,1,0.0005,0.1,25099.161715375445,0,11208760.085,11233859.246715376,144253.10551493993,0,0
0,2018-03-26,A share,long_only,CNY,U,0.001,0.00012,0.0,1,0.0005,0.1,25101.073439503274,0,11173497.194999998,11198598.268439502,144253.10551493993,0,0
0,2018-03-27,A share,long_only,CNY,U,0.001,0.00012,0.0,1,0.0005,0.1,25102.98530924111,0,11281178.005,11306280.990309242,144253.10551493993,0,0
0,2018-03-28,A share,long_only,CNY,U,0.001,0.00012,0.0,1,0.0005,0.1,25104.897324600046,0,11144312.299999999,11169417.197324598,144253.10551493993,0,0
0,2018-03-29,A share,long_only,CNY,U,0.001,0.00012,0.0,1,0.0005,0.1,25106.809485591173,0,11110744.105,11135850.914485592,144253.10551493993,0,0
0,2018-03-30,A share,long_only,CNY,U,0.001,0.00012,0.0,1,0.0005,0.1,25108.72179222558,0,11132015.81,11157124.531792225,144253.10551493993,0,0
0,2018-04-02,A share,long_only,CNY,U,0.001,0.00012,0.0,1,0.0005,0.1,25110.634244514364,0,11118620.325,11143730.959244514,144253.10551493993,0,0
0,2018-04-03,A share,long_only,CNY,U,0.001,0.00012,0.0,1,0.0005,0.1,25112.54684246862,0,11051236.52,11076349.066842468,144253.10551493993,0,0
0,2018-04-04,A share,long_only,CNY,U,0.001,0.00012,0.0,1,0.0005,0.1,25114.459586099438,0,11060754.145,11085868.604586098,144253.10551493993,0,0
0,2018-04-05,A share,long_only,CNY,U,0.001,0.00012,0.0,1,0.0005,0.1,25116.372475417917,0,11060754.145,11085870.517475417,144253.10551493993,0,0
0,2018-04-06,A share,long_only,CNY,U,0.001,0.00012,0.0,1,0.0005,0.1,25118.285510435155,0,11060754.145,11085872.430510435,144253.10551493993,0,0
0,2018-04-09,A share,long_only,CNY,U,0.001,0.00012,0.0,1,0.0005,0.1,25120.198691162244,0,11082950.419999998,11108070.61869116,144253.10551493993,0,0
0,2018-04-10,A share,long_only,CNY,U,0.001,0.00012,0.0,1,0.0005,0.1,25122.11201761029,0,11155786.455,11180908.567017611,144253.10551493993,0,0
0,2018-04-11,A share,long_only,CNY,U,0.001,0.00012,0.0,1,0.0005,0.1,1178.065054810916,0,11182009.799999999,11183187.86505481,156464.54220041327,0,0
0,2018-04-12,A share,long_only,CNY,U,0.001,0.00012,0.0,1,0.0005,0.1,1178.1547843172227,0,11182409.135000002,11183587.28978432,156464.54220041327,0,0
0,2018-04-13,A share,long_only,CNY,U,0.001,0.00012,0.0,1,0.0005,0.1,1178.2445206579434,0,11191373.59,11192551.834520658,156464.54220041327,0,0
0,2018-04-16,A share,long_only,CNY,U,0.001,0.00012,0.0,1,0.0005,0.1,1178.3342638335987,0,11169785.425,11170963.759263834,156464.54220041327,0,0
0,2018-04-17,A share,long_only,CNY,U,0.001,0.00012,0.0,1,0.0005,0.1,1178.4240138447092,0,11101033.150000002,11102211.574013848,156464.54220041327,0,0
0,2018-04-18,A share,long_only,CNY,U,0.001,0.00012,0.0,1,0.0005,0.1,1178.5137706917953,0,11164324.6,11165503.113770692,156464.54220041327,0,0
0,2018-04-19,A share,long_only,CNY,U,0.001,0.00012,0.0,1,0.0005,0.1,1178.603534375378,0,11224279.435,11225458.038534377,156464.54220041327,0,0
0,2018-04-20,A share,long_only,CNY,U,0.001,0.00012,0.0,1,0.0005,0.1,1178.693304895978,0,11169677.030000001,11170855.723304898,156464.54220041327,0,0
0,2018-04-23,A share,long_only,CNY,U,0.001,0.00012,0.0,1,0.0005,0.1,1178.7830822541157,0,11114340.495000001,11115519.278082255,156464.54220041327,0,0
0,2018-04-24,A share,long_only,CNY,U,0.001,0.00012,0.0,1,0.0005,0.1,1178.8728664503121,0,11156238.489999998,11157417.362866448,156464.54220041327,0,0
0,2018-04-25,A share,long_only,CNY,U,0.001,0.00012,0.0,1,0.0005,0.1,1178.9626574850881,0,11105654.91,11106833.872657485,156464.54220041327,0,0
0,2018-04-26,A share,long_only,CNY,U,0.001,0.00012,0.0,1,0.0005,0.1,9810.699415959274,0,11034911.705,11044722.40441596,162486.4526351151,0,0
0,2018-04-27,A share,long_only,CNY,U,0.001,0.00012,0.0,1,0.0005,0.1,9811.44666604663,0,11083982.399999999,11093793.846666045,162486.4526351151,0,0
0,2018-04-30,A share,long_only,CNY,U,0.001,0.00012,0.0,1,0.0005,0.1,9812.193973049672,0,11083982.399999999,11093794.593973048,162486.4526351151,0,0
0,2018-05-01,A share,long_only,CNY,U,0.001,0.00012,0.0,1,0.0005,0.1,9812.941336972735,0,11083982.399999999,11093795.341336971,162486.4526351151,0,0
0,2018-05-02,A share,long_only,CNY,U,0.001,0.00012,0.0,1,0.0005,0.1,9813.688757820157,0,11073589.995000001,11083403.683757821,162486.4526351151,0,0
0,2018-05-03,A share,long_only,CNY,U,0.001,0.00012,0.0,1,0.0005,0.1,9814.436235596271,0,11084925.21,11094739.646235596,162486.4526351151,0,0
0,2018-05-04,A share,long_only,CNY,U,0.001,0.00012,0.0,1,0.0005,0.1,9815.183770305413,0,11085218.225,11095033.408770304,162486.4526351151,0,0
0,2018-05-07,A share,long_only,CNY,U,0.001,0.00012,0.0,1,0.0005,0.1,9815.931361951922,0,11125448.0,11135263.931361953,162486.4526351151,0,0
0,2018-05-08,A share,long_only,CNY,U,0.001,0.00012,0.0,1,0.0005,0.1,9816.679010540132,0,11128373.405,11138190.08401054,162486.4526351151,0,0
0,2018-05-09,A share,long_only,CNY,U,0.001,0.00012,0.0,1,0.0005,0.1,9817.426716074382,0,11113284.350000001,11123101.776716076,162486.4526351151,0,0
0,2018-05-10,A share,long_only,CNY,U,0.001,0.00012,0.0,1,0.0005,0.1,9818.174478559007,0,11143369.11,11153187.284478558,162486.4526351151,0,0
0,2018-05-11,A share,long_only,CNY,U,0.001,0.00012,0.0,1,0.0005,0.1,9818.922297998348,0,11157906.8,11167725.722298,162486.4526351151,0,0
0,2018-05-14,A share,long_only,CNY,U,0.001,0.00012,0.0,1,0.0005,0.1,9819.67017439674,0,11169730.6,11179550.270174397,162486.4526351151,0,0
0,2018-05-15,A share,long_only,CNY,U,0.001,0.00012,0.0,1,0.0005,0.1,14289.877013485107,0,11119366.415,11133656.292013485,168774.33412807476,0,0
0,2018-05-16,A share,long_only,CNY,U,0.001,0.00012,0.0,1,0.0005,0.1,14290.965428428211,0,11064215.105,11078506.07042843,168774.33412807476,0,0
0,2018-05-17,A share,long_only,CNY,U,0.001,0.00012,0.0,1,0.0005,0.1,14292.053926272454,0,11074855.6,11089147.653926272,168774.33412807476,0,0
0,2018-05-18,A share,long_only,CNY,U,0.001,0.00012,0.0,1,0.0005,0.1,14293.142507024151,0,11075222.525,11089515.667507024,168774.33412807476,0,0
0,2018-05-21,A share,long_only,CNY,U,0.001,0.00012,0.0,1,0.0005,0.1,14294.231170689616,0,11126155.599999998,11140449.831170687,168774.33412807476,0,0
0,2018-05-22,A share,long_only,CNY,U,0.001,0.00012,0.0,1,0.0005,0.1,14295.319917275167,0,11120474.145,11134769.464917274,168774.33412807476,0,0
0,2018-05-23,A share,long_only,CNY,U,0.001,0.00012,0.0,1,0.0005,0.1,14296.408746787116,0,11097853.020000001,11112149.428746788,168774.33412807476,0,0
0,2018-05-24,A share,long_only,CNY,U,0.001,0.00012,0.0,1,0.0005,0.1,14297.497659231782,0,11151666.2,11165963.697659232,168774.33412807476,0,0
0,2018-05-25,A share,long_only,CNY,U,0.001,0.00012,0.0,1,0.0005,0.1,14298.58665461548,0,11175676.15,11189974.736654615,168774.33412807476,0,0
0,2018-05-28,A share,long_only,CNY,U,0.001,0.00012,0.0,1,0.0005,0.1,14299.675732944526,0,11180386.049999999,11194685.725732943,168774.33412807476,0,0
0,2018-05-29,A share,long_only,CNY,U,0.001,0.00012,0.0,1,0.0005,0.1,14300.764894225242,0,11167367.05,11181667.814894225,168774.33412807476,0,0
0,2018-05-30,A share,long_only,CNY,U,0.001,0.00012,0.0,1,0.0005,0.1,15397.41117960334,0,11125484.385,11140881.796179604,168783.56052571075,0,0
0,2018-05-31,A share,long_only,CNY,U,0.001,0.00012,0.0,1,0.0005,0.1,15398.583951937011,0,11179533.73,11194932.313951937,168783.56052571075,0,0
0,2018-06-01,A share,long_only,CNY,U,0.001,0.00012,0.0,1,0.0005,0.1,15399.75681359706,0,11157285.305,11172685.061813597,168783.56052571075,0,0
0,2018-06-04,A share,long_only,CNY,U,0.001,0.00012,0.0,1,0.0005,0.1,15400.929764590288,0,11216385.459999999,11231786.38976459,168783.56052571075,0,0
0,2018-06-05,A share,long_only,CNY,U,0.001,0.00012,0.0,1,0.0005,0.1,15402.102804923501,0,11256959.115,11272361.217804924,168783.56052571075,0,0
0,2018-06-06,A share,long_only,CNY,U,0.001,0.00012,0.0,1,0.0005,0.1,15403.275934603504,0,11262579.295,11277982.570934603,168783.56052571075,0,0
0,2018-06-07,A share,long_only,CNY,U,0.001,0.00012,0.0,1,0.0005,0.1,15404.4491536371,0,11285464.52,11300868.969153637,168783.56052571075,0,0
0,2018-06-08,A share,long_only,CNY,U,0.001,0.00012,0.0,1,0.0005,0.1,15405.622462031097,0,11247003.715,11262409.33746203,168783.56052571075,0,0
0,2018-06-11,A share,long_only,CNY,U,0.001,0.00012,0.0,1,0.0005,0.1,15406.795859792299,0,11300923.695,11316330.490859793,168783.56052571075,0,0
0,2018-06-12,A share,long_only,CNY,U,0.001,0.00012,0.0,1,0.0005,0.1,15407.969346927515,0,11317140.8,11332548.769346928,168783.56052571075,0,0
0,2018-06-13,A share,long_only,CNY,U,0.001,0.00012,0.0,1,0.0005,0.1,15409.142923443553,0,11334747.39,11350156.532923443,168783.56052571075,0,0
0,2018-06-14,A share,long_only,CNY,U,0.001,0.00012,0.0,1,0.0005,0.1,6505.1934491479315,0,11321970.7,11328475.893449146,169135.80544237475,0,0
0,2018-06-15,A share,long_only,CNY,U,0.001,0.00012,0.0,1,0.0005,0.1,6505.688929252564,0,11375951.35,11382457.038929252,169135.80544237475,0,0
0,2018-06-18,A share,long_only,CNY,U,0.001,0.00012,0.0,1,0.0005,0.1,6506.184447096356,0,11375951.35,11382457.534447096,169135.80544237475,0,0
0,2018-06-19,A share,long_only,CNY,U,0.001,0.00012,0.0,1,0.0005,0.1,6506.680002682183,0,11275285.624999998,11281792.30500268,169135.80544237475,0,0
0,2018-06-20,A share,long_only,CNY,U,0.001,0.00012,0.0,1,0.0005,0.1,6507.1755960129185,0,11300121.435,11306628.610596014,169135.80544237475,0,0
0,2018-06-21,A share,long_only,CNY,U,0.001,0.00012,0.0,1,0.0005,0.1,6507.671227091438,0,11361326.5,11367834.171227092,169135.80544237475,0,0
0,2018-06-22,A share,long_only,CNY,U,0.001,0.00012,0.0,1,0.0005,0.1,6508.166895920615,0,11345138.545,11351646.71189592,169135.80544237475,0,0
0,2018-06-25,A share,long_only,CNY,U,0.001,0.00012,0.0,1,0.0005,0.1,6508.662602503327,0,11353256.86,11359765.522602502,169135.80544237475,0,0
0,2018-06-26,A share,long_only,CNY,U,0.001,0.00012,0.0,1,0.0005,0.1,6509.15834684245,0,11295391.282000002,11301900.440346844,169135.80544237475,0,0
0,2018-06-27,A share,long_only,CNY,U,0.001,0.00012,0.0,1,0.0005,0.1,6509.654128940857,0,11231066.4,11237576.054128941,169135.80544237475,0,0
0,2018-06-28,A share,long_only,CNY,U,0.001,0.00012,0.0,1,0.0005,0.1,6510.149948801426,0,11185343.773,11191853.922948802,169135.80544237475,0,0
0,2018-06-29,A share,long_only,CNY,U,0.001,0.00012,0.0,1,0.0005,0.1,6510.645806427033,0,11303222.510000002,11309733.155806428,169135.80544237475,0,0
0,2018-07-02,A share,long_only,CNY,U,0.001,0.00012,0.0,1,0.0005,0.1,1485.8450392284622,0,11311478.55,11312964.395039229,169191.81937309276,0,0
0,2018-07-03,A share,long_only,CNY,U,0.001,0.00012,0.0,1,0.0005,0.1,1485.958211367194,0,11409205.95,11410691.908211367,169191.81937309276,0,0
0,2018-07-04,A share,long_only,CNY,U,0.001,0.00012,0.0,1,0.0005,0.1,1486.0713921258914,0,11363912.1,11365398.171392126,169191.81937309276,0,0
0,2018-07-05,A share,long_only,CNY,U,0.001,0.00012,0.0,1,0.0005,0.1,1486.1845815052109,0,11401836.513,11403322.697581505,169191.81937309276,0,0
0,2018-07-06,A share,long_only,CNY,U,0.001,0.00012,0.0,1,0.0005,0.1,1486.297779505809,0,11457204.799999999,11458691.097779505,169191.81937309276,0,0
0,2018-07-09,A share,long_only,CNY,U,0.001,0.00012,0.0,1,0.0005,0.1,1486.4109861283425,0,11550562.059,11552048.46998613,169191.81937309276,0,0
0,2018-07-10,A share,long_only,CNY,U,0.001,0.00012,0.0,1,0.0005,0.1,1486.524201373468,0,11571100.891,11572587.415201373,169191.81937309276,0,0
0,2018-07-11,A share,long_only,CNY,U,0.001,0.00012,0.0,1,0.0005,0.1,1486.6374252418423,0,11524201.925,11525688.562425243,169191.81937309276,0,0
0,2018-07-12,A share,long_only,CNY,U,0.001,0.00012,0.0,1,0.0005,0.1,1486.7506577341221,0,11553269.19,11554755.940657733,169191.81937309276,0,0
0,2018-07-13,A share,long_only,CNY,U,0.001,0.00012,0.0,1,0.0005,0.1,1486.8638988509645,0,11578484.966,11579971.829898851,169191.81937309276,0,0
0,2018-07-16,A share,long_only,CNY,U,0.001,0.00012,0.0,1,0.0005,0.1,1486.9771485930262,0,11582556.409,11584043.386148592,169191.81937309276,0,0
0,2018-07-17,A share,long_only,CNY,U,0.001,0.00012,0.0,1,0.0005,0.1,18860.263966009898,0,11525110.794,11543971.057966009,169490.76897319674,0,0
0,2018-07-18,A share,long_only,CNY,U,0.001,0.00012,0.0,1,0.0005,0.1,18861.700492938162,0,11562392.0,11581253.700492939,169490.76897319674,0,0
0,2018-07-19,A share,long_only,CNY,U,0.001,0.00012,0.0,1,0.0005,0.1,18863.13712928216,0,11615507.788,11634370.925129283,169490.76897319674,0,0
0,2018-07-20,A share,long_only,CNY,U,0.001,0.00012,0.0,1,0.0005,0.1,18864.573875050228,0,11626392.223000001,11645256.796875052,169490.76897319674,0,0
0,2018-07-23,A share,long_only,CNY,U,0.001,0.00012,0.0,1,0.0005,0.1,18866.010730250695,0,11621742.081,11640608.09173025,169490.76897319674,0,0
0,2018-07-24,A share,long_only,CNY,U,0.001,0.00012,0.0,1,0.0005,0.1,18867.4476948919,0,11690016.154999997,11708883.60269489,169490.76897319674,0,0
0,2018-07-25,A share,long_only,CNY,U,0.001,0.00012,0.0,1,0.0005,0.1,18868.884768982178,0,11704484.007,11723352.89176898,169490.76897319674,0,0
0,2018-07-26,A share,long_only,CNY,U,0.001,0.00012,0.0,1,0.0005,0.1,18870.321952529866,0,11753443.58,11772313.90195253,169490.76897319674,0,0
0,2018-07-27,A share,long_only,CNY,U,0.001,0.00012,0.0,1,0.0005,0.1,18871.7592455433,0,11772923.678,11791795.437245542,169490.76897319674,0,0
0,2018-07-30,A share,long_only,CNY,U,0.001,0.00012,0.0,1,0.0005,0.1,18873.19664803082,0,11739570.75,11758443.946648031,169490.76897319674,0,0
0,2018-07-31,A share,long_only,CNY,U,0.001,0.00012,0.0,1,0.0005,0.1,18874.634160000758,0,11660231.3,11679105.934160002,169490.76897319674,0,0
0,2018-08-01,A share,long_only,CNY,U,0.001,0.00012,0.0,1,0.0005,0.1,1771.0089890572601,0,11732142.600000001,11733913.608989058,176072.02902604648,0,0
0,2018-08-02,A share,long_only,CNY,U,0.001,0.00012,0.0,1,0.0005,0.1,1771.143881236265,0,11665617.309,11667388.452881237,176072.02902604648,0,0
0,2018-08-03,A share,long_only,CNY,U,0.001,0.00012,0.0,1,0.0005,0.1,1771.2787836895825,0,11740678.16,11742449.43878369,176072.02902604648,0,0
0,2018-08-06,A share,long_only,CNY,U,0.001,0.00012,0.0,1,0.0005,0.1,1771.4136964179952,0,11742683.3,11744454.713696418,176072.02902604648,0,0
0,2018-08-07,A share,long_only,CNY,U,0.001,0.00012,0.0,1,0.0005,0.1,1771.5486194222856,0,11769106.482000003,11770878.030619426,176072.02902604648,0,0
0,2018-08-08,A share,long_only,CNY,U,0.001,0.00012,0.0,1,0.0005,0.1,1771.6835527032365,0,11726540.35,11728312.033552703,176072.02902604648,0,0
0,2018-08-09,A share,long_only,CNY,U,0.001,0.00012,0.0,1,0.0005,0.1,1771.8184962616306,0,11706309.682,11708081.50049626,176072.02902604648,0,0
0,2018-08-10,A share,long_only,CNY,U,0.001,0.00012,0.0,1,0.0005,0.1,1771.9534500982506,0,11696082.189000001,11697854.1424501,176072.02902604648,0,0
0,2018-08-13,A share,long_only,CNY,U,0.001,0.00012,0.0,1,0.0005,0.1,1772.0884142138796,0,11629557.036,11631329.124414215,176072.02902604648,0,0
0,2018-08-14,A share,long_only,CNY,U,0.001,0.00012,0.0,1,0.0005,0.1,1772.2233886093002,0,11627555.900000002,11629328.12338861,176072.02902604648,0,0
0,2018-08-15,A share,long_only,CNY,U,0.001,0.00012,0.0,1,0.0005,0.1,1772.3583732852956,0,11632194.11,11633966.468373286,176072.02902604648,0,0
0,2018-08-16,A share,long_only,CNY,U,0.001,0.00012,0.0,1,0.0005,0.1,102669.53632474347,0,11446659.280000001,11549328.816324744,182339.2704943547,0,0
0,2018-08-17,A share,long_only,CNY,U,0.001,0.00012,0.0,1,0.0005,0.1,102677.35634008943,0,11452876.602,11555553.95834009,182339.2704943547,0,0
0,2018-08-20,A share,long_only,CNY,U,0.001,0.00012,0.0,1,0.0005,0.1,102685.17695106135,0,11449302.838,11551988.014951061,182339.2704943547,0,0
0,2018-08-21,A share,long_only,CNY,U,0.001,0.00012,0.0,1,0.0005,0.1,102692.99815770458,0,11445448.805,11548141.803157704,182339.2704943547,0,0
0,2018-08-22,A share,long_only,CNY,U,0.001,0.00012,0.0,1,0.0005,0.1,102700.8199600645,0,11440083.691,11542784.510960065,182339.2704943547,0,0
0,2018-08-23,A share,long_only,CNY,U,0.001,0.00012,0.0,1,0.0005,0.1,102708.64235818648,0,11478541.7,11581250.342358185,182339.2704943547,0,0
0,2018-08-24,A share,long_only,CNY,U,0.001,0.00012,0.0,1,0.0005,0.1,102716.46535211589,0,11482185.309,11584901.774352117,182339.2704943547,0,0
0,2018-08-27,A share,long_only,CNY,U,0.001,0.00012,0.0,1,0.0005,0.1,102724.28894189812,0,11512335.247,11615059.535941897,182339.2704943547,0,0
0,2018-08-28,A share,long_only,CNY,U,0.001,0.00012,0.0,1,0.0005,0.1,102732.11312757856,0,11568287.363,11671019.476127578,182339.2704943547,0,0
0,2018-08-29,A share,long_only,CNY,U,0.001,0.00012,0.0,1,0.0005,0.1,102739.93790920258,0,11576747.898,11679487.835909203,182339.2704943547,0,0
0,2018-08-30,A share,long_only,CNY,U,0.001,0.00012,0.0,1,0.0005,0.1,102747.76328681558,0,11625596.2,11728343.963286815,182339.2704943547,0,0
0,2018-08-31,A share,long_only,CNY,U,0.001,0.00012,0.0,1,0.0005,0.1,8733.312343912135,0,11710707.9,11719441.212343913,182513.9865755027,0,0
0,2018-09-03,A share,long_only,CNY,U,0.001,0.00012,0.0,1,0.0005,0.1,8733.977532818166,0,11691884.717999998,11700618.695532817,182513.9865755027,0,0
0,2018-09-04,A share,long_only,CNY,U,0.001,0.00012,0.0,1,0.0005,0.1,8734.642772389541,0,11697175.473,11705910.115772389,182513.9865755027,0,0
0,2018-09-05,A share,long_only,CNY,U,0.001,0.00012,0.0,1,0.0005,0.1,8735.30806263012,0,11666216.529,11674951.837062629,182513.9865755027,0,0
0,2018-09-06,A share,long_only,CNY,U,0.001,0.00012,0.0,1,0.0005,0.1,8735.973403543761,0,11629901.186,11638637.159403544,182513.9865755027,0,0
0,2018-09-07,A share,long_only,CNY,U,0.001,0.00012,0.0,1,0.0005,0.1,8736.638795134326,0,11613424.45,11622161.088795133,182513.9865755027,0,0
0,2018-09-10,A share,long_only,CNY,U,0.001,0.00012,0.0,1,0.0005,0.1,8737.304237405673,0,11632637.7,11641375.004237404,182513.9865755027,0,0
0,2018-09-11,A share,long_only,CNY,U,0.001,0.00012,0.0,1,0.0005,0.1,8737.969730361663,0,11654779.86,11663517.829730362,182513.9865755027,0,0
0,2018-09-12,A share,long_only,CNY,U,0.001,0.00012,0.0,1,0.0005,0.1,8738.635274006156,0,11694868.7,11703607.335274005,182513.9865755027,0,0
0,2018-09-13,A share,long_only,CNY,U,0.001,0.00012,0.0,1,0.0005,0.1,8739.300868343013,0,11674090.071,11682829.371868344,182513.9865755027,0,0
0,2018-09-14,A share,long_only,CNY,U,0.001,0.00012,0.0,1,0.0005,0.1,8739.966513376095,0,11717525.239999998,11726265.206513375,182513.9865755027,0,0
0,2018-09-17,A share,long_only,CNY,U,0.001,0.00012,0.0,1,0.0005,0.1,9520.107288354327,0,11693188.84,11702708.947288355,182568.77086189872,0,0
0,2018-09-18,A share,long_only,CNY,U,0.001,0.00012,0.0,1,0.0005,0.1,9520.832404954199,0,11650024.25,11659545.082404954,182568.77086189872,0,0
0,2018-09-19,A share,long_only,CNY,U,0.001,0.00012,0.0,1,0.0005,0.1,9521.557576783918,0,11685050.0,11694571.557576783,182568.77086189872,0,0
0,2018-09-20,A share,long_only,CNY,U,0.001,0.00012,0.0,1,0.0005,0.1,9522.282803847693,0,11690532.731999999,11700055.014803847,182568.77086189872,0,0
0,2018-09-21,A share,long_only,CNY,U,0.001,0.00012,0.0,1,0.0005,0.1,9523.00808614973,0,11741402.822999999,11750925.83108615,182568.77086189872,0,0
0,2018-09-24,A share,long_only,CNY,U,0.001,0.00012,0.0,1,0.0005,0.1,9523.733423694237,0,11741402.822999999,11750926.556423694,182568.77086189872,0,0
0,2018-09-25,A share,long_only,CNY,U,0.001,0.00012,0.0,1,0.0005,0.1,9524.458816485421,0,11732530.78,11742055.238816485,182568.77086189872,0,0
0,2018-09-26,A share,long_only,CNY,U,0.001,0.00012,0.0,1,0.0005,0.1,9525.18426452749,0,11768034.924,11777560.108264528,182568.77086189872,0,0
0,2018-09-27,A share,long_only,CNY,U,0.001,0.00012,0.0,1,0.0005,0.1,9525.909767824653,0,11735633.84,11745159.749767825,182568.77086189872,0,0
0,2018-09-28,A share,long_only,CNY,U,0.001,0.00012,0.0,1,0.0005,0.1,9526.635326381116,0,11759396.92,11768923.555326382,182568.77086189872,0,0
0,2018-10-01,A share,long_only,CNY,U,0.001,0.00012,0.0,1,0.0005,0.1,9527.360940201092,0,11759396.92,11768924.280940201,182568.77086189872,0,0
0,2018-10-02,A share,long_only,CNY,U,0.001,0.00012,0.0,1,0.0005,0.1,9528.086609288786,0,11759396.92,11768925.006609289,182568.77086189872,0,0
0,2018-10-03,A share,long_only,CNY,U,0.001,0.00012,0.0,1,0.0005,0.1,9528.812333648411,0,11759396.92,11768925.732333649,182568.77086189872,0,0
0,2018-10-04,A share,long_only,CNY,U,0.001,0.00012,0.0,1,0.0005,0.1,9529.538113284176,0,11759396.92,11768926.458113285,182568.77086189872,0,0
0,2018-10-05,A share,long_only,CNY,U,0.001,0.00012,0.0,1,0.0005,0.1,9530.26394820029,0,11759396.92,11768927.1839482,182568.77086189872,0,0
0,2018-10-08,A share,long_only,CNY,U,0.001,0.00012,0.0,1,0.0005,0.1,9530.989838400965,0,11707194.8,11716725.789838402,182568.77086189872,0,0
0,2018-10-09,A share,long_only,CNY,U,0.001,0.00012,0.0,1,0.0005,0.1,9531.715783890411,0,11710146.252,11719677.96778389,182568.77086189872,0,0
0,2018-10-10,A share,long_only,CNY,U,0.001,0.00012,0.0,1,0.0005,0.1,3954.959194238272,0,11719401.476,11723356.435194237,182638.32866539873,0,0
0,2018-10-11,A share,long_only,CNY,U,0.001,0.00012,0.0,1,0.0005,0.1,3955.2604310286456,0,11472233.9,11476189.16043103,182638.32866539873,0,0
0,2018-10-12,A share,long_only,CNY,U,0.001,0.00012,0.0,1,0.0005,0.1,3955.561690763277,0,11571454.38,11575409.941690763,182638.32866539873,0,0
0,2018-10-15,A share,long_only,CNY,U,0.001,0.00012,0.0,1,0.0005,0.1,3955.862973443914,0,11570066.7,11574022.562973443,182638.32866539873,0,0
0,2018-10-16,A share,long_only,CNY,U,0.001,0.00012,0.0,1,0.0005,0.1,3956.1642790723045,0,11581326.400000002,11585282.564279074,182638.32866539873,0,0
0,2018-10-17,A share,long_only,CNY,U,0.001,0.00012,0.0,1,0.0005,0.1,3956.4656076501956,0,11698103.304,11702059.76960765,182638.32866539873,0,0
0,2018-10-18,A share,long_only,CNY,U,0.001,0.00012,0.0,1,0.0005,0.1,3956.766959179336,0,11669958.860000001,11673915.62695918,182638.32866539873,0,0
0,2018-10-19,A share,long_only,CNY,U,0.001,0.00012,0.0,1,0.0005,0.1,3957.0683336614734,0,11648607.360000001,11652564.428333662,182638.32866539873,0,0
0,2018-10-22,A share,long_only,CNY,U,0.001,0.00012,0.0,1,0.0005,0.1,3957.3697310983566,0,11622337.28,11626294.649731098,182638.32866539873,0,0
0,2018-10-23,A share,long_only,CNY,U,0.001,0.00012,0.0,1,0.0005,0.1,3957.671151491734,0,11569491.248,11573448.91915149,182638.32866539873,0,0
0,2018-10-24,A share,long_only,CNY,U,0.001,0.00012,0.0,1,0.0005,0.1,3957.972594843353,0,11587272.86,11591230.832594844,182638.32866539873,0,0
0,2018-10-25,A share,long_only,CNY,U,0.001,0.00012,0.0,1,0.0005,0.1,73.2318400632724,0,11478950.588,11479023.819840062,183319.37499759268,0,0
0,2018-10-26,A share,long_only,CNY,U,0.001,0.00012,0.0,1,0.0005,0.1,73.23741790197323,0,11497150.0,11497223.237417903,183319.37499759268,0,0
0,2018-10-29,A share,long_only,CNY,U,0.001,0.00012,0.0,1,0.0005,0.1,73.24299616552047,0,11476795.440000001,11476868.682996167,183319.37499759268,0,0
0,2018-10-30,A share,long_only,CNY,U,0.001,0.00012,0.0,1,0.0005,0.1,73.24857485394648,0,11440653.584,11440726.832574856,183319.37499759268,0,0
0,2018-10-31,A share,long_only,CNY,U,0.001,0.00012,0.0,1,0.0005,0.1,73.25415396728363,0,11490885.264,11490958.518153967,183319.37499759268,0,0
0,2018-11-01,A share,long_only,CNY,U,0.001,0.00012,0.0,1,0.0005,0.1,73.25973350556427,0,11535141.98,11535215.239733506,183319.37499759268,0,0
0,2018-11-02,A share,long_only,CNY,U,0.001,0.00012,0.0,1,0.0005,0.1,73.26531346882078,0,11588855.559999999,11588928.825313468,183319.37499759268,0,0
0,2018-11-05,A share,long_only,CNY,U,0.001,0.00012,0.0,1,0.0005,0.1,73.27089385708553,0,11528692.66,11528765.930893857,183319.37499759268,0,0
0,2018-11-06,A share,long_only,CNY,U,0.001,0.00012,0.0,1,0.0005,0.1,73.27647467039087,0,11553833.848,11553907.124474669,183319.37499759268,0,0
0,2018-11-07,A share,long_only,CNY,U,0.001,0.00012,0.0,1,0.0005,0.1,73.2820559087692,0,11600159.912,11600233.19405591,183319.37499759268,0,0
0,2018-11-08,A share,long_only,CNY,U,0.001,0.00012,0.0,1,0.0005,0.1,73.28763757225288,0,11700618.964,11700692.251637572,183319.37499759268,0,0
0,2018-11-09,A share,long_only,CNY,U,0.001,0.00012,0.0,1,0.0005,0.1,12052.074727479467,0,11654237.027999999,11666289.102727478,190017.6058063603,0,0
0,2018-11-12,A share,long_only,CNY,U,0.001,0.00012,0.0,1,0.0005,0.1,12052.992696067748,0,11648443.292,11660496.284696067,190017.6058063603,0,0
0,2018-11-13,A share,long_only,CNY,U,0.001,0.00012,0.0,1,0.0005,0.1,12053.910734574807,0,11575673.0,11587726.910734575,190017.6058063603,0,0
0,2018-11-14,A share,long_only,CNY,U,0.001,0.00012,0.0,1,0.0005,0.1,12054.82884300597,0,11583936.700000001,11595991.528843008,190017.6058063603,0,0
0,2018-11-15,A share,long_only,CNY,U,0.001,0.00012,0.0,1,0.0005,0.1,12055.74702136656,0,11592245.488,11604301.235021366,190017.6058063603,0,0
0,2018-11-16,A share,long_only,CNY,U,0.001,0.00012,0.0,1,0.0005,0.1,12056.665269661906,0,11601487.2,11613543.865269661,190017.6058063603,0,0
0,2018-11-19,A share,long_only,CNY,U,0.001,0.00012,0.0,1,0.0005,0.1,12057.583587897334,0,11602814.112,11614871.695587898,190017.6058063603,0,0
0,2018-11-20,A share,long_only,CNY,U,0.001,0.00012,0.0,1,0.0005,0.1,12058.50197607817,0,11554319.84,11566378.341976078,190017.6058063603,0,0
0,2018-11-21,A share,long_only,CNY,U,0.001,0.00012,0.0,1,0.0005,0.1,12059.420434209744,0,11515421.04,11527480.46043421,190017.6058063603,0,0
0,2018-11-22,A share,long_only,CNY,U,0.001,0.00012,0.0,1,0.0005,0.1,12060.338962297381,0,11524220.396000002,11536280.7349623,190017.6058063603,0,0
0,2018-11-23,A share,long_only,CNY,U,0.001,0.00012,0.0,1,0.0005,0.1,12061.25756034641,0,11484830.148000002,11496891.405560348,190017.6058063603,0,0
0,2018-11-26,A share,long_only,CNY,U,0.001,0.00012,0.0,1,0.0005,0.1,73404.81691770448,0,11431199.280000001,11504604.096917706,196245.23703698785,0,0
0,2018-11-27,A share,long_only,CNY,U,0.001,0.00012,0.0,1,0.0005,0.1,73410.40793150771,0,11441965.588000001,11515375.99593151,196245.23703698785,0,0
0,2018-11-28,A share,long_only,CNY,U,0.001,0.00012,0.0,1,0.0005,0.1,73415.99937116087,0,11439228.32,11512644.319371162,196245.23703698785,0,0
0,2018-11-29,A share,long_only,CNY,U,0.001,0.00012,0.0,1,0.0005,0.1,73421.59123669639,0,11462459.923999999,11535881.515236694,196245.23703698785,0,0
0,2018-11-30,A share,long_only,CNY,U,0.001,0.00012,0.0,1,0.0005,0.1,73427.18352814669,0,11501592.66,11575019.843528146,196245.23703698785,0,0
0,2018-12-03,A share,long_only,CNY,U,0.001,0.00012,0.0,1,0.0005,0.1,73432.77624554423,0,11504979.964,11578412.740245543,196245.23703698785,0,0
0,2018-12-04,A share,long_only,CNY,U,0.001,0.00012,0.0,1,0.0005,0.1,73438.36938892145,0,11461025.48,11534463.849388922,196245.23703698785,0,0
0,2018-12-05,A share,long_only,CNY,U,0.001,0.00012,0.0,1,0.0005,0.1,73443.96295831079,0,11427075.972,11500519.93495831,196245.23703698785,0,0
0,2018-12-06,A share,long_only,CNY,U,0.001,0.00012,0.0,1,0.0005,0.1,73449.5569537447,0,11406425.44,11479874.996953744,196245.23703698785,0,0
0,2018-12-07,A share,long_only,CNY,U,0.001,0.00012,0.0,1,0.0005,0.1,73455.15137525563,0,11412492.092,11485947.243375257,196245.23703698785,0,0
0,2018-12-10,A share,long_only,CNY,U,0.001,0.00012,0.0,1,0.0005,0.1,73460.74622287604,0,11406631.972,11480092.718222875,196245.23703698785,0,0
0,2018-12-11,A share,long_only,CNY,U,0.001,0.00012,0.0,1,0.0005,0.1,110.4746943628732,0,11464405.459999999,11464515.934694363,196579.41697936982,0,0
0,2018-12-12,A share,long_only,CNY,U,0.001,0.00012,0.0,1,0.0005,0.1,110.48310887253383,0,11491657.964,11491768.447108872,196579.41697936982,0,0
0,2018-12-13,A share,long_only,CNY,U,0.001,0.00012,0.0,1,0.0005,0.1,110.49152402310118,0,11485219.879999999,11485330.371524023,196579.41697936982,0,0
0,2018-12-14,A share,long_only,CNY,U,0.001,0.00012,0.0,1,0.0005,0.1,110.49993981462406,0,11399818.464,11399928.963939814,196579.41697936982,0,0
0,2018-12-17,A share,long_only,CNY,U,0.001,0.00012,0.0,1,0.0005,0.1,110.50835624715128,0,11373435.34,11373545.848356247,196579.41697936982,0,0
0,2018-12-18,A share,long_only,CNY,U,0.001,0.00012,0.0,1,0.0005,0.1,110.51677332073167,0,11338835.444,11338945.96077332,196579.41697936982,0,0
0,2018-12-19,A share,long_only,CNY,U,0.001,0.00012,0.0,1,0.0005,0.1,110.52519103541405,0,11335003.6,11335114.125191035,196579.41697936982,0,0
0,2018-12-20,A share,long_only,CNY,U,0.001,0.00012,0.0,1,0.0005,0.1,110.53360939124727,0,11429524.824000001,11429635.357609393,196579.41697936982,0,0
0,2018-12-21,A share,long_only,CNY,U,0.001,0.00012,0.0,1,0.0005,0.1,110.54202838828013,0,11439501.832,11439612.374028388,196579.41697936982,0,0
0,2018-12-24,A share,long_only,CNY,U,0.001,0.00012,0.0,1,0.0005,0.1,110.5504480265615,0,11445969.9,11446080.450448027,196579.41697936982,0,0
0,2018-12-25,A share,long_only,CNY,U,0.001,0.00012,0.0,1,0.0005,0.1,110.5588683061402,0,11435785.612,11435896.170868305,196579.41697936982,0,0
0,2018-12-26,A share,long_only,CNY,U,0.001,0.00012,0.0,1,0.0005,0.1,113.86798475951576,0,11418470.48,11418584.34798476,196789.01653522183,0,0
0,2018-12-27,A share,long_only,CNY,U,0.001,0.00012,0.0,1,0.0005,0.1,113.87665772542277,0,11376135.14,11376249.016657727,196789.01653522183,0,0
0,2018-12-28,A share,long_only,CNY,U,0.001,0.00012,0.0,1,0.0005,0.1,113.88533135192229,0,11377568.952,11377682.83733135,196789.01653522183,0,0
0,2018-12-31,A share,long_only,CNY,U,0.001,0.00012,0.0,1,0.0005,0.1,113.89400563906463,0,11377568.952,11377682.846005639,196789.01653522183,0,0
0,2019-01-02,A share,long_only,CNY,U,0.001,0.00012,0.0,1,0.0005,0.1,113.90268058690012,0,11300447.364,11300561.266680587,196789.01653522183,0,0
0,2019-01-03,A share,long_only,CNY,U,0.001,0.00012,0.0,1,0.0005,0.1,113.91135619547907,0,11352342.772,11352456.683356196,196789.01653522183,0,0
0,2019-01-04,A share,long_only,CNY,U,0.001,0.00012,0.0,1,0.0005,0.1,113.92003246485181,0,11360960.5,11361074.420032464,196789.01653522183,0,0
0,2019-01-07,A share,long_only,CNY,U,0.001,0.00012,0.0,1,0.0005,0.1,113.92870939506868,0,11421618.3,11421732.228709396,196789.01653522183,0,0
0,2019-01-08,A share,long_only,CNY,U,0.001,0.00012,0.0,1,0.0005,0.1,113.93738698618,0,11418339.616,11418453.553386986,196789.01653522183,0,0
0,2019-01-09,A share,long_only,CNY,U,0.001,0.00012,0.0,1,0.0005,0.1,113.94606523823612,0,11398585.375999998,11398699.322065236,196789.01653522183,0,0
0,2019-01-10,A share,long_only,CNY,U,0.001,0.00012,0.0,1,0.0005,0.1,113.95474415128737,0,11441098.756000001,11441212.710744152,196789.01653522183,0,0
0,2019-01-11,A share,long_only,CNY,U,0.001,0.00012,0.0,1,0.0005,0.1,113.9634237253841,0,11427712.16,11427826.123423725,196789.01653522183,0,0
0,2019-01-14,A share,long_only,CNY,U,0.001,0.00012,0.0,1,0.0005,0.1,124.05288036310769,0,11400811.124000002,11400935.176880365,196950.93652658182,0,0
0,2019-01-15,A share,long_only,CNY,U,0.001,0.00012,0.0,1,0.0005,0.1,124.06232908044758,0,11343011.416000001,11343135.478329081,196950.93652658182,0,0
0,2019-01-16,A share,long_only,CNY,U,0.001,0.00012,0.0,1,0.0005,0.1,124.07177851746653,0,11333430.356,11333554.427778518,196950.93652658182,0,0
0,2019-01-17,A share,long_only,CNY,U,0.001,0.00012,0.0,1,0.0005,0.1,124.08122867421933,0,11396892.348,11397016.429228673,196950.93652658182,0,0
0,2019-01-18,A share,long_only,CNY,U,0.001,0.00012,0.0,1,0.0005,0.1,124.09067955076083,0,11429861.175999999,11429985.26667955,196950.93652658182,0,0
0,2019-01-21,A share,long_only,CNY,U,0.001,0.00012,0.0,1,0.0005,0.1,124.10013114714583,0,11446956.984,11447081.084131146,196950.93652658182,0,0
0,2019-01-22,A share,long_only,CNY,U,0.001,0.00012,0.0,1,0.0005,0.1,124.10958346342919,0,11453187.343999999,11453311.453583462,196950.93652658182,0,0
0,2019-01-23,A share,long_only,CNY,U,0.001,0.00012,0.0,1,0.0005,0.1,124.11903649966571,0,11422684.899999999,11422809.019036498,196950.93652658182,0,0
0,2019-01-24,A share,long_only,CNY,U,0.001,0.00012,0.0,1,0.0005,0.1,124.12849025591025,0,11419353.5,11419477.628490256,196950.93652658182,0,0
0,2019-01-25,A share,long_only,CNY,U,0.001,0.00012,0.0,1,0.0005,0.1,124.13794473221763,0,11455631.988,11455756.125944732,196950.93652658182,0,0
0,2019-01-28,A share,long_only,CNY,U,0.001,0.00012,0.0,1,0.0005,0.1,124.14739992864271,0,11440098.156,11440222.303399928,196950.93652658182,0,0
0,2019-01-29,A share,long_only,CNY,U,0.001,0.00012,0.0,1,0.0005,0.1,42350.5435077152,0,11359663.988,11402014.531507716,209386.86588068947,0,0
0,2019-01-30,A share,long_only,CNY,U,0.001,0.00012,0.0,1,0.0005,0.1,42353.76921528139,0,11357063.824000001,11399417.593215283,209386.86588068947,0,0
0,2019-01-31,A share,long_only,CNY,U,0.001,0.00012,0.0,1,0.0005,0.1,42356.99516853957,0,11457250.6,11499607.595168538,209386.86588068947,0,0
0,2019-02-01,A share,long_only,CNY,U,0.001,0.00012,0.0,1,0.0005,0.1,42360.22136750846,0,11529707.8,11572068.021367509,209386.86588068947,0,0
0,2019-02-04,A share,long_only,CNY,U,0.001,0.00012,0.0,1,0.0005,0.1,42363.44781220676,0,11529707.8,11572071.247812208,209386.86588068947,0,0
0,2019-02-05,A share,long_only,CNY,U,0.001,0.00012,0.0,1,0.0005,0.1,42366.6745026532,0,11529707.8,11572074.474502655,209386.86588068947,0,0
0,2019-02-06,A share,long_only,CNY,U,0.001,0.00012,0.0,1,0.0005,0.1,42369.901438866495,0,11529707.8,11572077.701438867,209386.86588068947,0,0
0,2019-02-07,A share,long_only,CNY,U,0.001,0.00012,0.0,1,0.0005,0.1,42373.128620865355,0,11529707.8,11572080.928620866,209386.86588068947,0,0
0,2019-02-08,A share,long_only,CNY,U,0.001,0.00012,0.0,1,0.0005,0.1,42376.35604866851,0,11529707.8,11572084.156048669,209386.86588068947,0,0
0,2019-02-11,A share,long_only,CNY,U,0.001,0.00012,0.0,1,0.0005,0.1,42379.58372229468,0,11517123.499999998,11559503.083722293,209386.86588068947,0,0
0,2019-02-12,A share,long_only,CNY,U,0.001,0.00012,0.0,1,0.0005,0.1,42382.811641762586,0,11550812.760000002,11593195.571641764,209386.86588068947,0,0
0,2019-02-13,A share,long_only,CNY,U,0.001,0.00012,0.0,1,0.0005,0.1,42386.03980709096,0,11628719.244,11671105.283807091,209386.86588068947,0,0
0,2019-02-14,A share,long_only,CNY,U,0.001,0.00012,0.0,1,0.0005,0.1,42389.26821829852,0,11620658.636,11663047.9042183,209386.86588068947,0,0
0,2019-02-15,A share,long_only,CNY,U,0.001,0.00012,0.0,1,0.0005,0.1,42392.496875404,0,11576577.796,11618970.292875404,209386.86588068947,0,0
0,2019-02-18,A share,long_only,CNY,U,0.001,0.00012,0.0,1,0.0005,0.1,42395.72577842613,0,11690192.6,11732588.325778427,209386.86588068947,0,0
0,2019-02-19,A share,long_only,CNY,U,0.001,0.00012,0.0,1,0.0005,0.1,42398.95492738364,0,11688644.7,11731043.654927382,209386.86588068947,0,0
0,2019-02-20,A share,long_only,CNY,U,0.001,0.00012,0.0,1,0.0005,0.1,8836.211559054074,0,11684636.624,11693472.835559053,215947.48222417527,0,0
0,2019-02-21,A share,long_only,CNY,U,0.001,0.00012,0.0,1,0.0005,0.1,8836.884585469363,0,11681413.76,11690250.64458547,215947.48222417527,0,0
0,2019-02-22,A share,long_only,CNY,U,0.001,0.00012,0.0,1,0.0005,0.1,8837.557663146954,0,11647350.688000001,11656188.245663147,215947.48222417527,0,0
0,2019-02-25,A share,long_only,CNY,U,0.001,0.00012,0.0,1,0.0005,0.1,8838.230792090753,0,11642600.944,11651439.17479209,215947.48222417527,0,0
0,2019-02-26,A share,long_only,CNY,U,0.001,0.00012,0.0,1,0.0005,0.1,8838.903972304664,0,11604646.8,11613485.703972306,215947.48222417527,0,0
0,2019-02-27,A share,long_only,CNY,U,0.001,0.00012,0.0,1,0.0005,0.1,8839.577203792594,0,11610578.200000001,11619417.777203795,215947.48222417527,0,0
0,2019-02-28,A share,long_only,CNY,U,0.001,0.00012,0.0,1,0.0005,0.1,8840.250486558447,0,11586566.040000001,11595406.29048656,215947.48222417527,0,0
0,2019-03-01,A share,long_only,CNY,U,0.001,0.00012,0.0,1,0.0005,0.1,8840.923820606127,0,11624776.88,11633617.803820606,215947.48222417527,0,0
0,2019-03-04,A share,long_only,CNY,U,0.001,0.00012,0.0,1,0.0005,0.1,8841.597205939543,0,11609741.999999998,11618583.597205937,215947.48222417527,0,0
0,2019-03-05,A share,long_only,CNY,U,0.001,0.00012,0.0,1,0.0005,0.1,8842.270642562598,0,11565754.4,11574596.670642562,215947.48222417527,0,0
0,2019-03-06,A share,long_only,CNY,U,0.001,0.00012,0.0,1,0.0005,0.1,8842.944130479202,0,11578802.399999999,11587645.344130477,215947.48222417527,0,0
0,2019-03-07,A share,long_only,CNY,U,0.001,0.00012,0.0,1,0.0005,0.1,58883.792314957966,0,11482580.888,11541464.680314958,222164.3186911908,0,0
0,2019-03-08,A share,long_only,CNY,U,0.001,0.00012,0.0,1,0.0005,0.1,58888.277308033954,0,11347741.508000001,11406629.785308035,222164.3186911908,0,0
0,2019-03-11,A share,long_only,CNY,U,0.001,0.00012,0.0,1,0.0005,0.1,58892.762642717746,0,11370308.248,11429201.010642717,222164.3186911908,0,0
0,2019-03-12,A share,long_only,CNY,U,0.001,0.00012,0.0,1,0.0005,0.1,58897.24831903536,0,11480099.620000001,11538996.868319036,222164.3186911908,0,0
0,2019-03-13,A share,long_only,CNY,U,0.001,0.00012,0.0,1,0.0005,0.1,58901.734337012815,0,11454649.940000001,11513551.674337015,222164.3186911908,0,0
0,2019-03-14,A share,long_only,CNY,U,0.001,0.00012,0.0,1,0.0005,0.1,58906.22069667614,0,11496548.988,11555455.208696676,222164.3186911908,0,0
0,2019-03-15,A share,long_only,CNY,U,0.001,0.00012,0.0,1,0.0005,0.1,58910.70739805135,0,11515416.272,11574326.979398051,222164.3186911908,0,0
0,2019-03-18,A share,long_only,CNY,U,0.001,0.00012,0.0,1,0.0005,0.1,58915.19444116448,0,11616890.252,11675805.446441164,222164.3186911908,0,0
0,2019-03-19,A share,long_only,CNY,U,0.001,0.00012,0.0,1,0.0005,0.1,58919.68182604156,0,11635404.941,11694324.622826042,222164.3186911908,0,0
0,2019-03-20,A share,long_only,CNY,U,0.001,0.00012,0.0,1,0.0005,0.1,58924.16955270862,0,11606726.358,11665650.527552707,222164.3186911908,0,0
0,2019-03-21,A share,long_only,CNY,U,0.001,0.00012,0.0,1,0.0005,0.1,58928.65762119168,0,11595949.865000002,11654878.522621194,222164.3186911908,0,0
0,2019-03-22,A share,long_only,CNY,U,0.001,0.00012,0.0,1,0.0005,0.1,12391.148788080072,0,11709301.21,11721692.35878808,228602.57124721454,0,0
0,2019-03-25,A share,long_only,CNY,U,0.001,0.00012,0.0,1,0.0005,0.1,12392.09258287204,0,11555219.921,11567612.013582872,228602.57124721454,0,0
0,2019-03-26,A share,long_only,CNY,U,0.001,0.00012,0.0,1,0.0005,0.1,12393.036449549883,0,11591639.127999999,11604032.164449548,228602.57124721454,0,0
0,2019-03-27,A share,long_only,CNY,U,0.001,0.00012,0.0,1,0.0005,0.1,12393.98038811908,0,11618081.841000002,11630475.821388122,228602.57124721454,0,0
0,2019-03-28,A share,long_only,CNY,U,0.001,0.00012,0.0,1,0.0005,0.1,12394.924398585106,0,11601737.78,11614132.704398584,228602.57124721454,0,0
0,2019-03-29,A share,long_only,CNY,U,0.001,0.00012,0.0,1,0.0005,0.1,12395.868480953437,0,11646346.65,11658742.518480955,228602.57124721454,0,0
0,2019-04-01,A share,long_only,CNY,U,0.001,0.00012,0.0,1,0.0005,0.1,12396.812635229551,0,11698795.89,11711192.70263523,228602.57124721454,0,0
0,2019-04-02,A share,long_only,CNY,U,0.001,0.00012,0.0,1,0.0005,0.1,12397.756861418924,0,11720846.215999998,11733243.972861417,228602.57124721454,0,0
0,2019-04-03,A share,long_only,CNY,U,0.001,0.00012,0.0,1,0.0005,0.1,12398.701159527032,0,11758448.629,11770847.330159528,228602.57124721454,0,0
0,2019-04-04,A share,long_only,CNY,U,0.001,0.00012,0.0,1,0.0005,0.1,12399.645529559355,0,11781056.68,11793456.325529559,228602.57124721454,0,0
0,2019-04-05,A share,long_only,CNY,U,0.001,0.00012,0.0,1,0.0005,0.1,12400.589971521369,0,11781056.68,11793457.269971522,228602.57124721454,0,0
0,2019-04-08,A share,long_only,CNY,U,0.001,0.00012,0.0,1,0.0005,0.1,12401.534485418555,0,11811759.758000001,11824161.29248542,228602.57124721454,0,0
0,2019-04-09,A share,long_only,CNY,U,0.001,0.00012,0.0,1,0.0005,0.1,9491.325462186667,0,11802802.37,11812293.695462186,228713.90313976654,0,0
0,2019-04-10,A share,long_only,CNY,U,0.001,0.00012,0.0,1,0.0005,0.1,9492.048386565453,0,11759585.221,11769077.269386567,228713.90313976654,0,0
0,2019-04-11,A share,long_only,CNY,U,0.001,0.00012,0.0,1,0.0005,0.1,9492.771366007113,0,11796489.997,11805982.768366007,228713.90313976654,0,0
0,2019-04-12,A share,long_only,CNY,U,0.001,0.00012,0.0,1,0.0005,0.1,9493.494400515841,0,11798386.254999999,11807879.749400515,228713.90313976654,0,0
0,2019-04-15,A share,long_only,CNY,U,0.001,0.00012,0.0,1,0.0005,0.1,9494.21749009583,0,11835653.455,11845147.672490096,228713.90313976654,0,0
0,2019-04-16,A share,long_only,CNY,U,0.001,0.00012,0.0,1,0.0005,0.1,9494.940634751278,0,11862522.081,11872017.021634752,228713.90313976654,0,0
0,2019-04-17,A share,long_only,CNY,U,0.001,0.00012,0.0,1,0.0005,0.1,9495.663834486377,0,11871389.1,11880884.763834486,228713.90313976654,0,0
0,2019-04-18,A share,long_only,CNY,U,0.001,0.00012,0.0,1,0.0005,0.1,9496.387089305323,0,11875260.413999999,11884756.801089304,228713.90313976654,0,0
0,2019-04-19,A share,long_only,CNY,U,0.001,0.00012,0.0,1,0.0005,0.1,9497.11039921231,0,11906131.345,11915628.455399213,228713.90313976654,0,0
0,2019-04-22,A share,long_only,CNY,U,0.001,0.00012,0.0,1,0.0005,0.1,9497.833764211537,0,11891757.899,11901255.732764212,228713.90313976654,0,0
0,2019-04-23,A share,long_only,CNY,U,0.001,0.00012,0.0,1,0.0005,0.1,9498.557184307198,0,11918413.2,11927911.757184306,228713.90313976654,0,0
0,2019-04-24,A share,long_only,CNY,U,0.001,0.00012,0.0,1,0.0005,0.1,7451.58097139569,0,11994851.621,12002303.201971395,228923.5468729145,0,0
0,2019-04-25,A share,long_only,CNY,U,0.001,0.00012,0.0,1,0.0005,0.1,7452.148534858367,0,12006790.925999999,12014243.074534858,228923.5468729145,0,0
0,2019-04-26,A share,long_only,CNY,U,0.001,0.00012,0.0,1,0.0005,0.1,7452.716141550567,0,12009990.172,12017442.88814155,228923.5468729145,0,0
0,2019-04-29,A share,long_only,CNY,U,0.001,0.00012,0.0,1,0.0005,0.1,7453.283791475582,0,12050068.371000001,12057521.654791476,228923.5468729145,0,0
0,2019-04-30,A share,long_only,CNY,U,0.001,0.00012,0.0,1,0.0005,0.1,7453.851484636704,0,12079040.754999999,12086494.606484635,228923.5468729145,0,0
0,2019-05-01,A share,long_only,CNY,U,0.001,0.00012,0.0,1,0.0005,0.1,7454.4192210372275,0,12079040.754999999,12086495.174221037,228923.5468729145,0,0
0,2019-05-02,A share,long_only,CNY,U,0.001,0.00012,0.0,1,0.0005,0.1,7454.987000680445,0,12079040.754999999,12086495.742000679,228923.5468729145,0,0
0,2019-05-03,A share,long_only,CNY,U,0.001,0.00012,0.0,1,0.0005,0.1,7455.55482356965,0,12079040.754999999,12086496.309823569,228923.5468729145,0,0
0,2019-05-06,A share,long_only,CNY,U,0.001,0.00012,0.0,1,0.0005,0.1,7456.122689708137,0,11934525.851,11941981.973689709,228923.5468729145,0,0
0,2019-05-07,A share,long_only,CNY,U,0.001,0.00012,0.0,1,0.0005,0.1,7456.6905990992,0,12007225.32,12014682.0105991,228923.5468729145,0,0
0,2019-05-08,A share,long_only,CNY,U,0.001,0.00012,0.0,1,0.0005,0.1,7457.258551746133,0,11887009.704,11894466.962551747,228923.5468729145,0,0
0,2019-05-09,A share,long_only,CNY,U,0.001,0.00012,0.0,1,0.0005,0.1,7457.826547652231,0,11887436.050999999,11894893.877547652,228923.5468729145,0,0
0,2019-05-10,A share,long_only,CNY,U,0.001,0.00012,0.0,1,0.0005,0.1,7458.394586820789,0,11895894.658,11903353.05258682,228923.5468729145,0,0
0,2019-05-13,A share,long_only,CNY,U,0.001,0.00012,0.0,1,0.0005,0.1,7458.962669255103,0,11906066.574000001,11913525.536669256,228923.5468729145,0,0
0,2019-05-14,A share,long_only,CNY,U,0.001,0.00012,0.0,1,0.0005,0.1,36167.60272331548,0,11782379.739,11818547.341723315,235380.86138148067,0,0
0,2019-05-15,A share,long_only,CNY,U,0.001,0.00012,0.0,1,0.0005,0.1,36170.357495747965,0,11811872.439,11848042.796495747,235380.86138148067,0,0
0,2019-05-16,A share,long_only,CNY,U,0.001,0.00012,0.0,1,0.0005,0.1,36173.11247800279,0,11838354.871,11874527.983478002,235380.86138148067,0,0
0,2019-05-17,A share,long_only,CNY,U,0.001,0.00012,0.0,1,0.0005,0.1,36175.86767009594,0,11891889.623000002,11928065.490670098,235380.86138148067,0,0
0,2019-05-20,A share,long_only,CNY,U,0.001,0.00012,0.0,1,0.0005,0.1,36178.623072043396,0,11871801.75,11907980.373072043,235380.86138148067,0,0
0,2019-05-21,A share,long_only,CNY,U,0.001,0.00012,0.0,1,0.0005,0.1,36181.37868386114,0,11844112.615,11880293.993683862,235380.86138148067,0,0
0,2019-05-22,A share,long_only,CNY,U,0.001,0.00012,0.0,1,0.0005,0.1,36184.13450556517,0,11851288.76,11887472.894505564,235380.86138148067,0,0
0,2019-05-23,A share,long_only,CNY,U,0.001,0.00012,0.0,1,0.0005,0.1,36186.89053717146,0,11830982.14,11867169.030537171,235380.86138148067,0,0
0,2019-05-24,A share,long_only,CNY,U,0.001,0.00012,0.0,1,0.0005,0.1,36189.646778696,0,11813874.429,11850064.075778695,235380.86138148067,0,0
0,2019-05-27,A share,long_only,CNY,U,0.001,0.00012,0.0,1,0.0005,0.1,36192.40323015478,0,11834155.506000001,11870347.909230156,235380.86138148067,0,0
0,2019-05-28,A share,long_only,CNY,U,0.001,0.00012,0.0,1,0.0005,0.1,36195.15989156379,0,11850964.91,11887160.069891565,235380.86138148067,0,0
0,2019-05-29,A share,long_only,CNY,U,0.001,0.00012,0.0,1,0.0005,0.1,16195.530956732731,0,11824811.559999999,11841007.09095673,235501.42378496667,0,0
0,2019-05-30,A share,long_only,CNY,U,0.001,0.00012,0.0,1,0.0005,0.1,16196.764519337095,0,11790507.583,11806704.347519338,235501.42378496667,0,0
0,2019-05-31,A share,long_only,CNY,U,0.001,0.00012,0.0,1,0.0005,0.1,16197.99817589804,0,11782707.086,11798905.084175898,235501.42378496667,0,0
0,2019-06-03,A share,long_only,CNY,U,0.001,0.00012,0.0,1,0.0005,0.1,16199.23192642272,0,11769227.28,11785426.511926422,235501.42378496667,0,0
0,2019-06-04,A share,long_only,CNY,U,0.001,0.00012,0.0,1,0.0005,0.1,16200.465770918294,0,11796970.545,11813171.010770919,235501.42378496667,0,0
0,2019-06-05,A share,long_only,CNY,U,0.001,0.00012,0.0,1,0.0005,0.1,16201.699709391918,0,11910968.045,11927169.744709391,235501.42378496667,0,0
0,2019-06-06,A share,long_only,CNY,U,0.001,0.00012,0.0,1,0.0005,0.1,16202.933741850751,0,11934950.599999998,11951153.533741849,235501.42378496667,0,0
0,2019-06-07,A share,long_only,CNY,U,0.001,0.00012,0.0,1,0.0005,0.1,16204.167868301953,0,11934950.599999998,11951154.767868299,235501.42378496667,0,0
0,2019-06-10,A share,long_only,CNY,U,0.001,0.00012,0.0,1,0.0005,0.1,16205.40208875268,0,12019336.691999998,12035542.09408875,235501.42378496667,0,0
0,2019-06-11,A share,long_only,CNY,U,0.001,0.00012,0.0,1,0.0005,0.1,16206.636403210094,0,12011294.362,12027500.99840321,235501.42378496667,0,0
0,2019-06-12,A share,long_only,CNY,U,0.001,0.00012,0.0,1,0.0005,0.1,16207.870811681352,0,12023729.305,12039937.175811682,235501.42378496667,0,0
0,2019-06-13,A share,long_only,CNY,U,0.001,0.00012,0.0,1,0.0005,0.1,16209.10531417362,0,12029803.27,12046012.375314172,235501.42378496667,0,0
0,2019-06-14,A share,long_only,CNY,U,0.001,0.00012,0.0,1,0.0005,0.1,21408.19618913421,0,12082001.682,12103409.878189133,242372.66338072222,0,0
0,2019-06-17,A share,long_only,CNY,U,0.001,0.00012,0.0,1,0.0005,0.1,21409.82678403822,0,12037547.651,12058957.47778404,242372.66338072222,0,0
0,2019-06-18,A share,long_only,CNY,U,0.001,0.00012,0.0,1,0.0005,0.1,21411.457503139514,0,12054600.042000001,12076011.499503141,242372.66338072222,0,0
0,2019-06-19,A share,long_only,CNY,U,0.001,0.00012,0.0,1,0.0005,0.1,21413.088346447545,0,12090093.762,12111506.850346448,242372.66338072222,0,0
0,2019-06-20,A share,long_only,CNY,U,0.001,0.00012,0.0,1,0.0005,0.1,21414.71931397178,0,12173186.504,12194601.223313972,242372.66338072222,0,0
0,2019-06-21,A share,long_only,CNY,U,0.001,0.00012,0.0,1,0.0005,0.1,21416.35040572167,0,12239816.924000002,12261233.274405723,242372.66338072222,0,0
0,2019-06-24,A share,long_only,CNY,U,0.001,0.00012,0.0,1,0.0005,0.1,21417.981621706687,0,12290074.307999998,12311492.289621705,242372.66338072222,0,0
0,2019-06-25,A share,long_only,CNY,U,0.001,0.00012,0.0,1,0.0005,0.1,21419.61296193629,0,12330159.75,12351579.362961937,242372.66338072222,0,0
0,2019-06-26,A share,long_only,CNY,U,0.001,0.00012,0.0,1,0.0005,0.1,21421.244426419944,0,12285093.671,12306514.91542642,242372.66338072222,0,0
0,2019-06-27,A share,long_only,CNY,U,0.001,0.00012,0.0,1,0.0005,0.1,21422.87601516711,0,12241568.373,12262991.249015167,242372.66338072222,0,0
0,2019-06-28,A share,long_only,CNY,U,0.001,0.00012,0.0,1,0.0005,0.1,21424.50772818725,0,12232361.081999999,12253785.589728186,242372.66338072222,0,0
0,2019-07-01,A share,long_only,CNY,U,0.001,0.00012,0.0,1,0.0005,0.1,16149.538268001445,0,12263199.129,12279348.667268002,249339.36280671204,0,0
0,2019-07-02,A share,long_only,CNY,U,0.001,0.00012,0.0,1,0.0005,0.1,16150.768327487507,0,12272034.923,12288185.691327488,249339.36280671204,0,0
0,2019-07-03,A share,long_only,CNY,U,0.001,0.00012,0.0,1,0.0005,0.1,16151.99848066333,0,12355317.75,12371469.748480663,249339.36280671204,0,0
0,2019-07-04,A share,long_only,CNY,U,0.001,0.00012,0.0,1,0.0005,0.1,16153.228727536045,0,12362648.614,12378801.842727536,249339.36280671204,0,0
0,2019-07-05,A share,long_only,CNY,U,0.001,0.00012,0.0,1,0.0005,0.1,16154.459068112792,0,12365569.451,12381723.910068111,249339.36280671204,0,0
0,2019-07-08,A share,long_only,CNY,U,0.001,0.00012,0.0,1,0.0005,0.1,16155.689502400708,0,12311194.7,12327350.3895024,249339.36280671204,0,0
0,2019-07-09,A share,long_only,CNY,U,0.001,0.00012,0.0,1,0.0005,0.1,16156.920030406929,0,12271680.99,12287837.910030408,249339.36280671204,0,0
0,2019-07-10,A share,long_only,CNY,U,0.001,0.00012,0.0,1,0.0005,0.1,16158.150652138595,0,12266140.834999999,12282298.985652138,249339.36280671204,0,0
0,2019-07-11,A share,long_only,CNY,U,0.001,0.00012,0.0,1,0.0005,0.1,16159.381367602842,0,12344779.877,12360939.258367604,249339.36280671204,0,0
0,2019-07-12,A share,long_only,CNY,U,0.001,0.00012,0.0,1,0.0005,0.1,16160.612176806813,0,12328612.492,12344773.104176808,249339.36280671204,0,0
0,2019-07-15,A share,long_only,CNY,U,0.001,0.00012,0.0,1,0.0005,0.1,16161.843079757646,0,12352043.5,12368205.343079757,249339.36280671204,0,0
0,2019-07-16,A share,long_only,CNY,U,0.001,0.00012,0.0,1,0.0005,0.1,7893.835660561766,0,12337586.220999999,12345480.05666056,256305.7714287255,0,0
0,2019-07-17,A share,long_only,CNY,U,0.001,0.00012,0.0,1,0.0005,0.1,7894.436909171762,0,12314030.021,12321924.457909172,256305.7714287255,0,0
0,2019-07-18,A share,long_only,CNY,U,0.001,0.00012,0.0,1,0.0005,0.1,7895.038203576971,0,12248161.105999999,12256056.144203575,256305.7714287255,0,0
0,2019-07-19,A share,long_only,CNY,U,0.001,0.00012,0.0,1,0.0005,0.1,7895.6395437808815,0,12310039.727,12317935.366543781,256305.7714287255,0,0
0,2019-07-22,A share,long_only,CNY,U,0.001,0.00012,0.0,1,0.0005,0.1,7896.240929786982,0,12252921.885,12260818.125929786,256305.7714287255,0,0
0,2019-07-23,A share,long_only,CNY,U,0.001,0.00012,0.0,1,0.0005,0.1,7896.842361598761,0,12304007.172,12311904.0143616,256305.7714287255,0,0
0,2019-07-24,A share,long_only,CNY,U,0.001,0.00012,0.0,1,0.0005,0.1,7897.443839219708,0,12349689.678,12357587.12183922,256305.7714287255,0,0
0,2019-07-25,A share,long_only,CNY,U,0.001,0.00012,0.0,1,0.0005,0.1,7898.045362653312,0,12385285.812,12393183.857362654,256305.7714287255,0,0
0,2019-07-26,A share,long_only,CNY,U,0.001,0.00012,0.0,1,0.0005,0.1,7898.646931903062,0,12337599.1,12345497.746931903,256305.7714287255,0,0
0,2019-07-29,A share,long_only,CNY,U,0.001,0.00012,0.0,1,0.0005,0.1,7899.248546972448,0,12380438.66,12388337.908546973,256305.7714287255,0,0
0,2019-07-30,A share,long_only,CNY,U,0.001,0.00012,0.0,1,0.0005,0.1,7899.850207864959,0,12379821.063,12387720.913207864,256305.7714287255,0,0
0,2019-07-31,A share,long_only,CNY,U,0.001,0.00012,0.0,1,0.0005,0.1,19134.409067616558,0,12315375.829,12334510.238067616,263007.2698656734,0,0
0,2019-08-01,A share,long_only,CNY,U,0.001,0.00012,0.0,1,0.0005,0.1,19135.86647531412,0,12214990.876999998,12234126.743475312,263007.2698656734,0,0
0,2019-08-02,A share,long_only,CNY,U,0.001,0.00012,0.0,1,0.0005,0.1,19137.323994017836,0,12273525.248,12292662.571994018,263007.2698656734,0,0
0,2019-08-05,A share,long_only,CNY,U,0.001,0.00012,0.0,1,0.0005,0.1,19138.781623736162,0,12336345.350000001,12355484.131623738,263007.2698656734,0,0
0,2019-08-06,A share,long_only,CNY,U,0.001,0.00012,0.0,1,0.0005,0.1,19140.239364477555,0,12251130.219999999,12270270.459364476,263007.2698656734,0,0
0,2019-08-07,A share,long_only,CNY,U,0.001,0.00012,0.0,1,0.0005,0.1,19141.69721625047,0,12327598.02,12346739.71721625,263007.2698656734,0,0
0,2019-08-08,A share,long_only,CNY,U,0.001,0.00012,0.0,1,0.0005,0.1,19143.155179063368,0,12390518.262,12409661.417179063,263007.2698656734,0,0
0,2019-08-09,A share,long_only,CNY,U,0.001,0.00012,0.0,1,0.0005,0.1,19144.6132529247,0,12480261.73,12499406.343252925,263007.2698656734,0,0
0,2019-08-12,A share,long_only,CNY,U,0.001,0.00012,0.0,1,0.0005,0.1,19146.07143784293,0,12475272.1,12494418.171437843,263007.2698656734,0,0
0,2019-08-13,A share,long_only,CNY,U,0.001,0.00012,0.0,1,0.0005,0.1,19147.52973382651,0,12454294.5,12473442.029733827,263007.2698656734,0,0
0,2019-08-14,A share,long_only,CNY,U,0.001,0.00012,0.0,1,0.0005,0.1,19148.98814088391,0,12445167.43,12464316.418140884,263007.2698656734,0,0
0,2019-08-15,A share,long_only,CNY,U,0.001,0.00012,0.0,1,0.0005,0.1,83.94168083891591,0,12378138.357,12378222.29868084,270013.7227188048,0,0
0,2019-08-16,A share,long_only,CNY,U,0.001,0.00012,0.0,1,0.0005,0.1,83.94807441247069,0,12392298.03,12392381.97807441,270013.7227188048,0,0
0,2019-08-19,A share,long_only,CNY,U,0.001,0.00012,0.0,1,0.0005,0.1,83.95446847300383,0,12429541.295999998,12429625.250468472,270013.7227188048,0,0
0,2019-08-20,A share,long_only,CNY,U,0.001,0.00012,0.0,1,0.0005,0.1,83.96086302055242,0,12440529.920999998,12440613.881863018,270013.7227188048,0,0
0,2019-08-21,A share,long_only,CNY,U,0.001,0.00012,0.0,1,0.0005,0.1,83.96725805515358,0,12434697.800999999,12434781.768258054,270013.7227188048,0,0
0,2019-08-22,A share,long_only,CNY,U,0.001,0.00012,0.0,1,0.0005,0.1,83.97365357684438,0,12465303.557,12465387.530653577,270013.7227188048,0,0
0,2019-08-23,A share,long_only,CNY,U,0.001,0.00012,0.0,1,0.0005,0.1,83.98004958566194,0,12485221.544999998,12485305.525049584,270013.7227188048,0,0
0,2019-08-26,A share,long_only,CNY,U,0.001,0.00012,0.0,1,0.0005,0.1,83.98644608164335,0,12517229.098000001,12517313.084446082,270013.7227188048,0,0
0,2019-08-27,A share,long_only,CNY,U,0.001,0.00012,0.0,1,0.0005,0.1,83.99284306482572,0,12569751.94,12569835.932843065,270013.7227188048,0,0
0,2019-08-28,A share,long_only,CNY,U,0.001,0.00012,0.0,1,0.0005,0.1,83.99924053524616,0,12567400.287,12567484.286240535,270013.7227188048,0,0
0,2019-08-29,A share,long_only,CNY,U,0.001,0.00012,0.0,1,0.0005,0.1,84.00563849294178,0,12609326.246999998,12609410.25263849,270013.7227188048,0,0
0,2019-08-30,A share,long_only,CNY,U,0.001,0.00012,0.0,1,0.0005,0.1,39517.979209176614,0,12564587.920999998,12604105.900209175,270189.9588789408,0,0
0,2019-09-02,A share,long_only,CNY,U,0.001,0.00012,0.0,1,0.0005,0.1,39520.98916923799,0,12554335.03,12593856.019169237,270189.9588789408,0,0
0,2019-09-03,A share,long_only,CNY,U,0.001,0.00012,0.0,1,0.0005,0.1,39523.99935855855,0,12564205.03,12603729.029358558,270189.9588789408,0,0
0,2019-09-04,A share,long_only,CNY,U,0.001,0.00012,0.0,1,0.0005,0.1,39527.00977715575,0,12595665.962,12635192.971777156,270189.9588789408,0,0
0,2019-09-05,A share,long_only,CNY,U,0.001,0.00012,0.0,1,0.0005,0.1,39530.020425047056,0,12656272.021000002,12695802.04142505,270189.9588789408,0,0
0,2019-09-06,A share,long_only,CNY,U,0.001,0.00012,0.0,1,0.0005,0.1,39533.03130224993,0,12590452.809999999,12629985.841302248,270189.9588789408,0,0
0,2019-09-09,A share,long_only,CNY,U,0.001,0.00012,0.0,1,0.0005,0.1,39536.04240878185,0,12616513.31,12656049.352408782,270189.9588789408,0,0
0,2019-09-10,A share,long_only,CNY,U,0.001,0.00012,0.0,1,0.0005,0.1,39539.05374466026,0,12558016.673,12597555.726744661,270189.9588789408,0,0
0,2019-09-11,A share,long_only,CNY,U,0.001,0.00012,0.0,1,0.0005,0.1,39542.06530990265,0,12592236.798,12631778.863309903,270189.9588789408,0,0
0,2019-09-12,A share,long_only,CNY,U,0.001,0.00012,0.0,1,0.0005,0.1,39545.077104526485,0,12617962.906000001,12657507.983104527,270189.9588789408,0,0
0,2019-09-13,A share,long_only,CNY,U,0.001,0.00012,0.0,1,0.0005,0.1,39548.08912854923,0,12617962.906000001,12657510.995128551,270189.9588789408,0,0
0,2019-09-16,A share,long_only,CNY,U,0.001,0.00012,0.0,1,0.0005,0.1,39551.10138198837,0,12612715.978999998,12652267.080381988,270189.9588789408,0,0
0,2019-09-17,A share,long_only,CNY,U,0.001,0.00012,0.0,1,0.0005,0.1,13700.062384289005,0,12620145.11,12633845.172384288,284093.741287786,0,0
0,2019-09-18,A share,long_only,CNY,U,0.001,0.00012,0.0,1,0.0005,0.1,13701.105874908724,0,12631959.647999998,12645660.753874907,284093.741287786,0,0
0,2019-09-19,A share,long_only,CNY,U,0.001,0.00012,0.0,1,0.0005,0.1,13702.149445007839,0,12634437.641999999,12648139.791445008,284093.741287786,0,0
0,2019-09-20,A share,long_only,CNY,U,0.001,0.00012,0.0,1,0.0005,0.1,13703.193094592401,0,12683340.032000002,12697043.225094594,284093.741287786,0,0
0,2019-09-23,A share,long_only,CNY,U,0.001,0.00012,0.0,1,0.0005,0.1,13704.236823668467,0,12665086.12,12678790.356823668,284093.741287786,0,0
0,2019-09-24,A share,long_only,CNY,U,0.001,0.00012,0.0,1,0.0005,0.1,13705.280632242091,0,12672696.728,12686402.008632243,284093.741287786,0,0
0,2019-09-25,A share,long_only,CNY,U,0.001,0.00012,0.0,1,0.0005,0.1,13706.324520319327,0,12601692.64,12615398.96452032,284093.741287786,0,0
0,2019-09-26,A share,long_only,CNY,U,0.001,0.00012,0.0,1,0.0005,0.1,13707.368487906233,0,12551106.338000001,12564813.706487907,284093.741287786,0,0
0,2019-09-27,A share,long_only,CNY,U,0.001,0.00012,0.0,1,0.0005,0.1,13708.412535008863,0,12539016.706,12552725.118535008,284093.741287786,0,0
0,2019-09-30,A share,long_only,CNY,U,0.001,0.00012,0.0,1,0.0005,0.1,13709.456661633274,0,12577196.778,12590906.234661635,284093.741287786,0,0
0,2019-10-01,A share,long_only,CNY,U,0.001,0.00012,0.0,1,0.0005,0.1,13710.500867785522,0,12577196.778,12590907.278867787,284093.741287786,0,0
0,2019-10-02,A share,long_only,CNY,U,0.001,0.00012,0.0,1,0.0005,0.1,13711.545153471665,0,12577196.778,12590908.323153473,284093.741287786,0,0
0,2019-10-03,A share,long_only,CNY,U,0.001,0.00012,0.0,1,0.0005,0.1,13712.589518697761,0,12577196.778,12590909.367518699,284093.741287786,0,0
0,2019-10-04,A share,long_only,CNY,U,0.001,0.00012,0.0,1,0.0005,0.1,13713.633963469869,0,12577196.778,12590910.41196347,284093.741287786,0,0
0,2019-10-07,A share,long_only,CNY,U,0.001,0.00012,0.0,1,0.0005,0.1,13714.678487794046,0,12577196.778,12590911.456487795,284093.741287786,0,0
0,2019-10-08,A share,long_only,CNY,U,0.001,0.00012,0.0,1,0.0005,0.1,13715.723091676353,0,12504614.782000002,12518330.505091678,284093.741287786,0,0
0,2019-10-09,A share,long_only,CNY,U,0.001,0.00012,0.0,1,0.0005,0.1,13292.567504888455,0,12496783.984000001,12510076.55150489,297747.1092504816,0,0
0,2019-10-10,A share,long_only,CNY,U,0.001,0.00012,0.0,1,0.0005,0.1,13293.579957906131,0,12512588.121999998,12525881.701957904,297747.1092504816,0,0
0,2019-10-11,A share,long_only,CNY,U,0.001,0.00012,0.0,1,0.0005,0.1,13294.592488039167,0,12573067.434,12586362.02648804,297747.1092504816,0,0
0,2019-10-14,A share,long_only,CNY,U,0.001,0.00012,0.0,1,0.0005,0.1,13295.605095293435,0,12596934.462,12610230.067095293,297747.1092504816,0,0
0,2019-10-15,A share,long_only,CNY,U,0.001,0.00012,0.0,1,0.0005,0.1,13296.617779674809,0,12645165.7,12658462.317779673,297747.1092504816,0,0
0,2019-10-16,A share,long_only,CNY,U,0.001,0.00012,0.0,1,0.0005,0.1,13297.630541189164,0,12711552.219999999,12724849.850541187,297747.1092504816,0,0
0,2019-10-17,A share,long_only,CNY,U,0.001,0.00012,0.0,1,0.0005,0.1,13298.643379842377,0,12700479.062,12713777.705379844,297747.1092504816,0,0
0,2019-10-18,A share,long_only,CNY,U,0.001,0.00012,0.0,1,0.0005,0.1,13299.65629564032,0,12700135.52,12713435.17629564,297747.1092504816,0,0
0,2019-10-21,A share,long_only,CNY,U,0.001,0.00012,0.0,1,0.0005,0.1,13300.66928858887,0,12685656.74,12698957.409288589,297747.1092504816,0,0
0,2019-10-22,A share,long_only,CNY,U,0.001,0.00012,0.0,1,0.0005,0.1,13301.682358693904,0,12734476.99,12747778.672358694,297747.1092504816,0,0
0,2019-10-23,A share,long_only,CNY,U,0.001,0.00012,0.0,1,0.0005,0.1,13302.6955059613,0,12693073.14,12706375.835505962,297747.1092504816,0,0
0,2019-10-24,A share,long_only,CNY,U,0.001,0.00012,0.0,1,0.0005,0.1,17329.49582377052,0,12716719.058,12734048.553823771,304909.528765283,0,0
0,2019-10-25,A share,long_only,CNY,U,0.001,0.00012,0.0,1,0.0005,0.1,17330.81575690873,0,12722851.41,12740182.22575691,304909.528765283,0,0
0,2019-10-28,A share,long_only,CNY,U,0.001,0.00012,0.0,1,0.0005,0.1,17332.13579058209,0,12743452.342,12760784.477790583,304909.528765283,0,0
0,2019-10-29,A share,long_only,CNY,U,0.001,0.00012,0.0,1,0.0005,0.1,17333.45592479826,0,12757670.2,12775003.655924797,304909.528765283,0,0
0,2019-10-30,A share,long_only,CNY,U,0.001,0.00012,0.0,1,0.0005,0.1,17334.7761595649,0,12743197.3,12760532.076159565,304909.528765283,0,0
0,2019-10-31,A share,long_only,CNY,U,0.001,0.00012,0.0,1,0.0005,0.1,17336.09649488966,0,12756681.63,12774017.72649489,304909.528765283,0,0
0,2019-11-01,A share,long_only,CNY,U,0.001,0.00012,0.0,1,0.0005,0.1,17337.41693078021,0,12759845.98,12777183.39693078,304909.528765283,0,0
0,2019-11-04,A share,long_only,CNY,U,0.001,0.00012,0.0,1,0.0005,0.1,17338.737467244206,0,12792218.880000003,12809557.617467247,304909.528765283,0,0
0,2019-11-05,A share,long_only,CNY,U,0.001,0.00012,0.0,1,0.0005,0.1,17340.058104289303,0,12837914.799999999,12855254.858104289,304909.528765283,0,0
0,2019-11-06,A share,long_only,CNY,U,0.001,0.00012,0.0,1,0.0005,0.1,17341.378841923168,0,12787950.919999998,12805292.298841922,304909.528765283,0,0
0,2019-11-07,A share,long_only,CNY,U,0.001,0.00012,0.0,1,0.0005,0.1,17342.69968015346,0,12809375.42,12826718.119680153,304909.528765283,0,0
0,2019-11-08,A share,long_only,CNY,U,0.001,0.00012,0.0,1,0.0005,0.1,23440.09397920057,0,12779602.3,12803042.393979201,311948.88322642277,0,0
0,2019-11-11,A share,long_only,CNY,U,0.001,0.00012,0.0,1,0.0005,0.1,23441.8793373622,0,12768943.299999999,12792385.179337362,311948.88322642277,0,0
0,2019-11-12,A share,long_only,CNY,U,0.001,0.00012,0.0,1,0.0005,0.1,23443.66483150894,0,12832913.600000001,12856357.264831511,311948.88322642277,0,0
0,2019-11-13,A share,long_only,CNY,U,0.001,0.00012,0.0,1,0.0005,0.1,23445.450461651148,0,12837086.899999999,12860532.350461649,311948.88322642277,0,0
0,2019-11-14,A share,long_only,CNY,U,0.001,0.00012,0.0,1,0.0005,0.1,23447.23622779918,0,12836615.600000001,12860062.8362278,311948.88322642277,0,0
0,2019-11-15,A share,long_only,CNY,U,0.001,0.00012,0.0,1,0.0005,0.1,23449.0221299634,0,12882594.0,12906043.022129964,311948.88322642277,0,0
0,2019-11-18,A share,long_only,CNY,U,0.001,0.00012,0.0,1,0.0005,0.1,23450.808168154163,0,12941895.4,12965346.208168155,311948.88322642277,0,0
0,2019-11-19,A share,long_only,CNY,U,0.001,0.00012,0.0,1,0.0005,0.1,23452.59434238183,0,12987460.8,13010913.394342383,311948.88322642277,0,0
0,2019-11-20,A share,long_only,CNY,U,0.001,0.00012,0.0,1,0.0005,0.1,23454.38065265677,0,12918206.5,12941660.880652657,311948.88322642277,0,0
0,2019-11-21,A share,long_only,CNY,U,0.001,0.00012,0.0,1,0.0005,0.1,23456.16709898934,0,12852851.7,12876307.867098989,311948.88322642277,0,0
0,2019-11-22,A share,long_only,CNY,U,0.001,0.00012,0.0,1,0.0005,0.1,23457.9536813899,0,12887920.1,12911378.05368139,311948.88322642277,0,0
0,2019-11-25,A share,long_only,CNY,U,0.001,0.00012,0.0,1,0.0005,0.1,10808.532500118064,0,12968715.3,12979523.832500119,312081.9275968867,0,0
0,2019-11-26,A share,long_only,CNY,U,0.001,0.00012,0.0,1,0.0005,0.1,10809.35575200995,0,13035504.5,13046313.85575201,312081.9275968867,0,0
0,2019-11-27,A share,long_only,CNY,U,0.001,0.00012,0.0,1,0.0005,0.1,10810.179066606339,0,13042404.4,13053214.579066606,312081.9275968867,0,0
0,2019-11-28,A share,long_only,CNY,U,0.001,0.00012,0.0,1,0.0005,0.1,10811.00244391201,0,13058450.700000001,13069261.702443913,312081.9275968867,0,0
0,2019-11-29,A share,long_only,CNY,U,0.001,0.00012,0.0,1,0.0005,0.1,10811.825883931737,0,13042741.6,13053553.425883932,312081.9275968867,0,0
0,2019-12-02,A share,long_only,CNY,U,0.001,0.00012,0.0,1,0.0005,0.1,10812.649386670299,0,13115362.0,13126174.64938667,312081.9275968867,0,0
0,2019-12-03,A share,long_only,CNY,U,0.001,0.00012,0.0,1,0.0005,0.1,10813.47295213247,0,12980101.799999999,12990915.272952132,312081.9275968867,0,0
0,2019-12-04,A share,long_only,CNY,U,0.001,0.00012,0.0,1,0.0005,0.1,10814.29658032303,0,12919862.200000001,12930676.496580325,312081.9275968867,0,0
0,2019-12-05,A share,long_only,CNY,U,0.001,0.00012,0.0,1,0.0005,0.1,10815.120271246757,0,12990444.6,13001259.720271247,312081.9275968867,0,0
0,2019-12-06,A share,long_only,CNY,U,0.001,0.00012,0.0,1,0.0005,0.1,10815.944024908427,0,12996368.399999999,13007184.344024908,312081.9275968867,0,0
0,2019-12-09,A share,long_only,CNY,U,0.001,0.00012,0.0,1,0.0005,0.1,10816.767841312821,0,13050097.4,13060914.167841313,312081.9275968867,0,0
0,2019-12-10,A share,long_only,CNY,U,0.001,0.00012,0.0,1,0.0005,0.1,4921.9193366451655,0,13009842.1,13014764.019336645,319237.8509601021,0,0
0,2019-12-11,A share,long_only,CNY,U,0.001,0.00012,0.0,1,0.0005,0.1,4922.294223745293,0,12993602.599999998,12998524.894223742,319237.8509601021,0,0
0,2019-12-12,A share,long_only,CNY,U,0.001,0.00012,0.0,1,0.0005,0.1,4922.66913939939,0,13048794.2,13053716.8691394,319237.8509601021,0,0
0,2019-12-13,A share,long_only,CNY,U,0.001,0.00012,0.0,1,0.0005,0.1,4923.044083609631,0,13080647.3,13085570.34408361,319237.8509601021,0,0
0,2019-12-16,A share,long_only,CNY,U,0.001,0.00012,0.0,1,0.0005,0.1,4923.419056378193,0,13123716.399999999,13128639.819056377,319237.8509601021,0,0
0,2019-12-17,A share,long_only,CNY,U,0.001,0.00012,0.0,1,0.0005,0.1,4923.79405770725,0,13170273.8,13175197.594057707,319237.8509601021,0,0
0,2019-12-18,A share,long_only,CNY,U,0.001,0.00012,0.0,1,0.0005,0.1,4924.169087598978,0,13118284.600000001,13123208.7690876,319237.8509601021,0,0
0,2019-12-19,A share,long_only,CNY,U,0.001,0.00012,0.0,1,0.0005,0.1,4924.544146055552,0,13093676.599999998,13098601.144146053,319237.8509601021,0,0
0,2019-12-20,A share,long_only,CNY,U,0.001,0.00012,0.0,1,0.0005,0.1,4924.919233079148,0,13149644.600000001,13154569.519233081,319237.8509601021,0,0
0,2019-12-23,A share,long_only,CNY,U,0.001,0.00012,0.0,1,0.0005,0.1,4925.294348671942,0,13195623.2,13200548.494348671,319237.8509601021,0,0
0,2019-12-24,A share,long_only,CNY,U,0.001,0.00012,0.0,1,0.0005,0.1,4925.669492836109,0,13235848.0,13240773.669492835,319237.8509601021,0,0
0,2019-12-25,A share,long_only,CNY,U,0.001,0.00012,0.0,1,0.0005,0.1,17922.439623058326,0,13204348.200000001,13222270.639623059,333859.8458217132,0,0
0,2019-12-26,A share,long_only,CNY,U,0.001,0.00012,0.0,1,0.0005,0.1,17923.804718858955,0,13243969.0,13261892.80471886,333859.8458217132,0,0
0,2019-12-27,A share,long_only,CNY,U,0.001,0.00012,0.0,1,0.0005,0.1,17925.169918634634,0,13331837.6,13349762.769918634,333859.8458217132,0,0
0,2019-12-30,A share,long_only,CNY,U,0.001,0.00012,0.0,1,0.0005,0.1,17926.535222393282,0,13349200.3,13367126.835222393,333859.8458217132,0,0
0,2019-12-31,A share,long_only,CNY,U,0.001,0.00012,0.0,1,0.0005,0.1,17927.900630142816,0,13343410.3,13361338.200630143,333859.8458217132,0,0
0,2020-01-02,A share,long_only,CNY,U,0.001,0.00012,0.0,1,0.0005,0.1,17929.266141891163,0,13411693.7,13429622.96614189,333859.8458217132,0,0
0,2020-01-03,A share,long_only,CNY,U,0.001,0.00012,0.0,1,0.0005,0.1,17930.63175764624,0,13459622.5,13477553.131757647,333859.8458217132,0,0
0,2020-01-06,A share,long_only,CNY,U,0.001,0.00012,0.0,1,0.0005,0.1,17931.997477415967,0,13457354.4,13475286.397477416,333859.8458217132,0,0
0,2020-01-07,A share,long_only,CNY,U,0.001,0.00012,0.0,1,0.0005,0.1,17933.363301208272,0,13497571.2,13515504.563301207,333859.8458217132,0,0
0,2020-01-08,A share,long_only,CNY,U,0.001,0.00012,0.0,1,0.0005,0.1,17934.729229031072,0,13404865.200000001,13422799.929229032,333859.8458217132,0,0
0,2020-01-09,A share,long_only,CNY,U,0.001,0.00012,0.0,1,0.0005,0.1,17936.095260892296,0,13485599.4,13503535.495260892,333859.8458217132,0,0
0,2020-01-10,A share,long_only,CNY,U,0.001,0.00012,0.0,1,0.0005,0.1,8722.379994538487,0,13527877.0,13536599.379994538,341560.2253936931,0,0
0,2020-01-13,A share,long_only,CNY,U,0.001,0.00012,0.0,1,0.0005,0.1,8723.044350761884,0,13503944.6,13512667.644350762,341560.2253936931,0,0
0,2020-01-14,A share,long_only,CNY,U,0.001,0.00012,0.0,1,0.0005,0.1,8723.708757587203,0,13576117.5,13584841.208757587,341560.2253936931,0,0
0,2020-01-15,A share,long_only,CNY,U,0.001,0.00012,0.0,1,0.0005,0.1,8724.373215018297,0,13582248.399999999,13590972.773215016,341560.2253936931,0,0
0,2020-01-16,A share,long_only,CNY,U,0.001,0.00012,0.0,1,0.0005,0.1,8725.037723059022,0,13595202.0,13603927.037723059,341560.2253936931,0,0
0,2020-01-17,A share,long_only,CNY,U,0.001,0.00012,0.0,1,0.0005,0.1,8725.702281713233,0,13601483.8,13610209.502281714,341560.2253936931,0,0
0,2020-01-20,A share,long_only,CNY,U,0.001,0.00012,0.0,1,0.0005,0.1,8726.366890984784,0,13553013.8,13561740.166890986,341560.2253936931,0,0
0,2020-01-21,A share,long_only,CNY,U,0.001,0.00012,0.0,1,0.0005,0.1,8727.031550877531,0,13547321.5,13556048.531550877,341560.2253936931,0,0
0,2020-01-22,A share,long_only,CNY,U,0.001,0.00012,0.0,1,0.0005,0.1,8727.69626139533,0,13490500.7,13499228.396261394,341560.2253936931,0,0
0,2020-01-23,A share,long_only,CNY,U,0.001,0.00012,0.0,1,0.0005,0.1,8728.361022542034,0,13463376.4,13472104.761022542,341560.2253936931,0,0
0,2020-01-24,A share,long_only,CNY,U,0.001,0.00012,0.0,1,0.0005,0.1,8729.025834321505,0,13463376.4,13472105.425834322,341560.2253936931,0,0
0,2020-01-27,A share,long_only,CNY,U,0.001,0.00012,0.0,1,0.0005,0.1,8729.690696737594,0,13463376.4,13472106.090696737,341560.2253936931,0,0
0,2020-01-28,A share,long_only,CNY,U,0.001,0.00012,0.0,1,0.0005,0.1,8730.355609794162,0,13463376.4,13472106.755609795,341560.2253936931,0,0
0,2020-01-29,A share,long_only,CNY,U,0.001,0.00012,0.0,1,0.0005,0.1,8731.020573495063,0,13463376.4,13472107.420573495,341560.2253936931,0,0
0,2020-01-30,A share,long_only,CNY,U,0.001,0.00012,0.0,1,0.0005,0.1,8731.685587844157,0,13463376.4,13472108.085587844,341560.2253936931,0,0
0,2020-01-31,A share,long_only,CNY,U,0.001,0.00012,0.0,1,0.0005,0.1,8732.350652845298,0,13463376.4,13472108.750652846,341560.2253936931,0,0
0,2020-02-03,A share,long_only,CNY,U,0.001,0.00012,0.0,1,0.0005,0.1,8733.015768502348,0,13107084.299999999,13115817.3157685,341560.2253936931,0,0
0,2020-02-04,A share,long_only,CNY,U,0.001,0.00012,0.0,1,0.0005,0.1,1495.3565887418529,0,13290158.3,13291653.656588743,356098.4984613825,0,0
0,2020-02-05,A share,long_only,CNY,U,0.001,0.00012,0.0,1,0.0005,0.1,1495.470485345366,0,13408361.899999999,13409857.370485343,356098.4984613825,0,0
0,2020-02-06,A share,long_only,CNY,U,0.001,0.00012,0.0,1,0.0005,0.1,1495.5843906240245,0,13522219.899999999,13523715.484390622,356098.4984613825,0,0
0,2020-02-07,A share,long_only,CNY,U,0.001,0.00012,0.0,1,0.0005,0.1,1495.6983045784898,0,13565841.0,13567336.698304579,356098.4984613825,0,0
0,2020-02-10,A share,long_only,CNY,U,0.001,0.00012,0.0,1,0.0005,0.1,1495.8122272094222,0,13605249.9,13606745.71222721,356098.4984613825,0,0
0,2020-02-11,A share,long_only,CNY,U,0.001,0.00012,0.0,1,0.0005,0.1,1495.9261585174827,0,13748040.8,13749536.726158518,356098.4984613825,0,0
0,2020-02-12,A share,long_only,CNY,U,0.001,0.00012,0.0,1,0.0005,0.1,1496.0400985033323,0,13869046.399999999,13870542.440098502,356098.4984613825,0,0
0,2020-02-13,A share,long_only,CNY,U,0.001,0.00012,0.0,1,0.0005,0.1,1496.154047167632,0,14172450.1,14173946.254047167,356098.4984613825,0,0
0,2020-02-14,A share,long_only,CNY,U,0.001,0.00012,0.0,1,0.0005,0.1,1496.2680045110426,0,13906256.5,13907752.76800451,356098.4984613825,0,0
0,2020-02-17,A share,long_only,CNY,U,0.001,0.00012,0.0,1,0.0005,0.1,1496.3819705342253,0,13904854.3,13906350.681970535,356098.4984613825,0,0
0,2020-02-18,A share,long_only,CNY,U,0.001,0.00012,0.0,1,0.0005,0.1,1496.4959452378412,0,13769488.6,13770985.095945237,356098.4984613825,0,0
0,2020-02-19,A share,long_only,CNY,U,0.001,0.00012,0.0,1,0.0005,0.1,4067.0906958124738,0,13752512.9,13756579.990695814,364208.4134647085,0,0
0,2020-02-20,A share,long_only,CNY,U,0.001,0.00012,0.0,1,0.0005,0.1,4067.400473306297,0,13747278.0,13751345.400473306,364208.4134647085,0,0
0,2020-02-21,A share,long_only,CNY,U,0.001,0.00012,0.0,1,0.0005,0.1,4067.7102743948967,0,13712401.1,13716468.810274394,364208.4134647085,0,0
0,2020-02-24,A share,long_only,CNY,U,0.001,0.00012,0.0,1,0.0005,0.1,4068.02009908007,0,13634708.7,13638776.720099078,364208.4134647085,0,0
0,2020-02-25,A share,long_only,CNY,U,0.001,0.00012,0.0,1,0.0005,0.1,4068.329947363614,0,13633301.3,13637369.629947364,364208.4134647085,0,0
0,2020-02-26,A share,long_only,CNY,U,0.001,0.00012,0.0,1,0.0005,0.1,4068.639819247326,0,13586225.5,13590294.139819248,364208.4134647085,0,0
0,2020-02-27,A share,long_only,CNY,U,0.001,0.00012,0.0,1,0.0005,0.1,4068.9497147330044,0,13534292.5,13538361.449714733,364208.4134647085,0,0
0,2020-02-28,A share,long_only,CNY,U,0.001,0.00012,0.0,1,0.0005,0.1,4069.259633822446,0,13360881.399999999,13364950.65963382,364208.4134647085,0,0
0,2020-03-02,A share,long_only,CNY,U,0.001,0.00012,0.0,1,0.0005,0.1,4069.569576517449,0,13421011.799999999,13425081.369576516,364208.4134647085,0,0
0,2020-03-03,A share,long_only,CNY,U,0.001,0.00012,0.0,1,0.0005,0.1,4069.8795428198114,0,13398838.1,13402907.97954282,364208.4134647085,0,0
0,2020-03-04,A share,long_only,CNY,U,0.001,0.00012,0.0,1,0.0005,0.1,4070.189532731331,0,13460128.200000001,13464198.389532732,364208.4134647085,0,0
0,2020-03-05,A share,long_only,CNY,U,0.001,0.00012,0.0,1,0.0005,0.1,163590.34051173346,0,13302362.2,13465952.540511733,378767.6216979302,0,0
0,2020-03-06,A share,long_only,CNY,U,0.001,0.00012,0.0,1,0.0005,0.1,163602.80067293654,0,13322441.7,13486044.500672936,378767.6216979302,0,0
0,2020-03-09,A share,long_only,CNY,U,0.001,0.00012,0.0,1,0.0005,0.1,163615.2617831909,0,13184413.3,13348028.56178319,378767.6216979302,0,0
0,2020-03-10,A share,long_only,CNY,U,0.001,0.00012,0.0,1,0.0005,0.1,163627.72384256875,0,13170914.2,13334541.923842568,378767.6216979302,0,0
0,2020-03-11,A share,long_only,CNY,U,0.001,0.00012,0.0,1,0.0005,0.1,163640.18685114247,0,13152874.3,13316514.486851143,378767.6216979302,0,0
0,2020-03-12,A share,long_only,CNY,U,0.001,0.00012,0.0,1,0.0005,0.1,163652.6508089843,0,13048514.399999999,13212167.050808983,378767.6216979302,0,0
0,2020-03-13,A share,long_only,CNY,U,0.001,0.00012,0.0,1,0.0005,0.1,163665.11571616656,0,12928022.299999999,13091687.415716166,378767.6216979302,0,0
0,2020-03-16,A share,long_only,CNY,U,0.001,0.00012,0.0,1,0.0005,0.1,163677.58157276156,0,12785811.299999999,12949488.88157276,378767.6216979302,0,0
0,2020-03-17,A share,long_only,CNY,U,0.001,0.00012,0.0,1,0.0005,0.1,163690.0483788416,0,12625824.8,12789514.848378843,378767.6216979302,0,0
0,2020-03-18,A share,long_only,CNY,U,0.001,0.00012,0.0,1,0.0005,0.1,163702.51613447902,0,12691155.200000001,12854857.71613448,378767.6216979302,0,0
0,2020-03-19,A share,long_only,CNY,U,0.001,0.00012,0.0,1,0.0005,0.1,163714.98483974615,0,12607501.399999999,12771216.384839745,378767.6216979302,0,0
0,2020-03-20,A share,long_only,CNY,U,0.001,0.00012,0.0,1,0.0005,0.1,159.12328278465247,0,12893353.7,12893512.823282784,379520.09537388815,0,0
0,2020-03-23,A share,long_only,CNY,U,0.001,0.00012,0.0,1,0.0005,0.1,159.1354027041322,0,12968252.615999999,12968411.751402702,379520.09537388815,0,0
0,2020-03-24,A share,long_only,CNY,U,0.001,0.00012,0.0,1,0.0005,0.1,159.147523546748,0,13133327.64,13133486.787523547,379520.09537388815,0,0
0,2020-03-25,A share,long_only,CNY,U,0.001,0.00012,0.0,1,0.0005,0.1,159.15964531257026,0,13302831.476,13302990.635645313,379520.09537388815,0,0
0,2020-03-26,A share,long_only,CNY,U,0.001,0.00012,0.0,1,0.0005,0.1,159.17176800166925,0,13225293.18,13225452.351768002,379520.09537388815,0,0
0,2020-03-27,A share,long_only,CNY,U,0.001,0.00012,0.0,1,0.0005,0.1,159.1838916141153,0,13271869.732,13272028.915891616,379520.09537388815,0,0
0,2020-03-30,A share,long_only,CNY,U,0.001,0.00012,0.0,1,0.0005,0.1,159.19601614997876,0,13251743.652,13251902.84801615,379520.09537388815,0,0
0,2020-03-31,A share,long_only,CNY,U,0.001,0.00012,0.0,1,0.0005,0.1,159.2081416093299,0,13271624.787999999,13271783.996141609,379520.09537388815,0,0
0,2020-04-01,A share,long_only,CNY,U,0.001,0.00012,0.0,1,0.0005,0.1,159.22026799223914,0,13161999.8,13162159.020267993,379520.09537388815,0,0
0,2020-04-02,A share,long_only,CNY,U,0.001,0.00012,0.0,1,0.0005,0.1,159.2323952987768,0,13203353.582,13203512.8143953,379520.09537388815,0,0
0,2020-04-03,A share,long_only,CNY,U,0.001,0.00012,0.0,1,0.0005,0.1,159.24452352901318,0,13174364.094,13174523.33852353,379520.09537388815,0,0
0,2020-04-06,A share,long_only,CNY,U,0.001,0.00012,0.0,1,0.0005,0.1,159.2566526830187,0,13174364.094,13174523.350652684,379520.09537388815,0,0
0,2020-04-07,A share,long_only,CNY,U,0.001,0.00012,0.0,1,0.0005,0.1,194989.1473093808,0,13145915.636,13340904.783309381,379836.35529553215,0,0
0,2020-04-08,A share,long_only,CNY,U,0.001,0.00012,0.0,1,0.0005,0.1,195003.99901884436,0,13100663.1,13295667.099018844,379836.35529553215,0,0
0,2020-04-09,A share,long_only,CNY,U,0.001,0.00012,0.0,1,0.0005,0.1,195018.85185951588,0,13150147.352,13345166.203859515,379836.35529553215,0,0
0,2020-04-10,A share,long_only,CNY,U,0.001,0.00012,0.0,1,0.0005,0.1,195033.70583148152,0,13138088.514,13333122.219831482,379836.35529553215,0,0
0,2020-04-13,A share,long_only,CNY,U,0.001,0.00012,0.0,1,0.0005,0.1,195048.56093482743,0,13111486.398,13306534.958934827,379836.35529553215,0,0
0,2020-04-14,A share,long_only,CNY,U,0.001,0.00012,0.0,1,0.0005,0.1,195063.4171696398,0,13189024.708,13384088.12516964,379836.35529553215,0,0
0,2020-04-15,A share,long_only,CNY,U,0.001,0.00012,0.0,1,0.0005,0.1,195078.2745360048,0,13186561.083999999,13381639.358536003,379836.35529553215,0,0
0,2020-04-16,A share,long_only,CNY,U,0.001,0.00012,0.0,1,0.0005,0.1,195093.13303400864,0,13138545.114,13333638.24703401,379836.35529553215,0,0
0,2020-04-17,A share,long_only,CNY,U,0.001,0.00012,0.0,1,0.0005,0.1,195107.99266373747,0,13119200.149999999,13314308.142663736,379836.35529553215,0,0
0,2020-04-20,A share,long_only,CNY,U,0.001,0.00012,0.0,1,0.0005,0.1,195122.85342527754,0,13069101.572,13264224.425425278,379836.35529553215,0,0
0,2020-04-21,A share,long_only,CNY,U,0.001,0.00012,0.0,1,0.0005,0.1,195137.71531871503,0,13050314.610000001,13245452.325318716,379836.35529553215,0,0
0,2020-04-22,A share,long_only,CNY,U,0.001,0.00012,0.0,1,0.0005,0.1,14282.59314739845,0,13268811.534,13283094.127147399,394211.56524415174,0,0
0,2020-04-23,A share,long_only,CNY,U,0.001,0.00012,0.0,1,0.0005,0.1,14283.681007552404,0,13373536.316,13387819.997007553,394211.56524415174,0,0
0,2020-04-24,A share,long_only,CNY,U,0.001,0.00012,0.0,1,0.0005,0.1,14284.768950565243,0,13348517.114,13362801.882950565,394211.56524415174,0,0
0,2020-04-27,A share,long_only,CNY,U,0.001,0.00012,0.0,1,0.0005,0.1,14285.856976443276,0,13423412.413999999,13437698.270976443,394211.56524415174,0,0
0,2020-04-28,A share,long_only,CNY,U,0.001,0.00012,0.0,1,0.0005,0.1,14286.945085192814,0,13466892.203999998,13481179.14908519,394211.56524415174,0,0
0,2020-04-29,A share,long_only,CNY,U,0.001,0.00012,0.0,1,0.0005,0.1,14288.03327682017,0,13596937.866,13611225.899276821,394211.56524415174,0,0
0,2020-04-30,A share,long_only,CNY,U,0.001,0.00012,0.0,1,0.0005,0.1,14289.121551331657,0,13704711.918,13719001.03955133,394211.56524415174,0,0
0,2020-05-01,A share,long_only,CNY,U,0.001,0.00012,0.0,1,0.0005,0.1,14290.209908733586,0,13704711.918,13719002.127908733,394211.56524415174,0,0
0,2020-05-04,A share,long_only,CNY,U,0.001,0.00012,0.0,1,0.0005,0.1,14291.298349032273,0,13704711.918,13719003.216349032,394211.56524415174,0,0
0,2020-05-05,A share,long_only,CNY,U,0.001,0.00012,0.0,1,0.0005,0.1,14292.38687223403,0,13704711.918,13719004.304872233,394211.56524415174,0,0
0,2020-05-06,A share,long_only,CNY,U,0.001,0.00012,0.0,1,0.0005,0.1,14293.475478345174,0,13590873.351999998,13605166.827478344,394211.56524415174,0,0
0,2020-05-07,A share,long_only,CNY,U,0.001,0.00012,0.0,1,0.0005,0.1,14294.564167372017,0,13507134.956,13521429.520167373,394211.56524415174,0,0
0,2020-05-08,A share,long_only,CNY,U,0.001,0.00012,0.0,1,0.0005,0.1,14295.652939320875,0,13622984.100000001,13637279.752939323,394211.56524415174,0,0
0,2020-05-11,A share,long_only,CNY,U,0.001,0.00012,0.0,1,0.0005,0.1,14296.741794198064,0,13638511.382,13652808.123794198,394211.56524415174,0,0
0,2020-05-12,A share,long_only,CNY,U,0.001,0.00012,0.0,1,0.0005,0.1,19715.8018058286,0,13550907.46,13570623.261805829,409436.9068087032,0,0
0,2020-05-13,A share,long_only,CNY,U,0.001,0.00012,0.0,1,0.0005,0.1,19717.303496380624,0,13545066.226,13564783.529496381,409436.9068087032,0,0
0,2020-05-14,A share,long_only,CNY,U,0.001,0.00012,0.0,1,0.0005,0.1,19718.805301311688,0,13507544.908,13527263.713301312,409436.9068087032,0,0
0,2020-05-15,A share,long_only,CNY,U,0.001,0.00012,0.0,1,0.0005,0.1,19720.307220630508,0,13566327.780000001,13586048.087220632,409436.9068087032,0,0
0,2020-05-18,A share,long_only,CNY,U,0.001,0.00012,0.0,1,0.0005,0.1,19721.809254345793,0,13638104.058,13657825.867254347,409436.9068087032,0,0
0,2020-05-19,A share,long_only,CNY,U,0.001,0.00012,0.0,1,0.0005,0.1,19723.311402466257,0,13657723.262,13677446.573402466,409436.9068087032,0,0
0,2020-05-20,A share,long_only,CNY,U,0.001,0.00012,0.0,1,0.0005,0.1,19724.813665000613,0,13639069.197999999,13658794.011665,409436.9068087032,0,0
0,2020-05-21,A share,long_only,CNY,U,0.001,0.00012,0.0,1,0.0005,0.1,19726.316041957576,0,13606281.52,13626007.836041957,409436.9068087032,0,0
0,2020-05-22,A share,long_only,CNY,U,0.001,0.00012,0.0,1,0.0005,0.1,19727.818533345864,0,13509995.5,13529723.318533346,409436.9068087032,0,0
0,2020-05-25,A share,long_only,CNY,U,0.001,0.00012,0.0,1,0.0005,0.1,19729.32113917419,0,13568205.188000001,13587934.509139175,409436.9068087032,0,0
0,2020-05-26,A share,long_only,CNY,U,0.001,0.00012,0.0,1,0.0005,0.1,19730.82385945127,0,13644853.200000001,13664584.023859452,409436.9068087032,0,0
0,2020-05-27,A share,long_only,CNY,U,0.001,0.00012,0.0,1,0.0005,0.1,13619.452629739726,0,13579511.1,13593130.552629739,424429.0153102387,0,0
0,2020-05-28,A share,long_only,CNY,U,0.001,0.00012,0.0,1,0.0005,0.1,13620.489980568225,0,13634199.986000001,13647820.47598057,424429.0153102387,0,0
0,2020-05-29,A share,long_only,CNY,U,0.001,0.00012,0.0,1,0.0005,0.1,13621.527410408471,0,13632800.04,13646421.567410408,424429.0153102387,0,0
0,2020-06-01,A share,long_only,CNY,U,0.001,0.00012,0.0,1,0.0005,0.1,13622.564919266482,0,13662783.76,13676406.324919267,424429.0153102387,0,0
0,2020-06-02,A share,long_only,CNY,U,0.001,0.00012,0.0,1,0.0005,0.1,13623.602507148276,0,13666952.62,13680576.222507147,424429.0153102387,0,0
0,2020-06-03,A share,long_only,CNY,U,0.001,0.00012,0.0,1,0.0005,0.1,13624.640174059874,0,13684965.238,13698589.87817406,424429.0153102387,0,0
0,2020-06-04,A share,long_only,CNY,U,0.001,0.00012,0.0,1,0.0005,0.1,13625.677920007292,0,13694826.038,13708451.715920009,424429.0153102387,0,0
0,2020-06-05,A share,long_only,CNY,U,0.001,0.00012,0.0,1,0.0005,0.1,13626.715744996553,0,13679382.095999999,13693008.811744995,424429.0153102387,0,0
0,2020-06-08,A share,long_only,CNY,U,0.001,0.00012,0.0,1,0.0005,0.1,13627.753649033675,0,13643436.961999997,13657064.715649031,424429.0153102387,0,0
0,2020-06-09,A share,long_only,CNY,U,0.001,0.00012,0.0,1,0.0005,0.1,13628.791632124681,0,13675833.240000002,13689462.031632127,424429.0153102387,0,0
0,2020-06-10,A share,long_only,CNY,U,0.001,0.00012,0.0,1,0.0005,0.1,13629.82969427559,0,13705607.362,13719237.191694275,424429.0153102387,0,0
0,2020-06-11,A share,long_only,CNY,U,0.001,0.00012,0.0,1,0.0005,0.1,9211.193196118864,0,13671434.562,13680645.75519612,439617.85334254836,0,0
0,2020-06-12,A share,long_only,CNY,U,0.001,0.00012,0.0,1,0.0005,0.1,9211.894783704887,0,13488991.068,13498202.962783705,439617.85334254836,0,0
0,2020-06-15,A share,long_only,CNY,U,0.001,0.00012,0.0,1,0.0005,0.1,9212.596424728628,0,13245269.345999999,13254481.942424728,439617.85334254836,0,0
0,2020-06-16,A share,long_only,CNY,U,0.001,0.00012,0.0,1,0.0005,0.1,9213.298119194158,0,13629103.618,13638316.916119196,439617.85334254836,0,0
0,2020-06-17,A share,long_only,CNY,U,0.001,0.00012,0.0,1,0.0005,0.1,9213.999867105545,0,13672826.962000001,13682040.961867107,439617.85334254836,0,0
0,2020-06-18,A share,long_only,CNY,U,0.001,0.00012,0.0,1,0.0005,0.1,9214.701668466862,0,13617168.799999999,13626383.501668466,439617.85334254836,0,0
0,2020-06-19,A share,long_only,CNY,U,0.001,0.00012,0.0,1,0.0005,0.1,9215.403523282179,0,13647545.262000002,13656760.665523285,439617.85334254836,0,0
0,2020-06-22,A share,long_only,CNY,U,0.001,0.00012,0.0,1,0.0005,0.1,9216.105431555567,0,13610171.180000002,13619387.285431556,439617.85334254836,0,0
0,2020-06-23,A share,long_only,CNY,U,0.001,0.00012,0.0,1,0.0005,0.1,9216.8073932911,0,13647007.899999999,13656224.70739329,439617.85334254836,0,0
0,2020-06-24,A share,long_only,CNY,U,0.001,0.00012,0.0,1,0.0005,0.1,9217.509408492846,0,13694697.78,13703915.289408492,439617.85334254836,0,0
0,2020-06-25,A share,long_only,CNY,U,0.001,0.00012,0.0,1,0.0005,0.1,9218.211477164881,0,13694697.78,13703915.991477164,439617.85334254836,0,0
0,2020-06-26,A share,long_only,CNY,U,0.001,0.00012,0.0,1,0.0005,0.1,9218.913599311276,0,13694697.78,13703916.69359931,439617.85334254836,0,0
0,2020-06-29,A share,long_only,CNY,U,0.001,0.00012,0.0,1,0.0005,0.1,9219.615774936105,0,13454944.98,13464164.595774937,439617.85334254836,0,0
0,2020-06-30,A share,long_only,CNY,U,0.001,0.00012,0.0,1,0.0005,0.1,77694.99705740152,0,13422599.280000001,13500294.277057402,461720.08939269383,0,0
0,2020-07-01,A share,long_only,CNY,U,0.001,0.00012,0.0,1,0.0005,0.1,77700.91484071917,0,13589424.4,13667125.31484072,461720.08939269383,0,0
0,2020-07-02,A share,long_only,CNY,U,0.001,0.00012,0.0,1,0.0005,0.1,77706.83307477574,0,13669065.64,13746772.473074777,461720.08939269383,0,0
0,2020-07-03,A share,long_only,CNY,U,0.001,0.00012,0.0,1,0.0005,0.1,77712.75175960557,0,13771748.0,13849460.751759605,461720.08939269383,0,0
0,2020-07-06,A share,long_only,CNY,U,0.001,0.00012,0.0,1,0.0005,0.1,77718.67089524299,0,13995624.920000002,14073343.590895245,461720.08939269383,0,0
0,2020-07-07,A share,long_only,CNY,U,0.001,0.00012,0.0,1,0.0005,0.1,77724.59048172233,0,14003684.48,14081409.070481723,461720.08939269383,0,0
0,2020-07-08,A share,long_only,CNY,U,0.001,0.00012,0.0,1,0.0005,0.1,77730.51051907794,0,14111779.8,14189510.310519079,461720.08939269383,0,0
0,2020-07-09,A share,long_only,CNY,U,0.001,0.00012,0.0,1,0.0005,0.1,77736.43100734416,0,14238706.08,14316442.511007344,461720.08939269383,0,0
0,2020-07-10,A share,long_only,CNY,U,0.001,0.00012,0.0,1,0.0005,0.1,77742.35194655533,0,14101347.82,14179090.171946555,461720.08939269383,0,0
0,2020-07-13,A share,long_only,CNY,U,0.001,0.00012,0.0,1,0.0005,0.1,77748.2733367458,0,14208443.520000001,14286191.793336747,461720.08939269383,0,0
0,2020-07-14,A share,long_only,CNY,U,0.001,0.00012,0.0,1,0.0005,0.1,77754.19517794992,0,14119068.16,14196822.35517795,461720.08939269383,0,0
0,2020-07-15,A share,long_only,CNY,U,0.001,0.00012,0.0,1,0.0005,0.1,13392.305269967264,0,14111736.7,14125129.005269967,469892.50527271756,0,0
0,2020-07-16,A share,long_only,CNY,U,0.001,0.00012,0.0,1,0.0005,0.1,13393.325319696502,0,13986658.7,14000052.025319695,469892.50527271756,0,0
0,2020-07-17,A share,long_only,CNY,U,0.001,0.00012,0.0,1,0.0005,0.1,13394.345447119715,0,14052712.0,14066106.34544712,469892.50527271756,0,0
0,2020-07-20,A share,long_only,CNY,U,0.001,0.00012,0.0,1,0.0005,0.1,13395.365652242823,0,14260925.600000001,14274320.965652244,469892.50527271756,0,0
0,2020-07-21,A share,long_only,CNY,U,0.001,0.00012,0.0,1,0.0005,0.1,13396.385935071743,0,14287325.1,14300721.485935071,469892.50527271756,0,0
0,2020-07-22,A share,long_only,CNY,U,0.001,0.00012,0.0,1,0.0005,0.1,13397.406295612394,0,14416418.0,14429815.406295612,469892.50527271756,0,0
0,2020-07-23,A share,long_only,CNY,U,0.001,0.00012,0.0,1,0.0005,0.1,13398.426733870696,0,14479761.0,14493159.42673387,469892.50527271756,0,0
0,2020-07-24,A share,long_only,CNY,U,0.001,0.00012,0.0,1,0.0005,0.1,13399.447249852567,0,14428062.4,14441461.847249852,469892.50527271756,0,0
0,2020-07-27,A share,long_only,CNY,U,0.001,0.00012,0.0,1,0.0005,0.1,13400.467843563927,0,14596063.3,14609463.767843565,469892.50527271756,0,0
0,2020-07-28,A share,long_only,CNY,U,0.001,0.00012,0.0,1,0.0005,0.1,13401.488515010697,0,14525792.8,14539194.28851501,469892.50527271756,0,0
0,2020-07-29,A share,long_only,CNY,U,0.001,0.00012,0.0,1,0.0005,0.1,13402.509264198798,0,14574755.899999999,14588158.409264198,469892.50527271756,0,0
0,2020-07-30,A share,long_only,CNY,U,0.001,0.00012,0.0,1,0.0005,0.1,21812.29049525029,0,14548000.9,14569813.19049525,494091.78528862883,0,0
0,2020-07-31,A share,long_only,CNY,U,0.001,0.00012,0.0,1,0.0005,0.1,21813.951868745382,0,14544566.600000001,14566380.551868746,494091.78528862883,0,0
0,2020-08-03,A share,long_only,CNY,U,0.001,0.00012,0.0,1,0.0005,0.1,21815.613368782062,0,14518853.4,14540669.013368782,494091.78528862883,0,0
0,2020-08-04,A share,long_only,CNY,U,0.001,0.00012,0.0,1,0.0005,0.1,21817.27499536997,0,14588043.600000001,14609860.874995371,494091.78528862883,0,0
0,2020-08-05,A share,long_only,CNY,U,0.001,0.00012,0.0,1,0.0005,0.1,21818.936748518747,0,14673015.6,14694834.53674852,494091.78528862883,0,0
0,2020-08-06,A share,long_only,CNY,U,0.001,0.00012,0.0,1,0.0005,0.1,21820.598628238025,0,14700380.399999999,14722200.998628236,494091.78528862883,0,0
0,2020-08-07,A share,long_only,CNY,U,0.001,0.00012,0.0,1,0.0005,0.1,21822.26063453745,0,14743466.5,14765288.760634538,494091.78528862883,0,0
0,2020-08-10,A share,long_only,CNY,U,0.001,0.00012,0.0,1,0.0005,0.1,21823.922767426666,0,14755301.899999999,14777125.822767425,494091.78528862883,0,0
0,2020-08-11,A share,long_only,CNY,U,0.001,0.00012,0.0,1,0.0005,0.1,21825.58502691531,0,14709914.899999999,14731740.485026915,494091.78528862883,0,0
0,2020-08-12,A share,long_only,CNY,U,0.001,0.00012,0.0,1,0.0005,0.1,21827.247413013025,0,14482321.799999997,14504149.04741301,494091.78528862883,0,0
0,2020-08-13,A share,long_only,CNY,U,0.001,0.00012,0.0,1,0.0005,0.1,21828.909925729455,0,14612235.7,14634064.609925728,494091.78528862883,0,0
0,2020-08-14,A share,long_only,CNY,U,0.001,0.00012,0.0,1,0.0005,0.1,16294.38376199832,0,14624689.2,14640983.583761998,510231.5524497485,0,0
0,2020-08-17,A share,long_only,CNY,U,0.001,0.00012,0.0,1,0.0005,0.1,16295.624853909643,0,14584773.0,14601068.624853909,510231.5524497485,0,0
0,2020-08-18,A share,long_only,CNY,U,0.001,0.00012,0.0,1,0.0005,0.1,16296.86604035103,0,14586778.0,14603074.86604035,510231.5524497485,0,0
0,2020-08-19,A share,long_only,CNY,U,0.001,0.00012,0.0,1,0.0005,0.1,16298.107321329679,0,14598431.500000002,14614729.607321331,510231.5524497485,0,0
0,2020-08-20,A share,long_only,CNY,U,0.001,0.00012,0.0,1,0.0005,0.1,16299.348696852792,0,14545772.000000002,14562071.348696854,510231.5524497485,0,0
0,2020-08-21,A share,long_only,CNY,U,0.001,0.00012,0.0,1,0.0005,0.1,16300.590166927572,0,14566864.3,14583164.890166929,510231.5524497485,0,0
0,2020-08-24,A share,long_only,CNY,U,0.001,0.00012,0.0,1,0.0005,0.1,16301.831731561217,0,14594068.000000002,14610369.831731563,510231.5524497485,0,0
0,2020-08-25,A share,long_only,CNY,U,0.001,0.00012,0.0,1,0.0005,0.1,16303.073390760932,0,14763462.299999999,14779765.37339076,510231.5524497485,0,0
0,2020-08-26,A share,long_only,CNY,U,0.001,0.00012,0.0,1,0.0005,0.1,16304.315144533919,0,14670705.0,14687009.315144533,510231.5524497485,0,0
0,2020-08-27,A share,long_only,CNY,U,0.001,0.00012,0.0,1,0.0005,0.1,16305.556992887381,0,14747619.2,14763924.756992886,510231.5524497485,0,0
0,2020-08-28,A share,long_only,CNY,U,0.001,0.00012,0.0,1,0.0005,0.1,16306.798935828523,0,14737324.9,14753631.69893583,510231.5524497485,0,0
0,2020-08-31,A share,long_only,CNY,U,0.001,0.00012,0.0,1,0.0005,0.1,34618.99047144084,0,14737320.899999999,14771939.89047144,518550.09753282624,0,0
0,2020-09-01,A share,long_only,CNY,U,0.001,0.00012,0.0,1,0.0005,0.1,34621.62729095361,0,14659820.100000001,14694441.727290954,518550.09753282624,0,0
0,2020-09-02,A share,long_only,CNY,U,0.001,0.00012,0.0,1,0.0005,0.1,34624.26431130463,0,14831218.5,14865842.764311304,518550.09753282624,0,0
0,2020-09-03,A share,long_only,CNY,U,0.001,0.00012,0.0,1,0.0005,0.1,34626.90153250918,0,15120030.1,15154657.001532508,518550.09753282624,0,0
0,2020-09-04,A share,long_only,CNY,U,0.001,0.00012,0.0,1,0.0005,0.1,34629.53895458257,0,14582950.4,14617579.938954582,518550.09753282624,0,0
0,2020-09-07,A share,long_only,CNY,U,0.001,0.00012,0.0,1,0.0005,0.1,34632.17657754009,0,14196470.9,14231103.07657754,518550.09753282624,0,0
0,2020-09-08,A share,long_only,CNY,U,0.001,0.00012,0.0,1,0.0005,0.1,34634.81440139705,0,14439091.999999998,14473726.814401396,518550.09753282624,0,0
0,2020-09-09,A share,long_only,CNY,U,0.001,0.00012,0.0,1,0.0005,0.1,34637.45242616875,0,14136929.700000001,14171567.15242617,518550.09753282624,0,0
0,2020-09-10,A share,long_only,CNY,U,0.001,0.00012,0.0,1,0.0005,0.1,34640.09065187049,0,14336957.7,14371597.790651869,518550.09753282624,0,0
0,2020-09-11,A share,long_only,CNY,U,0.001,0.00012,0.0,1,0.0005,0.1,34642.72907851757,0,14245022.7,14279665.429078517,518550.09753282624,0,0
0,2020-09-14,A share,long_only,CNY,U,0.001,0.00012,0.0,1,0.0005,0.1,34645.36770612531,0,14347845.0,14382490.367706126,518550.09753282624,0,0
0,2020-09-15,A share,long_only,CNY,U,0.001,0.00012,0.0,1,0.0005,0.1,61669.7035625097,0,14361867.3,14423537.00356251,542130.9585058659,0,0
0,2020-09-16,A share,long_only,CNY,U,0.001,0.00012,0.0,1,0.0005,0.1,61674.40074967449,0,14320062.5,14381736.900749674,542130.9585058659,0,0
0,2020-09-17,A share,long_only,CNY,U,0.001,0.00012,0.0,1,0.0005,0.1,61679.09829460924,0,14301110.3,14362789.39829461,542130.9585058659,0,0
0,2020-09-18,A share,long_only,CNY,U,0.001,0.00012,0.0,1,0.0005,0.1,61683.7961973412,0,14388924.5,14450608.296197342,542130.9585058659,0,0
0,2020-09-21,A share,long_only,CNY,U,0.001,0.00012,0.0,1,0.0005,0.1,61688.49445789762,0,14338606.299999999,14400294.794457896,542130.9585058659,0,0
0,2020-09-22,A share,long_only,CNY,U,0.001,0.00012,0.0,1,0.0005,0.1,61693.19307630575,0,14236101.9,14297795.093076305,542130.9585058659,0,0
0,2020-09-23,A share,long_only,CNY,U,0.001,0.00012,0.0,1,0.0005,0.1,61697.89205259286,0,14241957.8,14303655.692052593,542130.9585058659,0,0
0,2020-09-24,A share,long_only,CNY,U,0.001,0.00012,0.0,1,0.0005,0.1,61702.5913867862,0,14184756.5,14246459.091386786,542130.9585058659,0,0
0,2020-09-25,A share,long_only,CNY,U,0.001,0.00012,0.0,1,0.0005,0.1,61707.291078913026,0,14181112.8,14242820.091078915,542130.9585058659,0,0
0,2020-09-28,A share,long_only,CNY,U,0.001,0.00012,0.0,1,0.0005,0.1,61711.991129000606,0,14231092.3,14292804.291129,542130.9585058659,0,0
0,2020-09-29,A share,long_only,CNY,U,0.001,0.00012,0.0,1,0.0005,0.1,61716.6915370762,0,14242789.899999999,14304506.591537075,542130.9585058659,0,0
0,2020-09-30,A share,long_only,CNY,U,0.001,0.00012,0.0,1,0.0005,0.1,2259.4514264423383,0,14275439.0,14277698.451426443,549848.9706986934,0,0
0,2020-10-01,A share,long_only,CNY,U,0.001,0.00012,0.0,1,0.0005,0.1,2259.623521744029,0,14275439.0,14277698.623521743,549848.9706986934,0,0
0,2020-10-02,A share,long_only,CNY,U,0.001,0.00012,0.0,1,0.0005,0.1,2259.795630153677,0,14275439.0,14277698.795630153,549848.9706986934,0,0
0,2020-10-05,A share,long_only,CNY,U,0.001,0.00012,0.0,1,0.0005,0.1,2259.9677516722804,0,14275439.0,14277698.967751672,549848.9706986934,0,0
0,2020-10-06,A share,long_only,CNY,U,0.001,0.00012,0.0,1,0.0005,0.1,2260.139886300838,0,14275439.0,14277699.139886301,549848.9706986934,0,0
0,2020-10-07,A share,long_only,CNY,U,0.001,0.00012,0.0,1,0.0005,0.1,2260.3120340403484,0,14275439.0,14277699.31203404,549848.9706986934,0,0
0,2020-10-08,A share,long_only,CNY,U,0.001,0.00012,0.0,1,0.0005,0.1,2260.48419489181,0,14275439.0,14277699.484194892,549848.9706986934,0,0
0,2020-10-09,A share,long_only,CNY,U,0.001,0.00012,0.0,1,0.0005,0.1,2260.656368856222,0,14473149.3,14475409.956368856,549848.9706986934,0,0
0,2020-10-12,A share,long_only,CNY,U,0.001,0.00012,0.0,1,0.0005,0.1,2260.8285559345827,0,14517990.900000002,14520251.728555936,549848.9706986934,0,0
0,2020-10-13,A share,long_only,CNY,U,0.001,0.00012,0.0,1,0.0005,0.1,2261.0007561278912,0,14475077.0,14477338.000756128,549848.9706986934,0,0
0,2020-10-14,A share,long_only,CNY,U,0.001,0.00012,0.0,1,0.0005,0.1,2261.172969437146,0,14462833.0,14465094.172969436,549848.9706986934,0,0
0,2020-10-15,A share,long_only,CNY,U,0.001,0.00012,0.0,1,0.0005,0.1,2261.3451958633464,0,14446914.4,14449175.745195864,549848.9706986934,0,0
0,2020-10-16,A share,long_only,CNY,U,0.001,0.00012,0.0,1,0.0005,0.1,2261.5174354074916,0,14484540.2,14486801.717435407,549848.9706986934,0,0
0,2020-10-19,A share,long_only,CNY,U,0.001,0.00012,0.0,1,0.0005,0.1,2261.6896880705804,0,14492570.1,14494831.78968807,549848.9706986934,0,0
0,2020-10-20,A share,long_only,CNY,U,0.001,0.00012,0.0,1,0.0005,0.1,2261.8619538536122,0,14494650.3,14496912.161953853,549848.9706986934,0,0
0,2020-10-21,A share,long_only,CNY,U,0.001,0.00012,0.0,1,0.0005,0.1,2262.034232757587,0,14494944.4,14497206.434232758,549848.9706986934,0,0
0,2020-10-22,A share,long_only,CNY,U,0.001,0.00012,0.0,1,0.0005,0.1,2262.206524783503,0,14499167.2,14501429.406524783,549848.9706986934,0,0
0,2020-10-23,A share,long_only,CNY,U,0.001,0.00012,0.0,1,0.0005,0.1,5897.205301245684,0,14451371.099999998,14457268.305301243,550132.4210595834,0,0
0,2020-10-26,A share,long_only,CNY,U,0.001,0.00012,0.0,1,0.0005,0.1,5897.654472807228,0,14449575.3,14455472.954472808,550132.4210595834,0,0
0,2020-10-27,A share,long_only,CNY,U,0.001,0.00012,0.0,1,0.0005,0.1,5898.1036785807555,0,14471760.200000001,14477658.303678581,550132.4210595834,0,0
0,2020-10-28,A share,long_only,CNY,U,0.001,0.00012,0.0,1,0.0005,0.1,5898.552918568873,0,14479119.099999998,14485017.652918566,550132.4210595834,0,0
0,2020-10-29,A share,long_only,CNY,U,0.001,0.00012,0.0,1,0.0005,0.1,5899.002192774186,0,14439967.200000001,14445866.202192776,550132.4210595834,0,0
0,2020-10-30,A share,long_only,CNY,U,0.001,0.00012,0.0,1,0.0005,0.1,5899.451501199302,0,14380748.100000001,14386647.551501201,550132.4210595834,0,0
0,2020-11-02,A share,long_only,CNY,U,0.001,0.00012,0.0,1,0.0005,0.1,5899.9008438468245,0,14365391.9,14371291.800843848,550132.4210595834,0,0
0,2020-11-03,A share,long_only,CNY,U,0.001,0.00012,0.0,1,0.0005,0.1,5900.350220719362,0,14424615.399999999,14430515.750220718,550132.4210595834,0,0
0,2020-11-04,A share,long_only,CNY,U,0.001,0.00012,0.0,1,0.0005,0.1,5900.799631819522,0,14473224.000000002,14479124.799631821,550132.4210595834,0,0
0,2020-11-05,A share,long_only,CNY,U,0.001,0.00012,0.0,1,0.0005,0.1,5901.24907714991,0,14584949.2,14590850.44907715,550132.4210595834,0,0
0,2020-11-06,A share,long_only,CNY,U,0.001,0.00012,0.0,1,0.0005,0.1,5901.698556713133,0,14613571.7,14619473.398556713,550132.4210595834,0,0
0,2020-11-09,A share,long_only,CNY,U,0.001,0.00012,0.0,1,0.0005,0.1,52132.10796784123,0,14616800.7,14668932.80796784,558459.3820845752,0,0
0,2020-11-10,A share,long_only,CNY,U,0.001,0.00012,0.0,1,0.0005,0.1,52136.07870637692,0,14587782.8,14639918.878706377,558459.3820845752,0,0
0,2020-11-11,A share,long_only,CNY,U,0.001,0.00012,0.0,1,0.0005,0.1,52140.04974735126,0,14718504.6,14770644.649747351,558459.3820845752,0,0
0,2020-11-12,A share,long_only,CNY,U,0.001,0.00012,0.0,1,0.0005,0.1,52144.02109078729,0,14700188.700000001,14752332.721090788,558459.3820845752,0,0
0,2020-11-13,A share,long_only,CNY,U,0.001,0.00012,0.0,1,0.0005,0.1,52147.992736708045,0,14644145.7,14696293.692736708,558459.3820845752,0,0
0,2020-11-16,A share,long_only,CNY,U,0.001,0.00012,0.0,1,0.0005,0.1,52151.96468513657,0,14801466.999999998,14853618.964685135,558459.3820845752,0,0
0,2020-11-17,A share,long_only,CNY,U,0.001,0.00012,0.0,1,0.0005,0.1,52155.936936095895,0,14815219.7,14867375.636936095,558459.3820845752,0,0
0,2020-11-18,A share,long_only,CNY,U,0.001,0.00012,0.0,1,0.0005,0.1,52159.909489609076,0,14770837.700000001,14822997.60948961,558459.3820845752,0,0
0,2020-11-19,A share,long_only,CNY,U,0.001,0.00012,0.0,1,0.0005,0.1,52163.882345699145,0,14778744.1,14830907.982345698,558459.3820845752,0,0
0,2020-11-20,A share,long_only,CNY,U,0.001,0.00012,0.0,1,0.0005,0.1,52167.85550438916,0,14826070.5,14878238.35550439,558459.3820845752,0,0
0,2020-11-23,A share,long_only,CNY,U,0.001,0.00012,0.0,1,0.0005,0.1,52171.82896570216,0,15010155.7,15062327.528965702,558459.3820845752,0,0
0,2020-11-24,A share,long_only,CNY,U,0.001,0.00012,0.0,1,0.0005,0.1,12476.87553435343,0,15042485.399999999,15054962.275534352,566875.2857678749,0,0
0,2020-11-25,A share,long_only,CNY,U,0.001,0.00012,0.0,1,0.0005,0.1,12477.825858681765,0,15029644.3,15042122.125858683,566875.2857678749,0,0
0,2020-11-26,A share,long_only,CNY,U,0.001,0.00012,0.0,1,0.0005,0.1,12478.776255393312,0,14984894.3,14997373.076255394,566875.2857678749,0,0
0,2020-11-27,A share,long_only,CNY,U,0.001,0.00012,0.0,1,0.0005,0.1,12479.726724493585,0,15011236.2,15023715.926724494,566875.2857678749,0,0
0,2020-11-30,A share,long_only,CNY,U,0.001,0.00012,0.0,1,0.0005,0.1,12480.677265988097,0,15051116.4,15063597.077265989,566875.2857678749,0,0
0,2020-12-01,A share,long_only,CNY,U,0.001,0.00012,0.0,1,0.0005,0.1,12481.627879882362,0,15046777.5,15059259.127879882,566875.2857678749,0,0
0,2020-12-02,A share,long_only,CNY,U,0.001,0.00012,0.0,1,0.0005,0.1,12482.578566181895,0,14980792.299999999,14993274.878566181,566875.2857678749,0,0
0,2020-12-03,A share,long_only,CNY,U,0.001,0.00012,0.0,1,0.0005,0.1,12483.52932489221,0,14884286.2,14896769.729324892,566875.2857678749,0,0
0,2020-12-04,A share,long_only,CNY,U,0.001,0.00012,0.0,1,0.0005,0.1,12484.480156018823,0,14917039.3,14929523.78015602,566875.2857678749,0,0
0,2020-12-07,A share,long_only,CNY,U,0.001,0.00012,0.0,1,0.0005,0.1,12485.431059567249,0,14859101.4,14871586.831059568,566875.2857678749,0,0
0,2020-12-08,A share,long_only,CNY,U,0.001,0.00012,0.0,1,0.0005,0.1,12486.382035543003,0,14814523.2,14827009.582035542,566875.2857678749,0,0
0,2020-12-09,A share,long_only,CNY,U,0.001,0.00012,0.0,1,0.0005,0.1,37661.879852237515,0,14756632.899999999,14794294.779852236,591134.7563195226,0,0
0,2020-12-10,A share,long_only,CNY,U,0.001,0.00012,0.0,1,0.0005,0.1,37664.74843905445,0,14708182.200000001,14745846.948439056,591134.7563195226,0,0
0,2020-12-11,A share,long_only,CNY,U,0.001,0.00012,0.0,1,0.0005,0.1,37667.61724436261,0,14706583.100000001,14744250.717244364,591134.7563195226,0,0
0,2020-12-14,A share,long_only,CNY,U,0.001,0.00012,0.0,1,0.0005,0.1,37670.48626817865,0,14674853.799999999,14712524.286268178,591134.7563195226,0,0
0,2020-12-15,A share,long_only,CNY,U,0.001,0.00012,0.0,1,0.0005,0.1,37673.35551051919,0,14676461.6,14714134.95551052,591134.7563195226,0,0
0,2020-12-16,A share,long_only,CNY,U,0.001,0.00012,0.0,1,0.0005,0.1,37676.224971400894,0,14790229.0,14827905.2249714,591134.7563195226,0,0
0,2020-12-17,A share,long_only,CNY,U,0.001,0.00012,0.0,1,0.0005,0.1,37679.094650840394,0,14878332.600000001,14916011.694650842,591134.7563195226,0,0
0,2020-12-18,A share,long_only,CNY,U,0.001,0.00012,0.0,1,0.0005,0.1,37681.96454885435,0,14896406.5,14934088.464548854,591134.7563195226,0,0
0,2020-12-21,A share,long_only,CNY,U,0.001,0.00012,0.0,1,0.0005,0.1,37684.83466545939,0,14831237.5,14868922.334665459,591134.7563195226,0,0
0,2020-12-22,A share,long_only,CNY,U,0.001,0.00012,0.0,1,0.0005,0.1,37687.705000672184,0,14681526.600000001,14719214.305000674,591134.7563195226,0,0
0,2020-12-23,A share,long_only,CNY,U,0.001,0.00012,0.0,1,0.0005,0.1,37690.57555450937,0,14717730.399999999,14755420.975554507,591134.7563195226,0,0
0,2020-12-24,A share,long_only,CNY,U,0.001,0.00012,0.0,1,0.0005,0.1,13584.378697871789,0,14823559.3,14837143.678697873,599403.287776716,0,0
0,2020-12-25,A share,long_only,CNY,U,0.001,0.00012,0.0,1,0.0005,0.1,13585.413377229323,0,14823318.700000001,14836904.11337723,599403.287776716,0,0
0,2020-12-28,A share,long_only,CNY,U,0.001,0.00012,0.0,1,0.0005,0.1,13586.448135395125,0,14868278.2,14881864.648135394,599403.287776716,0,0
0,2020-12-29,A share,long_only,CNY,U,0.001,0.00012,0.0,1,0.0005,0.1,13587.4829723752,0,15075993.6,15089581.082972376,599403.287776716,0,0
0,2020-12-30,A share,long_only,CNY,U,0.001,0.00012,0.0,1,0.0005,0.1,13588.517888175547,0,15003974.900000002,15017563.417888178,599403.287776716,0,0
0,2020-12-31,A share,long_only,CNY,U,0.001,0.00012,0.0,1,0.0005,0.1,13589.552882802174,0,15001023.0,15014612.552882802,599403.287776716,0,0
0,2021-01-04,A share,long_only,CNY,U,0.001,0.00012,0.0,1,0.0005,0.1,13590.587956261084,0,14941452.6,14955043.18795626,599403.287776716,0,0
0,2021-01-05,A share,long_only,CNY,U,0.001,0.00012,0.0,1,0.0005,0.1,13591.62310855828,0,14855518.299999999,14869109.923108557,599403.287776716,0,0
0,2021-01-06,A share,long_only,CNY,U,0.001,0.00012,0.0,1,0.0005,0.1,13592.658339699768,0,14868083.600000001,14881676.258339701,599403.287776716,0,0
0,2021-01-07,A share,long_only,CNY,U,0.001,0.00012,0.0,1,0.0005,0.1,13593.693649691553,0,15027505.5,15041099.193649692,599403.287776716,0,0
0,2021-01-08,A share,long_only,CNY,U,0.001,0.00012,0.0,1,0.0005,0.1,13594.72903853964,0,15145902.1,15159496.82903854,599403.287776716,0,0
0,2021-01-11,A share,long_only,CNY,U,0.001,0.00012,0.0,1,0.0005,0.1,16986.774494766538,0,15063789.399999999,15080776.174494766,624491.136051083,0,0
0,2021-01-12,A share,long_only,CNY,U,0.001,0.00012,0.0,1,0.0005,0.1,16988.068323900112,0,15129317.000000002,15146305.068323903,624491.136051083,0,0
0,2021-01-13,A share,long_only,CNY,U,0.001,0.00012,0.0,1,0.0005,0.1,16989.362251580576,0,15243533.100000001,15260522.462251581,624491.136051083,0,0
0,2021-01-14,A share,long_only,CNY,U,0.001,0.00012,0.0,1,0.0005,0.1,16990.65627781544,0,15187881.2,15204871.856277814,624491.136051083,0,0
0,2021-01-15,A share,long_only,CNY,U,0.001,0.00012,0.0,1,0.0005,0.1,16991.95040261221,0,15197714.899999999,15214706.85040261,624491.136051083,0,0
0,2021-01-18,A share,long_only,CNY,U,0.001,0.00012,0.0,1,0.0005,0.1,16993.244625978386,0,15143854.5,15160847.744625978,624491.136051083,0,0
0,2021-01-19,A share,long_only,CNY,U,0.001,0.00012,0.0,1,0.0005,0.1,16994.538947921486,0,15123184.0,15140178.538947921,624491.136051083,0,0
0,2021-01-20,A share,long_only,CNY,U,0.001,0.00012,0.0,1,0.0005,0.1,16995.833368449014,0,15053270.900000002,15070266.73336845,624491.136051083,0,0
0,2021-01-21,A share,long_only,CNY,U,0.001,0.00012,0.0,1,0.0005,0.1,16997.127887568477,0,15122228.200000001,15139225.32788757,624491.136051083,0,0
0,2021-01-22,A share,long_only,CNY,U,0.001,0.00012,0.0,1,0.0005,0.1,16998.422505287384,0,15030999.299999999,15047997.722505286,624491.136051083,0,0
0,2021-01-25,A share,long_only,CNY,U,0.001,0.00012,0.0,1,0.0005,0.1,16999.71722161325,0,14974314.600000001,14991314.317221615,624491.136051083,0,0
0,2021-01-26,A share,long_only,CNY,U,0.001,0.00012,0.0,1,0.0005,0.1,42435.69776085979,0,14911099.799999999,14953535.497760858,640795.1874591667,0,0
0,2021-01-27,A share,long_only,CNY,U,0.001,0.00012,0.0,1,0.0005,0.1,42438.92995435735,0,14938082.4,14980521.329954358,640795.1874591667,0,0
0,2021-01-28,A share,long_only,CNY,U,0.001,0.00012,0.0,1,0.0005,0.1,42442.16239404091,0,14758611.5,14801053.662394041,640795.1874591667,0,0
0,2021-01-29,A share,long_only,CNY,U,0.001,0.00012,0.0,1,0.0005,0.1,42445.39507992923,0,14671594.5,14714039.89507993,640795.1874591667,0,0
0,2021-02-01,A share,long_only,CNY,U,0.001,0.00012,0.0,1,0.0005,0.1,42448.62801204105,0,14677154.700000001,14719603.328012042,640795.1874591667,0,0
0,2021-02-02,A share,long_only,CNY,U,0.001,0.00012,0.0,1,0.0005,0.1,42451.86119039514,0,14750488.5,14792940.361190395,640795.1874591667,0,0
0,2021-02-03,A share,long_only,CNY,U,0.001,0.00012,0.0,1,0.0005,0.1,42455.09461501024,0,14787133.599999998,14829588.694615008,640795.1874591667,0,0
0,2021-02-04,A share,long_only,CNY,U,0.001,0.00012,0.0,1,0.0005,0.1,42458.32828590511,0,14725054.399999999,14767512.728285903,640795.1874591667,0,0
0,2021-02-05,A share,long_only,CNY,U,0.001,0.00012,0.0,1,0.0005,0.1,42461.56220309852,0,14806723.7,14849185.262203097,640795.1874591667,0,0
0,2021-02-08,A share,long_only,CNY,U,0.001,0.00012,0.0,1,0.0005,0.1,42464.79636660922,0,14876482.0,14918946.79636661,640795.1874591667,0,0
0,2021-02-09,A share,long_only,CNY,U,0.001,0.00012,0.0,1,0.0005,0.1,42468.03077645597,0,14962413.6,15004881.630776456,640795.1874591667,0,0
0,2021-02-10,A share,long_only,CNY,U,0.001,0.00012,0.0,1,0.0005,0.1,33690.08665930734,0,14987335.799999999,15021025.886659306,648975.2974487141,0,0
0,2021-02-11,A share,long_only,CNY,U,0.001,0.00012,0.0,1,0.0005,0.1,33692.65272714122,0,14987335.799999999,15021028.45272714,648975.2974487141,0,0
0,2021-02-12,A share,long_only,CNY,U,0.001,0.00012,0.0,1,0.0005,0.1,33695.21899042441,0,14987335.799999999,15021031.018990424,648975.2974487141,0,0
0,2021-02-16,A share,long_only,CNY,U,0.001,0.00012,0.0,1,0.0005,0.1,33697.785449171795,0,14987335.799999999,15021033.58544917,648975.2974487141,0,0
0,2021-02-17,A share,long_only,CNY,U,0.001,0.00012,0.0,1,0.0005,0.1,33700.35210339826,0,14987335.799999999,15021036.152103398,648975.2974487141,0,0
0,2021-02-18,A share,long_only,CNY,U,0.001,0.00012,0.0,1,0.0005,0.1,33702.9189531187,0,15022571.0,15056273.918953119,648975.2974487141,0,0
0,2021-02-19,A share,long_only,CNY,U,0.001,0.00012,0.0,1,0.0005,0.1,33705.485998348006,0,14998570.1,15032275.585998347,648975.2974487141,0,0
0,2021-02-22,A share,long_only,CNY,U,0.001,0.00012,0.0,1,0.0005,0.1,33708.053239101064,0,14980010.299999999,15013718.3532391,648975.2974487141,0,0
0,2021-02-23,A share,long_only,CNY,U,0.001,0.00012,0.0,1,0.0005,0.1,33710.62067539276,0,14941483.4,14975194.020675393,648975.2974487141,0,0
0,2021-02-24,A share,long_only,CNY,U,0.001,0.00012,0.0,1,0.0005,0.1,33713.188307238,0,14819052.399999999,14852765.588307237,648975.2974487141,0,0
0,2021-02-25,A share,long_only,CNY,U,0.001,0.00012,0.0,1,0.0005,0.1,33715.756134651674,0,14956829.700000001,14990545.456134653,648975.2974487141,0,0
0,2021-02-26,A share,long_only,CNY,U,0.001,0.00012,0.0,1,0.0005,0.1,33718.324157648676,0,14652451.5,14686169.824157648,648975.2974487141,0,0
0,2021-03-01,A share,long_only,CNY,U,0.001,0.00012,0.0,1,0.0005,0.1,33720.89237624391,0,14775698.5,14809419.392376244,648975.2974487141,0,0
0,2021-03-02,A share,long_only,CNY,U,0.001,0.00012,0.0,1,0.0005,0.1,33723.46079045226,0,14847329.299999997,14881052.760790449,648975.2974487141,0,0
0,2021-03-03,A share,long_only,CNY,U,0.001,0.00012,0.0,1,0.0005,0.1,33726.029400288644,0,14834524.100000001,14868250.12940029,648975.2974487141,0,0
0,2021-03-04,A share,long_only,CNY,U,0.001,0.00012,0.0,1,0.0005,0.1,151092.35098079656,0,14477679.6,14628771.950980796,664768.3832204156,0,0
0,2021-03-05,A share,long_only,CNY,U,0.001,0.00012,0.0,1,0.0005,0.1,151103.85920948468,0,14428884.2,14579988.059209485,664768.3832204156,0,0
0,2021-03-08,A share,long_only,CNY,U,0.001,0.00012,0.0,1,0.0005,0.1,151115.36831471833,0,14485498.4,14636613.76831472,664768.3832204156,0,0
0,2021-03-09,A share,long_only,CNY,U,0.001,0.00012,0.0,1,0.0005,0.1,151126.8782965643,0,14708626.600000001,14859753.478296565,664768.3832204156,0,0
0,2021-03-10,A share,long_only,CNY,U,0.001,0.00012,0.0,1,0.0005,0.1,151138.38915508936,0,14748933.9,14900072.28915509,664768.3832204156,0,0
0,2021-03-11,A share,long_only,CNY,U,0.001,0.00012,0.0,1,0.0005,0.1,151149.90089036027,0,14994852.799999999,15146002.700890359,664768.3832204156,0,0
0,2021-03-12,A share,long_only,CNY,U,0.001,0.00012,0.0,1,0.0005,0.1,151161.41350244381,0,14807480.2,14958641.613502443,664768.3832204156,0,0
0,2021-03-15,A share,long_only,CNY,U,0.001,0.00012,0.0,1,0.0005,0.1,151172.92699140677,0,14805631.7,14956804.626991406,664768.3832204156,0,0
0,2021-03-16,A share,long_only,CNY,U,0.001,0.00012,0.0,1,0.0005,0.1,151184.44135731593,0,14814641.700000001,14965826.141357318,664768.3832204156,0,0
0,2021-03-17,A share,long_only,CNY,U,0.001,0.00012,0.0,1,0.0005,0.1,151195.95660023807,0,14800870.944999998,14952066.901600236,664768.3832204156,0,0
0,2021-03-18,A share,long_only,CNY,U,0.001,0.00012,0.0,1,0.0005,0.1,151207.47272024004,0,14911384.95,15062592.422720239,664768.3832204156,0,0
0,2021-03-19,A share,long_only,CNY,U,0.001,0.00012,0.0,1,0.0005,0.1,6847.87289303494,0,14951755.809999999,14958603.682893034,665108.5045888155,0,0
0,2021-03-22,A share,long_only,CNY,U,0.001,0.00012,0.0,1,0.0005,0.1,6848.394473953951,0,14892157.104999999,14899005.499473952,665108.5045888155,0,0
0,2021-03-23,A share,long_only,CNY,U,0.001,0.00012,0.0,1,0.0005,0.1,6848.916094600139,0,14903942.495000001,14910791.4110946,665108.5045888155,0,0
0,2021-03-24,A share,long_only,CNY,U,0.001,0.00012,0.0,1,0.0005,0.1,6849.4377549765295,0,14850211.95,14857061.387754975,665108.5045888155,0,0
0,2021-03-25,A share,long_only,CNY,U,0.001,0.00012,0.0,1,0.0005,0.1,6849.959455086148,0,14843728.749999998,14850578.709455084,665108.5045888155,0,0
0,2021-03-26,A share,long_only,CNY,U,0.001,0.00012,0.0,1,0.0005,0.1,6850.481194932022,0,14942243.98,14949094.461194932,665108.5045888155,0,0
0,2021-03-29,A share,long_only,CNY,U,0.001,0.00012,0.0,1,0.0005,0.1,6851.002974517177,0,14963678.77,14970529.772974517,665108.5045888155,0,0
0,2021-03-30,A share,long_only,CNY,U,0.001,0.00012,0.0,1,0.0005,0.1,6851.52479384464,0,15030457.95,15037309.474793844,665108.5045888155,0,0
0,2021-03-31,A share,long_only,CNY,U,0.001,0.00012,0.0,1,0.0005,0.1,6852.046652917439,0,15071747.535,15078599.581652917,665108.5045888155,0,0
0,2021-04-01,A share,long_only,CNY,U,0.001,0.00012,0.0,1,0.0005,0.1,6852.5685517386,0,15126519.424999999,15133371.993551737,665108.5045888155,0,0
0,2021-04-02,A share,long_only,CNY,U,0.001,0.00012,0.0,1,0.0005,0.1,6853.090490311151,0,15187185.8,15194038.890490312,665108.5045888155,0,0
0,2021-04-05,A share,long_only,CNY,U,0.001,0.00012,0.0,1,0.0005,0.1,6853.612468638121,0,15187185.8,15194039.412468638,665108.5045888155,0,0
0,2021-04-06,A share,long_only,CNY,U,0.001,0.00012,0.0,1,0.0005,0.1,18898.34162039933,0,15290648.48,15309546.8216204,673809.0147546091,0,0
0,2021-04-07,A share,long_only,CNY,U,0.001,0.00012,0.0,1,0.0005,0.1,18899.781047582648,0,15279754.6,15298654.381047582,673809.0147546091,0,0
0,2021-04-08,A share,long_only,CNY,U,0.001,0.00012,0.0,1,0.0005,0.1,18901.220584402607,0,15345352.219999999,15364253.4405844,673809.0147546091,0,0
0,2021-04-09,A share,long_only,CNY,U,0.001,0.00012,0.0,1,0.0005,0.1,18902.66023086755,0,15358447.27,15377349.930230867,673809.0147546091,0,0
0,2021-04-12,A share,long_only,CNY,U,0.001,0.00012,0.0,1,0.0005,0.1,18904.099986985835,0,15470741.45,15489645.549986985,673809.0147546091,0,0
0,2021-04-13,A share,long_only,CNY,U,0.001,0.00012,0.0,1,0.0005,0.1,18905.53985276581,0,15408694.11,15427599.649852766,673809.0147546091,0,0
0,2021-04-14,A share,long_only,CNY,U,0.001,0.00012,0.0,1,0.0005,0.1,18906.97982821583,0,15475571.6,15494478.579828216,673809.0147546091,0,0
0,2021-04-15,A share,long_only,CNY,U,0.001,0.00012,0.0,1,0.0005,0.1,18908.419913344245,0,15427513.704999998,15446422.124913342,673809.0147546091,0,0
0,2021-04-16,A share,long_only,CNY,U,0.001,0.00012,0.0,1,0.0005,0.1,18909.86010815941,0,15492311.13,15511220.99010816,673809.0147546091,0,0
0,2021-04-19,A share,long_only,CNY,U,0.001,0.00012,0.0,1,0.0005,0.1,18911.30041266968,0,15523106.31,15542017.61041267,673809.0147546091,0,0
0,2021-04-20,A share,long_only,CNY,U,0.001,0.00012,0.0,1,0.0005,0.1,18912.740826883408,0,15431217.55,15450130.290826885,673809.0147546091,0,0
0,2021-04-21,A share,long_only,CNY,U,0.001,0.00012,0.0,1,0.0005,0.1,20890.824582856443,0,15359211.35,15380102.174582856,673828.1220657871,0,0
0,2021-04-22,A share,long_only,CNY,U,0.001,0.00012,0.0,1,0.0005,0.1,20892.415771194053,0,15422908.52,15443800.935771193,673828.1220657871,0,0
0,2021-04-23,A share,long_only,CNY,U,0.001,0.00012,0.0,1,0.0005,0.1,20894.007080727468,0,15356197.84,15377091.847080728,673828.1220657871,0,0
0,2021-04-26,A share,long_only,CNY,U,0.001,0.00012,0.0,1,0.0005,0.1,20895.59851146592,0,15441640.295,15462535.893511467,673828.1220657871,0,0
0,2021-04-27,A share,long_only,CNY,U,0.001,0.00012,0.0,1,0.0005,0.1,20897.190063418642,0,15502383.424999999,15523280.615063418,673828.1220657871,0,0
0,2021-04-28,A share,long_only,CNY,U,0.001,0.00012,0.0,1,0.0005,0.1,20898.781736594865,0,15454844.54,15475743.321736595,673828.1220657871,0,0
0,2021-04-29,A share,long_only,CNY,U,0.001,0.00012,0.0,1,0.0005,0.1,20900.373531003825,0,15485503.389999999,15506403.763531003,673828.1220657871,0,0
0,2021-04-30,A share,long_only,CNY,U,0.001,0.00012,0.0,1,0.0005,0.1,20901.96544665475,0,15439537.6,15460439.565446654,673828.1220657871,0,0
0,2021-05-03,A share,long_only,CNY,U,0.001,0.00012,0.0,1,0.0005,0.1,20903.55748355688,0,15439537.6,15460441.157483557,673828.1220657871,0,0
0,2021-05-04,A share,long_only,CNY,U,0.001,0.00012,0.0,1,0.0005,0.1,20905.14964171945,0,15439537.6,15460442.749641718,673828.1220657871,0,0
0,2021-05-05,A share,long_only,CNY,U,0.001,0.00012,0.0,1,0.0005,0.1,20906.741921151694,0,15439537.6,15460444.34192115,673828.1220657871,0,0
0,2021-05-06,A share,long_only,CNY,U,0.001,0.00012,0.0,1,0.0005,0.1,20908.334321862847,0,15331363.849999998,15352272.18432186,673828.1220657871,0,0
0,2021-05-07,A share,long_only,CNY,U,0.001,0.00012,0.0,1,0.0005,0.1,20909.92684386215,0,15344794.64,15365704.566843864,673828.1220657871,0,0
0,2021-05-10,A share,long_only,CNY,U,0.001,0.00012,0.0,1,0.0005,0.1,20911.519487158843,0,15400812.045000002,15421723.564487161,673828.1220657871,0,0
0,2021-05-11,A share,long_only,CNY,U,0.001,0.00012,0.0,1,0.0005,0.1,2154.941741099382,0,15240075.27,15242230.2117411,698847.0639344717,0,0
0,2021-05-12,A share,long_only,CNY,U,0.001,0.00012,0.0,1,0.0005,0.1,2155.105876227369,0,15308526.21,15310681.315876229,698847.0639344717,0,0
0,2021-05-13,A share,long_only,CNY,U,0.001,0.00012,0.0,1,0.0005,0.1,2155.2700238570123,0,15146087.920000002,15148243.190023858,698847.0639344717,0,0
0,2021-05-14,A share,long_only,CNY,U,0.001,0.00012,0.0,1,0.0005,0.1,2155.4341839892636,0,15178828.765,15180984.19918399,698847.0639344717,0,0
0,2021-05-17,A share,long_only,CNY,U,0.001,0.00012,0.0,1,0.0005,0.1,2155.598356625075,0,15272128.794999998,15274284.393356623,698847.0639344717,0,0
0,2021-05-18,A share,long_only,CNY,U,0.001,0.00012,0.0,1,0.0005,0.1,2155.7625417654,0,15310850.745000001,15313006.507541766,698847.0639344717,0,0
0,2021-05-19,A share,long_only,CNY,U,0.001,0.00012,0.0,1,0.0005,0.1,2155.92673941119,0,15301647.245,15303803.17173941,698847.0639344717,0,0
0,2021-05-20,A share,long_only,CNY,U,0.001,0.00012,0.0,1,0.0005,0.1,2156.0909495633973,0,15209876.825000001,15212032.915949564,698847.0639344717,0,0
0,2021-05-21,A share,long_only,CNY,U,0.001,0.00012,0.0,1,0.0005,0.1,2156.255172222975,0,15243008.899999999,15245165.155172221,698847.0639344717,0,0
0,2021-05-24,A share,long_only,CNY,U,0.001,0.00012,0.0,1,0.0005,0.1,2156.4194073908757,0,15246747.495,15248903.91440739,698847.0639344717,0,0
0,2021-05-25,A share,long_only,CNY,U,0.001,0.00012,0.0,1,0.0005,0.1,2156.583655068052,0,15278059.395,15280215.978655068,698847.0639344717,0,0
0,2021-05-26,A share,long_only,CNY,U,0.001,0.00012,0.0,1,0.0005,0.1,101057.97012689142,0,15257017.950000001,15358075.920126893,707179.4741438394,0,0
0,2021-05-27,A share,long_only,CNY,U,0.001,0.00012,0.0,1,0.0005,0.1,101065.6673943138,0,15222099.610000001,15323165.277394315,707179.4741438394,0,0
0,2021-05-28,A share,long_only,CNY,U,0.001,0.00012,0.0,1,0.0005,0.1,101073.36524801281,0,15205946.39,15307019.755248014,707179.4741438394,0,0
0,2021-05-31,A share,long_only,CNY,U,0.001,0.00012,0.0,1,0.0005,0.1,101081.0636880331,0,15242222.93,15343303.993688032,707179.4741438394,0,0
0,2021-06-01,A share,long_only,CNY,U,0.001,0.00012,0.0,1,0.0005,0.1,101088.76271441934,0,15281187.995,15382276.757714419,707179.4741438394,0,0
0,2021-06-02,A share,long_only,CNY,U,0.001,0.00012,0.0,1,0.0005,0.1,101096.46232721617,0,15247731.76,15348828.222327216,707179.4741438394,0,0
0,2021-06-03,A share,long_only,CNY,U,0.001,0.00012,0.0,1,0.0005,0.1,101104.16252646827,0,15257006.565,15358110.727526467,707179.4741438394,0,0
0,2021-06-04,A share,long_only,CNY,U,0.001,0.00012,0.0,1,0.0005,0.1,101111.8633122203,0,15198658.19,15299770.05331222,707179.4741438394,0,0
0,2021-06-07,A share,long_only,CNY,U,0.001,0.00012,0.0,1,0.0005,0.1,101119.56468451694,0,15209329.83,15310449.394684518,707179.4741438394,0,0
0,2021-06-08,A share,long_only,CNY,U,0.001,0.00012,0.0,1,0.0005,0.1,101127.26664340287,0,15242132.200000001,15343259.466643404,707179.4741438394,0,0
0,2021-06-09,A share,long_only,CNY,U,0.001,0.00012,0.0,1,0.0005,0.1,101134.96918892275,0,15251630.0,15352764.969188923,707179.4741438394,0,0
0,2021-06-10,A share,long_only,CNY,U,0.001,0.00012,0.0,1,0.0005,0.1,21578.351164168747,0,15312925.31,15334503.66116417,723910.6355984906,0,0
0,2021-06-11,A share,long_only,CNY,U,0.001,0.00012,0.0,1,0.0005,0.1,21579.994719241506,0,15337001.295,15358581.28971924,723910.6355984906,0,0
0,2021-06-14,A share,long_only,CNY,U,0.001,0.00012,0.0,1,0.0005,0.1,21581.63839949868,0,15337001.295,15358582.933399498,723910.6355984906,0,0
0,2021-06-15,A share,long_only,CNY,U,0.001,0.00012,0.0,1,0.0005,0.1,21583.282204949803,0,15425384.41,15446967.69220495,723910.6355984906,0,0
0,2021-06-16,A share,long_only,CNY,U,0.001,0.00012,0.0,1,0.0005,0.1,21584.926135604415,0,15376835.685,15398420.611135606,723910.6355984906,0,0
0,2021-06-17,A share,long_only,CNY,U,0.001,0.00012,0.0,1,0.0005,0.1,21586.57019147205,0,15311335.260000002,15332921.830191474,723910.6355984906,0,0
0,2021-06-18,A share,long_only,CNY,U,0.001,0.00012,0.0,1,0.0005,0.1,21588.21437256224,0,15374641.190000001,15396229.404372564,723910.6355984906,0,0
0,2021-06-21,A share,long_only,CNY,U,0.001,0.00012,0.0,1,0.0005,0.1,21589.85867888453,0,15234157.445,15255747.303678885,723910.6355984906,0,0
0,2021-06-22,A share,long_only,CNY,U,0.001,0.00012,0.0,1,0.0005,0.1,21591.50311044846,0,15362370.290000001,15383961.793110449,723910.6355984906,0,0
0,2021-06-23,A share,long_only,CNY,U,0.001,0.00012,0.0,1,0.0005,0.1,21593.147667263558,0,15464481.94,15486075.087667262,723910.6355984906,0,0
0,2021-06-24,A share,long_only,CNY,U,0.001,0.00012,0.0,1,0.0005,0.1,21594.792349339376,0,15435256.14,15456850.93234934,723910.6355984906,0,0
0,2021-06-25,A share,long_only,CNY,U,0.001,0.00012,0.0,1,0.0005,0.1,21596.437156685446,0,15480751.704,15502348.141156685,723910.6355984906,0,0
0,2021-06-28,A share,long_only,CNY,U,0.001,0.00012,0.0,1,0.0005,0.1,20411.44748655,0,15464192.0,15484603.44748655,740942.3798259153,0,0
0,2021-06-29,A share,long_only,CNY,U,0.001,0.00012,0.0,1,0.0005,0.1,20413.002162243414,0,15478185.19,15498598.192162244,740942.3798259153,0,0
0,2021-06-30,A share,long_only,CNY,U,0.001,0.00012,0.0,1,0.0005,0.1,20414.556956351582,0,15517171.566,15537586.12295635,740942.3798259153,0,0
0,2021-07-01,A share,long_only,CNY,U,0.001,0.00012,0.0,1,0.0005,0.1,20416.11186888352,0,15506171.2,15526587.311868884,740942.3798259153,0,0
0,2021-07-02,A share,long_only,CNY,U,0.001,0.00012,0.0,1,0.0005,0.1,20417.66689984825,0,15520353.858,15540771.524899848,740942.3798259153,0,0
0,2021-07-05,A share,long_only,CNY,U,0.001,0.00012,0.0,1,0.0005,0.1,20419.222049254793,0,15577399.794,15597819.016049255,740942.3798259153,0,0
0,2021-07-06,A share,long_only,CNY,U,0.001,0.00012,0.0,1,0.0005,0.1,20420.77731711217,0,15590371.0,15610791.777317112,740942.3798259153,0,0
0,2021-07-07,A share,long_only,CNY,U,0.001,0.00012,0.0,1,0.0005,0.1,20422.332703429405,0,15634483.468,15654905.80070343,740942.3798259153,0,0
0,2021-07-08,A share,long_only,CNY,U,0.001,0.00012,0.0,1,0.0005,0.1,20423.888208215518,0,15627578.92,15648002.808208216,740942.3798259153,0,0
0,2021-07-09,A share,long_only,CNY,U,0.001,0.00012,0.0,1,0.0005,0.1,20425.443831479533,0,15648907.178,15669332.621831479,740942.3798259153,0,0
0,2021-07-12,A share,long_only,CNY,U,0.001,0.00012,0.0,1,0.0005,0.1,20426.999573230474,0,15714680.94,15735107.93957323,740942.3798259153,0,0
0,2021-07-13,A share,long_only,CNY,U,0.001,0.00012,0.0,1,0.0005,0.1,13033.206430524726,0,15749295.572,15762328.778430525,741165.0655913173,0,0
0,2021-07-14,A share,long_only,CNY,U,0.001,0.00012,0.0,1,0.0005,0.1,13034.199128825918,0,15731938.787999999,15744972.987128824,741165.0655913173,0,0
0,2021-07-15,A share,long_only,CNY,U,0.001,0.00012,0.0,1,0.0005,0.1,13035.191902737815,0,15749200.11,15762235.301902737,741165.0655913173,0,0
0,2021-07-16,A share,long_only,CNY,U,0.001,0.00012,0.0,1,0.0005,0.1,13036.184752266176,0,15719953.61,15732989.794752266,741165.0655913173,0,0
0,2021-07-19,A share,long_only,CNY,U,0.001,0.00012,0.0,1,0.0005,0.1,13037.17767741676,0,15667673.412,15680710.589677418,741165.0655913173,0,0
0,2021-07-20,A share,long_only,CNY,U,0.001,0.00012,0.0,1,0.0005,0.1,13038.170678195325,0,15659954.36,15672992.530678194,741165.0655913173,0,0
0,2021-07-21,A share,long_only,CNY,U,0.001,0.00012,0.0,1,0.0005,0.1,13039.163754607634,0,15728031.015999999,15741070.179754607,741165.0655913173,0,0
0,2021-07-22,A share,long_only,CNY,U,0.001,0.00012,0.0,1,0.0005,0.1,13040.156906659447,0,15790973.75,15804013.906906659,741165.0655913173,0,0
0,2021-07-23,A share,long_only,CNY,U,0.001,0.00012,0.0,1,0.0005,0.1,13041.150134356525,0,15787153.404,15800194.554134356,741165.0655913173,0,0
0,2021-07-26,A share,long_only,CNY,U,0.001,0.00012,0.0,1,0.0005,0.1,13042.14343770463,0,15863727.702,15876769.845437704,741165.0655913173,0,0
0,2021-07-27,A share,long_only,CNY,U,0.001,0.00012,0.0,1,0.0005,0.1,13043.136816709522,0,15840872.704,15853915.84081671,741165.0655913173,0,0
0,2021-07-28,A share,long_only,CNY,U,0.001,0.00012,0.0,1,0.0005,0.1,49881.10163177606,0,15737483.4,15787364.501631776,749755.099773363,0,0
0,2021-07-29,A share,long_only,CNY,U,0.001,0.00012,0.0,1,0.0005,0.1,49884.900918246,0,15859529.879999999,15909414.780918244,749755.099773363,0,0
0,2021-07-30,A share,long_only,CNY,U,0.001,0.00012,0.0,1,0.0005,0.1,49888.70049409563,0,15830759.706,15880648.406494096,749755.099773363,0,0
0,2021-08-02,A share,long_only,CNY,U,0.001,0.00012,0.0,1,0.0005,0.1,49892.500359346996,0,15929585.614,15979478.114359347,749755.099773363,0,0
0,2021-08-03,A share,long_only,CNY,U,0.001,0.00012,0.0,1,0.0005,0.1,49896.30051402213,0,15787780.214,15837676.514514022,749755.099773363,0,0
0,2021-08-04,A share,long_only,CNY,U,0.001,0.00012,0.0,1,0.0005,0.1,49900.100958143084,0,15929081.592,15978981.692958143,749755.099773363,0,0
0,2021-08-05,A share,long_only,CNY,U,0.001,0.00012,0.0,1,0.0005,0.1,49903.9016917319,0,15914173.004,15964076.905691732,749755.099773363,0,0
0,2021-08-06,A share,long_only,CNY,U,0.001,0.00012,0.0,1,0.0005,0.1,49907.70271481063,0,16053143.624000002,16103051.326714812,749755.099773363,0,0
0,2021-08-09,A share,long_only,CNY,U,0.001,0.00012,0.0,1,0.0005,0.1,49911.504027401315,0,16036131.079999998,16086042.5840274,749755.099773363,0,0
0,2021-08-10,A share,long_only,CNY,U,0.001,0.00012,0.0,1,0.0005,0.1,49915.30562952602,0,16027643.416000001,16077558.721629526,749755.099773363,0,0
0,2021-08-11,A share,long_only,CNY,U,0.001,0.00012,0.0,1,0.0005,0.1,49919.10752120679,0,16100444.478,16150363.585521206,749755.099773363,0,0
0,2021-08-12,A share,long_only,CNY,U,0.001,0.00012,0.0,1,0.0005,0.1,18251.607034745142,0,16201530.214000002,16219781.821034746,768097.890321394,0,0
0,2021-08-13,A share,long_only,CNY,U,0.001,0.00012,0.0,1,0.0005,0.1,18252.997202191196,0,16257883.17,16276136.167202191,768097.890321394,0,0
0,2021-08-16,A share,long_only,CNY,U,0.001,0.00012,0.0,1,0.0005,0.1,18254.38747552193,0,16227773.184000002,16246027.571475524,768097.890321394,0,0
0,2021-08-17,A share,long_only,CNY,U,0.001,0.00012,0.0,1,0.0005,0.1,18255.777854745404,0,16183303.396,16201559.173854746,768097.890321394,0,0
0,2021-08-18,A share,long_only,CNY,U,0.001,0.00012,0.0,1,0.0005,0.1,18257.168339869688,0,16199024.229999999,16217281.398339868,768097.890321394,0,0
0,2021-08-19,A share,long_only,CNY,U,0.001,0.00012,0.0,1,0.0005,0.1,18258.558930902844,0,16072937.738000002,16091196.296930905,768097.890321394,0,0
0,2021-08-20,A share,long_only,CNY,U,0.001,0.00012,0.0,1,0.0005,0.1,18259.94962785294,0,16078791.728,16097051.677627852,768097.890321394,0,0
0,2021-08-23,A share,long_only,CNY,U,0.001,0.00012,0.0,1,0.0005,0.1,18261.340430728047,0,16165951.748,16184213.088430727,768097.890321394,0,0
0,2021-08-24,A share,long_only,CNY,U,0.001,0.00012,0.0,1,0.0005,0.1,18262.73133953623,0,16209596.104,16227858.835339537,768097.890321394,0,0
0,2021-08-25,A share,long_only,CNY,U,0.001,0.00012,0.0,1,0.0005,0.1,18264.122354285555,0,16185404.103999998,16203668.226354284,768097.890321394,0,0
0,2021-08-26,A share,long_only,CNY,U,0.001,0.00012,0.0,1,0.0005,0.1,18265.513474984098,0,16168701.708,16186967.221474985,768097.890321394,0,0
0,2021-08-27,A share,long_only,CNY,U,0.001,0.00012,0.0,1,0.0005,0.1,1619.4297847460678,0,16201516.452,16203135.881784746,776923.9973491055,0,0
0,2021-08-30,A share,long_only,CNY,U,0.001,0.00012,0.0,1,0.0005,0.1,1619.553131614299,0,16231741.879999999,16233361.433131613,776923.9973491055,0,0
0,2021-08-31,A share,long_only,CNY,U,0.001,0.00012,0.0,1,0.0005,0.1,1619.676487877473,0,16290049.98,16291669.656487878,776923.9973491055,0,0
0,2021-09-01,A share,long_only,CNY,U,0.001,0.00012,0.0,1,0.0005,0.1,1619.7998535363051,0,16292312.252,16293932.051853538,776923.9973491055,0,0
0,2021-09-02,A share,long_only,CNY,U,0.001,0.00012,0.0,1,0.0005,0.1,1619.9232285915111,0,16310125.75,16311745.673228592,776923.9973491055,0,0
0,2021-09-03,A share,long_only,CNY,U,0.001,0.00012,0.0,1,0.0005,0.1,1620.0466130438067,0,16335417.866,16337037.912613044,776923.9973491055,0,0
0,2021-09-06,A share,long_only,CNY,U,0.001,0.00012,0.0,1,0.0005,0.1,1620.1700068939076,0,16349293.02,16350913.190006893,776923.9973491055,0,0
0,2021-09-07,A share,long_only,CNY,U,0.001,0.00012,0.0,1,0.0005,0.1,1620.2934101425294,0,16394512.842,16396133.135410143,776923.9973491055,0,0
0,2021-09-08,A share,long_only,CNY,U,0.001,0.00012,0.0,1,0.0005,0.1,1620.4168227903883,0,16364071.28,16365691.69682279,776923.9973491055,0,0
0,2021-09-09,A share,long_only,CNY,U,0.001,0.00012,0.0,1,0.0005,0.1,1620.5402448382,0,16302427.978,16304048.518244838,776923.9973491055,0,0
0,2021-09-10,A share,long_only,CNY,U,0.001,0.00012,0.0,1,0.0005,0.1,1620.6636762866804,0,16314748.047999999,16316368.711676285,776923.9973491055,0,0
0,2021-09-13,A share,long_only,CNY,U,0.001,0.00012,0.0,1,0.0005,0.1,16314.13243785143,0,16258970.918,16275285.05043785,785965.0710890095,0,0
0,2021-09-14,A share,long_only,CNY,U,0.001,0.00012,0.0,1,0.0005,0.1,16315.375033957216,0,16224005.38,16240320.755033959,785965.0710890095,0,0
0,2021-09-15,A share,long_only,CNY,U,0.001,0.00012,0.0,1,0.0005,0.1,16316.617724707636,0,16211612.688,16227929.305724707,785965.0710890095,0,0
0,2021-09-16,A share,long_only,CNY,U,0.001,0.00012,0.0,1,0.0005,0.1,16317.860510109898,0,16137701.5,16154019.360510109,785965.0710890095,0,0
0,2021-09-17,A share,long_only,CNY,U,0.001,0.00012,0.0,1,0.0005,0.1,16319.103390171213,0,16126287.215,16142606.318390172,785965.0710890095,0,0
0,2021-09-20,A share,long_only,CNY,U,0.001,0.00012,0.0,1,0.0005,0.1,16320.346364898787,0,16126287.215,16142607.561364898,785965.0710890095,0,0
0,2021-09-21,A share,long_only,CNY,U,0.001,0.00012,0.0,1,0.0005,0.1,16321.589434299834,0,16126287.215,16142608.8044343,785965.0710890095,0,0
0,2021-09-22,A share,long_only,CNY,U,0.001,0.00012,0.0,1,0.0005,0.1,16322.832598381563,0,16113597.870000001,16129920.702598382,785965.0710890095,0,0
0,2021-09-23,A share,long_only,CNY,U,0.001,0.00012,0.0,1,0.0005,0.1,16324.075857151187,0,16126422.36,16142746.43585715,785965.0710890095,0,0
0,2021-09-24,A share,long_only,CNY,U,0.001,0.00012,0.0,1,0.0005,0.1,16325.319210615917,0,16102766.715,16119092.034210615,785965.0710890095,0,0
0,2021-09-27,A share,long_only,CNY,U,0.001,0.00012,0.0,1,0.0005,0.1,16326.562658782965,0,16076048.35,16092374.912658783,785965.0710890095,0,0
0,2021-09-28,A share,long_only,CNY,U,0.001,0.00012,0.0,1,0.0005,0.1,16327.806201659545,0,16035506.995000001,16051834.80120166,785965.0710890095,0,0
0,2021-09-29,A share,long_only,CNY,U,0.001,0.00012,0.0,1,0.0005,0.1,16329.049839252872,0,15939355.955000002,15955685.004839255,785965.0710890095,0,0
0,2021-09-30,A share,long_only,CNY,U,0.001,0.00012,0.0,1,0.0005,0.1,388.0670151239791,0,15984770.655,15985158.722015124,803635.0834687279,0,0
0,2021-10-01,A share,long_only,CNY,U,0.001,0.00012,0.0,1,0.0005,0.1,388.0965729667644,0,15984770.655,15985158.751572967,803635.0834687279,0,0
0,2021-10-04,A share,long_only,CNY,U,0.001,0.00012,0.0,1,0.0005,0.1,388.1261330608776,0,15984770.655,15985158.78113306,803635.0834687279,0,0
0,2021-10-05,A share,long_only,CNY,U,0.001,0.00012,0.0,1,0.0005,0.1,388.15569540649005,0,15984770.655,15985158.810695406,803635.0834687279,0,0
0,2021-10-06,A share,long_only,CNY,U,0.001,0.00012,0.0,1,0.0005,0.1,388.18526000377335,0,15984770.655,15985158.840260003,803635.0834687279,0,0
0,2021-10-07,A share,long_only,CNY,U,0.001,0.00012,0.0,1,0.0005,0.1,388.2148268528989,0,15984770.655,15985158.869826851,803635.0834687279,0,0
0,2021-10-08,A share,long_only,CNY,U,0.001,0.00012,0.0,1,0.0005,0.1,388.2443959540383,0,15731600.505,15731988.749395955,803635.0834687279,0,0
0,2021-10-11,A share,long_only,CNY,U,0.001,0.00012,0.0,1,0.0005,0.1,388.273967307363,0,15722019.294999998,15722407.568967305,803635.0834687279,0,0
0,2021-10-12,A share,long_only,CNY,U,0.001,0.00012,0.0,1,0.0005,0.1,388.3035409130446,0,15596191.71,15596580.013540914,803635.0834687279,0,0
0,2021-10-13,A share,long_only,CNY,U,0.001,0.00012,0.0,1,0.0005,0.1,388.33311677125465,0,15537439.7,15537828.03311677,803635.0834687279,0,0
0,2021-10-14,A share,long_only,CNY,U,0.001,0.00012,0.0,1,0.0005,0.1,388.3626948821647,0,15605944.75,15606333.112694882,803635.0834687279,0,0
0,2021-10-15,A share,long_only,CNY,U,0.001,0.00012,0.0,1,0.0005,0.1,388.39227524594634,0,15660143.145000001,15660531.537275247,803635.0834687279,0,0
0,2021-10-18,A share,long_only,CNY,U,0.001,0.00012,0.0,1,0.0005,0.1,388.42185786277116,0,15618429.465,15618817.886857864,803635.0834687279,0,0
0,2021-10-19,A share,long_only,CNY,U,0.001,0.00012,0.0,1,0.0005,0.1,388.4514427328108,0,15648680.04,15649068.491442733,803635.0834687279,0,0
0,2021-10-20,A share,long_only,CNY,U,0.001,0.00012,0.0,1,0.0005,0.1,388.4810298562368,0,15652170.25,15652558.731029857,803635.0834687279,0,0
0,2021-10-21,A share,long_only,CNY,U,0.001,0.00012,0.0,1,0.0005,0.1,388.51061923322084,0,15624990.14,15625378.650619233,803635.0834687279,0,0
0,2021-10-22,A share,long_only,CNY,U,0.001,0.00012,0.0,1,0.0005,0.1,1580.3932637946737,0,15612243.844999999,15613824.238263793,829296.2211885792,0,0
0,2021-10-25,A share,long_only,CNY,U,0.001,0.00012,0.0,1,0.0005,0.1,1580.5136373740033,0,15613660.045000002,15615240.558637375,829296.2211885792,0,0
0,2021-10-26,A share,long_only,CNY,U,0.001,0.00012,0.0,1,0.0005,0.1,1580.6340201218095,0,15635475.239999998,15637055.87402012,829296.2211885792,0,0
0,2021-10-27,A share,long_only,CNY,U,0.001,0.00012,0.0,1,0.0005,0.1,1580.7544120387906,0,15609185.694999998,15610766.449412037,829296.2211885792,0,0
0,2021-10-28,A share,long_only,CNY,U,0.001,0.00012,0.0,1,0.0005,0.1,1580.874813125645,0,15618534.91,15620115.784813127,829296.2211885792,0,0
0,2021-10-29,A share,long_only,CNY,U,0.001,0.00012,0.0,1,0.0005,0.1,1580.995223383071,0,15633750.209999999,15635331.205223382,829296.2211885792,0,0
0,2021-11-01,A share,long_only,CNY,U,0.001,0.00012,0.0,1,0.0005,0.1,1581.1156428117674,0,15701078.145,15702659.260642812,829296.2211885792,0,0
0,2021-11-02,A share,long_only,CNY,U,0.001,0.00012,0.0,1,0.0005,0.1,1581.2360714124325,0,15730525.475,15732106.711071411,829296.2211885792,0,0
0,2021-11-03,A share,long_only,CNY,U,0.001,0.00012,0.0,1,0.0005,0.1,1581.356509185765,0,15752031.745000001,15753613.101509187,829296.2211885792,0,0
0,2021-11-04,A share,long_only,CNY,U,0.001,0.00012,0.0,1,0.0005,0.1,1581.4769561324636,0,15783495.5,15785076.976956133,829296.2211885792,0,0
0,2021-11-05,A share,long_only,CNY,U,0.001,0.00012,0.0,1,0.0005,0.1,1581.5974122532268,0,15844212.095,15845793.692412253,829296.2211885792,0,0
0,2021-11-08,A share,long_only,CNY,U,0.001,0.00012,0.0,1,0.0005,0.1,40070.88020964257,0,15843860.8,15883931.680209644,838120.3902315309,0,0
0,2021-11-09,A share,long_only,CNY,U,0.001,0.00012,0.0,1,0.0005,0.1,40073.93228243244,0,15863413.605,15903487.537282433,838120.3902315309,0,0
0,2021-11-10,A share,long_only,CNY,U,0.001,0.00012,0.0,1,0.0005,0.1,40076.98458768909,0,15814299.200000001,15854376.184587691,838120.3902315309,0,0
0,2021-11-11,A share,long_only,CNY,U,0.001,0.00012,0.0,1,0.0005,0.1,40080.03712543022,0,15808048.295000002,15848128.332125433,838120.3902315309,0,0
0,2021-11-12,A share,long_only,CNY,U,0.001,0.00012,0.0,1,0.0005,0.1,40083.08989567354,0,15800050.12,15840133.209895672,838120.3902315309,0,0
0,2021-11-15,A share,long_only,CNY,U,0.001,0.00012,0.0,1,0.0005,0.1,40086.14289843676,0,15866733.29,15906819.432898436,838120.3902315309,0,0
0,2021-11-16,A share,long_only,CNY,U,0.001,0.00012,0.0,1,0.0005,0.1,40089.19613373758,0,15848573.8,15888662.99613374,838120.3902315309,0,0
0,2021-11-17,A share,long_only,CNY,U,0.001,0.00012,0.0,1,0.0005,0.1,40092.24960159373,0,15876446.849999998,15916539.099601591,838120.3902315309,0,0
0,2021-11-18,A share,long_only,CNY,U,0.001,0.00012,0.0,1,0.0005,0.1,40095.303302022905,0,15885886.91,15925982.213302024,838120.3902315309,0,0
0,2021-11-19,A share,long_only,CNY,U,0.001,0.00012,0.0,1,0.0005,0.1,40098.35723504283,0,15967000.899999999,16007099.25723504,838120.3902315309,0,0
0,2021-11-22,A share,long_only,CNY,U,0.001,0.00012,0.0,1,0.0005,0.1,40101.41140067122,0,15908443.470000003,15948544.881400675,838120.3902315309,0,0
0,2021-11-23,A share,long_only,CNY,U,0.001,0.00012,0.0,1,0.0005,0.1,11774.309968998805,0,15745996.7,15757771.009968998,864010.1119570215,0,0
0,2021-11-24,A share,long_only,CNY,U,0.001,0.00012,0.0,1,0.0005,0.1,11775.206781119923,0,15723745.9,15735521.10678112,864010.1119570215,0,0
0,2021-11-25,A share,long_only,CNY,U,0.001,0.00012,0.0,1,0.0005,0.1,11776.103661548397,0,15762515.299999999,15774291.403661547,864010.1119570215,0,0
0,2021-11-26,A share,long_only,CNY,U,0.001,0.00012,0.0,1,0.0005,0.1,11777.000610289431,0,15636356.8,15648133.80061029,864010.1119570215,0,0
0,2021-11-29,A share,long_only,CNY,U,0.001,0.00012,0.0,1,0.0005,0.1,11777.897627348226,0,15622004.299999999,15633782.197627347,864010.1119570215,0,0
0,2021-11-30,A share,long_only,CNY,U,0.001,0.00012,0.0,1,0.0005,0.1,11778.794712729987,0,15583264.4,15595043.19471273,864010.1119570215,0,0
0,2021-12-01,A share,long_only,CNY,U,0.001,0.00012,0.0,1,0.0005,0.1,11779.691866439916,0,15586834.3,15598613.991866441,864010.1119570215,0,0
0,2021-12-02,A share,long_only,CNY,U,0.001,0.00012,0.0,1,0.0005,0.1,11780.589088483219,0,15473058.0,15484838.589088483,864010.1119570215,0,0
0,2021-12-03,A share,long_only,CNY,U,0.001,0.00012,0.0,1,0.0005,0.1,11781.4863788651,0,15519372.9,15531154.386378866,864010.1119570215,0,0
0,2021-12-06,A share,long_only,CNY,U,0.001,0.00012,0.0,1,0.0005,0.1,11782.383737590764,0,15429684.399999999,15441466.783737589,864010.1119570215,0,0
0,2021-12-07,A share,long_only,CNY,U,0.001,0.00012,0.0,1,0.0005,0.1,11783.281164665417,0,15523783.1,15535566.381164664,864010.1119570215,0,0
0,2021-12-08,A share,long_only,CNY,U,0.001,0.00012,0.0,1,0.0005,0.1,21399.61236832815,0,15659045.900000002,15680445.51236833,889777.9105703209,0,0
0,2021-12-09,A share,long_only,CNY,U,0.001,0.00012,0.0,1,0.0005,0.1,21401.242309429555,0,15704821.7,15726222.942309428,889777.9105703209,0,0
0,2021-12-10,A share,long_only,CNY,U,0.001,0.00012,0.0,1,0.0005,0.1,21402.87237467844,0,15748912.400000002,15770315.27237468,889777.9105703209,0,0
0,2021-12-13,A share,long_only,CNY,U,0.001,0.00012,0.0,1,0.0005,0.1,21404.50256408427,0,15793072.399999999,15814476.902564082,889777.9105703209,0,0
0,2021-12-14,A share,long_only,CNY,U,0.001,0.00012,0.0,1,0.0005,0.1,21406.132877656488,0,15652334.3,15673740.432877658,889777.9105703209,0,0
0,2021-12-15,A share,long_only,CNY,U,0.001,0.00012,0.0,1,0.0005,0.1,21407.76331540456,0,15695587.899999999,15716995.663315402,889777.9105703209,0,0
0,2021-12-16,A share,long_only,CNY,U,0.001,0.00012,0.0,1,0.0005,0.1,21409.393877337945,0,15832477.8,15853887.19387734,889777.9105703209,0,0
0,2021-12-17,A share,long_only,CNY,U,0.001,0.00012,0.0,1,0.0005,0.1,21411.024563466097,0,15817988.6,15839399.624563465,889777.9105703209,0,0
0,2021-12-20,A share,long_only,CNY,U,0.001,0.00012,0.0,1,0.0005,0.1,21412.655373798476,0,15686963.799999999,15708376.455373798,889777.9105703209,0,0
0,2021-12-21,A share,long_only,CNY,U,0.001,0.00012,0.0,1,0.0005,0.1,21414.286308344545,0,15716195.899999999,15737610.186308343,889777.9105703209,0,0
0,2021-12-22,A share,long_only,CNY,U,0.001,0.00012,0.0,1,0.0005,0.1,21415.91736711376,0,15759210.7,15780626.617367113,889777.9105703209,0,0
0,2021-12-23,A share,long_only,CNY,U,0.001,0.00012,0.0,1,0.0005,0.1,8350.539626582577,0,15880877.099999998,15889227.639626581,898719.7242967247,0,0
0,2021-12-24,A share,long_only,CNY,U,0.001,0.00012,0.0,1,0.0005,0.1,8351.175660895817,0,15903367.900000002,15911719.075660897,898719.7242967247,0,0
0,2021-12-27,A share,long_only,CNY,U,0.001,0.00012,0.0,1,0.0005,0.1,8351.811743653787,0,15858955.200000001,15867307.011743655,898719.7242967247,0,0
0,2021-12-28,A share,long_only,CNY,U,0.001,0.00012,0.0,1,0.0005,0.1,8352.44787486018,0,15909283.576000001,15917636.023874862,898719.7242967247,0,0
0,2021-12-29,A share,long_only,CNY,U,0.001,0.00012,0.0,1,0.0005,0.1,8353.084054518682,0,15845386.007000001,15853739.09105452,898719.7242967247,0,0
0,2021-12-30,A share,long_only,CNY,U,0.001,0.00012,0.0,1,0.0005,0.1,8353.720282632987,0,15863351.188000001,15871704.908282634,898719.7242967247,0,0
0,2021-12-31,A share,long_only,CNY,U,0.001,0.00012,0.0,1,0.0005,0.1,8354.356559206784,0,15862079.257,15870433.613559207,898719.7242967247,0,0
0,2022-01-03,A share,long_only,CNY,U,0.001,0.00012,0.0,1,0.0005,0.1,8354.992884243766,0,15862079.257,15870434.249884242,898719.7242967247,0,0
0,2022-01-04,A share,long_only,CNY,U,0.001,0.00012,0.0,1,0.0005,0.1,8355.629257747622,0,15925847.183,15934202.812257748,898719.7242967247,0,0
0,2022-01-05,A share,long_only,CNY,U,0.001,0.00012,0.0,1,0.0005,0.1,8356.265679722042,0,15950706.115,15959062.380679723,898719.7242967247,0,0
0,2022-01-06,A share,long_only,CNY,U,0.001,0.00012,0.0,1,0.0005,0.1,8356.902150170723,0,15864794.719,15873151.621150171,898719.7242967247,0,0
0,2022-01-07,A share,long_only,CNY,U,0.001,0.00012,0.0,1,0.0005,0.1,8357.538669097354,0,15844332.986000001,15852690.5246691,898719.7242967247,0,0
0,2022-01-10,A share,long_only,CNY,U,0.001,0.00012,0.0,1,0.0005,0.1,1788.1357224548406,0,15880588.011,15882376.146722455,898806.8634296628,0,0
0,2022-01-11,A share,long_only,CNY,U,0.001,0.00012,0.0,1,0.0005,0.1,1788.271919123208,0,15888520.7,15890308.971919123,898806.8634296628,0,0
0,2022-01-12,A share,long_only,CNY,U,0.001,0.00012,0.0,1,0.0005,0.1,1788.4081261652468,0,15943739.673,15945528.081126167,898806.8634296628,0,0
0,2022-01-13,A share,long_only,CNY,U,0.001,0.00012,0.0,1,0.0005,0.1,1788.5443435817472,0,15926838.66,15928627.204343582,898806.8634296628,0,0
0,2022-01-14,A share,long_only,CNY,U,0.001,0.00012,0.0,1,0.0005,0.1,1788.6805713734993,0,15888008.156,15889796.836571373,898806.8634296628,0,0
0,2022-01-17,A share,long_only,CNY,U,0.001,0.00012,0.0,1,0.0005,0.1,1788.8168095412937,0,15902415.67,15904204.48680954,898806.8634296628,0,0
0,2022-01-18,A share,long_only,CNY,U,0.001,0.00012,0.0,1,0.0005,0.1,1788.9530580859202,0,15907676.248,15909465.201058086,898806.8634296628,0,0
0,2022-01-19,A share,long_only,CNY,U,0.001,0.00012,0.0,1,0.0005,0.1,1789.0893170081695,0,15935722.95,15937512.039317008,898806.8634296628,0,0
0,2022-01-20,A share,long_only,CNY,U,0.001,0.00012,0.0,1,0.0005,0.1,1789.225586308832,0,16055675.169000002,16057464.39458631,898806.8634296628,0,0
0,2022-01-21,A share,long_only,CNY,U,0.001,0.00012,0.0,1,0.0005,0.1,1789.361865988698,0,16074650.909,16076440.270865988,898806.8634296628,0,0
0,2022-01-24,A share,long_only,CNY,U,0.001,0.00012,0.0,1,0.0005,0.1,1789.498156048558,0,16077618.200000001,16079407.69815605,898806.8634296628,0,0
0,2022-01-25,A share,long_only,CNY,U,0.001,0.00012,0.0,1,0.0005,0.1,40.73954206488986,0,16036798.8,16036839.539542066,898958.1251464128,0,0
0,2022-01-26,A share,long_only,CNY,U,0.001,0.00012,0.0,1,0.0005,0.1,40.74264506754809,0,16039984.928999998,16040025.671645066,898958.1251464128,0,0
0,2022-01-27,A share,long_only,CNY,U,0.001,0.00012,0.0,1,0.0005,0.1,40.745748306552265,0,16057368.318,16057409.063748306,898958.1251464128,0,0
0,2022-01-28,A share,long_only,CNY,U,0.001,0.00012,0.0,1,0.0005,0.1,40.748851781920386,0,16081206.349999998,16081247.09885178,898958.1251464128,0,0
0,2022-01-31,A share,long_only,CNY,U,0.001,0.00012,0.0,1,0.0005,0.1,40.75195549367045,0,16081206.349999998,16081247.101955492,898958.1251464128,0,0
0,2022-02-01,A share,long_only,CNY,U,0.001,0.00012,0.0,1,0.0005,0.1,40.75505944182047,0,16081206.349999998,16081247.10505944,898958.1251464128,0,0
0,2022-02-02,A share,long_only,CNY,U,0.001,0.00012,0.0,1,0.0005,0.1,40.758163626388445,0,16081206.349999998,16081247.108163625,898958.1251464128,0,0
0,2022-02-03,A share,long_only,CNY,U,0.001,0.00012,0.0,1,0.0005,0.1,40.761268047392385,0,16081206.349999998,16081247.111268045,898958.1251464128,0,0
0,2022-02-04,A share,long_only,CNY,U,0.001,0.00012,0.0,1,0.0005,0.1,40.7643727048503,0,16081206.349999998,16081247.114372702,898958.1251464128,0,0
0,2022-02-07,A share,long_only,CNY,U,0.001,0.00012,0.0,1,0.0005,0.1,40.767477598780204,0,16437617.746,16437658.513477597,898958.1251464128,0,0
0,2022-02-08,A share,long_only,CNY,U,0.001,0.00012,0.0,1,0.0005,0.1,40.7705827292001,0,16528907.533,16528948.30358273,898958.1251464128,0,0
0,2022-02-09,A share,long_only,CNY,U,0.001,0.00012,0.0,1,0.0005,0.1,40.773688096128005,0,16645901.460000003,16645942.2336881,898958.1251464128,0,0
0,2022-02-10,A share,long_only,CNY,U,0.001,0.00012,0.0,1,0.0005,0.1,40.77679369958193,0,16733525.893,16733566.669793699,898958.1251464128,0,0
0,2022-02-11,A share,long_only,CNY,U,0.001,0.00012,0.0,1,0.0005,0.1,40.779899539579894,0,16608977.546,16609018.32589954,898958.1251464128,0,0
0,2022-02-14,A share,long_only,CNY,U,0.001,0.00012,0.0,1,0.0005,0.1,40.78300561613991,0,16545680.356999999,16545721.140005615,898958.1251464128,0,0
0,2022-02-15,A share,long_only,CNY,U,0.001,0.00012,0.0,1,0.0005,0.1,40.786111929280004,0,16482955.725999998,16482996.512111926,898958.1251464128,0,0
0,2022-02-16,A share,long_only,CNY,U,0.001,0.00012,0.0,1,0.0005,0.1,8804.421124637287,0,16456405.209,16465209.630124638,899926.3606876687,0,0
0,2022-02-17,A share,long_only,CNY,U,0.001,0.00012,0.0,1,0.0005,0.1,8805.091729675272,0,16555324.66,16564129.751729675,899926.3606876687,0,0
0,2022-02-18,A share,long_only,CNY,U,0.001,0.00012,0.0,1,0.0005,0.1,8805.762385791131,0,16620463.006000001,16629268.768385792,899926.3606876687,0,0
0,2022-02-21,A share,long_only,CNY,U,0.001,0.00012,0.0,1,0.0005,0.1,8806.433092988756,0,16634440.443,16643246.876092989,899926.3606876687,0,0
0,2022-02-22,A share,long_only,CNY,U,0.001,0.00012,0.0,1,0.0005,0.1,8807.103851272037,0,16708923.735000001,16717730.838851273,899926.3606876687,0,0
0,2022-02-23,A share,long_only,CNY,U,0.001,0.00012,0.0,1,0.0005,0.1,8807.774660644864,0,16742394.299999997,16751202.074660642,899926.3606876687,0,0
0,2022-02-24,A share,long_only,CNY,U,0.001,0.00012,0.0,1,0.0005,0.1,8808.445521111129,0,16931811.692,16940620.137521114,899926.3606876687,0,0
0,2022-02-25,A share,long_only,CNY,U,0.001,0.00012,0.0,1,0.0005,0.1,8809.116432674724,0,16773623.263,16782432.379432674,899926.3606876687,0,0
0,2022-02-28,A share,long_only,CNY,U,0.001,0.00012,0.0,1,0.0005,0.1,8809.78739533954,0,16728006.368999999,16736816.156395338,899926.3606876687,0,0
0,2022-03-01,A share,long_only,CNY,U,0.001,0.00012,0.0,1,0.0005,0.1,8810.45840910947,0,16781961.466999996,16790771.925409105,899926.3606876687,0,0
0,2022-03-02,A share,long_only,CNY,U,0.001,0.00012,0.0,1,0.0005,0.1,8811.129473988405,0,16829938.7,16838749.829473987,899926.3606876687,0,0
0,2022-03-03,A share,long_only,CNY,U,0.001,0.00012,0.0,1,0.0005,0.1,16789.843607334056,0,16793721.4,16810511.24360733,909523.6252864542,0,0
0,2022-03-04,A share,long_only,CNY,U,0.001,0.00012,0.0,1,0.0005,0.1,16791.122436861933,0,16782208.161,16798999.28343686,909523.6252864542,0,0
0,2022-03-07,A share,long_only,CNY,U,0.001,0.00012,0.0,1,0.0005,0.1,16792.40136379423,0,17039516.005,17056308.406363793,909523.6252864542,0,0
0,2022-03-08,A share,long_only,CNY,U,0.001,0.00012,0.0,1,0.0005,0.1,16793.680388138364,0,17020063.143,17036856.823388137,909523.6252864542,0,0
0,2022-03-09,A share,long_only,CNY,U,0.001,0.00012,0.0,1,0.0005,0.1,16794.959509901757,0,17066796.841,17083591.8005099,909523.6252864542,0,0
0,2022-03-10,A share,long_only,CNY,U,0.001,0.00012,0.0,1,0.0005,0.1,16796.238729091827,0,16899935.819,16916732.05772909,909523.6252864542,0,0
0,2022-03-11,A share,long_only,CNY,U,0.001,0.00012,0.0,1,0.0005,0.1,16797.518045715995,0,16964808.073,16981605.591045715,909523.6252864542,0,0
0,2022-03-14,A share,long_only,CNY,U,0.001,0.00012,0.0,1,0.0005,0.1,16798.797459781683,0,16887798.404,16904597.20145978,909523.6252864542,0,0
0,2022-03-15,A share,long_only,CNY,U,0.001,0.00012,0.0,1,0.0005,0.1,16800.076971296312,0,16491214.189999998,16508014.266971294,909523.6252864542,0,0
0,2022-03-16,A share,long_only,CNY,U,0.001,0.00012,0.0,1,0.0005,0.1,16801.356580267304,0,16588465.200000001,16605266.556580268,909523.6252864542,0,0
0,2022-03-17,A share,long_only,CNY,U,0.001,0.00012,0.0,1,0.0005,0.1,16802.636286702083,0,16664664.965999998,16681467.6022867,909523.6252864542,0,0
0,2022-03-18,A share,long_only,CNY,U,0.001,0.00012,0.0,1,0.0005,0.1,11869.413243702795,0,16834865.2,16846734.613243703,918774.5523164374,0,0
0,2022-03-21,A share,long_only,CNY,U,0.001,0.00012,0.0,1,0.0005,0.1,11870.317299540933,0,16867307.46,16879177.777299542,918774.5523164374,0,0
0,2022-03-22,A share,long_only,CNY,U,0.001,0.00012,0.0,1,0.0005,0.1,11871.221424238158,0,16994257.61,17006128.831424236,918774.5523164374,0,0
0,2022-03-23,A share,long_only,CNY,U,0.001,0.00012,0.0,1,0.0005,0.1,11872.125617799715,0,17018950.905,17030823.0306178,918774.5523164374,0,0
0,2022-03-24,A share,long_only,CNY,U,0.001,0.00012,0.0,1,0.0005,0.1,11873.029880230848,0,16996229.884999998,17008102.914880227,918774.5523164374,0,0
0,2022-03-25,A share,long_only,CNY,U,0.001,0.00012,0.0,1,0.0005,0.1,11873.934211536804,0,17046521.535,17058395.469211537,918774.5523164374,0,0
0,2022-03-28,A share,long_only,CNY,U,0.001,0.00012,0.0,1,0.0005,0.1,11874.838611722827,0,16963424.735,16975299.57361172,918774.5523164374,0,0
0,2022-03-29,A share,long_only,CNY,U,0.001,0.00012,0.0,1,0.0005,0.1,11875.743080794167,0,16905509.3,16917385.043080796,918774.5523164374,0,0
0,2022-03-30,A share,long_only,CNY,U,0.001,0.00012,0.0,1,0.0005,0.1,11876.647618756067,0,16822259.37,16834136.017618757,918774.5523164374,0,0
0,2022-03-31,A share,long_only,CNY,U,0.001,0.00012,0.0,1,0.0005,0.1,11877.552225613777,0,16821612.104,16833489.65622561,918774.5523164374,0,0
0,2022-04-01,A share,long_only,CNY,U,0.001,0.00012,0.0,1,0.0005,0.1,11878.456901372543,0,16625455.572,16637334.028901374,918774.5523164374,0,0
0,2022-04-04,A share,long_only,CNY,U,0.001,0.00012,0.0,1,0.0005,0.1,11879.361646037614,0,16625455.572,16637334.933646038,918774.5523164374,0,0
0,2022-04-05,A share,long_only,CNY,U,0.001,0.00012,0.0,1,0.0005,0.1,11880.266459614237,0,16625455.572,16637335.838459615,918774.5523164374,0,0
0,2022-04-06,A share,long_only,CNY,U,0.001,0.00012,0.0,1,0.0005,0.1,207334.71034578676,0,16444840.977000002,16652175.687345788,927645.2992596589,0,0
0,2022-04-07,A share,long_only,CNY,U,0.001,0.00012,0.0,1,0.0005,0.1,207350.50237791913,0,16352526.284,16559876.78637792,927645.2992596589,0,0
0,2022-04-08,A share,long_only,CNY,U,0.001,0.00012,0.0,1,0.0005,0.1,207366.29561288084,0,16425378.709999999,16632745.00561288,927645.2992596589,0,0
0,2022-04-11,A share,long_only,CNY,U,0.001,0.00012,0.0,1,0.0005,0.1,207382.09005076357,0,16348130.591,16555512.681050764,927645.2992596589,0,0
0,2022-04-12,A share,long_only,CNY,U,0.001,0.00012,0.0,1,0.0005,0.1,207397.88569165888,0,16247242.234000001,16454640.11969166,927645.2992596589,0,0
0,2022-04-13,A share,long_only,CNY,U,0.001,0.00012,0.0,1,0.0005,0.1,207413.68253565844,0,16309051.321000002,16516465.00353566,927645.2992596589,0,0
0,2022-04-14,A share,long_only,CNY,U,0.001,0.00012,0.0,1,0.0005,0.1,207429.48058285387,0,16384936.984000001,16592366.464582855,927645.2992596589,0,0
0,2022-04-15,A share,long_only,CNY,U,0.001,0.00012,0.0,1,0.0005,0.1,207445.27983333683,0,16276492.723000001,16483938.002833338,927645.2992596589,0,0
0,2022-04-18,A share,long_only,CNY,U,0.001,0.00012,0.0,1,0.0005,0.1,207461.08028719894,0,16255078.627999999,16462539.708287198,927645.2992596589,0,0
0,2022-04-19,A share,long_only,CNY,U,0.001,0.00012,0.0,1,0.0005,0.1,207476.8819445319,0,16302479.148,16509956.029944532,927645.2992596589,0,0
0,2022-04-20,A share,long_only,CNY,U,0.001,0.00012,0.0,1,0.0005,0.1,207492.68480542733,0,16344604.105000002,16552096.789805429,927645.2992596589,0,0
0,2022-04-21,A share,long_only,CNY,U,0.001,0.00012,0.0,1,0.0005,0.1,129019.23664048314,0,16504797.359,16633816.595640482,936267.97366523,0,0
0,2022-04-22,A share,long_only,CNY,U,0.001,0.00012,0.0,1,0.0005,0.1,129029.06362954504,0,16477125.183000002,16606154.246629547,936267.97366523,0,0
0,2022-04-25,A share,long_only,CNY,U,0.001,0.00012,0.0,1,0.0005,0.1,129038.89136709775,0,16114054.809999999,16243093.701367097,936267.97366523,0,0
0,2022-04-26,A share,long_only,CNY,U,0.001,0.00012,0.0,1,0.0005,0.1,129048.71985319829,0,16031398.068,16160446.787853198,936267.97366523,0,0
0,2022-04-27,A share,long_only,CNY,U,0.001,0.00012,0.0,1,0.0005,0.1,129058.54908790367,0,16095292.479,16224351.028087905,936267.97366523,0,0
0,2022-04-28,A share,long_only,CNY,U,0.001,0.00012,0.0,1,0.0005,0.1,129068.37907127092,0,16174794.298,16303862.677071271,936267.97366523,0,0
0,2022-04-29,A share,long_only,CNY,U,0.001,0.00012,0.0,1,0.0005,0.1,129078.20980335705,0,16369853.355,16498931.564803358,936267.97366523,0,0
0,2022-05-02,A share,long_only,CNY,U,0.001,0.00012,0.0,1,0.0005,0.1,129088.0412842191,0,16369853.355,16498941.396284219,936267.97366523,0,0
0,2022-05-03,A share,long_only,CNY,U,0.001,0.00012,0.0,1,0.0005,0.1,129097.87351391409,0,16369853.355,16498951.228513915,936267.97366523,0,0
0,2022-05-04,A share,long_only,CNY,U,0.001,0.00012,0.0,1,0.0005,0.1,129107.70649249906,0,16369853.355,16498961.061492499,936267.97366523,0,0
0,2022-05-05,A share,long_only,CNY,U,0.001,0.00012,0.0,1,0.0005,0.1,129117.54022003105,0,16380368.671999998,16509486.21222003,936267.97366523,0,0
0,2022-05-06,A share,long_only,CNY,U,0.001,0.00012,0.0,1,0.0005,0.1,129127.3746965671,0,16221463.153,16350590.527696569,936267.97366523,0,0
0,2022-05-09,A share,long_only,CNY,U,0.001,0.00012,0.0,1,0.0005,0.1,129137.20992216427,0,16224152.454,16353289.663922165,936267.97366523,0,0
0,2022-05-10,A share,long_only,CNY,U,0.001,0.00012,0.0,1,0.0005,0.1,129147.04589687962,0,16132662.461,16261809.50689688,936267.97366523,0,0
0,2022-05-11,A share,long_only,CNY,U,0.001,0.00012,0.0,1,0.0005,0.1,1622.6366666101612,0,16268595.0,16270217.63666661,953854.1006932132,0,0
0,2022-05-12,A share,long_only,CNY,U,0.001,0.00012,0.0,1,0.0005,0.1,1622.7602577364878,0,16306810.285,16308433.045257736,953854.1006932132,0,0
0,2022-05-13,A share,long_only,CNY,U,0.001,0.00012,0.0,1,0.0005,0.1,1622.8838582763615,0,16400097.35,16401720.233858276,953854.1006932132,0,0
0,2022-05-16,A share,long_only,CNY,U,0.001,0.00012,0.0,1,0.0005,0.1,1623.0074682304992,0,16438452.5,16440075.507468231,953854.1006932132,0,0
0,2022-05-17,A share,long_only,CNY,U,0.001,0.00012,0.0,1,0.0005,0.1,1623.1310875996178,0,16451858.685,16453481.8160876,953854.1006932132,0,0
0,2022-05-18,A share,long_only,CNY,U,0.001,0.00012,0.0,1,0.0005,0.1,1623.2547163844347,0,16415889.09,16417512.344716385,953854.1006932132,0,0
0,2022-05-19,A share,long_only,CNY,U,0.001,0.00012,0.0,1,0.0005,0.1,1623.3783545856668,0,16424618.2,16426241.578354584,953854.1006932132,0,0
0,2022-05-20,A share,long_only,CNY,U,0.001,0.00012,0.0,1,0.0005,0.1,1623.5020022040314,0,16506695.845,16508319.347002205,953854.1006932132,0,0
0,2022-05-23,A share,long_only,CNY,U,0.001,0.00012,0.0,1,0.0005,0.1,1623.625659240246,0,16536202.95,16537826.57565924,953854.1006932132,0,0
0,2022-05-24,A share,long_only,CNY,U,0.001,0.00012,0.0,1,0.0005,0.1,1623.7493256950277,0,16431421.950000001,16433045.699325696,953854.1006932132,0,0
0,2022-05-25,A share,long_only,CNY,U,0.001,0.00012,0.0,1,0.0005,0.1,1623.8730015690937,0,16475103.715,16476727.58800157,953854.1006932132,0,0
0,2022-05-26,A share,long_only,CNY,U,0.001,0.00012,0.0,1,0.0005,0.1,14563.821819770868,0,16497305.844999999,16511869.66681977,963169.6610709847,0,0
0,2022-05-27,A share,long_only,CNY,U,0.001,0.00012,0.0,1,0.0005,0.1,14564.931100227403,0,16537121.805,16551686.736100227,963169.6610709847,0,0
0,2022-05-30,A share,long_only,CNY,U,0.001,0.00012,0.0,1,0.0005,0.1,14566.040465174337,0,16542435.705,16557001.745465174,963169.6610709847,0,0
0,2022-05-31,A share,long_only,CNY,U,0.001,0.00012,0.0,1,0.0005,0.1,14567.149914618107,0,16508200.345000003,16522767.494914621,963169.6610709847,0,0
0,2022-06-01,A share,long_only,CNY,U,0.001,0.00012,0.0,1,0.0005,0.1,14568.259448565148,0,16477293.075,16491861.334448565,963169.6610709847,0,0
0,2022-06-02,A share,long_only,CNY,U,0.001,0.00012,0.0,1,0.0005,0.1,14569.369067021897,0,16460968.454999998,16475537.82406702,963169.6610709847,0,0
0,2022-06-03,A share,long_only,CNY,U,0.001,0.00012,0.0,1,0.0005,0.1,14570.47876999479,0,16460968.454999998,16475538.933769993,963169.6610709847,0,0
0,2022-06-06,A share,long_only,CNY,U,0.001,0.00012,0.0,1,0.0005,0.1,14571.588557490264,0,16502305.360000001,16516876.948557492,963169.6610709847,0,0
0,2022-06-07,A share,long_only,CNY,U,0.001,0.00012,0.0,1,0.0005,0.1,14572.698429514758,0,16461178.469999999,16475751.168429514,963169.6610709847,0,0
0,2022-06-08,A share,long_only,CNY,U,0.001,0.00012,0.0,1,0.0005,0.1,14573.80838607471,0,16497634.465,16512208.273386074,963169.6610709847,0,0
0,2022-06-09,A share,long_only,CNY,U,0.001,0.00012,0.0,1,0.0005,0.1,14574.918427176559,0,16486935.184999999,16501510.103427175,963169.6610709847,0,0
0,2022-06-10,A share,long_only,CNY,U,0.001,0.00012,0.0,1,0.0005,0.1,14576.028552826743,0,16448920.105,16463496.133552827,963169.6610709847,0,0
0,2022-06-13,A share,long_only,CNY,U,0.001,0.00012,0.0,1,0.0005,0.1,40775.446224044965,0,16351706.35,16392481.796224045,981055.7489005964,0,0
0,2022-06-14,A share,long_only,CNY,U,0.001,0.00012,0.0,1,0.0005,0.1,40778.55196140996,0,16353563.225,16394341.77696141,981055.7489005964,0,0
0,2022-06-15,A share,long_only,CNY,U,0.001,0.00012,0.0,1,0.0005,0.1,40781.657935329196,0,16300108.27,16340889.927935328,981055.7489005964,0,0
0,2022-06-16,A share,long_only,CNY,U,0.001,0.00012,0.0,1,0.0005,0.1,40784.764145820685,0,16259829.32,16300614.084145822,981055.7489005964,0,0
0,2022-06-17,A share,long_only,CNY,U,0.001,0.00012,0.0,1,0.0005,0.1,40787.87059290244,0,16350512.445,16391300.315592904,981055.7489005964,0,0
0,2022-06-20,A share,long_only,CNY,U,0.001,0.00012,0.0,1,0.0005,0.1,40790.9772765925,0,16219813.325000001,16260604.302276593,981055.7489005964,0,0
0,2022-06-21,A share,long_only,CNY,U,0.001,0.00012,0.0,1,0.0005,0.1,40794.08419690887,0,16160372.65,16201166.734196909,981055.7489005964,0,0
0,2022-06-22,A share,long_only,CNY,U,0.001,0.00012,0.0,1,0.0005,0.1,40797.19135386958,0,16069039.100000001,16109836.29135387,981055.7489005964,0,0
0,2022-06-23,A share,long_only,CNY,U,0.001,0.00012,0.0,1,0.0005,0.1,40800.298747492656,0,16000318.434999999,16041118.733747492,981055.7489005964,0,0
0,2022-06-24,A share,long_only,CNY,U,0.001,0.00012,0.0,1,0.0005,0.1,40803.40637779612,0,15981315.105,16022118.511377797,981055.7489005964,0,0
0,2022-06-27,A share,long_only,CNY,U,0.001,0.00012,0.0,1,0.0005,0.1,40806.514244797996,0,16085767.92,16126574.434244798,981055.7489005964,0,0
0,2022-06-28,A share,long_only,CNY,U,0.001,0.00012,0.0,1,0.0005,0.1,1765.0036006593284,0,16230587.348,16232352.351600658,989895.9939692639,0,0
0,2022-06-29,A share,long_only,CNY,U,0.001,0.00012,0.0,1,0.0005,0.1,1765.1380354268058,0,16143671.144,16145436.282035425,989895.9939692639,0,0
0,2022-06-30,A share,long_only,CNY,U,0.001,0.00012,0.0,1,0.0005,0.1,1765.2724804337563,0,16195796.12,16197561.392480433,989895.9939692639,0,0
0,2022-07-01,A share,long_only,CNY,U,0.001,0.00012,0.0,1,0.0005,0.1,1765.4069356809596,0,16212634.195999999,16214399.60293568,989895.9939692639,0,0
0,2022-07-04,A share,long_only,CNY,U,0.001,0.00012,0.0,1,0.0005,0.1,1765.5414011691958,0,16251590.54,16253356.081401167,989895.9939692639,0,0
0,2022-07-05,A share,long_only,CNY,U,0.001,0.00012,0.0,1,0.0005,0.1,1765.675876899245,0,16296002.464000002,16297768.1398769,989895.9939692639,0,0
0,2022-07-06,A share,long_only,CNY,U,0.001,0.00012,0.0,1,0.0005,0.1,1765.810362871887,0,16062879.168,16064644.978362871,989895.9939692639,0,0
0,2022-07-07,A share,long_only,CNY,U,0.001,0.00012,0.0,1,0.0005,0.1,1765.9448590879022,0,16063957.54,16065723.484859087,989895.9939692639,0,0
0,2022-07-08,A share,long_only,CNY,U,0.001,0.00012,0.0,1,0.0005,0.1,1766.0793655480707,0,16060145.620000001,16061911.699365549,989895.9939692639,0,0
0,2022-07-11,A share,long_only,CNY,U,0.001,0.00012,0.0,1,0.0005,0.1,1766.2138822531729,0,15961588.91,15963355.123882253,989895.9939692639,0,0
0,2022-07-12,A share,long_only,CNY,U,0.001,0.00012,0.0,1,0.0005,0.1,1766.348409203989,0,15936569.21,15938335.558409205,989895.9939692639,0,0
0,2022-07-13,A share,long_only,CNY,U,0.001,0.00012,0.0,1,0.0005,0.1,1627.4424404678593,0,15913344.184000002,15914971.62644047,1007303.2185357271,0,0
0,2022-07-14,A share,long_only,CNY,U,0.001,0.00012,0.0,1,0.0005,0.1,1627.5663976348508,0,15861283.200000001,15862910.766397636,1007303.2185357271,0,0
0,2022-07-15,A share,long_only,CNY,U,0.001,0.00012,0.0,1,0.0005,0.1,1627.6903642432692,0,15912701.959999999,15914329.650364242,1007303.2185357271,0,0
0,2022-07-18,A share,long_only,CNY,U,0.001,0.00012,0.0,1,0.0005,0.1,1627.814340293834,0,16081986.780000001,16083614.594340295,1007303.2185357271,0,0
0,2022-07-19,A share,long_only,CNY,U,0.001,0.00012,0.0,1,0.0005,0.1,1627.9383257872641,0,16007098.419999998,16008726.358325785,1007303.2185357271,0,0
0,2022-07-20,A share,long_only,CNY,U,0.001,0.00012,0.0,1,0.0005,0.1,1628.062320724279,0,16224394.899999999,16226022.962320723,1007303.2185357271,0,0
0,2022-07-21,A share,long_only,CNY,U,0.001,0.00012,0.0,1,0.0005,0.1,1628.186325105598,0,16243056.344,16244684.530325105,1007303.2185357271,0,0
0,2022-07-22,A share,long_only,CNY,U,0.001,0.00012,0.0,1,0.0005,0.1,1628.3103389319401,0,16267050.640000002,16268678.950338934,1007303.2185357271,0,0
0,2022-07-25,A share,long_only,CNY,U,0.001,0.00012,0.0,1,0.0005,0.1,1628.434362204025,0,16183978.996,16185607.430362204,1007303.2185357271,0,0
0,2022-07-26,A share,long_only,CNY,U,0.001,0.00012,0.0,1,0.0005,0.1,1628.5583949225722,0,16197887.159999998,16199515.71839492,1007303.2185357271,0,0
0,2022-07-27,A share,long_only,CNY,U,0.001,0.00012,0.0,1,0.0005,0.1,1628.682437088301,0,16220591.763999999,16222220.446437087,1007303.2185357271,0,0
0,2022-07-28,A share,long_only,CNY,U,0.001,0.00012,0.0,1,0.0005,0.1,15675.4488936555,0,16299454.248000002,16315129.696893657,1016598.545937819,0,0
0,2022-07-29,A share,long_only,CNY,U,0.001,0.00012,0.0,1,0.0005,0.1,15676.642843246502,0,16466260.824000001,16481937.466843247,1016598.545937819,0,0
0,2022-08-01,A share,long_only,CNY,U,0.001,0.00012,0.0,1,0.0005,0.1,15677.836883776885,0,16524925.651999999,16540603.488883777,1016598.545937819,0,0
0,2022-08-02,A share,long_only,CNY,U,0.001,0.00012,0.0,1,0.0005,0.1,15679.031015253575,0,16500253.700000001,16515932.731015254,1016598.545937819,0,0
0,2022-08-03,A share,long_only,CNY,U,0.001,0.00012,0.0,1,0.0005,0.1,15680.2252376835,0,16439844.203999998,16455524.429237682,1016598.545937819,0,0
0,2022-08-04,A share,long_only,CNY,U,0.001,0.00012,0.0,1,0.0005,0.1,15681.419551073588,0,16546440.264,16562121.683551075,1016598.545937819,0,0
0,2022-08-05,A share,long_only,CNY,U,0.001,0.00012,0.0,1,0.0005,0.1,15682.613955430768,0,16615408.263999999,16631090.87795543,1016598.545937819,0,0
0,2022-08-08,A share,long_only,CNY,U,0.001,0.00012,0.0,1,0.0005,0.1,15683.808450761968,0,16588899.592,16604583.400450762,1016598.545937819,0,0
0,2022-08-09,A share,long_only,CNY,U,0.001,0.00012,0.0,1,0.0005,0.1,15685.003037074115,0,16533980.48,16549665.483037075,1016598.545937819,0,0
0,2022-08-10,A share,long_only,CNY,U,0.001,0.00012,0.0,1,0.0005,0.1,15686.19771437414,0,16455914.972,16471601.169714373,1016598.545937819,0,0
0,2022-08-11,A share,long_only,CNY,U,0.001,0.00012,0.0,1,0.0005,0.1,15687.392482668974,0,16678026.856,16693714.248482669,1016598.545937819,0,0
0,2022-08-12,A share,long_only,CNY,U,0.001,0.00012,0.0,1,0.0005,0.1,17586.540553735205,0,16665783.652,16683370.192553736,1035229.1372761604,0,0
0,2022-08-15,A share,long_only,CNY,U,0.001,0.00012,0.0,1,0.0005,0.1,17587.88006516124,0,16808581.404,16826169.28406516,1035229.1372761604,0,0
0,2022-08-16,A share,long_only,CNY,U,0.001,0.00012,0.0,1,0.0005,0.1,17589.21967861364,0,16864253.599999998,16881842.819678612,1035229.1372761604,0,0
0,2022-08-17,A share,long_only,CNY,U,0.001,0.00012,0.0,1,0.0005,0.1,17590.559394100183,0,16865479.248,16883069.8073941,1035229.1372761604,0,0
0,2022-08-18,A share,long_only,CNY,U,0.001,0.00012,0.0,1,0.0005,0.1,17591.899211628635,0,16763798.364000002,16781390.26321163,1035229.1372761604,0,0
0,2022-08-19,A share,long_only,CNY,U,0.001,0.00012,0.0,1,0.0005,0.1,17593.23913120677,0,16768732.064000001,16786325.303131208,1035229.1372761604,0,0
0,2022-08-22,A share,long_only,CNY,U,0.001,0.00012,0.0,1,0.0005,0.1,17594.57915284236,0,16645777.22,16663371.799152844,1035229.1372761604,0,0
0,2022-08-23,A share,long_only,CNY,U,0.001,0.00012,0.0,1,0.0005,0.1,17595.91927654318,0,16456029.652,16473625.571276544,1035229.1372761604,0,0
0,2022-08-24,A share,long_only,CNY,U,0.001,0.00012,0.0,1,0.0005,0.1,17597.259502317003,0,16461288.263999999,16478885.523502316,1035229.1372761604,0,0
0,2022-08-25,A share,long_only,CNY,U,0.001,0.00012,0.0,1,0.0005,0.1,17598.599830171603,0,16588582.524,16606181.123830171,1035229.1372761604,0,0
0,2022-08-26,A share,long_only,CNY,U,0.001,0.00012,0.0,1,0.0005,0.1,17599.940260114756,0,16610809.692,16628409.632260114,1035229.1372761604,0,0
0,2022-08-29,A share,long_only,CNY,U,0.001,0.00012,0.0,1,0.0005,0.1,161580.61395646672,0,16104036.468,16265617.081956467,1052835.8697291475,0,0
0,2022-08-30,A share,long_only,CNY,U,0.001,0.00012,0.0,1,0.0005,0.1,161592.92104312536,0,16108577.315999998,16270170.237043124,1052835.8697291475,0,0
0,2022-08-31,A share,long_only,CNY,U,0.001,0.00012,0.0,1,0.0005,0.1,161605.22906717603,0,16078646.964,16240252.193067176,1052835.8697291475,0,0
0,2022-09-01,A share,long_only,CNY,U,0.001,0.00012,0.0,1,0.0005,0.1,161617.53802869015,0,15984285.736,16145903.27402869,1052835.8697291475,0,0
0,2022-09-02,A share,long_only,CNY,U,0.001,0.00012,0.0,1,0.0005,0.1,161629.84792773912,0,16068638.436,16230268.28392774,1052835.8697291475,0,0
0,2022-09-05,A share,long_only,CNY,U,0.001,0.00012,0.0,1,0.0005,0.1,161642.15876439432,0,16128309.56,16289951.718764395,1052835.8697291475,0,0
0,2022-09-06,A share,long_only,CNY,U,0.001,0.00012,0.0,1,0.0005,0.1,161654.4705387272,0,16092546.195999999,16254200.666538727,1052835.8697291475,0,0
0,2022-09-07,A share,long_only,CNY,U,0.001,0.00012,0.0,1,0.0005,0.1,161666.78325080918,0,16074444.608,16236111.391250808,1052835.8697291475,0,0
0,2022-09-08,A share,long_only,CNY,U,0.001,0.00012,0.0,1,0.0005,0.1,161679.09690071168,0,16155469.52,16317148.61690071,1052835.8697291475,0,0
0,2022-09-09,A share,long_only,CNY,U,0.001,0.00012,0.0,1,0.0005,0.1,161691.4114885061,0,16179096.124000002,16340787.535488509,1052835.8697291475,0,0
0,2022-09-12,A share,long_only,CNY,U,0.001,0.00012,0.0,1,0.0005,0.1,161703.72701426392,0,16179096.124000002,16340799.851014266,1052835.8697291475,0,0
0,2022-09-13,A share,long_only,CNY,U,0.001,0.00012,0.0,1,0.0005,0.1,161716.04347805656,0,16440713.204,16602429.247478057,1052835.8697291475,0,0
0,2022-09-14,A share,long_only,CNY,U,0.001,0.00012,0.0,1,0.0005,0.1,18162.545511711323,0,16392742.124,16410904.669511711,1062249.9509740425,0,0
0,2022-09-15,A share,long_only,CNY,U,0.001,0.00012,0.0,1,0.0005,0.1,18163.92889562156,0,16314590.224,16332754.152895622,1062249.9509740425,0,0
0,2022-09-16,A share,long_only,CNY,U,0.001,0.00012,0.0,1,0.0005,0.1,18165.312384899797,0,16270991.456,16289156.7683849,1062249.9509740425,0,0
0,2022-09-19,A share,long_only,CNY,U,0.001,0.00012,0.0,1,0.0005,0.1,18166.695979554053,0,16276952.76,16295119.455979554,1062249.9509740425,0,0
0,2022-09-20,A share,long_only,CNY,U,0.001,0.00012,0.0,1,0.0005,0.1,18168.07967959236,0,16328123.776,16346291.855679592,1062249.9509740425,0,0
0,2022-09-21,A share,long_only,CNY,U,0.001,0.00012,0.0,1,0.0005,0.1,18169.46348502274,0,16395167.924999999,16413337.388485022,1062249.9509740425,0,0
0,2022-09-22,A share,long_only,CNY,U,0.001,0.00012,0.0,1,0.0005,0.1,18170.847395853227,0,16382604.024999999,16400774.872395853,1062249.9509740425,0,0
0,2022-09-23,A share,long_only,CNY,U,0.001,0.00012,0.0,1,0.0005,0.1,18172.23141209184,0,16357183.425,16375355.656412093,1062249.9509740425,0,0
0,2022-09-26,A share,long_only,CNY,U,0.001,0.00012,0.0,1,0.0005,0.1,18173.61553374662,0,16263789.775,16281963.390533747,1062249.9509740425,0,0
0,2022-09-27,A share,long_only,CNY,U,0.001,0.00012,0.0,1,0.0005,0.1,18174.999760825584,0,16303019.375000002,16321194.374760827,1062249.9509740425,0,0
0,2022-09-28,A share,long_only,CNY,U,0.001,0.00012,0.0,1,0.0005,0.1,18176.38409333677,0,16299128.875,16317305.259093337,1062249.9509740425,0,0
0,2022-09-29,A share,long_only,CNY,U,0.001,0.00012,0.0,1,0.0005,0.1,16197.60886547145,0,16365830.125,16382027.733865472,1062590.1598288186,0,0
0,2022-09-30,A share,long_only,CNY,U,0.001,0.00012,0.0,1,0.0005,0.1,16198.84258634358,0,16342069.15,16358267.992586344,1062590.1598288186,0,0
0,2022-10-03,A share,long_only,CNY,U,0.001,0.00012,0.0,1,0.0005,0.1,16200.076401184346,0,16342069.15,16358269.226401186,1062590.1598288186,0,0
0,2022-10-04,A share,long_only,CNY,U,0.001,0.00012,0.0,1,0.0005,0.1,16201.310310000903,0,16342069.15,16358270.46031,1062590.1598288186,0,0
0,2022-10-05,A share,long_only,CNY,U,0.001,0.00012,0.0,1,0.0005,0.1,16202.54431280041,0,16342069.15,16358271.694312802,1062590.1598288186,0,0
0,2022-10-06,A share,long_only,CNY,U,0.001,0.00012,0.0,1,0.0005,0.1,16203.778409590026,0,16342069.15,16358272.928409591,1062590.1598288186,0,0
0,2022-10-07,A share,long_only,CNY,U,0.001,0.00012,0.0,1,0.0005,0.1,16205.01260037691,0,16342069.15,16358274.162600378,1062590.1598288186,0,0
0,2022-10-10,A share,long_only,CNY,U,0.001,0.00012,0.0,1,0.0005,0.1,16206.246885168219,0,16368521.2,16384727.446885167,1062590.1598288186,0,0
0,2022-10-11,A share,long_only,CNY,U,0.001,0.00012,0.0,1,0.0005,0.1,16207.481263971114,0,16347690.624999998,16363898.10626397,1062590.1598288186,0,0
0,2022-10-12,A share,long_only,CNY,U,0.001,0.00012,0.0,1,0.0005,0.1,16208.715736792758,0,16408391.024999999,16424599.740736792,1062590.1598288186,0,0
0,2022-10-13,A share,long_only,CNY,U,0.001,0.00012,0.0,1,0.0005,0.1,16209.95030364031,0,16422572.975,16438782.92530364,1062590.1598288186,0,0
0,2022-10-14,A share,long_only,CNY,U,0.001,0.00012,0.0,1,0.0005,0.1,16211.184964520931,0,16514972.1,16531183.28496452,1062590.1598288186,0,0
0,2022-10-17,A share,long_only,CNY,U,0.001,0.00012,0.0,1,0.0005,0.1,16212.419719441785,0,16402697.899999999,16418910.31971944,1062590.1598288186,0,0
0,2022-10-18,A share,long_only,CNY,U,0.001,0.00012,0.0,1,0.0005,0.1,16213.654568410033,0,16363291.525,16379505.17956841,1062590.1598288186,0,0
0,2022-10-19,A share,long_only,CNY,U,0.001,0.00012,0.0,1,0.0005,0.1,16214.88951143284,0,16332599.425,16348814.314511433,1062590.1598288186,0,0
0,2022-10-20,A share,long_only,CNY,U,0.001,0.00012,0.0,1,0.0005,0.1,16216.12454851737,0,16308750.100000001,16324966.224548519,1062590.1598288186,0,0
0,2022-10-21,A share,long_only,CNY,U,0.001,0.00012,0.0,1,0.0005,0.1,46987.386305217864,0,16276107.399999999,16323094.786305217,1062729.8766808307,0,0
0,2022-10-24,A share,long_only,CNY,U,0.001,0.00012,0.0,1,0.0005,0.1,46990.96518650171,0,16315663.924999999,16362654.8901865,1062729.8766808307,0,0
0,2022-10-25,A share,long_only,CNY,U,0.001,0.00012,0.0,1,0.0005,0.1,46994.54434037767,0,16309160.649999999,16356155.194340376,1062729.8766808307,0,0
0,2022-10-26,A share,long_only,CNY,U,0.001,0.00012,0.0,1,0.0005,0.1,46998.12376686652,0,16366877.024999999,16413875.148766866,1062729.8766808307,0,0
0,2022-10-27,A share,long_only,CNY,U,0.001,0.00012,0.0,1,0.0005,0.1,47001.70346598901,0,16342231.149999999,16389232.853465987,1062729.8766808307,0,0
0,2022-10-28,A share,long_only,CNY,U,0.001,0.00012,0.0,1,0.0005,0.1,47005.28343776592,0,16279692.999999998,16326698.283437764,1062729.8766808307,0,0
0,2022-10-31,A share,long_only,CNY,U,0.001,0.00012,0.0,1,0.0005,0.1,47008.863682218,0,16298952.175,16345961.038682219,1062729.8766808307,0,0
0,2022-11-01,A share,long_only,CNY,U,0.001,0.00012,0.0,1,0.0005,0.1,47012.44419936603,0,16426086.575000001,16473099.019199368,1062729.8766808307,0,0
0,2022-11-02,A share,long_only,CNY,U,0.001,0.00012,0.0,1,0.0005,0.1,47016.02498923078,0,16440057.35,16487073.37498923,1062729.8766808307,0,0
0,2022-11-03,A share,long_only,CNY,U,0.001,0.00012,0.0,1,0.0005,0.1,47019.60605183302,0,16425629.775,16472649.381051833,1062729.8766808307,0,0
0,2022-11-04,A share,long_only,CNY,U,0.001,0.00012,0.0,1,0.0005,0.1,47023.187387193524,0,16454579.125,16501602.312387193,1062729.8766808307,0,0
0,2022-11-07,A share,long_only,CNY,U,0.001,0.00012,0.0,1,0.0005,0.1,17430.240661648877,0,16489839.775,16507270.01566165,1080954.65091182,0,0
0,2022-11-08,A share,long_only,CNY,U,0.001,0.00012,0.0,1,0.0005,0.1,17431.568268204213,0,16570065.0,16587496.568268204,1080954.65091182,0,0
0,2022-11-09,A share,long_only,CNY,U,0.001,0.00012,0.0,1,0.0005,0.1,17432.89597587916,0,16759279.075,16776711.970975878,1080954.65091182,0,0
0,2022-11-10,A share,long_only,CNY,U,0.001,0.00012,0.0,1,0.0005,0.1,17434.22378468142,0,16706369.2,16723803.42378468,1080954.65091182,0,0
0,2022-11-11,A share,long_only,CNY,U,0.001,0.00012,0.0,1,0.0005,0.1,17435.551694618698,0,16995957.150000002,17013392.701694623,1080954.65091182,0,0
0,2022-11-14,A share,long_only,CNY,U,0.001,0.00012,0.0,1,0.0005,0.1,17436.879705698695,0,16942225.925,16959662.804705698,1080954.65091182,0,0
0,2022-11-15,A share,long_only,CNY,U,0.001,0.00012,0.0,1,0.0005,0.1,17438.207817929113,0,16966963.55,16984401.75781793,1080954.65091182,0,0
0,2022-11-16,A share,long_only,CNY,U,0.001,0.00012,0.0,1,0.0005,0.1,17439.536031317657,0,17048830.725,17066270.26103132,1080954.65091182,0,0
0,2022-11-17,A share,long_only,CNY,U,0.001,0.00012,0.0,1,0.0005,0.1,17440.864345872036,0,17102842.55,17120283.41434587,1080954.65091182,0,0
0,2022-11-18,A share,long_only,CNY,U,0.001,0.00012,0.0,1,0.0005,0.1,17442.192761599952,0,17082323.675,17099765.8677616,1080954.65091182,0,0
0,2022-11-21,A share,long_only,CNY,U,0.001,0.00012,0.0,1,0.0005,0.1,17443.52127850911,0,17068633.1,17086076.62127851,1080954.65091182,0,0
0,2022-11-22,A share,long_only,CNY,U,0.001,0.00012,0.0,1,0.0005,0.1,4982.162300935425,0,17051747.175,17056729.337300938,1090666.8893361096,0,0
0,2022-11-23,A share,long_only,CNY,U,0.001,0.00012,0.0,1,0.0005,0.1,4982.541776552478,0,17175032.8,17180015.341776554,1090666.8893361096,0,0
0,2022-11-24,A share,long_only,CNY,U,0.001,0.00012,0.0,1,0.0005,0.1,4982.921281072994,0,17329055.275000002,17334038.196281075,1090666.8893361096,0,0
0,2022-11-25,A share,long_only,CNY,U,0.001,0.00012,0.0,1,0.0005,0.1,4983.3008144991745,0,17383098.525,17388081.825814497,1090666.8893361096,0,0
0,2022-11-28,A share,long_only,CNY,U,0.001,0.00012,0.0,1,0.0005,0.1,4983.680376833221,0,17354811.775,17359795.45537683,1090666.8893361096,0,0
0,2022-11-29,A share,long_only,CNY,U,0.001,0.00012,0.0,1,0.0005,0.1,4984.059968077336,0,17262318.35,17267302.409968078,1090666.8893361096,0,0
0,2022-11-30,A share,long_only,CNY,U,0.001,0.00012,0.0,1,0.0005,0.1,4984.43958823372,0,17211114.7,17216099.139588233,1090666.8893361096,0,0
0,2022-12-01,A share,long_only,CNY,U,0.001,0.00012,0.0,1,0.0005,0.1,4984.819237304578,0,17374868.025,17379852.8442373,1090666.8893361096,0,0
0,2022-12-02,A share,long_only,CNY,U,0.001,0.00012,0.0,1,0.0005,0.1,4985.198915292109,0,17300746.15,17305731.34891529,1090666.8893361096,0,0
0,2022-12-05,A share,long_only,CNY,U,0.001,0.00012,0.0,1,0.0005,0.1,4985.578622198517,0,17230088.1,17235073.6786222,1090666.8893361096,0,0
0,2022-12-06,A share,long_only,CNY,U,0.001,0.00012,0.0,1,0.0005,0.1,4985.958358026005,0,17061473.95,17066459.908358026,1090666.8893361096,0,0
0,2022-12-07,A share,long_only,CNY,U,0.001,0.00012,0.0,1,0.0005,0.1,4169.166285153677,0,16953470.25,16957639.416285153,1100035.5989370674,0,0
0,2022-12-08,A share,long_only,CNY,U,0.001,0.00012,0.0,1,0.0005,0.1,4169.483837423774,0,16976677.6,16980847.083837423,1100035.5989370674,0,0
0,2022-12-09,A share,long_only,CNY,U,0.001,0.00012,0.0,1,0.0005,0.1,4169.8014138808285,0,17026614.925,17030784.726413883,1100035.5989370674,0,0
0,2022-12-12,A share,long_only,CNY,U,0.001,0.00012,0.0,1,0.0005,0.1,4170.119014526681,0,16992345.0,16996515.119014528,1100035.5989370674,0,0
0,2022-12-13,A share,long_only,CNY,U,0.001,0.00012,0.0,1,0.0005,0.1,4170.436639363175,0,17029432.5,17033602.936639365,1100035.5989370674,0,0
0,2022-12-14,A share,long_only,CNY,U,0.001,0.00012,0.0,1,0.0005,0.1,4170.754288392153,0,17161571.25,17165742.004288394,1100035.5989370674,0,0
0,2022-12-15,A share,long_only,CNY,U,0.001,0.00012,0.0,1,0.0005,0.1,4171.071961615457,0,17094831.95,17099003.021961614,1100035.5989370674,0,0
0,2022-12-16,A share,long_only,CNY,U,0.001,0.00012,0.0,1,0.0005,0.1,4171.389659034931,0,16923309.7,16927481.089659035,1100035.5989370674,0,0
0,2022-12-19,A share,long_only,CNY,U,0.001,0.00012,0.0,1,0.0005,0.1,4171.707380652418,0,16888172.185000002,16892343.892380655,1100035.5989370674,0,0
0,2022-12-20,A share,long_only,CNY,U,0.001,0.00012,0.0,1,0.0005,0.1,4172.025126469759,0,16817460.516,16821632.541126467,1100035.5989370674,0,0
0,2022-12-21,A share,long_only,CNY,U,0.001,0.00012,0.0,1,0.0005,0.1,4172.342896488799,0,16935657.955,16939830.297896486,1100035.5989370674,0,0
0,2022-12-22,A share,long_only,CNY,U,0.001,0.00012,0.0,1,0.0005,0.1,9525.801147108443,0,17035786.402000003,17045312.20314711,1118876.5661814725,0,0
0,2022-12-23,A share,long_only,CNY,U,0.001,0.00012,0.0,1,0.0005,0.1,9526.52669739161,0,17003445.132,17012971.65869739,1118876.5661814725,0,0
0,2022-12-26,A share,long_only,CNY,U,0.001,0.00012,0.0,1,0.0005,0.1,9527.252302937657,0,17108527.096,17118054.348302938,1118876.5661814725,0,0
0,2022-12-27,A share,long_only,CNY,U,0.001,0.00012,0.0,1,0.0005,0.1,9527.977963750795,0,17153896.65,17163424.627963748,1118876.5661814725,0,0
0,2022-12-28,A share,long_only,CNY,U,0.001,0.00012,0.0,1,0.0005,0.1,9528.703679835231,0,17110641.889000002,17120170.592679836,1118876.5661814725,0,0
0,2022-12-29,A share,long_only,CNY,U,0.001,0.00012,0.0,1,0.0005,0.1,9529.429451195178,0,17138810.215,17148339.644451194,1118876.5661814725,0,0
0,2022-12-30,A share,long_only,CNY,U,0.001,0.00012,0.0,1,0.0005,0.1,9530.155277834843,0,17214766.965,17224297.120277833,1118876.5661814725,0,0
0,2023-01-03,A share,long_only,CNY,U,0.001,0.00012,0.0,1,0.0005,0.1,9530.881159758439,0,17242059.564,17251590.44515976,1118876.5661814725,0,0
0,2023-01-04,A share,long_only,CNY,U,0.001,0.00012,0.0,1,0.0005,0.1,9531.607096970176,0,17203071.099999998,17212602.707096968,1118876.5661814725,0,0
0,2023-01-05,A share,long_only,CNY,U,0.001,0.00012,0.0,1,0.0005,0.1,9532.333089474265,0,17199853.73,17209386.063089475,1118876.5661814725,0,0
0,2023-01-06,A share,long_only,CNY,U,0.001,0.00012,0.0,1,0.0005,0.1,9533.059137274917,0,17126367.629,17135900.688137274,1118876.5661814725,0,0
0,2023-01-09,A share,long_only,CNY,U,0.001,0.00012,0.0,1,0.0005,0.1,14716.568826856561,0,17165853.013,17180569.58182686,1128414.4773212369,0,0
0,2023-01-10,A share,long_only,CNY,U,0.001,0.00012,0.0,1,0.0005,0.1,14717.689741571729,0,17106646.805,17121364.49474157,1128414.4773212369,0,0
0,2023-01-11,A share,long_only,CNY,U,0.001,0.00012,0.0,1,0.0005,0.1,14718.810741663441,0,17170147.428999998,17184866.23974166,1128414.4773212369,0,0
0,2023-01-12,A share,long_only,CNY,U,0.001,0.00012,0.0,1,0.0005,0.1,14719.931827138202,0,17231116.204,17245836.13582714,1128414.4773212369,0,0
0,2023-01-13,A share,long_only,CNY,U,0.001,0.00012,0.0,1,0.0005,0.1,14721.052998002513,0,17313388.814,17328109.866998002,1128414.4773212369,0,0
0,2023-01-16,A share,long_only,CNY,U,0.001,0.00012,0.0,1,0.0005,0.1,14722.17425426288,0,17296405.869999997,17311128.044254262,1128414.4773212369,0,0
0,2023-01-17,A share,long_only,CNY,U,0.001,0.00012,0.0,1,0.0005,0.1,14723.295595925807,0,17307549.48,17322272.775595926,1128414.4773212369,0,0
0,2023-01-18,A share,long_only,CNY,U,0.001,0.00012,0.0,1,0.0005,0.1,14724.417022997797,0,17388479.53,17403203.947023,1128414.4773212369,0,0
0,2023-01-19,A share,long_only,CNY,U,0.001,0.00012,0.0,1,0.0005,0.1,14725.538535485357,0,17322416.1,17337141.63853549,1128414.4773212369,0,0
0,2023-01-20,A share,long_only,CNY,U,0.001,0.00012,0.0,1,0.0005,0.1,14726.660133394993,0,17324281.54,17339008.200133394,1128414.4773212369,0,0
0,2023-01-23,A share,long_only,CNY,U,0.001,0.00012,0.0,1,0.0005,0.1,14727.78181673321,0,17324281.54,17339009.32181673,1128414.4773212369,0,0
0,2023-01-24,A share,long_only,CNY,U,0.001,0.00012,0.0,1,0.0005,0.1,14728.903585506516,0,17324281.54,17339010.443585504,1128414.4773212369,0,0
0,2023-01-25,A share,long_only,CNY,U,0.001,0.00012,0.0,1,0.0005,0.1,14730.025439721418,0,17324281.54,17339011.56543972,1128414.4773212369,0,0
0,2023-01-26,A share,long_only,CNY,U,0.001,0.00012,0.0,1,0.0005,0.1,14731.147379384422,0,17324281.54,17339012.687379383,1128414.4773212369,0,0
0,2023-01-27,A share,long_only,CNY,U,0.001,0.00012,0.0,1,0.0005,0.1,14732.269404502038,0,17324281.54,17339013.8094045,1128414.4773212369,0,0
0,2023-01-30,A share,long_only,CNY,U,0.001,0.00012,0.0,1,0.0005,0.1,14733.391515080775,0,17354088.880000003,17368822.271515083,1128414.4773212369,0,0
0,2023-01-31,A share,long_only,CNY,U,0.001,0.00012,0.0,1,0.0005,0.1,20621.352572147447,0,17300889.900000002,17321511.25257215,1147479.9958580502,0,0
0,2023-02-01,A share,long_only,CNY,U,0.001,0.00012,0.0,1,0.0005,0.1,20622.92323565038,0,17431950.2,17452573.12323565,1147479.9958580502,0,0
0,2023-02-02,A share,long_only,CNY,U,0.001,0.00012,0.0,1,0.0005,0.1,20624.494018785812,0,17511936.6,17532561.094018787,1147479.9958580502,0,0
0,2023-02-03,A share,long_only,CNY,U,0.001,0.00012,0.0,1,0.0005,0.1,20626.064921562847,0,17418128.1,17438754.164921563,1147479.9958580502,0,0
0,2023-02-06,A share,long_only,CNY,U,0.001,0.00012,0.0,1,0.0005,0.1,20627.6359439906,0,17303775.7,17324403.33594399,1147479.9958580502,0,0
0,2023-02-07,A share,long_only,CNY,U,0.001,0.00012,0.0,1,0.0005,0.1,20629.20708607819,0,17281530.6,17302159.80708608,1147479.9958580502,0,0
0,2023-02-08,A share,long_only,CNY,U,0.001,0.00012,0.0,1,0.0005,0.1,20630.778347834723,0,17251564.5,17272195.278347835,1147479.9958580502,0,0
0,2023-02-09,A share,long_only,CNY,U,0.001,0.00012,0.0,1,0.0005,0.1,20632.349729269317,0,17298176.9,17318809.24972927,1147479.9958580502,0,0
0,2023-02-10,A share,long_only,CNY,U,0.001,0.00012,0.0,1,0.0005,0.1,20633.92123039109,0,17242321.0,17262954.92123039,1147479.9958580502,0,0
0,2023-02-13,A share,long_only,CNY,U,0.001,0.00012,0.0,1,0.0005,0.1,20635.492851209154,0,17263481.8,17284117.29285121,1147479.9958580502,0,0
0,2023-02-14,A share,long_only,CNY,U,0.001,0.00012,0.0,1,0.0005,0.1,20637.06459173263,0,17349545.1,17370182.164591733,1147479.9958580502,0,0
0,2023-02-15,A share,long_only,CNY,U,0.001,0.00012,0.0,1,0.0005,0.1,8474.063405202918,0,17288212.9,17296686.963405203,1166454.4424381538,0,0
0,2023-02-16,A share,long_only,CNY,U,0.001,0.00012,0.0,1,0.0005,0.1,8474.708847933483,0,17375699.4,17384174.10884793,1166454.4424381538,0,0
0,2023-02-17,A share,long_only,CNY,U,0.001,0.00012,0.0,1,0.0005,0.1,8475.35433982539,0,17252730.8,17261206.154339828,1166454.4424381538,0,0
0,2023-02-20,A share,long_only,CNY,U,0.001,0.00012,0.0,1,0.0005,0.1,8475.99988088238,0,17323085.3,17331561.299880885,1166454.4424381538,0,0
0,2023-02-21,A share,long_only,CNY,U,0.001,0.00012,0.0,1,0.0005,0.1,8476.645471108202,0,17286350.099999998,17294826.745471105,1166454.4424381538,0,0
0,2023-02-22,A share,long_only,CNY,U,0.001,0.00012,0.0,1,0.0005,0.1,8477.2911105066,0,17183338.4,17191815.691110507,1166454.4424381538,0,0
0,2023-02-23,A share,long_only,CNY,U,0.001,0.00012,0.0,1,0.0005,0.1,8477.936799081317,0,17204473.400000002,17212951.336799085,1166454.4424381538,0,0
0,2023-02-24,A share,long_only,CNY,U,0.001,0.00012,0.0,1,0.0005,0.1,8478.5825368361,0,17285226.5,17293705.082536835,1166454.4424381538,0,0
0,2023-02-27,A share,long_only,CNY,U,0.001,0.00012,0.0,1,0.0005,0.1,8479.228323774694,0,17180118.9,17188598.128323775,1166454.4424381538,0,0
0,2023-02-28,A share,long_only,CNY,U,0.001,0.00012,0.0,1,0.0005,0.1,8479.874159900846,0,17224490.299999997,17232970.1741599,1166454.4424381538,0,0
0,2023-03-01,A share,long_only,CNY,U,0.001,0.00012,0.0,1,0.0005,0.1,8480.520045218303,0,17201524.7,17210005.220045216,1166454.4424381538,0,0
0,2023-03-02,A share,long_only,CNY,U,0.001,0.00012,0.0,1,0.0005,0.1,25862.362103623575,0,17079777.4,17105639.76210362,1185383.1700844206,0,0
0,2023-03-03,A share,long_only,CNY,U,0.001,0.00012,0.0,1,0.0005,0.1,25864.331958322182,0,17177339.4,17203203.731958322,1185383.1700844206,0,0
0,2023-03-06,A share,long_only,CNY,U,0.001,0.00012,0.0,1,0.0005,0.1,25866.30196305842,0,17370360.0,17396226.301963057,1185383.1700844206,0,0
0,2023-03-07,A share,long_only,CNY,U,0.001,0.00012,0.0,1,0.0005,0.1,25868.272117843717,0,17445232.0,17471100.272117842,1185383.1700844206,0,0
0,2023-03-08,A share,long_only,CNY,U,0.001,0.00012,0.0,1,0.0005,0.1,25870.242422689502,0,17283244.8,17309115.04242269,1185383.1700844206,0,0
0,2023-03-09,A share,long_only,CNY,U,0.001,0.00012,0.0,1,0.0005,0.1,25872.212877607202,0,17331590.5,17357462.71287761,1185383.1700844206,0,0
0,2023-03-10,A share,long_only,CNY,U,0.001,0.00012,0.0,1,0.0005,0.1,25874.183482608252,0,17148905.7,17174779.88348261,1185383.1700844206,0,0
0,2023-03-13,A share,long_only,CNY,U,0.001,0.00012,0.0,1,0.0005,0.1,25876.15423770408,0,17226839.099999998,17252715.2542377,1185383.1700844206,0,0
0,2023-03-14,A share,long_only,CNY,U,0.001,0.00012,0.0,1,0.0005,0.1,25878.125142906116,0,16867580.6,16893458.725142907,1185383.1700844206,0,0
0,2023-03-15,A share,long_only,CNY,U,0.001,0.00012,0.0,1,0.0005,0.1,25880.096198225798,0,17096301.5,17122181.596198227,1185383.1700844206,0,0
0,2023-03-16,A share,long_only,CNY,U,0.001,0.00012,0.0,1,0.0005,0.1,25882.06740367456,0,16912757.400000002,16938639.467403676,1185383.1700844206,0,0
0,2023-03-17,A share,long_only,CNY,U,0.001,0.00012,0.0,1,0.0005,0.1,1945.2703425735706,0,16969125.7,16971070.970342573,1213246.9152993537,0,0
0,2023-03-20,A share,long_only,CNY,U,0.001,0.00012,0.0,1,0.0005,0.1,1945.4185076912433,0,17058320.3,17060265.718507692,1213246.9152993537,0,0
0,2023-03-21,A share,long_only,CNY,U,0.001,0.00012,0.0,1,0.0005,0.1,1945.5666840941867,0,17069467.6,17071413.166684095,1213246.9152993537,0,0
0,2023-03-22,A share,long_only,CNY,U,0.001,0.00012,0.0,1,0.0005,0.1,1945.7148717832602,0,17056063.2,17058008.914871782,1213246.9152993537,0,0
0,2023-03-23,A share,long_only,CNY,U,0.001,0.00012,0.0,1,0.0005,0.1,1945.8630707593234,0,17082541.2,17084487.06307076,1213246.9152993537,0,0
0,2023-03-24,A share,long_only,CNY,U,0.001,0.00012,0.0,1,0.0005,0.1,1946.011281023236,0,17114320.2,17116266.211281024,1213246.9152993537,0,0
0,2023-03-27,A share,long_only,CNY,U,0.001,0.00012,0.0,1,0.0005,0.1,1946.159502575858,0,17122297.084000003,17124243.24350258,1213246.9152993537,0,0
0,2023-03-28,A share,long_only,CNY,U,0.001,0.00012,0.0,1,0.0005,0.1,1946.3077354180487,0,17099451.408,17101397.715735417,1213246.9152993537,0,0
0,2023-03-29,A share,long_only,CNY,U,0.001,0.00012,0.0,1,0.0005,0.1,1946.4559795506684,0,17139728.916,17141675.371979553,1213246.9152993537,0,0
0,2023-03-30,A share,long_only,CNY,U,0.001,0.00012,0.0,1,0.0005,0.1,1946.604234974577,0,17148558.952,17150505.556234974,1213246.9152993537,0,0
0,2023-03-31,A share,long_only,CNY,U,0.001,0.00012,0.0,1,0.0005,0.1,1946.7525016906343,0,17197914.684,17199861.43650169,1213246.9152993537,0,0
0,2023-04-03,A share,long_only,CNY,U,0.001,0.00012,0.0,1,0.0005,0.1,8001.39792405807,0,17160604.35,17168605.74792406,1222836.57927186,0,0
0,2023-04-04,A share,long_only,CNY,U,0.001,0.00012,0.0,1,0.0005,0.1,8002.007365347036,0,17202786.92,17210788.927365348,1222836.57927186,0,0
0,2023-04-05,A share,long_only,CNY,U,0.001,0.00012,0.0,1,0.0005,0.1,8002.616853055227,0,17202786.92,17210789.536853056,1222836.57927186,0,0
0,2023-04-06,A share,long_only,CNY,U,0.001,0.00012,0.0,1,0.0005,0.1,8003.226387186177,0,17206545.72,17214548.946387187,1222836.57927186,0,0
0,2023-04-07,A share,long_only,CNY,U,0.001,0.00012,0.0,1,0.0005,0.1,8003.835967743423,0,17251512.222,17259516.05796774,1222836.57927186,0,0
0,2023-04-10,A share,long_only,CNY,U,0.001,0.00012,0.0,1,0.0005,0.1,8004.4455947305005,0,17201090.234,17209094.679594733,1222836.57927186,0,0
0,2023-04-11,A share,long_only,CNY,U,0.001,0.00012,0.0,1,0.0005,0.1,8005.055268150946,0,17232817.7,17240822.75526815,1222836.57927186,0,0
0,2023-04-12,A share,long_only,CNY,U,0.001,0.00012,0.0,1,0.0005,0.1,8005.664988008297,0,17241898.21,17249903.87498801,1222836.57927186,0,0
0,2023-04-13,A share,long_only,CNY,U,0.001,0.00012,0.0,1,0.0005,0.1,8006.27475430609,0,17219364.712,17227370.986754306,1222836.57927186,0,0
0,2023-04-14,A share,long_only,CNY,U,0.001,0.00012,0.0,1,0.0005,0.1,8006.884567047861,0,17292165.254,17300172.13856705,1222836.57927186,0,0
0,2023-04-17,A share,long_only,CNY,U,0.001,0.00012,0.0,1,0.0005,0.1,8007.49442623715,0,17296527.004,17304534.498426236,1222836.57927186,0,0
0,2023-04-18,A share,long_only,CNY,U,0.001,0.00012,0.0,1,0.0005,0.1,8008.104331877493,0,17298069.332,17306077.436331876,1222836.57927186,0,0
0,2023-04-19,A share,long_only,CNY,U,0.001,0.00012,0.0,1,0.0005,0.1,25040.068645375137,0,17243476.906000003,17268516.97464538,1241782.422036301,0,0
0,2023-04-20,A share,long_only,CNY,U,0.001,0.00012,0.0,1,0.0005,0.1,25041.97586856987,0,17255425.984,17280467.959868573,1241782.422036301,0,0
0,2023-04-21,A share,long_only,CNY,U,0.001,0.00012,0.0,1,0.0005,0.1,25043.883237031787,0,17203527.992000002,17228571.875237033,1241782.422036301,0,0
0,2023-04-24,A share,long_only,CNY,U,0.001,0.00012,0.0,1,0.0005,0.1,25045.790750771954,0,17278768.496,17303814.28675077,1241782.422036301,0,0
0,2023-04-25,A share,long_only,CNY,U,0.001,0.00012,0.0,1,0.0005,0.1,25047.698409801436,0,17354729.224,17379776.922409803,1241782.422036301,0,0
0,2023-04-26,A share,long_only,CNY,U,0.001,0.00012,0.0,1,0.0005,0.1,25049.6062141313,0,17320301.496,17345351.10221413,1241782.422036301,0,0
0,2023-04-27,A share,long_only,CNY,U,0.001,0.00012,0.0,1,0.0005,0.1,25051.514163772616,0,17305418.304,17330469.818163775,1241782.422036301,0,0
0,2023-04-28,A share,long_only,CNY,U,0.001,0.00012,0.0,1,0.0005,0.1,25053.42225873645,0,17365165.214,17390218.636258736,1241782.422036301,0,0
0,2023-05-01,A share,long_only,CNY,U,0.001,0.00012,0.0,1,0.0005,0.1,25055.33049903387,0,17365165.214,17390220.544499036,1241782.422036301,0,0
0,2023-05-02,A share,long_only,CNY,U,0.001,0.00012,0.0,1,0.0005,0.1,25057.238884675942,0,17365165.214,17390222.452884678,1241782.422036301,0,0
0,2023-05-03,A share,long_only,CNY,U,0.001,0.00012,0.0,1,0.0005,0.1,25059.147415673742,0,17365165.214,17390224.361415677,1241782.422036301,0,0
0,2023-05-04,A share,long_only,CNY,U,0.001,0.00012,0.0,1,0.0005,0.1,25061.05609203834,0,17299588.165999997,17324649.222092036,1241782.422036301,0,0
0,2023-05-05,A share,long_only,CNY,U,0.001,0.00012,0.0,1,0.0005,0.1,25062.96491378081,0,17259930.470000003,17284993.434913784,1241782.422036301,0,0
0,2023-05-08,A share,long_only,CNY,U,0.001,0.00012,0.0,1,0.0005,0.1,25064.87388091222,0,17362284.234,17387349.107880913,1241782.422036301,0,0
0,2023-05-09,A share,long_only,CNY,U,0.001,0.00012,0.0,1,0.0005,0.1,21555.1767799871,0,17325907.373999998,17347462.550779983,1251286.3608021387,0,0
0,2023-05-10,A share,long_only,CNY,U,0.001,0.00012,0.0,1,0.0005,0.1,21556.818569939976,0,17337884.645999998,17359441.464569937,1251286.3608021387,0,0
0,2023-05-11,A share,long_only,CNY,U,0.001,0.00012,0.0,1,0.0005,0.1,21558.460484942825,0,17314168.18,17335726.640484944,1251286.3608021387,0,0
0,2023-05-12,A share,long_only,CNY,U,0.001,0.00012,0.0,1,0.0005,0.1,21560.102525005168,0,17283471.446,17305031.548525006,1251286.3608021387,0,0
0,2023-05-15,A share,long_only,CNY,U,0.001,0.00012,0.0,1,0.0005,0.1,21561.744690136533,0,17312948.301999997,17334510.046690132,1251286.3608021387,0,0
0,2023-05-16,A share,long_only,CNY,U,0.001,0.00012,0.0,1,0.0005,0.1,21563.386980346448,0,17259908.964,17281472.35098035,1251286.3608021387,0,0
0,2023-05-17,A share,long_only,CNY,U,0.001,0.00012,0.0,1,0.0005,0.1,21565.029395644437,0,17269094.694,17290659.723395642,1251286.3608021387,0,0
0,2023-05-18,A share,long_only,CNY,U,0.001,0.00012,0.0,1,0.0005,0.1,21566.671936040028,0,17338662.752,17360229.42393604,1251286.3608021387,0,0
0,2023-05-19,A share,long_only,CNY,U,0.001,0.00012,0.0,1,0.0005,0.1,21568.31460154275,0,17416943.566,17438511.880601544,1251286.3608021387,0,0
0,2023-05-22,A share,long_only,CNY,U,0.001,0.00012,0.0,1,0.0005,0.1,21569.95739216213,0,17425454.71,17447024.667392164,1251286.3608021387,0,0
0,2023-05-23,A share,long_only,CNY,U,0.001,0.00012,0.0,1,0.0005,0.1,21571.6003079077,0,17399875.448,17421447.048307907,1251286.3608021387,0,0
0,2023-05-24,A share,long_only,CNY,U,0.001,0.00012,0.0,1,0.0005,0.1,40789.29373157945,0,17251633.776,17292423.06973158,1279661.773933938,0,0
0,2023-05-25,A share,long_only,CNY,U,0.001,0.00012,0.0,1,0.0005,0.1,40792.40052366549,0,17323481.544,17364273.944523666,1279661.773933938,0,0
0,2023-05-26,A share,long_only,CNY,U,0.001,0.00012,0.0,1,0.0005,0.1,40795.50755238611,0,17316562.178,17357357.685552385,1279661.773933938,0,0
0,2023-05-29,A share,long_only,CNY,U,0.001,0.00012,0.0,1,0.0005,0.1,40798.61481775932,0,17551057.218000002,17591855.832817763,1279661.773933938,0,0
0,2023-05-30,A share,long_only,CNY,U,0.001,0.00012,0.0,1,0.0005,0.1,40801.72231980316,0,17604417.186,17645218.908319805,1279661.773933938,0,0
0,2023-05-31,A share,long_only,CNY,U,0.001,0.00012,0.0,1,0.0005,0.1,40804.83005853564,0,17528587.619999997,17569392.450058535,1279661.773933938,0,0
0,2023-06-01,A share,long_only,CNY,U,0.001,0.00012,0.0,1,0.0005,0.1,40807.9380339748,0,17575540.12,17616348.058033977,1279661.773933938,0,0
0,2023-06-02,A share,long_only,CNY,U,0.001,0.00012,0.0,1,0.0005,0.1,40811.04624613866,0,17684602.546,17725413.592246138,1279661.773933938,0,0
0,2023-06-05,A share,long_only,CNY,U,0.001,0.00012,0.0,1,0.0005,0.1,40814.15469504526,0,17836616.384,17877430.538695045,1279661.773933938,0,0
0,2023-06-06,A share,long_only,CNY,U,0.001,0.00012,0.0,1,0.0005,0.1,40817.263380712626,0,17872098.718,17912915.981380712,1279661.773933938,0,0
0,2023-06-07,A share,long_only,CNY,U,0.001,0.00012,0.0,1,0.0005,0.1,40820.37230315879,0,17836268.618,17877088.99030316,1279661.773933938,0,0
0,2023-06-08,A share,long_only,CNY,U,0.001,0.00012,0.0,1,0.0005,0.1,1046.2448401991319,0,17742698.552,17743744.796840202,1280046.6810800037,0,0
0,2023-06-09,A share,long_only,CNY,U,0.001,0.00012,0.0,1,0.0005,0.1,1046.324529374703,0,17908732.926,17909779.250529375,1280046.6810800037,0,0
0,2023-06-12,A share,long_only,CNY,U,0.001,0.00012,0.0,1,0.0005,0.1,1046.4042246199476,0,18013460.862000003,18014507.266224623,1280046.6810800037,0,0
0,2023-06-13,A share,long_only,CNY,U,0.001,0.00012,0.0,1,0.0005,0.1,1046.4839259353282,0,18231595.198,18232641.681925934,1280046.6810800037,0,0
0,2023-06-14,A share,long_only,CNY,U,0.001,0.00012,0.0,1,0.0005,0.1,1046.5636333213072,0,18283599.332,18284645.89563332,1280046.6810800037,0,0
0,2023-06-15,A share,long_only,CNY,U,0.001,0.00012,0.0,1,0.0005,0.1,1046.6433467783468,0,18233307.46,18234354.10334678,1280046.6810800037,0,0
0,2023-06-16,A share,long_only,CNY,U,0.001,0.00012,0.0,1,0.0005,0.1,1046.7230663069095,0,18299759.112,18300805.835066307,1280046.6810800037,0,0
0,2023-06-19,A share,long_only,CNY,U,0.001,0.00012,0.0,1,0.0005,0.1,1046.8027919074577,0,18238636.711999997,18239683.514791906,1280046.6810800037,0,0
0,2023-06-20,A share,long_only,CNY,U,0.001,0.00012,0.0,1,0.0005,0.1,1046.8825235804538,0,18252242.384,18253289.26652358,1280046.6810800037,0,0
0,2023-06-21,A share,long_only,CNY,U,0.001,0.00012,0.0,1,0.0005,0.1,1046.9622613263605,0,18334460.202,18335507.164261326,1280046.6810800037,0,0
0,2023-06-22,A share,long_only,CNY,U,0.001,0.00012,0.0,1,0.0005,0.1,1047.0420051456401,0,18334460.202,18335507.244005144,1280046.6810800037,0,0
0,2023-06-23,A share,long_only,CNY,U,0.001,0.00012,0.0,1,0.0005,0.1,1047.1217550387555,0,18334460.202,18335507.323755037,1280046.6810800037,0,0
0,2023-06-26,A share,long_only,CNY,U,0.001,0.00012,0.0,1,0.0005,0.1,1047.201511006169,0,18140619.266000003,18141666.46751101,1280046.6810800037,0,0
0,2023-06-27,A share,long_only,CNY,U,0.001,0.00012,0.0,1,0.0005,0.1,12447.578992605513,0,18021040.16,18033487.738992605,1290286.4516190998,0,0
0,2023-06-28,A share,long_only,CNY,U,0.001,0.00012,0.0,1,0.0005,0.1,12448.527085508498,0,18090917.158,18103365.68508551,1290286.4516190998,0,0
0,2023-06-29,A share,long_only,CNY,U,0.001,0.00012,0.0,1,0.0005,0.1,12449.475250624735,0,18123780.283999998,18136229.759250622,1290286.4516190998,0,0
0,2023-06-30,A share,long_only,CNY,U,0.001,0.00012,0.0,1,0.0005,0.1,12450.423487959722,0,18178911.46,18191361.883487962,1290286.4516190998,0,0
0,2023-07-03,A share,long_only,CNY,U,0.001,0.00012,0.0,1,0.0005,0.1,12451.371797518963,0,18573632.560000002,18586083.931797523,1290286.4516190998,0,0
0,2023-07-04,A share,long_only,CNY,U,0.001,0.00012,0.0,1,0.0005,0.1,12452.320179307957,0,18466931.628000002,18479383.948179312,1290286.4516190998,0,0
0,2023-07-05,A share,long_only,CNY,U,0.001,0.00012,0.0,1,0.0005,0.1,12453.268633332207,0,18472802.162,18485255.430633333,1290286.4516190998,0,0
0,2023-07-06,A share,long_only,CNY,U,0.001,0.00012,0.0,1,0.0005,0.1,12454.217159597214,0,18468399.866,18480854.0831596,1290286.4516190998,0,0
0,2023-07-07,A share,long_only,CNY,U,0.001,0.00012,0.0,1,0.0005,0.1,12455.16575810848,0,18412167.976000004,18424623.14175811,1290286.4516190998,0,0
0,2023-07-10,A share,long_only,CNY,U,0.001,0.00012,0.0,1,0.0005,0.1,12456.114428871508,0,18356222.346,18368678.46042887,1290286.4516190998,0,0
0,2023-07-11,A share,long_only,CNY,U,0.001,0.00012,0.0,1,0.0005,0.1,12457.063171891801,0,18411332.68,18423789.743171893,1290286.4516190998,0,0
0,2023-07-12,A share,long_only,CNY,U,0.001,0.00012,0.0,1,0.0005,0.1,15956.883449784646,0,18473751.72,18489708.603449784,1310986.8466342192,0,0
0,2023-07-13,A share,long_only,CNY,U,0.001,0.00012,0.0,1,0.0005,0.1,15958.098835359742,0,18487659.684,18503617.78283536,1310986.8466342192,0,0
0,2023-07-14,A share,long_only,CNY,U,0.001,0.00012,0.0,1,0.0005,0.1,15959.314313506933,0,18475239.954000004,18491199.268313512,1310986.8466342192,0,0
0,2023-07-17,A share,long_only,CNY,U,0.001,0.00012,0.0,1,0.0005,0.1,15960.529884233267,0,18522514.286,18538474.815884233,1310986.8466342192,0,0
0,2023-07-18,A share,long_only,CNY,U,0.001,0.00012,0.0,1,0.0005,0.1,15961.745547545795,0,18545224.884,18561186.629547544,1310986.8466342192,0,0
0,2023-07-19,A share,long_only,CNY,U,0.001,0.00012,0.0,1,0.0005,0.1,15962.961303451571,0,18674092.783999998,18690055.74530345,1310986.8466342192,0,0
0,2023-07-20,A share,long_only,CNY,U,0.001,0.00012,0.0,1,0.0005,0.1,15964.177151957647,0,18691613.216000002,18707577.39315196,1310986.8466342192,0,0
0,2023-07-21,A share,long_only,CNY,U,0.001,0.00012,0.0,1,0.0005,0.1,15965.393093071076,0,18651465.05,18667430.443093073,1310986.8466342192,0,0
0,2023-07-24,A share,long_only,CNY,U,0.001,0.00012,0.0,1,0.0005,0.1,15966.60912679891,0,18649225.794,18665192.4031268,1310986.8466342192,0,0
0,2023-07-25,A share,long_only,CNY,U,0.001,0.00012,0.0,1,0.0005,0.1,15967.825253148207,0,18706263.55,18722231.37525315,1310986.8466342192,0,0
0,2023-07-26,A share,long_only,CNY,U,0.001,0.00012,0.0,1,0.0005,0.1,15969.041472126019,0,18752599.458,18768568.499472126,1310986.8466342192,0,0
0,2023-07-27,A share,long_only,CNY,U,0.001,0.00012,0.0,1,0.0005,0.1,6065.618147189494,0,18817971.963999998,18824037.58214719,1311490.8319230073,0,0
0,2023-07-28,A share,long_only,CNY,U,0.001,0.00012,0.0,1,0.0005,0.1,6066.0801462272975,0,18772844.832000002,18778910.91214623,1311490.8319230073,0,0
0,2023-07-31,A share,long_only,CNY,U,0.001,0.00012,0.0,1,0.0005,0.1,6066.542180454113,0,18769248.064,18775314.60618045,1311490.8319230073,0,0
0,2023-08-01,A share,long_only,CNY,U,0.001,0.00012,0.0,1,0.0005,0.1,6067.004249872621,0,18808297.330000002,18814364.334249873,1311490.8319230073,0,0
0,2023-08-02,A share,long_only,CNY,U,0.001,0.00012,0.0,1,0.0005,0.1,6067.466354485502,0,18817476.596,18823544.062354486,1311490.8319230073,0,0
0,2023-08-03,A share,long_only,CNY,U,0.001,0.00012,0.0,1,0.0005,0.1,6067.928494295436,0,18768652.264000002,18774720.1924943,1311490.8319230073,0,0
0,2023-08-04,A share,long_only,CNY,U,0.001,0.00012,0.0,1,0.0005,0.1,6068.390669305105,0,18821275.8,18827344.190669306,1311490.8319230073,0,0
0,2023-08-07,A share,long_only,CNY,U,0.001,0.00012,0.0,1,0.0005,0.1,6068.852879517189,0,18779641.672000002,18785710.52487952,1311490.8319230073,0,0
0,2023-08-08,A share,long_only,CNY,U,0.001,0.00012,0.0,1,0.0005,0.1,6069.31512493437,0,18765702.806,18771772.121124934,1311490.8319230073,0,0
0,2023-08-09,A share,long_only,CNY,U,0.001,0.00012,0.0,1,0.0005,0.1,6069.777405559329,0,18832097.61,18838167.38740556,1311490.8319230073,0,0
0,2023-08-10,A share,long_only,CNY,U,0.001,0.00012,0.0,1,0.0005,0.1,6070.239721394748,0,18832235.546,18838305.785721395,1311490.8319230073,0,0
0,2023-08-11,A share,long_only,CNY,U,0.001,0.00012,0.0,1,0.0005,0.1,21084.225676893508,0,18837272.281999998,18858356.507676892,1321825.251764291,0,0
0,2023-08-14,A share,long_only,CNY,U,0.001,0.00012,0.0,1,0.0005,0.1,21085.831595983564,0,18841144.152,18862229.983595982,1321825.251764291,0,0
0,2023-08-15,A share,long_only,CNY,U,0.001,0.00012,0.0,1,0.0005,0.1,21087.43763739142,0,18864839.632,18885927.06963739,1321825.251764291,0,0
0,2023-08-16,A share,long_only,CNY,U,0.001,0.00012,0.0,1,0.0005,0.1,21089.043801126394,0,18828967.33,18850056.373801123,1321825.251764291,0,0
0,2023-08-17,A share,long_only,CNY,U,0.001,0.00012,0.0,1,0.0005,0.1,21090.650087197802,0,18918045.366,18939136.016087197,1321825.251764291,0,0
0,2023-08-18,A share,long_only,CNY,U,0.001,0.00012,0.0,1,0.0005,0.1,21092.256495614965,0,18921600.101999998,18942692.35849561,1321825.251764291,0,0
0,2023-08-21,A share,long_only,CNY,U,0.001,0.00012,0.0,1,0.0005,0.1,21093.8630263872,0,18950691.276,18971785.13902639,1321825.251764291,0,0
0,2023-08-22,A share,long_only,CNY,U,0.001,0.00012,0.0,1,0.0005,0.1,21095.469679523823,0,18860362.744,18881458.213679522,1321825.251764291,0,0
0,2023-08-23,A share,long_only,CNY,U,0.001,0.00012,0.0,1,0.0005,0.1,21097.07645503416,0,18803397.812000003,18824494.888455037,1321825.251764291,0,0
0,2023-08-24,A share,long_only,CNY,U,0.001,0.00012,0.0,1,0.0005,0.1,21098.683352927528,0,18854228.676,18875327.359352928,1321825.251764291,0,0
0,2023-08-25,A share,long_only,CNY,U,0.001,0.00012,0.0,1,0.0005,0.1,21100.29037321325,0,18898758.948,18919859.238373213,1321825.251764291,0,0
0,2023-08-28,A share,long_only,CNY,U,0.001,0.00012,0.0,1,0.0005,0.1,12265.542571089974,0,19000001.418,19012266.96057109,1332540.2337230248,0,0
0,2023-08-29,A share,long_only,CNY,U,0.001,0.00012,0.0,1,0.0005,0.1,12266.47679885184,0,19045028.61,19057295.08679885,1332540.2337230248,0,0
0,2023-08-30,A share,long_only,CNY,U,0.001,0.00012,0.0,1,0.0005,0.1,12267.411097770893,0,19057445.778,19069713.189097773,1332540.2337230248,0,0
0,2023-08-31,A share,long_only,CNY,U,0.001,0.00012,0.0,1,0.0005,0.1,12268.345467852554,0,19067291.444,19079559.789467853,1332540.2337230248,0,0
0,2023-09-01,A share,long_only,CNY,U,0.001,0.00012,0.0,1,0.0005,0.1,12269.279909102243,0,19035421.244,19047690.5239091,1332540.2337230248,0,0
0,2023-09-04,A share,long_only,CNY,U,0.001,0.00012,0.0,1,0.0005,0.1,12270.21442152538,0,18979661.728,18991931.942421526,1332540.2337230248,0,0
0,2023-09-05,A share,long_only,CNY,U,0.001,0.00012,0.0,1,0.0005,0.1,12271.149005127385,0,19023440.138,19035711.287005126,1332540.2337230248,0,0
0,2023-09-06,A share,long_only,CNY,U,0.001,0.00012,0.0,1,0.0005,0.1,12272.08365991368,0,19068246.336000003,19080518.419659916,1332540.2337230248,0,0
0,2023-09-07,A share,long_only,CNY,U,0.001,0.00012,0.0,1,0.0005,0.1,12273.018385889689,0,19031012.126,19043285.14438589,1332540.2337230248,0,0
0,2023-09-08,A share,long_only,CNY,U,0.001,0.00012,0.0,1,0.0005,0.1,12273.953183060832,0,18985870.258,18998144.211183064,1332540.2337230248,0,0
0,2023-09-11,A share,long_only,CNY,U,0.001,0.00012,0.0,1,0.0005,0.1,12274.888051432532,0,19021635.582000002,19033910.470051434,1332540.2337230248,0,0
0,2023-09-12,A share,long_only,CNY,U,0.001,0.00012,0.0,1,0.0005,0.1,43604.36171999391,0,18949820.184,18993424.545719996,1332722.8810084688,0,0
0,2023-09-13,A share,long_only,CNY,U,0.001,0.00012,0.0,1,0.0005,0.1,43607.68292694592,0,18891106.316,18934713.998926945,1332722.8810084688,0,0
0,2023-09-14,A share,long_only,CNY,U,0.001,0.00012,0.0,1,0.0005,0.1,43611.0043868638,0,18897509.687999997,18941120.692386862,1332722.8810084688,0,0
0,2023-09-15,A share,long_only,CNY,U,0.001,0.00012,0.0,1,0.0005,0.1,43614.32609976683,0,18934526.888,18978141.21409977,1332722.8810084688,0,0
0,2023-09-18,A share,long_only,CNY,U,0.001,0.00012,0.0,1,0.0005,0.1,43617.64806567428,0,18889986.688,18933604.336065676,1332722.8810084688,0,0
0,2023-09-19,A share,long_only,CNY,U,0.001,0.00012,0.0,1,0.0005,0.1,43620.970284605406,0,18830033.623999998,18873654.594284605,1332722.8810084688,0,0
0,2023-09-20,A share,long_only,CNY,U,0.001,0.00012,0.0,1,0.0005,0.1,43624.29275657949,0,18895230.424,18938854.71675658,1332722.8810084688,0,0
0,2023-09-21,A share,long_only,CNY,U,0.001,0.00012,0.0,1,0.0005,0.1,43627.6154816158,0,18841537.259999998,18885164.875481613,1332722.8810084688,0,0
0,2023-09-22,A share,long_only,CNY,U,0.001,0.00012,0.0,1,0.0005,0.1,43630.938459733625,0,18860477.594,18904108.532459736,1332722.8810084688,0,0
0,2023-09-25,A share,long_only,CNY,U,0.001,0.00012,0.0,1,0.0005,0.1,43634.261690952226,0,18854379.994,18898014.25569095,1332722.8810084688,0,0
0,2023-09-26,A share,long_only,CNY,U,0.001,0.00012,0.0,1,0.0005,0.1,43637.585175290886,0,18876515.798,18920153.38317529,1332722.8810084688,0,0
0,2023-09-27,A share,long_only,CNY,U,0.001,0.00012,0.0,1,0.0005,0.1,37710.37439208827,0,18840021.76,18877732.13439209,1342963.4638534086,0,0
0,2023-09-28,A share,long_only,CNY,U,0.001,0.00012,0.0,1,0.0005,0.1,37713.246672581634,0,18807613.638,18845326.884672582,1342963.4638534086,0,0
0,2023-09-29,A share,long_only,CNY,U,0.001,0.00012,0.0,1,0.0005,0.1,37716.11917184756,0,18807613.638,18845329.757171847,1342963.4638534086,0,0
0,2023-10-02,A share,long_only,CNY,U,0.001,0.00012,0.0,1,0.0005,0.1,37718.99188990271,0,18807613.638,18845332.6298899,1342963.4638534086,0,0
0,2023-10-03,A share,long_only,CNY,U,0.001,0.00012,0.0,1,0.0005,0.1,37721.86482676375,0,18807613.638,18845335.502826765,1342963.4638534086,0,0
0,2023-10-04,A share,long_only,CNY,U,0.001,0.00012,0.0,1,0.0005,0.1,37724.73798244735,0,18807613.638,18845338.37598245,1342963.4638534086,0,0
0,2023-10-05,A share,long_only,CNY,U,0.001,0.00012,0.0,1,0.0005,0.1,37727.61135697016,0,18807613.638,18845341.24935697,1342963.4638534086,0,0
0,2023-10-06,A share,long_only,CNY,U,0.001,0.00012,0.0,1,0.0005,0.1,37730.48495034887,0,18807613.638,18845344.12295035,1342963.4638534086,0,0
0,2023-10-09,A share,long_only,CNY,U,0.001,0.00012,0.0,1,0.0005,0.1,37733.358762600146,0,18777432.803999998,18815166.162762597,1342963.4638534086,0,0
0,2023-10-10,A share,long_only,CNY,U,0.001,0.00012,0.0,1,0.0005,0.1,37736.23279374065,0,18695071.34,18732807.57279374,1342963.4638534086,0,0
0,2023-10-11,A share,long_only,CNY,U,0.001,0.00012,0.0,1,0.0005,0.1,37739.10704378706,0,18657045.305999998,18694784.413043786,1342963.4638534086,0,0
0,2023-10-12,A share,long_only,CNY,U,0.001,0.00012,0.0,1,0.0005,0.1,37741.98151275604,0,18722371.504,18760113.485512756,1342963.4638534086,0,0
0,2023-10-13,A share,long_only,CNY,U,0.001,0.00012,0.0,1,0.0005,0.1,37744.856200664275,0,18700124.474,18737869.330200665,1342963.4638534086,0,0
0,2023-10-16,A share,long_only,CNY,U,0.001,0.00012,0.0,1,0.0005,0.1,37747.73110752844,0,18733815.373999998,18771563.105107527,1342963.4638534086,0,0
0,2023-10-17,A share,long_only,CNY,U,0.001,0.00012,0.0,1,0.0005,0.1,37750.6062333652,0,18766574.242,18804324.848233365,1342963.4638534086,0,0
0,2023-10-18,A share,long_only,CNY,U,0.001,0.00012,0.0,1,0.0005,0.1,37753.48157819125,0,18723406.442,18761159.92357819,1342963.4638534086,0,0
0,2023-10-19,A share,long_only,CNY,U,0.001,0.00012,0.0,1,0.0005,0.1,37756.35714202326,0,18650725.206,18688481.563142024,1342963.4638534086,0,0
0,2023-10-20,A share,long_only,CNY,U,0.001,0.00012,0.0,1,0.0005,0.1,2004.545742831351,0,18695676.372,18697680.917742833,1353335.8279209102,0,0
0,2023-10-23,A share,long_only,CNY,U,0.001,0.00012,0.0,1,0.0005,0.1,2004.698422769644,0,18612754.774,18614759.47242277,1353335.8279209102,0,0
0,2023-10-24,A share,long_only,CNY,U,0.001,0.00012,0.0,1,0.0005,0.1,2004.851114337087,0,18655691.702,18657696.553114336,1353335.8279209102,0,0
0,2023-10-25,A share,long_only,CNY,U,0.001,0.00012,0.0,1,0.0005,0.1,2005.003817534566,0,18657155.134,18659160.137817536,1353335.8279209102,0,0
0,2023-10-26,A share,long_only,CNY,U,0.001,0.00012,0.0,1,0.0005,0.1,2005.1565323629668,0,18635131.04,18637136.19653236,1353335.8279209102,0,0
0,2023-10-27,A share,long_only,CNY,U,0.001,0.00012,0.0,1,0.0005,0.1,2005.3092588231755,0,18665094.974,18667100.28325882,1353335.8279209102,0,0
0,2023-10-30,A share,long_only,CNY,U,0.001,0.00012,0.0,1,0.0005,0.1,2005.4619969160776,0,18668422.906000003,18670428.36799692,1353335.8279209102,0,0
0,2023-10-31,A share,long_only,CNY,U,0.001,0.00012,0.0,1,0.0005,0.1,2005.6147466425596,0,18670851.646,18672857.260746643,1353335.8279209102,0,0
0,2023-11-01,A share,long_only,CNY,U,0.001,0.00012,0.0,1,0.0005,0.1,2005.7675080035071,0,18684582.746,18686588.513508003,1353335.8279209102,0,0
0,2023-11-02,A share,long_only,CNY,U,0.001,0.00012,0.0,1,0.0005,0.1,2005.9202809998067,0,18742688.784,18744694.704281002,1353335.8279209102,0,0
0,2023-11-03,A share,long_only,CNY,U,0.001,0.00012,0.0,1,0.0005,0.1,2006.0730656323444,0,18809499.12,18811505.193065632,1353335.8279209102,0,0
0,2023-11-06,A share,long_only,CNY,U,0.001,0.00012,0.0,1,0.0005,0.1,16466.419702624506,0,18807106.754,18823573.173702624,1363771.0353837437,0,0
0,2023-11-07,A share,long_only,CNY,U,0.001,0.00012,0.0,1,0.0005,0.1,16467.673897971803,0,18780259.59,18796727.26389797,1363771.0353837437,0,0
0,2023-11-08,A share,long_only,CNY,U,0.001,0.00012,0.0,1,0.0005,0.1,16468.92818884721,0,18803050.658,18819519.586188845,1363771.0353837437,0,0
0,2023-11-09,A share,long_only,CNY,U,0.001,0.00012,0.0,1,0.0005,0.1,16470.182575258004,0,18788410.926,18804881.10857526,1363771.0353837437,0,0
0,2023-11-10,A share,long_only,CNY,U,0.001,0.00012,0.0,1,0.0005,0.1,16471.437057211464,0,18702668.162,18719139.599057212,1363771.0353837437,0,0
0,2023-11-13,A share,long_only,CNY,U,0.001,0.00012,0.0,1,0.0005,0.1,16472.69163471486,0,18772885.834,18789358.525634713,1363771.0353837437,0,0
0,2023-11-14,A share,long_only,CNY,U,0.001,0.00012,0.0,1,0.0005,0.1,16473.94630777548,0,18837690.736,18854164.682307776,1363771.0353837437,0,0
0,2023-11-15,A share,long_only,CNY,U,0.001,0.00012,0.0,1,0.0005,0.1,16475.201076400594,0,18943893.202,18960368.4030764,1363771.0353837437,0,0
0,2023-11-16,A share,long_only,CNY,U,0.001,0.00012,0.0,1,0.0005,0.1,16476.455940597483,0,18932227.806,18948704.2619406,1363771.0353837437,0,0
0,2023-11-17,A share,long_only,CNY,U,0.001,0.00012,0.0,1,0.0005,0.1,16477.71090037343,0,18858363.676,18874841.386900373,1363771.0353837437,0,0
0,2023-11-20,A share,long_only,CNY,U,0.001,0.00012,0.0,1,0.0005,0.1,16478.96595573571,0,18730120.542,18746599.507955734,1363771.0353837437,0,0
0,2023-11-21,A share,long_only,CNY,U,0.001,0.00012,0.0,1,0.0005,0.1,39891.85278665719,0,18722055.744,18761947.596786655,1394571.9867582473,0,0
0,2023-11-22,A share,long_only,CNY,U,0.001,0.00012,0.0,1,0.0005,0.1,39894.89122349189,0,18641686.678,18681581.56922349,1394571.9867582473,0,0
0,2023-11-23,A share,long_only,CNY,U,0.001,0.00012,0.0,1,0.0005,0.1,39897.92989175476,0,18667773.08,18707671.009891752,1394571.9867582473,0,0
0,2023-11-24,A share,long_only,CNY,U,0.001,0.00012,0.0,1,0.0005,0.1,39900.96879146342,0,18695701.148000002,18735602.116791464,1394571.9867582473,0,0
0,2023-11-27,A share,long_only,CNY,U,0.001,0.00012,0.0,1,0.0005,0.1,39904.0079226355,0,18708905.475999996,18748809.48392263,1394571.9867582473,0,0
0,2023-11-28,A share,long_only,CNY,U,0.001,0.00012,0.0,1,0.0005,0.1,39907.04728528864,0,18684960.941999998,18724867.989285287,1394571.9867582473,0,0
0,2023-11-29,A share,long_only,CNY,U,0.001,0.00012,0.0,1,0.0005,0.1,39910.08687944046,0,18705386.006,18745296.09287944,1394571.9867582473,0,0
0,2023-11-30,A share,long_only,CNY,U,0.001,0.00012,0.0,1,0.0005,0.1,39913.126705108596,0,18780865.678,18820778.80470511,1394571.9867582473,0,0
0,2023-12-01,A share,long_only,CNY,U,0.001,0.00012,0.0,1,0.0005,0.1,39916.166762310684,0,18773713.678,18813629.84476231,1394571.9867582473,0,0
0,2023-12-04,A share,long_only,CNY,U,0.001,0.00012,0.0,1,0.0005,0.1,39919.20705106436,0,18789695.812,18829615.019051064,1394571.9867582473,0,0
0,2023-12-05,A share,long_only,CNY,U,0.001,0.00012,0.0,1,0.0005,0.1,39922.24757138726,0,18699271.346,18739193.593571387,1394571.9867582473,0,0
0,2023-12-06,A share,long_only,CNY,U,0.001,0.00012,0.0,1,0.0005,0.1,8047.297959170762,0,18831779.642,18839826.939959172,1404922.249261133,0,0
0,2023-12-07,A share,long_only,CNY,U,0.001,0.00012,0.0,1,0.0005,0.1,8047.910896520894,0,18784126.706,18792174.61689652,1404922.249261133,0,0
0,2023-12-08,A share,long_only,CNY,U,0.001,0.00012,0.0,1,0.0005,0.1,8048.523880556535,0,18857048.274,18865096.797880556,1404922.249261133,0,0
0,2023-12-11,A share,long_only,CNY,U,0.001,0.00012,0.0,1,0.0005,0.1,8049.13691128124,0,19008262.276,19016311.41291128,1404922.249261133,0,0
0,2023-12-12,A share,long_only,CNY,U,0.001,0.00012,0.0,1,0.0005,0.1,8049.749988698565,0,19013616.372,19021666.1219887,1404922.249261133,0,0
0,2023-12-13,A share,long_only,CNY,U,0.001,0.00012,0.0,1,0.0005,0.1,8050.363112812067,0,19070536.912,19078587.27511281,1404922.249261133,0,0
0,2023-12-14,A share,long_only,CNY,U,0.001,0.00012,0.0,1,0.0005,0.1,8050.976283625302,0,19210830.18,19218881.156283624,1404922.249261133,0,0
0,2023-12-15,A share,long_only,CNY,U,0.001,0.00012,0.0,1,0.0005,0.1,8051.589501141828,0,19158828.584,19166880.17350114,1404922.249261133,0,0
0,2023-12-18,A share,long_only,CNY,U,0.001,0.00012,0.0,1,0.0005,0.1,8052.202765365201,0,19147236.154,19155288.356765363,1404922.249261133,0,0
0,2023-12-19,A share,long_only,CNY,U,0.001,0.00012,0.0,1,0.0005,0.1,8052.81607629898,0,19173858.854,19181911.670076296,1404922.249261133,0,0
0,2023-12-20,A share,long_only,CNY,U,0.001,0.00012,0.0,1,0.0005,0.1,8053.4294339467215,0,19235812.354000002,19243865.783433948,1404922.249261133,0,0
0,2023-12-21,A share,long_only,CNY,U,0.001,0.00012,0.0,1,0.0005,0.1,787.9081462870522,0,19099679.622,19100467.53014629,1405152.2305567048,0,0
0,2023-12-22,A share,long_only,CNY,U,0.001,0.00012,0.0,1,0.0005,0.1,787.968158769973,0,19166998.46,19167786.42815877,1405152.2305567048,0,0
0,2023-12-25,A share,long_only,CNY,U,0.001,0.00012,0.0,1,0.0005,0.1,788.0281758238557,0,19234505.364,19235293.392175823,1405152.2305567048,0,0
0,2023-12-26,A share,long_only,CNY,U,0.001,0.00012,0.0,1,0.0005,0.1,788.0881974490484,0,19285952.130000003,19286740.21819745,1405152.2305567048,0,0
0,2023-12-27,A share,long_only,CNY,U,0.001,0.00012,0.0,1,0.0005,0.1,788.1482236458993,0,19310669.534,19311457.682223648,1405152.2305567048,0,0
0,2023-12-28,A share,long_only,CNY,U,0.001,0.00012,0.0,1,0.0005,0.1,788.2082544147567,0,19304436.005999997,19305224.214254413,1405152.2305567048,0,0
0,2023-12-29,A share,long_only,CNY,U,0.001,0.00012,0.0,1,0.0005,0.1,788.2682897559687,0,19229820.014000002,19230608.28228976,1405152.2305567048,0,0
0,2024-01-02,A share,long_only,CNY,U,0.001,0.00012,0.0,1,0.0005,0.1,788.3283296698836,0,19282305.452,19283093.78032967,1405152.2305567048,0,0
0,2024-01-03,A share,long_only,CNY,U,0.001,0.00012,0.0,1,0.0005,0.1,788.3883741568497,0,19145247.552,19146035.94037416,1405152.2305567048,0,0
0,2024-01-04,A share,long_only,CNY,U,0.001,0.00012,0.0,1,0.0005,0.1,788.4484232172155,0,19058391.158,19059179.606423218,1405152.2305567048,0,0
0,2024-01-05,A share,long_only,CNY,U,0.001,0.00012,0.0,1,0.0005,0.1,788.5084768513291,0,19034739.368,19035527.87647685,1405152.2305567048,0,0
0,2024-01-08,A share,long_only,CNY,U,0.001,0.00012,0.0,1,0.0005,0.1,63824.0252437717,0,18984038.766,19047862.79124377,1425965.27469461,0,0
0,2024-01-09,A share,long_only,CNY,U,0.001,0.00012,0.0,1,0.0005,0.1,63828.88651883647,0,19119397.998,19183226.884518836,1425965.27469461,0,0
0,2024-01-10,A share,long_only,CNY,U,0.001,0.00012,0.0,1,0.0005,0.1,63833.748164169265,0,19151799.932000004,19215633.680164173,1425965.27469461,0,0
0,2024-01-11,A share,long_only,CNY,U,0.001,0.00012,0.0,1,0.0005,0.1,63838.61017979828,0,19327133.666,19390972.276179798,1425965.27469461,0,0
0,2024-01-12,A share,long_only,CNY,U,0.001,0.00012,0.0,1,0.0005,0.1,63843.47256575171,0,19327918.7,19391762.17256575,1425965.27469461,0,0
0,2024-01-15,A share,long_only,CNY,U,0.001,0.00012,0.0,1,0.0005,0.1,63848.33532205778,0,19426958.3,19490806.635322057,1425965.27469461,0,0
0,2024-01-16,A share,long_only,CNY,U,0.001,0.00012,0.0,1,0.0005,0.1,63853.198448744675,0,19294327.268,19358180.466448743,1425965.27469461,0,0
0,2024-01-17,A share,long_only,CNY,U,0.001,0.00012,0.0,1,0.0005,0.1,63858.06194584062,0,19187896.470000003,19251754.531945843,1425965.27469461,0,0
0,2024-01-18,A share,long_only,CNY,U,0.001,0.00012,0.0,1,0.0005,0.1,63862.92581337383,0,19171370.104,19235233.02981337,1425965.27469461,0,0
0,2024-01-19,A share,long_only,CNY,U,0.001,0.00012,0.0,1,0.0005,0.1,63867.790051372525,0,19283723.574,19347591.36405137,1425965.27469461,0,0
0,2024-01-22,A share,long_only,CNY,U,0.001,0.00012,0.0,1,0.0005,0.1,63872.65465986491,0,19448887.742,19512760.396659862,1425965.27469461,0,0
0,2024-01-23,A share,long_only,CNY,U,0.001,0.00012,0.0,1,0.0005,0.1,18296.80234584946,0,19478325.176,19496621.97834585,1436986.6205123179,0,0
0,2024-01-24,A share,long_only,CNY,U,0.001,0.00012,0.0,1,0.0005,0.1,18298.195955680072,0,19471397.242,19489695.437955678,1436986.6205123179,0,0
0,2024-01-25,A share,long_only,CNY,U,0.001,0.00012,0.0,1,0.0005,0.1,18299.58967165756,0,19418831.11,19437130.699671656,1436986.6205123179,0,0
0,2024-01-26,A share,long_only,CNY,U,0.001,0.00012,0.0,1,0.0005,0.1,18300.98349379,0,19327496.75,19345797.73349379,1436986.6205123179,0,0
0,2024-01-29,A share,long_only,CNY,U,0.001,0.00012,0.0,1,0.0005,0.1,18302.37742208549,0,19427791.918,19446094.29542209,1436986.6205123179,0,0
0,2024-01-30,A share,long_only,CNY,U,0.001,0.00012,0.0,1,0.0005,0.1,18303.77145655211,0,19562769.254,19581073.02545655,1436986.6205123179,0,0
0,2024-01-31,A share,long_only,CNY,U,0.001,0.00012,0.0,1,0.0005,0.1,18305.16559719794,0,19468705.827999998,19487010.993597195,1436986.6205123179,0,0
0,2024-02-01,A share,long_only,CNY,U,0.001,0.00012,0.0,1,0.0005,0.1,18306.55984403108,0,19372195.896,19390502.455844034,1436986.6205123179,0,0
0,2024-02-02,A share,long_only,CNY,U,0.001,0.00012,0.0,1,0.0005,0.1,18307.954197059607,0,19578909.198,19597217.15219706,1436986.6205123179,0,0
0,2024-02-05,A share,long_only,CNY,U,0.001,0.00012,0.0,1,0.0005,0.1,18309.348656291615,0,19603453.77,19621763.118656293,1436986.6205123179,0,0
0,2024-02-06,A share,long_only,CNY,U,0.001,0.00012,0.0,1,0.0005,0.1,18310.743221735192,0,19571802.7,19590113.443221733,1436986.6205123179,0,0
0,2024-02-07,A share,long_only,CNY,U,0.001,0.00012,0.0,1,0.0005,0.1,2451.160114585392,0,19554807.604,19557258.764114585,1447714.8903023973,0,0
0,2024-02-08,A share,long_only,CNY,U,0.001,0.00012,0.0,1,0.0005,0.1,2451.346811734299,0,19773923.08,19776374.426811732,1447714.8903023973,0,0
0,2024-02-09,A share,long_only,CNY,U,0.001,0.00012,0.0,1,0.0005,0.1,2451.5335231033405,0,19773923.08,19776374.613523103,1447714.8903023973,0,0
0,2024-02-12,A share,long_only,CNY,U,0.001,0.00012,0.0,1,0.0005,0.1,2451.720248693599,0,19773923.08,19776374.80024869,1447714.8903023973,0,0
0,2024-02-13,A share,long_only,CNY,U,0.001,0.00012,0.0,1,0.0005,0.1,2451.9069885061576,0,19773923.08,19776374.986988503,1447714.8903023973,0,0
0,2024-02-14,A share,long_only,CNY,U,0.001,0.00012,0.0,1,0.0005,0.1,2452.0937425421002,0,19773923.08,19776375.17374254,1447714.8903023973,0,0
0,2024-02-15,A share,long_only,CNY,U,0.001,0.00012,0.0,1,0.0005,0.1,2452.2805108025095,0,19773923.08,19776375.3605108,1447714.8903023973,0,0
0,2024-02-16,A share,long_only,CNY,U,0.001,0.00012,0.0,1,0.0005,0.1,2452.467293288469,0,19773923.08,19776375.547293287,1447714.8903023973,0,0
0,2024-02-19,A share,long_only,CNY,U,0.001,0.00012,0.0,1,0.0005,0.1,2452.6540900010627,0,19715869.91,19718322.564090002,1447714.8903023973,0,0
0,2024-02-20,A share,long_only,CNY,U,0.001,0.00012,0.0,1,0.0005,0.1,2452.840900941374,0,19694339.208,19696792.048900943,1447714.8903023973,0,0
0,2024-02-21,A share,long_only,CNY,U,0.001,0.00012,0.0,1,0.0005,0.1,2453.0277261104866,0,19614099.344,19616552.37172611,1447714.8903023973,0,0
0,2024-02-22,A share,long_only,CNY,U,0.001,0.00012,0.0,1,0.0005,0.1,2453.214565509484,0,19736539.612,19738992.826565508,1447714.8903023973,0,0
0,2024-02-23,A share,long_only,CNY,U,0.001,0.00012,0.0,1,0.0005,0.1,2453.4014191394504,0,19847942.52,19850395.92141914,1447714.8903023973,0,0
0,2024-02-26,A share,long_only,CNY,U,0.001,0.00012,0.0,1,0.0005,0.1,2453.5882870014693,0,19801664.687999997,19804118.276286997,1447714.8903023973,0,0
0,2024-02-27,A share,long_only,CNY,U,0.001,0.00012,0.0,1,0.0005,0.1,2453.7751690966247,0,19807405.59,19809859.365169097,1447714.8903023973,0,0
0,2024-02-28,A share,long_only,CNY,U,0.001,0.00012,0.0,1,0.0005,0.1,2453.962065426001,0,19865894.122,19868348.084065426,1447714.8903023973,0,0
0,2024-02-29,A share,long_only,CNY,U,0.001,0.00012,0.0,1,0.0005,0.1,2454.1489759906826,0,19817774.958,19820229.10697599,1447714.8903023973,0,0
0,2024-03-01,A share,long_only,CNY,U,0.001,0.00012,0.0,1,0.0005,0.1,18874.994128470265,0,19887480.288,19906355.28212847,1459066.6826893028,0,0
0,2024-03-04,A share,long_only,CNY,U,0.001,0.00012,0.0,1,0.0005,0.1,18876.43177734863,0,19961983.259999998,19980859.691777345,1459066.6826893028,0,0
0,2024-03-05,A share,long_only,CNY,U,0.001,0.00012,0.0,1,0.0005,0.1,18877.869535728183,0,19990624.762000002,20009502.63153573,1459066.6826893028,0,0
0,2024-03-06,A share,long_only,CNY,U,0.001,0.00012,0.0,1,0.0005,0.1,18879.307403617266,0,20006464.196000002,20025343.50340362,1459066.6826893028,0,0
0,2024-03-07,A share,long_only,CNY,U,0.001,0.00012,0.0,1,0.0005,0.1,18880.74538102422,0,20056880.394,20075761.139381025,1459066.6826893028,0,0
0,2024-03-08,A share,long_only,CNY,U,0.001,0.00012,0.0,1,0.0005,0.1,18882.183467957384,0,20107574.031999998,20126456.215467956,1459066.6826893028,0,0
0,2024-03-11,A share,long_only,CNY,U,0.001,0.00012,0.0,1,0.0005,0.1,18883.621664425104,0,20116878.432,20135762.053664424,1459066.6826893028,0,0
0,2024-03-12,A share,long_only,CNY,U,0.001,0.00012,0.0,1,0.0005,0.1,18885.05997043572,0,20074824.828,20093709.887970436,1459066.6826893028,0,0
0,2024-03-13,A share,long_only,CNY,U,0.001,0.00012,0.0,1,0.0005,0.1,18886.498385997576,0,20056212.958,20075099.456386,1459066.6826893028,0,0
0,2024-03-14,A share,long_only,CNY,U,0.001,0.00012,0.0,1,0.0005,0.1,18887.936911119017,0,20057991.417999998,20076879.354911115,1459066.6826893028,0,0
0,2024-03-15,A share,long_only,CNY,U,0.001,0.00012,0.0,1,0.0005,0.1,18889.37554580839,0,20073180.39,20092069.765545808,1459066.6826893028,0,0
0,2024-03-18,A share,long_only,CNY,U,0.001,0.00012,0.0,1,0.0005,0.1,77563.05600093337,0,19989064.092,20066627.148000933,1481167.9095180216,0,0
0,2024-03-19,A share,long_only,CNY,U,0.001,0.00012,0.0,1,0.0005,0.1,77568.96373471615,0,19996272.594,20073841.557734717,1481167.9095180216,0,0
0,2024-03-20,A share,long_only,CNY,U,0.001,0.00012,0.0,1,0.0005,0.1,77574.8719184724,0,20057702.36,20135277.231918473,1481167.9095180216,0,0
0,2024-03-21,A share,long_only,CNY,U,0.001,0.00012,0.0,1,0.0005,0.1,77580.7805522364,0,20285378.896,20362959.67655224,1481167.9095180216,0,0
0,2024-03-22,A share,long_only,CNY,U,0.001,0.00012,0.0,1,0.0005,0.1,77586.68963604244,0,20155400.966000002,20232987.655636046,1481167.9095180216,0,0
0,2024-03-25,A share,long_only,CNY,U,0.001,0.00012,0.0,1,0.0005,0.1,77592.5991699248,0,20026634.498,20104227.097169925,1481167.9095180216,0,0
0,2024-03-26,A share,long_only,CNY,U,0.001,0.00012,0.0,1,0.0005,0.1,77598.50915391774,0,20055246.164,20132844.67315392,1481167.9095180216,0,0
0,2024-03-27,A share,long_only,CNY,U,0.001,0.00012,0.0,1,0.0005,0.1,77604.41958805555,0,20117291.933999997,20194896.353588052,1481167.9095180216,0,0
0,2024-03-28,A share,long_only,CNY,U,0.001,0.00012,0.0,1,0.0005,0.1,77610.33047237253,0,20085909.232,20163519.562472373,1481167.9095180216,0,0
0,2024-03-29,A share,long_only,CNY,U,0.001,0.00012,0.0,1,0.0005,0.1,77616.24180690295,0,20214062.07,20291678.311806902,1481167.9095180216,0,0
0,2024-04-01,A share,long_only,CNY,U,0.001,0.00012,0.0,1,0.0005,0.1,77622.15359168111,0,20276773.4,20354395.55359168,1481167.9095180216,0,0
0,2024-04-02,A share,long_only,CNY,U,0.001,0.00012,0.0,1,0.0005,0.1,16881.744837423506,0,20263193.97,20280075.71483742,1503511.404003705,0,0
0,2024-04-03,A share,long_only,CNY,U,0.001,0.00012,0.0,1,0.0005,0.1,16883.030666778748,0,20167680.076,20184563.10666678,1503511.404003705,0,0
0,2024-04-04,A share,long_only,CNY,U,0.001,0.00012,0.0,1,0.0005,0.1,16884.316594071563,0,20167680.076,20184564.392594073,1503511.404003705,0,0
0,2024-04-05,A share,long_only,CNY,U,0.001,0.00012,0.0,1,0.0005,0.1,16885.60261930941,0,20167680.076,20184565.67861931,1503511.404003705,0,0
0,2024-04-08,A share,long_only,CNY,U,0.001,0.00012,0.0,1,0.0005,0.1,16886.888742499752,0,20275878.278,20292765.1667425,1503511.404003705,0,0
0,2024-04-09,A share,long_only,CNY,U,0.001,0.00012,0.0,1,0.0005,0.1,16888.174963650046,0,20347562.354,20364450.528963648,1503511.404003705,0,0
0,2024-04-10,A share,long_only,CNY,U,0.001,0.00012,0.0,1,0.0005,0.1,16889.461282767756,0,20327579.053999998,20344468.515282765,1503511.404003705,0,0
0,2024-04-11,A share,long_only,CNY,U,0.001,0.00012,0.0,1,0.0005,0.1,16890.747699860345,0,20212104.944000002,20228995.691699862,1503511.404003705,0,0
0,2024-04-12,A share,long_only,CNY,U,0.001,0.00012,0.0,1,0.0005,0.1,16892.034214935273,0,20390910.2,20407802.234214935,1503511.404003705,0,0
0,2024-04-15,A share,long_only,CNY,U,0.001,0.00012,0.0,1,0.0005,0.1,16893.320828000004,0,20236532.148000002,20253425.468828,1503511.404003705,0,0
0,2024-04-16,A share,long_only,CNY,U,0.001,0.00012,0.0,1,0.0005,0.1,16894.607539062003,0,20079921.395999998,20096816.00353906,1503511.404003705,0,0
0,2024-04-17,A share,long_only,CNY,U,0.001,0.00012,0.0,1,0.0005,0.1,16895.89434812873,0,20058683.904000003,20075579.798348133,1503511.404003705,0,0
0,2024-04-18,A share,long_only,CNY,U,0.001,0.00012,0.0,1,0.0005,0.1,16897.181255207655,0,20081472.976,20098370.157255206,1503511.404003705,0,0
0,2024-04-19,A share,long_only,CNY,U,0.001,0.00012,0.0,1,0.0005,0.1,149259.876571795,0,19871336.364,20020596.240571797,1525249.27647615,0,0
0,2024-04-22,A share,long_only,CNY,U,0.001,0.00012,0.0,1,0.0005,0.1,149271.24522667658,0,19686477.444000002,19835748.68922668,1525249.27647615,0,0
0,2024-04-23,A share,long_only,CNY,U,0.001,0.00012,0.0,1,0.0005,0.1,149282.6147474728,0,19468395.064,19617677.67874747,1525249.27647615,0,0
0,2024-04-24,A share,long_only,CNY,U,0.001,0.00012,0.0,1,0.0005,0.1,149293.98513424964,0,19544734.904,19694028.88913425,1525249.27647615,0,0
0,2024-04-25,A share,long_only,CNY,U,0.001,0.00012,0.0,1,0.0005,0.1,149305.35638707303,0,19580660.82,19729966.17638707,1525249.27647615,0,0
0,2024-04-26,A share,long_only,CNY,U,0.001,0.00012,0.0,1,0.0005,0.1,149316.72850600895,0,19660729.928,19810046.65650601,1525249.27647615,0,0
0,2024-04-29,A share,long_only,CNY,U,0.001,0.00012,0.0,1,0.0005,0.1,149328.10149112338,0,19616676.1,19766004.201491125,1525249.27647615,0,0
0,2024-04-30,A share,long_only,CNY,U,0.001,0.00012,0.0,1,0.0005,0.1,149339.47534248227,0,19644810.468,19794149.94334248,1525249.27647615,0,0
0,2024-05-01,A share,long_only,CNY,U,0.001,0.00012,0.0,1,0.0005,0.1,149350.8500601516,0,19644810.468,19794161.31806015,1525249.27647615,0,0
0,2024-05-02,A share,long_only,CNY,U,0.001,0.00012,0.0,1,0.0005,0.1,149362.22564419737,0,19644810.468,19794172.693644196,1525249.27647615,0,0
0,2024-05-03,A share,long_only,CNY,U,0.001,0.00012,0.0,1,0.0005,0.1,149373.60209468557,0,19644810.468,19794184.070094682,1525249.27647615,0,0
0,2024-05-06,A share,long_only,CNY,U,0.001,0.00012,0.0,1,0.0005,0.1,149384.97941168217,0,19693494.915999997,19842879.89541168,1525249.27647615,0,0
0,2024-05-07,A share,long_only,CNY,U,0.001,0.00012,0.0,1,0.0005,0.1,149396.3575952532,0,19762678.728,19912075.085595254,1525249.27647615,0,0
0,2024-05-08,A share,long_only,CNY,U,0.001,0.00012,0.0,1,0.0005,0.1,149407.73664546467,0,19743462.676,19892870.412645463,1525249.27647615,0,0
0,2024-05-09,A share,long_only,CNY,U,0.001,0.00012,0.0,1,0.0005,0.1,29004.715337743706,0,19939047.068,19968051.783337742,1536430.6068134678,0,0
0,2024-05-10,A share,long_only,CNY,U,0.001,0.00012,0.0,1,0.0005,0.1,29006.924535595044,0,19975425.144,20004432.068535596,1536430.6068134678,0,0
0,2024-05-13,A share,long_only,CNY,U,0.001,0.00012,0.0,1,0.0005,0.1,29009.133901714027,0,19985981.892,20014991.025901716,1536430.6068134678,0,0
0,2024-05-14,A share,long_only,CNY,U,0.001,0.00012,0.0,1,0.0005,0.1,29011.34343611347,0,19971008.024,20000019.367436115,1536430.6068134678,0,0
0,2024-05-15,A share,long_only,CNY,U,0.001,0.00012,0.0,1,0.0005,0.1,29013.553138806194,0,20025541.564,20054555.117138807,1536430.6068134678,0,0
0,2024-05-16,A share,long_only,CNY,U,0.001,0.00012,0.0,1,0.0005,0.1,29015.763009805014,0,20051804.848,20080820.611009806,1536430.6068134678,0,0
0,2024-05-17,A share,long_only,CNY,U,0.001,0.00012,0.0,1,0.0005,0.1,29017.97304912275,0,20102872.648000002,20131890.621049125,1536430.6068134678,0,0
0,2024-05-20,A share,long_only,CNY,U,0.001,0.00012,0.0,1,0.0005,0.1,29020.183256772223,0,20211308.756,20240328.939256772,1536430.6068134678,0,0
0,2024-05-21,A share,long_only,CNY,U,0.001,0.00012,0.0,1,0.0005,0.1,29022.393632766256,0,20153531.556,20182553.949632768,1536430.6068134678,0,0
0,2024-05-22,A share,long_only,CNY,U,0.001,0.00012,0.0,1,0.0005,0.1,29024.604177117668,0,20202824.08,20231848.684177116,1536430.6068134678,0,0
0,2024-05-23,A share,long_only,CNY,U,0.001,0.00012,0.0,1,0.0005,0.1,29026.814889839283,0,20093096.895999998,20122123.71088984,1536430.6068134678,0,0
0,2024-05-24,A share,long_only,CNY,U,0.001,0.00012,0.0,1,0.0005,0.1,12808.358337366895,0,20008685.8,20021494.158337366,1569366.7090359689,0,0
0,2024-05-27,A share,long_only,CNY,U,0.001,0.00012,0.0,1,0.0005,0.1,12809.333909696725,0,20150904.5,20163713.833909698,1569366.7090359689,0,0
0,2024-05-28,A share,long_only,CNY,U,0.001,0.00012,0.0,1,0.0005,0.1,12810.309556332826,0,20189064.1,20201874.409556333,1569366.7090359689,0,0
0,2024-05-29,A share,long_only,CNY,U,0.001,0.00012,0.0,1,0.0005,0.1,12811.28527728086,0,20025556.1,20038367.385277282,1569366.7090359689,0,0
0,2024-05-30,A share,long_only,CNY,U,0.001,0.00012,0.0,1,0.0005,0.1,12812.261072546487,0,19830308.900000002,19843121.16107255,1569366.7090359689,0,0
0,2024-05-31,A share,long_only,CNY,U,0.001,0.00012,0.0,1,0.0005,0.1,12813.236942135369,0,19857660.5,19870473.736942135,1569366.7090359689,0,0
0,2024-06-03,A share,long_only,CNY,U,0.001,0.00012,0.0,1,0.0005,0.1,12814.212886053163,0,19899793.9,19912608.112886053,1569366.7090359689,0,0
0,2024-06-04,A share,long_only,CNY,U,0.001,0.00012,0.0,1,0.0005,0.1,12815.188904305533,0,19912658.2,19925473.388904303,1569366.7090359689,0,0
0,2024-06-05,A share,long_only,CNY,U,0.001,0.00012,0.0,1,0.0005,0.1,12816.16499689814,0,19975263.1,19988079.2649969,1569366.7090359689,0,0
0,2024-06-06,A share,long_only,CNY,U,0.001,0.00012,0.0,1,0.0005,0.1,12817.141163836648,0,20161164.0,20173981.141163837,1569366.7090359689,0,0
0,2024-06-07,A share,long_only,CNY,U,0.001,0.00012,0.0,1,0.0005,0.1,12818.117405126719,0,20179518.599999998,20192336.717405125,1569366.7090359689,0,0
0,2024-06-10,A share,long_only,CNY,U,0.001,0.00012,0.0,1,0.0005,0.1,12819.093720774015,0,20179518.599999998,20192337.693720773,1569366.7090359689,0,0
0,2024-06-11,A share,long_only,CNY,U,0.001,0.00012,0.0,1,0.0005,0.1,17475.188001023373,0,20082242.3,20099717.488001022,1591525.8456843996,0,0
0,2024-06-12,A share,long_only,CNY,U,0.001,0.00012,0.0,1,0.0005,0.1,17476.51903107604,0,20137116.1,20154592.61903108,1591525.8456843996,0,0
0,2024-06-13,A share,long_only,CNY,U,0.001,0.00012,0.0,1,0.0005,0.1,17477.850162509076,0,20244353.8,20261831.65016251,1591525.8456843996,0,0
0,2024-06-14,A share,long_only,CNY,U,0.001,0.00012,0.0,1,0.0005,0.1,17479.1813953302,0,20234863.0,20252342.18139533,1591525.8456843996,0,0
0,2024-06-17,A share,long_only,CNY,U,0.001,0.00012,0.0,1,0.0005,0.1,17480.51272954714,0,20218463.1,20235943.61272955,1591525.8456843996,0,0
0,2024-06-18,A share,long_only,CNY,U,0.001,0.00012,0.0,1,0.0005,0.1,17481.844165167615,0,20297774.299999997,20315256.144165166,1591525.8456843996,0,0
0,2024-06-19,A share,long_only,CNY,U,0.001,0.00012,0.0,1,0.0005,0.1,17483.175702199347,0,20291992.7,20309475.8757022,1591525.8456843996,0,0
0,2024-06-20,A share,long_only,CNY,U,0.001,0.00012,0.0,1,0.0005,0.1,17484.507340650063,0,20326341.1,20343825.607340652,1591525.8456843996,0,0
0,2024-06-21,A share,long_only,CNY,U,0.001,0.00012,0.0,1,0.0005,0.1,17485.83908052749,0,20230194.0,20247679.839080527,1591525.8456843996,0,0
0,2024-06-24,A share,long_only,CNY,U,0.001,0.00012,0.0,1,0.0005,0.1,17487.170921839348,0,20141124.9,20158612.07092184,1591525.8456843996,0,0
0,2024-06-25,A share,long_only,CNY,U,0.001,0.00012,0.0,1,0.0005,0.1,17488.502864593367,0,20116030.6,20133519.102864593,1591525.8456843996,0,0
0,2024-06-26,A share,long_only,CNY,U,0.001,0.00012,0.0,1,0.0005,0.1,6623.892858841461,0,20302080.3,20308704.19285884,1602874.3601727907,0,0
0,2024-06-27,A share,long_only,CNY,U,0.001,0.00012,0.0,1,0.0005,0.1,6624.397379906427,0,20294876.3,20301500.697379906,1602874.3601727907,0,0
0,2024-06-28,A share,long_only,CNY,U,0.001,0.00012,0.0,1,0.0005,0.1,6624.901939399174,0,20415803.3,20422428.2019394,1602874.3601727907,0,0
0,2024-07-01,A share,long_only,CNY,U,0.001,0.00012,0.0,1,0.0005,0.1,6625.406537322629,0,20399346.3,20405971.706537325,1602874.3601727907,0,0
0,2024-07-02,A share,long_only,CNY,U,0.001,0.00012,0.0,1,0.0005,0.1,6625.91117367972,0,20449337.6,20455963.51117368,1602874.3601727907,0,0
0,2024-07-03,A share,long_only,CNY,U,0.001,0.00012,0.0,1,0.0005,0.1,6626.415848473373,0,20648867.0,20655493.415848475,1602874.3601727907,0,0
0,2024-07-04,A share,long_only,CNY,U,0.001,0.00012,0.0,1,0.0005,0.1,6626.920561706516,0,20688098.599999998,20694725.520561703,1602874.3601727907,0,0
0,2024-07-05,A share,long_only,CNY,U,0.001,0.00012,0.0,1,0.0005,0.1,6627.425313382078,0,20793993.1,20800620.525313385,1602874.3601727907,0,0
0,2024-07-08,A share,long_only,CNY,U,0.001,0.00012,0.0,1,0.0005,0.1,6627.930103502985,0,20867838.6,20874466.530103505,1602874.3601727907,0,0
0,2024-07-09,A share,long_only,CNY,U,0.001,0.00012,0.0,1,0.0005,0.1,6628.434932072167,0,21040813.2,21047441.63493207,1602874.3601727907,0,0
0,2024-07-10,A share,long_only,CNY,U,0.001,0.00012,0.0,1,0.0005,0.1,6628.939799092551,0,20945920.8,20952549.739799093,1602874.3601727907,0,0
0,2024-07-11,A share,long_only,CNY,U,0.001,0.00012,0.0,1,0.0005,0.1,5948.575844159298,0,21021730.099999998,21027678.675844155,1603624.1771775107,0,0
0,2024-07-12,A share,long_only,CNY,U,0.001,0.00012,0.0,1,0.0005,0.1,5949.028928453366,0,20695022.0,20700971.028928455,1603624.1771775107,0,0
0,2024-07-15,A share,long_only,CNY,U,0.001,0.00012,0.0,1,0.0005,0.1,5949.482047257437,0,20989724.1,20995673.582047258,1603624.1771775107,0,0
0,2024-07-16,A share,long_only,CNY,U,0.001,0.00012,0.0,1,0.0005,0.1,5949.935200574142,0,20984808.900000002,20990758.835200578,1603624.1771775107,0,0
0,2024-07-17,A share,long_only,CNY,U,0.001,0.00012,0.0,1,0.0005,0.1,5950.388388406108,0,20968307.0,20974257.388388406,1603624.1771775107,0,0
0,2024-07-18,A share,long_only,CNY,U,0.001,0.00012,0.0,1,0.0005,0.1,5950.841610755964,0,20807777.8,20813728.641610757,1603624.1771775107,0,0
0,2024-07-19,A share,long_only,CNY,U,0.001,0.00012,0.0,1,0.0005,0.1,5951.29486762634,0,20579423.0,20585374.294867627,1603624.1771775107,0,0
0,2024-07-22,A share,long_only,CNY,U,0.001,0.00012,0.0,1,0.0005,0.1,5951.748159019865,0,20490040.4,20495992.14815902,1603624.1771775107,0,0
0,2024-07-23,A share,long_only,CNY,U,0.001,0.00012,0.0,1,0.0005,0.1,5952.201484939168,0,20599908.2,20605860.40148494,1603624.1771775107,0,0
0,2024-07-24,A share,long_only,CNY,U,0.001,0.00012,0.0,1,0.0005,0.1,5952.654845386879,0,20485427.2,20491379.854845386,1603624.1771775107,0,0
0,2024-07-25,A share,long_only,CNY,U,0.001,0.00012,0.0,1,0.0005,0.1,5953.108240365628,0,20154361.4,20160314.508240364,1603624.1771775107,0,0
0,2024-07-26,A share,long_only,CNY,U,0.001,0.00012,0.0,1,0.0005,0.1,2606.104598635253,0,20162237.400000002,20164843.504598636,1636773.0793029056,0,0
0,2024-07-29,A share,long_only,CNY,U,0.001,0.00012,0.0,1,0.0005,0.1,2606.3030974176963,0,20250152.5,20252758.80309742,1636773.0793029056,0,0
0,2024-07-30,A share,long_only,CNY,U,0.001,0.00012,0.0,1,0.0005,0.1,2606.5016113191673,0,20188039.8,20190646.30161132,1636773.0793029056,0,0
0,2024-07-31,A share,long_only,CNY,U,0.001,0.00012,0.0,1,0.0005,0.1,2606.700140340817,0,20306314.0,20308920.700140342,1636773.0793029056,0,0
0,2024-08-01,A share,long_only,CNY,U,0.001,0.00012,0.0,1,0.0005,0.1,2606.8986844837973,0,20317640.8,20320247.698684484,1636773.0793029056,0,0
0,2024-08-02,A share,long_only,CNY,U,0.001,0.00012,0.0,1,0.0005,0.1,2607.09724374926,0,20188537.6,20191144.69724375,1636773.0793029056,0,0
0,2024-08-05,A share,long_only,CNY,U,0.001,0.00012,0.0,1,0.0005,0.1,2607.295818138357,0,19914870.8,19917478.09581814,1636773.0793029056,0,0
0,2024-08-06,A share,long_only,CNY,U,0.001,0.00012,0.0,1,0.0005,0.1,2607.4944076522397,0,19947267.799999997,19949875.29440765,1636773.0793029056,0,0
0,2024-08-07,A share,long_only,CNY,U,0.001,0.00012,0.0,1,0.0005,0.1,2607.6930122920608,0,19984502.6,19987110.293012295,1636773.0793029056,0,0
0,2024-08-08,A share,long_only,CNY,U,0.001,0.00012,0.0,1,0.0005,0.1,2607.891632058972,0,19989789.0,19992396.891632058,1636773.0793029056,0,0
0,2024-08-09,A share,long_only,CNY,U,0.001,0.00012,0.0,1,0.0005,0.1,2608.090266954125,0,20050169.8,20052777.890266955,1636773.0793029056,0,0
0,2024-08-12,A share,long_only,CNY,U,0.001,0.00012,0.0,1,0.0005,0.1,2094.409020929309,0,20044016.9,20046111.30902093,1647767.6200613207,0,0
0,2024-08-13,A share,long_only,CNY,U,0.001,0.00012,0.0,1,0.0005,0.1,2094.5685454705767,0,19938896.3,19940990.868545473,1647767.6200613207,0,0
0,2024-08-14,A share,long_only,CNY,U,0.001,0.00012,0.0,1,0.0005,0.1,2094.7280821623267,0,19890484.2,19892578.92808216,1647767.6200613207,0,0
0,2024-08-15,A share,long_only,CNY,U,0.001,0.00012,0.0,1,0.0005,0.1,2094.8876310054843,0,19911161.6,19913256.487631008,1647767.6200613207,0,0
0,2024-08-16,A share,long_only,CNY,U,0.001,0.00012,0.0,1,0.0005,0.1,2095.047192000975,0,19863566.0,19865661.047192,1647767.6200613207,0,0
0,2024-08-19,A share,long_only,CNY,U,0.001,0.00012,0.0,1,0.0005,0.1,2095.206765149724,0,19907618.400000002,19909713.60676515,1647767.6200613207,0,0
0,2024-08-20,A share,long_only,CNY,U,0.001,0.00012,0.0,1,0.0005,0.1,2095.3663504526576,0,19901419.0,19903514.366350453,1647767.6200613207,0,0
0,2024-08-21,A share,long_only,CNY,U,0.001,0.00012,0.0,1,0.0005,0.1,2095.5259479107012,0,19934080.4,19936175.92594791,1647767.6200613207,0,0
0,2024-08-22,A share,long_only,CNY,U,0.001,0.00012,0.0,1,0.0005,0.1,2095.685557524781,0,19888587.3,19890682.985557526,1647767.6200613207,0,0
0,2024-08-23,A share,long_only,CNY,U,0.001,0.00012,0.0,1,0.0005,0.1,2095.845179295822,0,19874273.5,19876369.345179297,1647767.6200613207,0,0
0,2024-08-26,A share,long_only,CNY,U,0.001,0.00012,0.0,1,0.0005,0.1,2096.004813224751,0,19952434.4,19954530.404813223,1647767.6200613207,0,0
0,2024-08-27,A share,long_only,CNY,U,0.001,0.00012,0.0,1,0.0005,0.1,2024.7151313477118,0,19946847.3,19948872.015131347,1669626.0639476299,0,0
0,2024-08-28,A share,long_only,CNY,U,0.001,0.00012,0.0,1,0.0005,0.1,2024.8693475248285,0,19964600.3,19966625.169347525,1669626.0639476299,0,0
0,2024-08-29,A share,long_only,CNY,U,0.001,0.00012,0.0,1,0.0005,0.1,2025.023575448106,0,19956714.4,19958739.423575446,1669626.0639476299,0,0
0,2024-08-30,A share,long_only,CNY,U,0.001,0.00012,0.0,1,0.0005,0.1,2025.1778151184385,0,20016219.099999998,20018244.277815115,1669626.0639476299,0,0
0,2024-09-02,A share,long_only,CNY,U,0.001,0.00012,0.0,1,0.0005,0.1,2025.3320665367212,0,19941027.6,19943052.932066537,1669626.0639476299,0,0
0,2024-09-03,A share,long_only,CNY,U,0.001,0.00012,0.0,1,0.0005,0.1,2025.486329703849,0,19980336.2,19982361.686329704,1669626.0639476299,0,0
0,2024-09-04,A share,long_only,CNY,U,0.001,0.00012,0.0,1,0.0005,0.1,2025.6406046207164,0,19775145.8,19777171.44060462,1669626.0639476299,0,0
0,2024-09-05,A share,long_only,CNY,U,0.001,0.00012,0.0,1,0.0005,0.1,2025.7948912882187,0,19807642.0,19809667.794891287,1669626.0639476299,0,0
0,2024-09-06,A share,long_only,CNY,U,0.001,0.00012,0.0,1,0.0005,0.1,2025.9491897072505,0,19786809.2,19788835.149189707,1669626.0639476299,0,0
0,2024-09-09,A share,long_only,CNY,U,0.001,0.00012,0.0,1,0.0005,0.1,2026.1034998787072,0,19661001.799999997,19663027.903499875,1669626.0639476299,0,0
0,2024-09-10,A share,long_only,CNY,U,0.001,0.00012,0.0,1,0.0005,0.1,2026.257821803484,0,19681486.4,19683512.6578218,1669626.0639476299,0,0
0,2024-09-11,A share,long_only,CNY,U,0.001,0.00012,0.0,1,0.0005,0.1,225721.8605559104,0,19428149.6,19653871.46055591,1680301.2524275978,0,0
0,2024-09-12,A share,long_only,CNY,U,0.001,0.00012,0.0,1,0.0005,0.1,225739.05307938575,0,19483723.7,19709462.753079385,1680301.2524275978,0,0
0,2024-09-13,A share,long_only,CNY,U,0.001,0.00012,0.0,1,0.0005,0.1,225756.24691236147,0,19555550.700000003,19781306.946912363,1680301.2524275978,0,0
0,2024-09-16,A share,long_only,CNY,U,0.001,0.00012,0.0,1,0.0005,0.1,225773.44205493733,0,19555550.700000003,19781324.14205494,1680301.2524275978,0,0
0,2024-09-17,A share,long_only,CNY,U,0.001,0.00012,0.0,1,0.0005,0.1,225790.63850721307,0,19555550.700000003,19781341.338507216,1680301.2524275978,0,0
0,2024-09-18,A share,long_only,CNY,U,0.001,0.00012,0.0,1,0.0005,0.1,225807.83626928844,0,19637239.0,19863046.83626929,1680301.2524275978,0,0
0,2024-09-19,A share,long_only,CNY,U,0.001,0.00012,0.0,1,0.0005,0.1,225825.0353412632,0,19672909.0,19898734.035341263,1680301.2524275978,0,0
0,2024-09-20,A share,long_only,CNY,U,0.001,0.00012,0.0,1,0.0005,0.1,225842.23572323713,0,19734829.4,19960671.635723237,1680301.2524275978,0,0
0,2024-09-23,A share,long_only,CNY,U,0.001,0.00012,0.0,1,0.0005,0.1,225859.43741531,0,19707326.700000003,19933186.137415312,1680301.2524275978,0,0
0,2024-09-24,A share,long_only,CNY,U,0.001,0.00012,0.0,1,0.0005,0.1,225876.6404175816,0,19721969.1,19947845.740417585,1680301.2524275978,0,0
0,2024-09-25,A share,long_only,CNY,U,0.001,0.00012,0.0,1,0.0005,0.1,225893.8447301517,0,19727535.9,19953429.74473015,1680301.2524275978,0,0
0,2024-09-26,A share,long_only,CNY,U,0.001,0.00012,0.0,1,0.0005,0.1,225911.05035312014,0,19808350.532,20034261.582353123,1680301.2524275978,0,0
0,2024-09-27,A share,long_only,CNY,U,0.001,0.00012,0.0,1,0.0005,0.1,225928.2572865867,0,19781400.464,20007328.721286587,1680301.2524275978,0,0
0,2024-09-30,A share,long_only,CNY,U,0.001,0.00012,0.0,1,0.0005,0.1,16710.632328088937,0,20061794.926,20078505.55832809,1702520.4500854104,0,0
0,2024-10-01,A share,long_only,CNY,U,0.001,0.00012,0.0,1,0.0005,0.1,16711.90512434306,0,20061794.926,20078506.831124343,1702520.4500854104,0,0
0,2024-10-02,A share,long_only,CNY,U,0.001,0.00012,0.0,1,0.0005,0.1,16713.17801754206,0,20061794.926,20078508.10401754,1702520.4500854104,0,0
0,2024-10-03,A share,long_only,CNY,U,0.001,0.00012,0.0,1,0.0005,0.1,16714.451007693333,0,20061794.926,20078509.377007693,1702520.4500854104,0,0
0,2024-10-04,A share,long_only,CNY,U,0.001,0.00012,0.0,1,0.0005,0.1,16715.724094804256,0,20061794.926,20078510.650094803,1702520.4500854104,0,0
0,2024-10-07,A share,long_only,CNY,U,0.001,0.00012,0.0,1,0.0005,0.1,16716.997278882216,0,20061794.926,20078511.923278883,1702520.4500854104,0,0
0,2024-10-08,A share,long_only,CNY,U,0.001,0.00012,0.0,1,0.0005,0.1,16718.2705599346,0,19932208.642,19948926.912559934,1702520.4500854104,0,0
0,2024-10-09,A share,long_only,CNY,U,0.001,0.00012,0.0,1,0.0005,0.1,16719.543937968792,0,19685531.194,19702250.73793797,1702520.4500854104,0,0
0,2024-10-10,A share,long_only,CNY,U,0.001,0.00012,0.0,1,0.0005,0.1,16720.81741299218,0,19755504.558,19772225.37541299,1702520.4500854104,0,0
0,2024-10-11,A share,long_only,CNY,U,0.001,0.00012,0.0,1,0.0005,0.1,16722.09098501215,0,19698975.836000003,19715697.926985014,1702520.4500854104,0,0
0,2024-10-14,A share,long_only,CNY,U,0.001,0.00012,0.0,1,0.0005,0.1,16723.364654036093,0,19852509.018,19869232.382654034,1702520.4500854104,0,0
0,2024-10-15,A share,long_only,CNY,U,0.001,0.00012,0.0,1,0.0005,0.1,16724.638420071395,0,19853154.09,19869878.72842007,1702520.4500854104,0,0
0,2024-10-16,A share,long_only,CNY,U,0.001,0.00012,0.0,1,0.0005,0.1,16725.912283125446,0,19960410.702,19977136.614283126,1702520.4500854104,0,0
0,2024-10-17,A share,long_only,CNY,U,0.001,0.00012,0.0,1,0.0005,0.1,16727.186243205637,0,19913182.096,19929909.282243207,1702520.4500854104,0,0
0,2024-10-18,A share,long_only,CNY,U,0.001,0.00012,0.0,1,0.0005,0.1,16728.460300319355,0,20015626.26,20032354.72030032,1702520.4500854104,0,0
0,2024-10-21,A share,long_only,CNY,U,0.001,0.00012,0.0,1,0.0005,0.1,16729.734454473994,0,20074845.736,20091575.470454477,1702520.4500854104,0,0
0,2024-10-22,A share,long_only,CNY,U,0.001,0.00012,0.0,1,0.0005,0.1,16295.71001540886,0,20048194.224,20064489.93401541,1724456.015622873,0,0
0,2024-10-23,A share,long_only,CNY,U,0.001,0.00012,0.0,1,0.0005,0.1,16296.95120833673,0,20019993.303999998,20036290.255208336,1724456.015622873,0,0
0,2024-10-24,A share,long_only,CNY,U,0.001,0.00012,0.0,1,0.0005,0.1,16298.192495802356,0,19928999.47,19945297.6624958,1724456.015622873,0,0
0,2024-10-25,A share,long_only,CNY,U,0.001,0.00012,0.0,1,0.0005,0.1,16299.43387781294,0,19948708.294,19965007.727877814,1724456.015622873,0,0
0,2024-10-28,A share,long_only,CNY,U,0.001,0.00012,0.0,1,0.0005,0.1,16300.675354375684,0,20042519.552,20058820.227354378,1724456.015622873,0,0
0,2024-10-29,A share,long_only,CNY,U,0.001,0.00012,0.0,1,0.0005,0.1,16301.91692549779,0,20114335.439999998,20130637.356925495,1724456.015622873,0,0
0,2024-10-30,A share,long_only,CNY,U,0.001,0.00012,0.0,1,0.0005,0.1,16303.158591186459,0,20241856.840000004,20258159.99859119,1724456.015622873,0,0
0,2024-10-31,A share,long_only,CNY,U,0.001,0.00012,0.0,1,0.0005,0.1,16304.400351448894,0,20093496.246,20109800.64635145,1724456.015622873,0,0
0,2024-11-01,A share,long_only,CNY,U,0.001,0.00012,0.0,1,0.0005,0.1,16305.6422062923,0,19947846.394,19964152.036206294,1724456.015622873,0,0
0,2024-11-04,A share,long_only,CNY,U,0.001,0.00012,0.0,1,0.0005,0.1,16306.884155723877,0,19959784.706,19976091.590155724,1724456.015622873,0,0
0,2024-11-05,A share,long_only,CNY,U,0.001,0.00012,0.0,1,0.0005,0.1,16308.126199750834,0,19951031.494000003,19967339.620199755,1724456.015622873,0,0
0,2024-11-06,A share,long_only,CNY,U,0.001,0.00012,0.0,1,0.0005,0.1,29565.031671380435,0,20158061.894,20187626.92567138,1735653.461855121,0,0
0,2024-11-07,A share,long_only,CNY,U,0.001,0.00012,0.0,1,0.0005,0.1,29567.283546762854,0,20167233.524,20196800.807546765,1735653.461855121,0,0
0,2024-11-08,A share,long_only,CNY,U,0.001,0.00012,0.0,1,0.0005,0.1,29569.53559366353,0,20267958.666,20297528.201593664,1735653.461855121,0,0
0,2024-11-11,A share,long_only,CNY,U,0.001,0.00012,0.0,1,0.0005,0.1,29571.787812095532,0,20351925.202,20381496.989812095,1735653.461855121,0,0
0,2024-11-12,A share,long_only,CNY,U,0.001,0.00012,0.0,1,0.0005,0.1,29574.04020207192,0,20347464.75,20377038.790202074,1735653.461855121,0,0
0,2024-11-13,A share,long_only,CNY,U,0.001,0.00012,0.0,1,0.0005,0.1,29576.292763605758,0,20280059.75,20309636.042763606,1735653.461855121,0,0
0,2024-11-14,A share,long_only,CNY,U,0.001,0.00012,0.0,1,0.0005,0.1,29578.545496710118,0,20261670.262000002,20291248.80749671,1735653.461855121,0,0
0,2024-11-15,A share,long_only,CNY,U,0.001,0.00012,0.0,1,0.0005,0.1,29580.798401398068,0,20149039.78,20178620.578401398,1735653.461855121,0,0
0,2024-11-18,A share,long_only,CNY,U,0.001,0.00012,0.0,1,0.0005,0.1,29583.051477682675,0,20192840.744,20222423.79547768,1735653.461855121,0,0
0,2024-11-19,A share,long_only,CNY,U,0.001,0.00012,0.0,1,0.0005,0.1,29585.304725577007,0,20283539.685999997,20313124.990725573,1735653.461855121,0,0
0,2024-11-20,A share,long_only,CNY,U,0.001,0.00012,0.0,1,0.0005,0.1,29587.55814509414,0,20345956.122,20375543.680145096,1735653.461855121,0,0
0,2024-11-21,A share,long_only,CNY,U,0.001,0.00012,0.0,1,0.0005,0.1,12719.542383797892,0,20365215.616,20377935.158383798,1746894.4463501307,0,0
0,2024-11-22,A share,long_only,CNY,U,0.001,0.00012,0.0,1,0.0005,0.1,12720.511191296158,0,20408433.834,20421154.345191296,1746894.4463501307,0,0
0,2024-11-25,A share,long_only,CNY,U,0.001,0.00012,0.0,1,0.0005,0.1,12721.480072585442,0,20544158.687999997,20556880.16807258,1746894.4463501307,0,0
0,2024-11-26,A share,long_only,CNY,U,0.001,0.00012,0.0,1,0.0005,0.1,12722.449027671362,0,20550711.382000003,20563433.831027675,1746894.4463501307,0,0
0,2024-11-27,A share,long_only,CNY,U,0.001,0.00012,0.0,1,0.0005,0.1,12723.418056559542,0,20592454.606,20605178.024056558,1746894.4463501307,0,0
0,2024-11-28,A share,long_only,CNY,U,0.001,0.00012,0.0,1,0.0005,0.1,12724.3871592556,0,20573720.577999998,20586444.965159252,1746894.4463501307,0,0
0,2024-11-29,A share,long_only,CNY,U,0.001,0.00012,0.0,1,0.0005,0.1,12725.35633576516,0,20616301.15,20629026.506335765,1746894.4463501307,0,0
0,2024-12-02,A share,long_only,CNY,U,0.001,0.00012,0.0,1,0.0005,0.1,12726.325586093843,0,20716195.154,20728921.479586095,1746894.4463501307,0,0
0,2024-12-03,A share,long_only,CNY,U,0.001,0.00012,0.0,1,0.0005,0.1,12727.294910247272,0,20830528.46,20843255.75491025,1746894.4463501307,0,0
0,2024-12-04,A share,long_only,CNY,U,0.001,0.00012,0.0,1,0.0005,0.1,12728.26430823107,0,20834336.220000003,20847064.484308235,1746894.4463501307,0,0
0,2024-12-05,A share,long_only,CNY,U,0.001,0.00012,0.0,1,0.0005,0.1,12729.233780050861,0,20915928.184,20928657.417780053,1746894.4463501307,0,0
0,2024-12-06,A share,long_only,CNY,U,0.001,0.00012,0.0,1,0.0005,0.1,6647.42097457285,0,20922275.690000005,20928923.110974576,1758838.0654301743,0,0
0,2024-12-09,A share,long_only,CNY,U,0.001,0.00012,0.0,1,0.0005,0.1,6647.927287700318,0,21001985.208,21008633.135287702,1758838.0654301743,0,0
0,2024-12-10,A share,long_only,CNY,U,0.001,0.00012,0.0,1,0.0005,0.1,6648.433639392062,0,20918150.282,20924798.715639394,1758838.0654301743,0,0
0,2024-12-11,A share,long_only,CNY,U,0.001,0.00012,0.0,1,0.0005,0.1,6648.940029651021,0,20934088.356,20940737.29602965,1758838.0654301743,0,0
0,2024-12-12,A share,long_only,CNY,U,0.001,0.00012,0.0,1,0.0005,0.1,6649.446458480132,0,21033712.68,21040362.12645848,1758838.0654301743,0,0
0,2024-12-13,A share,long_only,CNY,U,0.001,0.00012,0.0,1,0.0005,0.1,6649.952925882331,0,21103926.94,21110576.892925885,1758838.0654301743,0,0
0,2024-12-16,A share,long_only,CNY,U,0.001,0.00012,0.0,1,0.0005,0.1,6650.459431860559,0,21236188.024,21242838.48343186,1758838.0654301743,0,0
0,2024-12-17,A share,long_only,CNY,U,0.001,0.00012,0.0,1,0.0005,0.1,6650.965976417752,0,21204632.93,21211283.895976417,1758838.0654301743,0,0
0,2024-12-18,A share,long_only,CNY,U,0.001,0.00012,0.0,1,0.0005,0.1,6651.47255955685,0,21168284.786000002,21174936.25855956,1758838.0654301743,0,0
0,2024-12-19,A share,long_only,CNY,U,0.001,0.00012,0.0,1,0.0005,0.1,6651.97918128079,0,20828080.908,20834732.887181282,1758838.0654301743,0,0
0,2024-12-20,A share,long_only,CNY,U,0.001,0.00012,0.0,1,0.0005,0.1,6652.485841592512,0,20691618.774000004,20698271.259841595,1758838.0654301743,0,0
0,2024-12-23,A share,long_only,CNY,U,0.001,0.00012,0.0,1,0.0005,0.1,25119.92164093237,0,20960510.073999997,20985629.99564093,1770637.6427904617,0,0
0,2024-12-24,A share,long_only,CNY,U,0.001,0.00012,0.0,1,0.0005,0.1,25121.83494627837,0,20948446.426,20973568.260946278,1770637.6427904617,0,0
0,2024-12-25,A share,long_only,CNY,U,0.001,0.00012,0.0,1,0.0005,0.1,25123.748397354815,0,21018313.196,21043436.944397353,1770637.6427904617,0,0
0,2024-12-26,A share,long_only,CNY,U,0.001,0.00012,0.0,1,0.0005,0.1,25125.661994172802,0,21043506.619999997,21068632.28199417,1770637.6427904617,0,0
0,2024-12-27,A share,long_only,CNY,U,0.001,0.00012,0.0,1,0.0005,0.1,25127.575736743434,0,21010742.080000002,21035869.655736744,1770637.6427904617,0,0
0,2024-12-30,A share,long_only,CNY,U,0.001,0.00012,0.0,1,0.0005,0.1,25129.489625077815,0,20940168.968,20965298.457625076,1770637.6427904617,0,0
0,2024-12-31,A share,long_only,CNY,U,0.001,0.00012,0.0,1,0.0005,0.1,25131.403659187043,0,20847987.498,20873118.901659187,1770637.6427904617,0,0
0,2025-01-02,A share,long_only,CNY,U,0.001,0.00012,0.0,1,0.0005,0.1,25133.317839082225,0,20903682.229999997,20928815.54783908,1770637.6427904617,0,0
0,2025-01-03,A share,long_only,CNY,U,0.001,0.00012,0.0,1,0.0005,0.1,25135.23216477446,0,20878293.237999998,20903428.470164772,1770637.6427904617,0,0
0,2025-01-06,A share,long_only,CNY,U,0.001,0.00012,0.0,1,0.0005,0.1,25137.146636274858,0,20981875.685999997,21007012.83263627,1770637.6427904617,0,0
0,2025-01-07,A share,long_only,CNY,U,0.001,0.00012,0.0,1,0.0005,0.1,25139.061253594522,0,21045765.996000003,21070905.0572536,1770637.6427904617,0,0
0,2025-01-08,A share,long_only,CNY,U,0.001,0.00012,0.0,1,0.0005,0.1,16748.474777603362,0,21049567.126000002,21066315.600777604,1793830.5048478898,0,0
0,2025-01-09,A share,long_only,CNY,U,0.001,0.00012,0.0,1,0.0005,0.1,16749.750456197722,0,21025762.396,21042512.1464562,1793830.5048478898,0,0
0,2025-01-10,A share,long_only,CNY,U,0.001,0.00012,0.0,1,0.0005,0.1,16751.026231956504,0,20967984.16,20984735.186231956,1793830.5048478898,0,0
0,2025-01-13,A share,long_only,CNY,U,0.001,0.00012,0.0,1,0.0005,0.1,16752.30210488711,0,20812128.936,20828881.238104887,1793830.5048478898,0,0
0,2025-01-14,A share,long_only,CNY,U,0.001,0.00012,0.0,1,0.0005,0.1,16753.578074996938,0,20846313.558,20863067.136074994,1793830.5048478898,0,0
0,2025-01-15,A share,long_only,CNY,U,0.001,0.00012,0.0,1,0.0005,0.1,16754.854142293392,0,20858056.3,20874811.154142294,1793830.5048478898,0,0
0,2025-01-16,A share,long_only,CNY,U,0.001,0.00012,0.0,1,0.0005,0.1,16756.130306783874,0,20990815.049999997,21007571.18030678,1793830.5048478898,0,0
0,2025-01-17,A share,long_only,CNY,U,0.001,0.00012,0.0,1,0.0005,0.1,16757.406568475788,0,21005210.851999998,21021968.258568473,1793830.5048478898,0,0
0,2025-01-20,A share,long_only,CNY,U,0.001,0.00012,0.0,1,0.0005,0.1,16758.68292737654,0,21073871.928000003,21090630.61092738,1793830.5048478898,0,0
0,2025-01-21,A share,long_only,CNY,U,0.001,0.00012,0.0,1,0.0005,0.1,16759.95938349353,0,21082727.516,21099487.475383494,1793830.5048478898,0,0
0,2025-01-22,A share,long_only,CNY,U,0.001,0.00012,0.0,1,0.0005,0.1,16761.235936834164,0,21254761.121999998,21271522.357936833,1793830.5048478898,0,0
0,2025-01-23,A share,long_only,CNY,U,0.001,0.00012,0.0,1,0.0005,0.1,4246313.583380536,0,16941461.21,21187774.793380536,1812520.9611084606,0,0
0,2025-01-24,A share,long_only,CNY,U,0.001,0.00012,0.0,1,0.0005,0.1,4246637.011717455,0,16974156.298,21220793.309717454,1812520.9611084606,0,0
0,2025-01-27,A share,long_only,CNY,U,0.001,0.00012,0.0,1,0.0005,0.1,4246960.464688893,0,16962793.276,21209753.740688894,1812520.9611084606,0,0
0,2025-01-28,A share,long_only,CNY,U,0.001,0.00012,0.0,1,0.0005,0.1,4247283.942296726,0,16962793.276,21210077.218296725,1812520.9611084606,0,0
0,2025-01-29,A share,long_only,CNY,U,0.001,0.00012,0.0,1,0.0005,0.1,4247607.444542829,0,16962793.276,21210400.72054283,1812520.9611084606,0,0
0,2025-01-30,A share,long_only,CNY,U,0.001,0.00012,0.0,1,0.0005,0.1,4247930.97142908,0,16962793.276,21210724.24742908,1812520.9611084606,0,0
0,2025-01-31,A share,long_only,CNY,U,0.001,0.00012,0.0,1,0.0005,0.1,4248254.522957355,0,16962793.276,21211047.798957355,1812520.9611084606,0,0
0,2025-02-03,A share,long_only,CNY,U,0.001,0.00012,0.0,1,0.0005,0.1,4248578.0991295315,0,16962793.276,21211371.375129532,1812520.9611084606,0,0
0,2025-02-04,A share,long_only,CNY,U,0.001,0.00012,0.0,1,0.0005,0.1,4248901.699947486,0,16962793.276,21211694.975947484,1812520.9611084606,0,0
0,2025-02-05,A share,long_only,CNY,U,0.001,0.00012,0.0,1,0.0005,0.1,4249225.325413096,0,17138072.476000004,21387297.8014131,1812520.9611084606,0,0
0,2025-02-06,A share,long_only,CNY,U,0.001,0.00012,0.0,1,0.0005,0.1,4249548.975528238,0,17151639.318,21401188.293528236,1812520.9611084606,0,0
0,2025-02-07,A share,long_only,CNY,U,0.001,0.00012,0.0,1,0.0005,0.1,4249872.650294792,0,17195110.684,21444983.334294792,1812520.9611084606,0,0
0,2025-02-10,A share,long_only,CNY,U,0.001,0.00012,0.0,1,0.0005,0.1,4250196.349714633,0,17256788.484,21506984.833714634,1812520.9611084606,0,0
0,2025-02-11,A share,long_only,CNY,U,0.001,0.00012,0.0,1,0.0005,0.1,4250520.07378964,0,17290949.084,21541469.15778964,1812520.9611084606,0,0
0,2025-02-12,A share,long_only,CNY,U,0.001,0.00012,0.0,1,0.0005,0.1,4250843.822521691,0,17276340.478,21527184.30052169,1812520.9611084606,0,0
0,2025-02-13,A share,long_only,CNY,U,0.001,0.00012,0.0,1,0.0005,0.1,4251167.595912663,0,17293366.648000002,21544534.243912667,1812520.9611084606,0,0
0,2025-02-14,A share,long_only,CNY,U,0.001,0.00012,0.0,1,0.0005,0.1,4251491.393964435,0,17306832.6,21558323.993964437,1812520.9611084606,0,0
0,2025-02-17,A share,long_only,CNY,U,0.001,0.00012,0.0,1,0.0005,0.1,17691.34737446458,0,21454108.764,21471800.111374464,1817720.0550900362,0,0
0,2025-02-18,A share,long_only,CNY,U,0.001,0.00012,0.0,1,0.0005,0.1,17692.694868696184,0,21466430.346,21484123.040868696,1817720.0550900362,0,0
0,2025-02-19,A share,long_only,CNY,U,0.001,0.00012,0.0,1,0.0005,0.1,17694.042465562183,0,21606088.616,21623782.658465564,1817720.0550900362,0,0
0,2025-02-20,A share,long_only,CNY,U,0.001,0.00012,0.0,1,0.0005,0.1,17695.390165070392,0,21654599.256,21672294.646165073,1817720.0550900362,0,0
0,2025-02-21,A share,long_only,CNY,U,0.001,0.00012,0.0,1,0.0005,0.1,17696.73796722863,0,21677491.69,21695188.42796723,1817720.0550900362,0,0
0,2025-02-24,A share,long_only,CNY,U,0.001,0.00012,0.0,1,0.0005,0.1,17698.085872044714,0,21581131.461999997,21598829.54787204,1817720.0550900362,0,0
0,2025-02-25,A share,long_only,CNY,U,0.001,0.00012,0.0,1,0.0005,0.1,17699.433879526463,0,21605318.68,21623018.113879528,1817720.0550900362,0,0
0,2025-02-26,A share,long_only,CNY,U,0.001,0.00012,0.0,1,0.0005,0.1,17700.781989681698,0,21572549.036,21590249.81798968,1817720.0550900362,0,0
0,2025-02-27,A share,long_only,CNY,U,0.001,0.00012,0.0,1,0.0005,0.1,17702.13020251824,0,21622652.294,21640354.424202517,1817720.0550900362,0,0
0,2025-02-28,A share,long_only,CNY,U,0.001,0.00012,0.0,1,0.0005,0.1,17703.47851804391,0,21520827.0,21538530.478518043,1817720.0550900362,0,0
0,2025-03-03,A share,long_only,CNY,U,0.001,0.00012,0.0,1,0.0005,0.1,17704.826936266527,0,21632564.16,21650268.986936267,1817720.0550900362,0,0
0,2025-03-04,A share,long_only,CNY,U,0.001,0.00012,0.0,1,0.0005,0.1,14610.339789146552,0,21637053.371999998,21651663.711789142,1818118.1549759863,0,0
0,2025-03-05,A share,long_only,CNY,U,0.001,0.00012,0.0,1,0.0005,0.1,14611.45261273036,0,21547954.689999998,21562566.14261273,1818118.1549759863,0,0
0,2025-03-06,A share,long_only,CNY,U,0.001,0.00012,0.0,1,0.0005,0.1,14612.565521074437,0,21599282.354000002,21613894.919521075,1818118.1549759863,0,0
0,2025-03-07,A share,long_only,CNY,U,0.001,0.00012,0.0,1,0.0005,0.1,14613.67851418524,0,21576918.958,21591532.636514187,1818118.1549759863,0,0
0,2025-03-10,A share,long_only,CNY,U,0.001,0.00012,0.0,1,0.0005,0.1,14614.791592069223,0,21647836.04,21662450.831592068,1818118.1549759863,0,0
0,2025-03-11,A share,long_only,CNY,U,0.001,0.00012,0.0,1,0.0005,0.1,14615.904754732845,0,21475668.584,21490284.48875473,1818118.1549759863,0,0
0,2025-03-12,A share,long_only,CNY,U,0.001,0.00012,0.0,1,0.0005,0.1,14617.018002182562,0,21479715.792000003,21494332.810002185,1818118.1549759863,0,0
0,2025-03-13,A share,long_only,CNY,U,0.001,0.00012,0.0,1,0.0005,0.1,14618.131334424832,0,21549957.294,21564575.425334424,1818118.1549759863,0,0
0,2025-03-14,A share,long_only,CNY,U,0.001,0.00012,0.0,1,0.0005,0.1,14619.244751466114,0,21669595.65,21684214.894751463,1818118.1549759863,0,0
0,2025-03-17,A share,long_only,CNY,U,0.001,0.00012,0.0,1,0.0005,0.1,14620.358253312867,0,21659893.794999998,21674514.15325331,1818118.1549759863,0,0
0,2025-03-18,A share,long_only,CNY,U,0.001,0.00012,0.0,1,0.0005,0.1,14621.47183997155,0,21724561.315,21739182.786839973,1818118.1549759863,0,0
0,2025-03-19,A share,long_only,CNY,U,0.001,0.00012,0.0,1,0.0005,0.1,120287.72051133068,0,21635654.830000002,21755942.550511334,1830193.7675438107,0,0
0,2025-03-20,A share,long_only,CNY,U,0.001,0.00012,0.0,1,0.0005,0.1,120296.88244829857,0,21636111.32,21756408.202448297,1830193.7675438107,0,0
0,2025-03-21,A share,long_only,CNY,U,0.001,0.00012,0.0,1,0.0005,0.1,120306.04508310235,0,21545134.87,21665440.915083103,1830193.7675438107,0,0
0,2025-03-24,A share,long_only,CNY,U,0.001,0.00012,0.0,1,0.0005,0.1,120315.20841579518,0,21592853.25,21713168.458415795,1830193.7675438107,0,0
0,2025-03-25,A share,long_only,CNY,U,0.001,0.00012,0.0,1,0.0005,0.1,120324.3724464302,0,21666387.22,21786711.592446428,1830193.7675438107,0,0
0,2025-03-26,A share,long_only,CNY,U,0.001,0.00012,0.0,1,0.0005,0.1,120333.5371750606,0,21668951.73,21789285.26717506,1830193.7675438107,0,0
0,2025-03-27,A share,long_only,CNY,U,0.001,0.00012,0.0,1,0.0005,0.1,120342.70260173951,0,21645393.055,21765735.757601738,1830193.7675438107,0,0
0,2025-03-28,A share,long_only,CNY,U,0.001,0.00012,0.0,1,0.0005,0.1,120351.86872652012,0,21661700.85,21782052.718726523,1830193.7675438107,0,0
0,2025-03-31,A share,long_only,CNY,U,0.001,0.00012,0.0,1,0.0005,0.1,120361.0355494556,0,21631002.47,21751363.505549453,1830193.7675438107,0,0
0,2025-04-01,A share,long_only,CNY,U,0.001,0.00012,0.0,1,0.0005,0.1,120370.20307059912,0,21725558.195,21845928.3980706,1830193.7675438107,0,0
0,2025-04-02,A share,long_only,CNY,U,0.001,0.00012,0.0,1,0.0005,0.1,120379.37129000387,0,21693659.735,21814039.10629,1830193.7675438107,0,0
0,2025-04-03,A share,long_only,CNY,U,0.001,0.00012,0.0,1,0.0005,0.1,1221.2971658592837,0,21838272.669999998,21839493.967165858,1830850.9346832305,0,0
0,2025-04-04,A share,long_only,CNY,U,0.001,0.00012,0.0,1,0.0005,0.1,1221.390188219381,0,21838272.669999998,21839494.06018822,1830850.9346832305,0,0
0,2025-04-07,A share,long_only,CNY,U,0.001,0.00012,0.0,1,0.0005,0.1,1221.4832176646983,0,21138101.294999998,21139322.778217662,1830850.9346832305,0,0
0,2025-04-08,A share,long_only,CNY,U,0.001,0.00012,0.0,1,0.0005,0.1,1221.5762541957756,0,21380186.21,21381407.786254197,1830850.9346832305,0,0
0,2025-04-09,A share,long_only,CNY,U,0.001,0.00012,0.0,1,0.0005,0.1,1221.6692978131525,0,21517958.169999998,21519179.839297812,1830850.9346832305,0,0
0,2025-04-10,A share,long_only,CNY,U,0.001,0.00012,0.0,1,0.0005,0.1,1221.762348517369,0,21737102.895,21738324.657348517,1830850.9346832305,0,0
0,2025-04-11,A share,long_only,CNY,U,0.001,0.00012,0.0,1,0.0005,0.1,1221.8554063089646,0,21797860.97,21799082.82540631,1830850.9346832305,0,0
0,2025-04-14,A share,long_only,CNY,U,0.001,0.00012,0.0,1,0.0005,0.1,1221.9484711884793,0,21910333.785000004,21911555.733471192,1830850.9346832305,0,0
0,2025-04-15,A share,long_only,CNY,U,0.001,0.00012,0.0,1,0.0005,0.1,1222.0415431564527,0,21868480.230000004,21869702.27154316,1830850.9346832305,0,0
0,2025-04-16,A share,long_only,CNY,U,0.001,0.00012,0.0,1,0.0005,0.1,1222.134622213425,0,21950203.74,21951425.87462221,1830850.9346832305,0,0
0,2025-04-17,A share,long_only,CNY,U,0.001,0.00012,0.0,1,0.0005,0.1,1222.227708359936,0,21971756.630000003,21972978.85770836,1830850.9346832305,0,0
0,2025-04-18,A share,long_only,CNY,U,0.001,0.00012,0.0,1,0.0005,0.1,1222.3208015965258,0,21983501.035,21984723.355801597,1830850.9346832305,0,0
0,2025-04-21,A share,long_only,CNY,U,0.001,0.00012,0.0,1,0.0005,0.1,15612.65195424873,0,22114808.61,22130421.261954248,1843659.492606556,0,0
0,2025-04-22,A share,long_only,CNY,U,0.001,0.00012,0.0,1,0.0005,0.1,15613.841120794561,0,22286688.935,22302302.776120793,1843659.492606556,0,0
0,2025-04-23,A share,long_only,CNY,U,0.001,0.00012,0.0,1,0.0005,0.1,15615.030377915464,0,22021701.355,22037316.385377917,1843659.492606556,0,0
0,2025-04-24,A share,long_only,CNY,U,0.001,0.00012,0.0,1,0.0005,0.1,15616.219725618337,0,22067820.185,22083436.40472562,1843659.492606556,0,0
0,2025-04-25,A share,long_only,CNY,U,0.001,0.00012,0.0,1,0.0005,0.1,15617.40916391008,0,22007364.02,22022981.42916391,1843659.492606556,0,0
0,2025-04-28,A share,long_only,CNY,U,0.001,0.00012,0.0,1,0.0005,0.1,15618.598692797594,0,21879242.830000002,21894861.4286928,1843659.492606556,0,0
0,2025-04-29,A share,long_only,CNY,U,0.001,0.00012,0.0,1,0.0005,0.1,15619.788312287777,0,21903584.575,21919204.363312285,1843659.492606556,0,0
0,2025-04-30,A share,long_only,CNY,U,0.001,0.00012,0.0,1,0.0005,0.1,15620.978022387533,0,21872223.485,21887844.46302239,1843659.492606556,0,0
0,2025-05-01,A share,long_only,CNY,U,0.001,0.00012,0.0,1,0.0005,0.1,15622.167823103762,0,21872223.485,21887845.6528231,1843659.492606556,0,0
0,2025-05-02,A share,long_only,CNY,U,0.001,0.00012,0.0,1,0.0005,0.1,15623.357714443366,0,21872223.485,21887846.842714444,1843659.492606556,0,0
0,2025-05-05,A share,long_only,CNY,U,0.001,0.00012,0.0,1,0.0005,0.1,15624.547696413245,0,21872223.485,21887848.03269641,1843659.492606556,0,0
0,2025-05-06,A share,long_only,CNY,U,0.001,0.00012,0.0,1,0.0005,0.1,15625.737769020305,0,21987595.560000002,22003221.29776902,1843659.492606556,0,0
0,2025-05-07,A share,long_only,CNY,U,0.001,0.00012,0.0,1,0.0005,0.1,15626.927932271448,0,22030974.78,22046601.70793227,1843659.492606556,0,0
0,2025-05-08,A share,long_only,CNY,U,0.001,0.00012,0.0,1,0.0005,0.1,15628.11818617358,0,22002790.625,22018418.743186172,1843659.492606556,0,0
0,2025-05-09,A share,long_only,CNY,U,0.001,0.00012,0.0,1,0.0005,0.1,177031.77541924606,0,21791827.66,21968859.435419247,1855690.9182995146,0,0
0,2025-05-12,A share,long_only,CNY,U,0.001,0.00012,0.0,1,0.0005,0.1,177045.2593722282,0,21807711.15,21984756.409372225,1855690.9182995146,0,0
0,2025-05-13,A share,long_only,CNY,U,0.001,0.00012,0.0,1,0.0005,0.1,177058.74435224058,0,21651455.44,21828514.18435224,1855690.9182995146,0,0
0,2025-05-14,A share,long_only,CNY,U,0.001,0.00012,0.0,1,0.0005,0.1,177072.23035936145,0,21632150.744999997,21809222.975359358,1855690.9182995146,0,0
0,2025-05-15,A share,long_only,CNY,U,0.001,0.00012,0.0,1,0.0005,0.1,177085.717393669,0,21406260.29,21583346.00739367,1855690.9182995146,0,0
0,2025-05-16,A share,long_only,CNY,U,0.001,0.00012,0.0,1,0.0005,0.1,177099.20545524152,0,21571228.455000002,21748327.66045524,1855690.9182995146,0,0
0,2025-05-19,A share,long_only,CNY,U,0.001,0.00012,0.0,1,0.0005,0.1,177112.69454415722,0,21564328.25,21741440.94454416,1855690.9182995146,0,0
0,2025-05-20,A share,long_only,CNY,U,0.001,0.00012,0.0,1,0.0005,0.1,177126.18466049436,0,21657425.595,21834551.779660493,1855690.9182995146,0,0
0,2025-05-21,A share,long_only,CNY,U,0.001,0.00012,0.0,1,0.0005,0.1,177139.67580433117,0,21813394.04,21990533.71580433,1855690.9182995146,0,0
0,2025-05-22,A share,long_only,CNY,U,0.001,0.00012,0.0,1,0.0005,0.1,177153.16797574595,0,21783520.244999997,21960673.412975743,1855690.9182995146,0,0
0,2025-05-23,A share,long_only,CNY,U,0.001,0.00012,0.0,1,0.0005,0.1,177166.66117481695,0,21779457.845,21956624.506174814,1855690.9182995146,0,0
0,2025-05-26,A share,long_only,CNY,U,0.001,0.00012,0.0,1,0.0005,0.1,22744.813988736933,0,21893175.28,21915920.09398874,1903485.1977545274,0,0
0,2025-05-27,A share,long_only,CNY,U,0.001,0.00012,0.0,1,0.0005,0.1,22746.54638961065,0,21941034.795,21963781.34138961,1903485.1977545274,0,0
0,2025-05-28,A share,long_only,CNY,U,0.001,0.00012,0.0,1,0.0005,0.1,22748.278922435886,0,21956989.604999997,21979737.88392243,1903485.1977545274,0,0
0,2025-05-29,A share,long_only,CNY,U,0.001,0.00012,0.0,1,0.0005,0.1,22750.011587222692,0,22133271.349999998,22156021.36158722,1903485.1977545274,0,0
0,2025-05-30,A share,long_only,CNY,U,0.001,0.00012,0.0,1,0.0005,0.1,22751.74438398112,0,21935772.485000003,21958524.229383983,1903485.1977545274,0,0
0,2025-06-02,A share,long_only,CNY,U,0.001,0.00012,0.0,1,0.0005,0.1,22753.47731272122,0,21935772.485000003,21958525.962312724,1903485.1977545274,0,0
0,2025-06-03,A share,long_only,CNY,U,0.001,0.00012,0.0,1,0.0005,0.1,22755.21037345305,0,21964330.11,21987085.320373453,1903485.1977545274,0,0
0,2025-06-04,A share,long_only,CNY,U,0.001,0.00012,0.0,1,0.0005,0.1,22756.94356618666,0,22031409.11,22054166.053566188,1903485.1977545274,0,0
0,2025-06-05,A share,long_only,CNY,U,0.001,0.00012,0.0,1,0.0005,0.1,22758.6768909321,0,22010868.79,22033627.46689093,1903485.1977545274,0,0
0,2025-06-06,A share,long_only,CNY,U,0.001,0.00012,0.0,1,0.0005,0.1,22760.41034769943,0,21989569.305,22012329.7153477,1903485.1977545274,0,0
0,2025-06-09,A share,long_only,CNY,U,0.001,0.00012,0.0,1,0.0005,0.1,22762.143936498705,0,22065499.41,22088261.5539365,1903485.1977545274,0,0
0,2025-06-10,A share,long_only,CNY,U,0.001,0.00012,0.0,1,0.0005,0.1,22763.87765733998,0,22062696.020000003,22085459.897657342,1903485.1977545274,0,0
0,2025-06-11,A share,long_only,CNY,U,0.001,0.00012,0.0,1,0.0005,0.1,14330.837727730932,0,22110373.52,22124704.35772773,1927808.3291357968,0,0
0,2025-06-12,A share,long_only,CNY,U,0.001,0.00012,0.0,1,0.0005,0.1,14331.929262522683,0,22087179.23,22101511.159262523,1927808.3291357968,0,0
0,2025-06-13,A share,long_only,CNY,U,0.001,0.00012,0.0,1,0.0005,0.1,14333.020880453201,0,21994122.450000003,22008455.470880456,1927808.3291357968,0,0
0,2025-06-16,A share,long_only,CNY,U,0.001,0.00012,0.0,1,0.0005,0.1,14334.112581528821,0,22069800.665,22084134.777581528,1927808.3291357968,0,0
0,2025-06-17,A share,long_only,CNY,U,0.001,0.00012,0.0,1,0.0005,0.1,14335.204365755875,0,22141836.604999997,22156171.809365753,1927808.3291357968,0,0
0,2025-06-18,A share,long_only,CNY,U,0.001,0.00012,0.0,1,0.0005,0.1,14336.296233140696,0,22094552.400000002,22108888.696233142,1927808.3291357968,0,0
0,2025-06-19,A share,long_only,CNY,U,0.001,0.00012,0.0,1,0.0005,0.1,14337.388183689618,0,22077245.63,22091583.01818369,1927808.3291357968,0,0
0,2025-06-20,A share,long_only,CNY,U,0.001,0.00012,0.0,1,0.0005,0.1,14338.480217408976,0,22070655.130000003,22084993.61021741,1927808.3291357968,0,0
0,2025-06-23,A share,long_only,CNY,U,0.001,0.00012,0.0,1,0.0005,0.1,14339.572334305105,0,22014957.134999998,22029296.707334302,1927808.3291357968,0,0
0,2025-06-24,A share,long_only,CNY,U,0.001,0.00012,0.0,1,0.0005,0.1,14340.66453438434,0,22186494.019999996,22200834.68453438,1927808.3291357968,0,0
0,2025-06-25,A share,long_only,CNY,U,0.001,0.00012,0.0,1,0.0005,0.1,14341.756817653015,0,22132460.18,22146801.936817653,1927808.3291357968,0,0
0,2025-06-26,A share,long_only,CNY,U,0.001,0.00012,0.0,1,0.0005,0.1,90385.12835488081,0,22013110.970000003,22103496.098354883,1939820.841424916,0,0
0,2025-06-27,A share,long_only,CNY,U,0.001,0.00012,0.0,1,0.0005,0.1,90392.01270554688,0,22111323.815,22201715.827705547,1939820.841424916,0,0
0,2025-06-30,A share,long_only,CNY,U,0.001,0.00012,0.0,1,0.0005,0.1,90398.89758057226,0,22172036.619999997,22262435.51758057,1939820.841424916,0,0
0,2025-07-01,A share,long_only,CNY,U,0.001,0.00012,0.0,1,0.0005,0.1,90405.78297999689,0,22159628.415000003,22250034.19798,1939820.841424916,0,0
0,2025-07-02,A share,long_only,CNY,U,0.001,0.00012,0.0,1,0.0005,0.1,90412.66890386073,0,22186021.16,22276433.82890386,1939820.841424916,0,0
0,2025-07-03,A share,long_only,CNY,U,0.001,0.00012,0.0,1,0.0005,0.1,90419.55535220371,0,22227467.575,22317887.130352203,1939820.841424916,0,0
0,2025-07-04,A share,long_only,CNY,U,0.001,0.00012,0.0,1,0.0005,0.1,90426.44232506577,0,22281358.3,22371784.742325068,1939820.841424916,0,0
0,2025-07-07,A share,long_only,CNY,U,0.001,0.00012,0.0,1,0.0005,0.1,90433.32982248688,0,22266610.945,22357044.27482249,1939820.841424916,0,0
0,2025-07-08,A share,long_only,CNY,U,0.001,0.00012,0.0,1,0.0005,0.1,90440.21784450697,0,22294712.225,22385152.44284451,1939820.841424916,0,0
0,2025-07-09,A share,long_only,CNY,U,0.001,0.00012,0.0,1,0.0005,0.1,90447.10639116603,0,22260434.71,22350881.816391166,1939820.841424916,0,0
0,2025-07-10,A share,long_only,CNY,U,0.001,0.00012,0.0,1,0.0005,0.1,90453.995462504,0,22317533.3,22407987.295462504,1939820.841424916,0,0
0,2025-07-11,A share,long_only,CNY,U,0.001,0.00012,0.0,1,0.0005,0.1,7774.080270795994,0,22385452.680000003,22393226.7602708,1940134.848698746,0,0
0,2025-07-14,A share,long_only,CNY,U,0.001,0.00012,0.0,1,0.0005,0.1,7774.672398014978,0,22294882.724999998,22302657.397398014,1940134.848698746,0,0
0,2025-07-15,A share,long_only,CNY,U,0.001,0.00012,0.0,1,0.0005,0.1,7775.264570334429,0,22417375.189999998,22425150.45457033,1940134.848698746,0,0
0,2025-07-16,A share,long_only,CNY,U,0.001,0.00012,0.0,1,0.0005,0.1,7775.85678775778,0,22362651.619999997,22370427.476787753,1940134.848698746,0,0
0,2025-07-17,A share,long_only,CNY,U,0.001,0.00012,0.0,1,0.0005,0.1,7776.449050288468,0,22461963.935,22469740.384050287,1940134.848698746,0,0
0,2025-07-18,A share,long_only,CNY,U,0.001,0.00012,0.0,1,0.0005,0.1,7777.041357929928,0,22532745.345000003,22540522.386357933,1940134.848698746,0,0
0,2025-07-21,A share,long_only,CNY,U,0.001,0.00012,0.0,1,0.0005,0.1,7777.633710685597,0,22558993.21,22566770.843710687,1940134.848698746,0,0
0,2025-07-22,A share,long_only,CNY,U,0.001,0.00012,0.0,1,0.0005,0.1,7778.226108558911,0,22570065.26,22577843.48610856,1940134.848698746,0,0
0,2025-07-23,A share,long_only,CNY,U,0.001,0.00012,0.0,1,0.0005,0.1,7778.818551553305,0,22573605.880000003,22581384.698551554,1940134.848698746,0,0
0,2025-07-24,A share,long_only,CNY,U,0.001,0.00012,0.0,1,0.0005,0.1,7779.411039672217,0,22616251.994999997,22624031.40603967,1940134.848698746,0,0
0,2025-07-25,A share,long_only,CNY,U,0.001,0.00012,0.0,1,0.0005,0.1,7780.003572919084,0,22655718.714999996,22663498.718572915,1940134.848698746,0,0
0,2025-07-28,A share,long_only,CNY,U,0.001,0.00012,0.0,1,0.0005,0.1,16853.97748425366,0,22703421.195,22720275.172484253,1952992.5584040466,0,0
0,2025-07-29,A share,long_only,CNY,U,0.001,0.00012,0.0,1,0.0005,0.1,16855.26119865703,0,22740140.549999997,22756995.811198656,1952992.5584040466,0,0
0,2025-07-30,A share,long_only,CNY,U,0.001,0.00012,0.0,1,0.0005,0.1,16856.545010836886,0,22741726.674999997,22758583.220010836,1952992.5584040466,0,0
0,2025-07-31,A share,long_only,CNY,U,0.001,0.00012,0.0,1,0.0005,0.1,16857.82892080067,0,22604707.549999997,22621565.378920797,1952992.5584040466,0,0
0,2025-08-01,A share,long_only,CNY,U,0.001,0.00012,0.0,1,0.0005,0.1,16859.112928555838,0,22518747.959999997,22535607.07292855,1952992.5584040466,0,0
0,2025-08-04,A share,long_only,CNY,U,0.001,0.00012,0.0,1,0.0005,0.1,16860.397034109832,0,22545452.555,22562312.95203411,1952992.5584040466,0,0
0,2025-08-05,A share,long_only,CNY,U,0.001,0.00012,0.0,1,0.0005,0.1,16861.681237470104,0,22701597.525,22718459.20623747,1952992.5584040466,0,0
0,2025-08-06,A share,long_only,CNY,U,0.001,0.00012,0.0,1,0.0005,0.1,16862.9655386441,0,22753841.92,22770704.885538645,1952992.5584040466,0,0
0,2025-08-07,A share,long_only,CNY,U,0.001,0.00012,0.0,1,0.0005,0.1,16864.249937639277,0,22764541.034999996,22781405.284937635,1952992.5584040466,0,0
0,2025-08-08,A share,long_only,CNY,U,0.001,0.00012,0.0,1,0.0005,0.1,16865.53443446308,0,22792614.93,22809480.464434464,1952992.5584040466,0,0
0,2025-08-11,A share,long_only,CNY,U,0.001,0.00012,0.0,1,0.0005,0.1,16866.819029122962,0,22839416.580000002,22856283.399029125,1952992.5584040466,0,0
0,2025-08-12,A share,long_only,CNY,U,0.001,0.00012,0.0,1,0.0005,0.1,3707.772726429729,0,22836667.485,22840375.25772643,1953193.8870946064,0,0
0,2025-08-13,A share,long_only,CNY,U,0.001,0.00012,0.0,1,0.0005,0.1,3708.05513580507,0,22946370.09,22950078.145135805,1953193.8870946064,0,0
0,2025-08-14,A share,long_only,CNY,U,0.001,0.00012,0.0,1,0.0005,0.1,3708.337566690644,0,22880918.165,22884626.50256669,1953193.8870946064,0,0
0,2025-08-15,A share,long_only,CNY,U,0.001,0.00012,0.0,1,0.0005,0.1,3708.6200190880895,0,23025037.36,23028745.98001909,1953193.8870946064,0,0
0,2025-08-18,A share,long_only,CNY,U,0.001,0.00012,0.0,1,0.0005,0.1,3708.9024929990446,0,23035170.035,23038878.937493,1953193.8870946064,0,0
0,2025-08-19,A share,long_only,CNY,U,0.001,0.00012,0.0,1,0.0005,0.1,3709.1849884251483,0,23008167.839999996,23011877.02498842,1953193.8870946064,0,0
0,2025-08-20,A share,long_only,CNY,U,0.001,0.00012,0.0,1,0.0005,0.1,3709.4675053680394,0,23065386.65,23069096.117505368,1953193.8870946064,0,0
0,2025-08-21,A share,long_only,CNY,U,0.001,0.00012,0.0,1,0.0005,0.1,3709.7500438293564,0,23093156.869999997,23096866.620043825,1953193.8870946064,0,0
0,2025-08-22,A share,long_only,CNY,U,0.001,0.00012,0.0,1,0.0005,0.1,3710.0326038107387,0,23165059.354999997,23168769.38760381,1953193.8870946064,0,0
0,2025-08-25,A share,long_only,CNY,U,0.001,0.00012,0.0,1,0.0005,0.1,3710.315185313825,0,23424034.695,23427745.010185312,1953193.8870946064,0,0
0,2025-08-26,A share,long_only,CNY,U,0.001,0.00012,0.0,1,0.0005,0.1,3710.5977883402547,0,23335856.089999996,23339566.687788337,1953193.8870946064,0,0
0,2025-08-27,A share,long_only,CNY,U,0.001,0.00012,0.0,1,0.0005,0.1,10784.660590325335,0,23147914.86,23158699.520590324,1978989.8456637014,0,0
0,2025-08-28,A share,long_only,CNY,U,0.001,0.00012,0.0,1,0.0005,0.1,10785.482023969007,0,23156139.93,23166925.41202397,1978989.8456637014,0,0
0,2025-08-29,A share,long_only,CNY,U,0.001,0.00012,0.0,1,0.0005,0.1,10786.303520178693,0,23158474.849999998,23169261.153520178,1978989.8456637014,0,0
0,2025-09-01,A share,long_only,CNY,U,0.001,0.00012,0.0,1,0.0005,0.1,10787.12507895916,0,23252045.555,23262832.680078957,1978989.8456637014,0,0
0,2025-09-02,A share,long_only,CNY,U,0.001,0.00012,0.0,1,0.0005,0.1,10787.946700315171,0,23211900.27,23222688.216700315,1978989.8456637014,0,0
0,2025-09-03,A share,long_only,CNY,U,0.001,0.00012,0.0,1,0.0005,0.1,10788.768384251496,0,23339692.0,23350480.76838425,1978989.8456637014,0,0
0,2025-09-04,A share,long_only,CNY,U,0.001,0.00012,0.0,1,0.0005,0.1,10789.590130772898,0,23261747.655,23272537.245130774,1978989.8456637014,0,0
0,2025-09-05,A share,long_only,CNY,U,0.001,0.00012,0.0,1,0.0005,0.1,10790.411939884147,0,23391454.72,23402245.131939884,1978989.8456637014,0,0
0,2025-09-08,A share,long_only,CNY,U,0.001,0.00012,0.0,1,0.0005,0.1,10791.233811590007,0,23477908.685000002,23488699.918811593,1978989.8456637014,0,0
0,2025-09-09,A share,long_only,CNY,U,0.001,0.00012,0.0,1,0.0005,0.1,10792.055745895248,0,23521566.655,23532358.710745897,1978989.8456637014,0,0
0,2025-09-10,A share,long_only,CNY,U,0.001,0.00012,0.0,1,0.0005,0.1,10792.877742804638,0,23447454.994999997,23458247.872742802,1978989.8456637014,0,0
0,2025-09-11,A share,long_only,CNY,U,0.001,0.00012,0.0,1,0.0005,0.1,15815.161949730295,0,23485425.405,23501240.566949733,1992316.4659561263,0,0
0,2025-09-12,A share,long_only,CNY,U,0.001,0.00012,0.0,1,0.0005,0.1,15816.366540824916,0,23541550.520000003,23557366.886540826,1992316.4659561263,0,0
0,2025-09-15,A share,long_only,CNY,U,0.001,0.00012,0.0,1,0.0005,0.1,15817.571223669449,0,23501056.07,23516873.64122367,1992316.4659561263,0,0
0,2025-09-16,A share,long_only,CNY,U,0.001,0.00012,0.0,1,0.0005,0.1,15818.775998270881,0,23582468.564999998,23598287.34099827,1992316.4659561263,0,0
0,2025-09-17,A share,long_only,CNY,U,0.001,0.00012,0.0,1,0.0005,0.1,15819.980864636202,0,23519530.075000003,23535350.05586464,1992316.4659561263,0,0
0,2025-09-18,A share,long_only,CNY,U,0.001,0.00012,0.0,1,0.0005,0.1,15821.1858227724,0,23448236.916,23464058.101822775,1992316.4659561263,0,0
0,2025-09-19,A share,long_only,CNY,U,0.001,0.00012,0.0,1,0.0005,0.1,15822.390872686467,0,23511760.111999996,23527582.502872683,1992316.4659561263,0,0
0,2025-09-22,A share,long_only,CNY,U,0.001,0.00012,0.0,1,0.0005,0.1,15823.596014385392,0,23624216.531999998,23640040.128014382,1992316.4659561263,0,0
0,2025-09-23,A share,long_only,CNY,U,0.001,0.00012,0.0,1,0.0005,0.1,15824.801247876165,0,23611052.003999997,23626876.805247873,1992316.4659561263,0,0
0,2025-09-24,A share,long_only,CNY,U,0.001,0.00012,0.0,1,0.0005,0.1,15826.00657316578,0,23635901.516,23651727.522573166,1992316.4659561263,0,0
0,2025-09-25,A share,long_only,CNY,U,0.001,0.00012,0.0,1,0.0005,0.1,15827.211990261227,0,23599602.384000003,23615429.595990263,1992316.4659561263,0,0
0,2025-09-26,A share,long_only,CNY,U,0.001,0.00012,0.0,1,0.0005,0.1,34229.810571023525,0,23544820.9,23579050.71057102,2005394.5743537033,0,0
0,2025-09-29,A share,long_only,CNY,U,0.001,0.00012,0.0,1,0.0005,0.1,34232.41774792854,0,23686450.804,23720683.22174793,2005394.5743537033,0,0
0,2025-09-30,A share,long_only,CNY,U,0.001,0.00012,0.0,1,0.0005,0.1,34235.025123414016,0,23787177.268,23821412.293123413,2005394.5743537033,0,0
0,2025-10-01,A share,long_only,CNY,U,0.001,0.00012,0.0,1,0.0005,0.1,34237.63269749507,0,23787177.268,23821414.900697496,2005394.5743537033,0,0
0,2025-10-02,A share,long_only,CNY,U,0.001,0.00012,0.0,1,0.0005,0.1,34240.240470186836,0,23787177.268,23821417.508470185,2005394.5743537033,0,0
0,2025-10-03,A share,long_only,CNY,U,0.001,0.00012,0.0,1,0.0005,0.1,34242.84844150444,0,23787177.268,23821420.116441503,2005394.5743537033,0,0
0,2025-10-06,A share,long_only,CNY,U,0.001,0.00012,0.0,1,0.0005,0.1,34245.456611463,0,23787177.268,23821422.72461146,2005394.5743537033,0,0
0,2025-10-07,A share,long_only,CNY,U,0.001,0.00012,0.0,1,0.0005,0.1,34248.06498007766,0,23787177.268,23821425.332980078,2005394.5743537033,0,0
0,2025-10-08,A share,long_only,CNY,U,0.001,0.00012,0.0,1,0.0005,0.1,34250.67354736354,0,23787177.268,23821427.941547364,2005394.5743537033,0,0
0,2025-10-09,A share,long_only,CNY,U,0.001,0.00012,0.0,1,0.0005,0.1,34253.28231333578,0,24192335.452,24226588.734313335,2005394.5743537033,0,0
0,2025-10-10,A share,long_only,CNY,U,0.001,0.00012,0.0,1,0.0005,0.1,34255.89127800951,0,24154810.663999997,24189066.555278007,2005394.5743537033,0,0
0,2025-10-13,A share,long_only,CNY,U,0.001,0.00012,0.0,1,0.0005,0.1,34258.50044139987,0,24153424.707999997,24187683.208441395,2005394.5743537033,0,0
0,2025-10-14,A share,long_only,CNY,U,0.001,0.00012,0.0,1,0.0005,0.1,34261.10980352199,0,24108472.888,24142733.99780352,2005394.5743537033,0,0
0,2025-10-15,A share,long_only,CNY,U,0.001,0.00012,0.0,1,0.0005,0.1,34263.71936439101,0,24324619.58,24358883.299364388,2005394.5743537033,0,0
0,2025-10-16,A share,long_only,CNY,U,0.001,0.00012,0.0,1,0.0005,0.1,34266.32912402206,0,24390715.012,24424981.34112402,2005394.5743537033,0,0
0,2025-10-17,A share,long_only,CNY,U,0.001,0.00012,0.0,1,0.0005,0.1,34268.93908243028,0,24459445.724000003,24493714.663082432,2005394.5743537033,0,0
0,2025-10-20,A share,long_only,CNY,U,0.001,0.00012,0.0,1,0.0005,0.1,34271.549239630825,0,24538767.004,24573038.553239632,2005394.5743537033,0,0
0,2025-10-21,A share,long_only,CNY,U,0.001,0.00012,0.0,1,0.0005,0.1,18412.77003814492,0,24704099.872,24722512.642038148,2033652.2558911014,0,0
0,2025-10-22,A share,long_only,CNY,U,0.001,0.00012,0.0,1,0.0005,0.1,18414.172480869554,0,24606707.66,24625121.83248087,2033652.2558911014,0,0
0,2025-10-23,A share,long_only,CNY,U,0.001,0.00012,0.0,1,0.0005,0.1,18415.575030413835,0,24544764.864,24563180.439030413,2033652.2558911014,0,0
0,2025-10-24,A share,long_only,CNY,U,0.001,0.00012,0.0,1,0.0005,0.1,18416.977686785896,0,24566428.628000002,24584845.605686788,2033652.2558911014,0,0
0,2025-10-27,A share,long_only,CNY,U,0.001,0.00012,0.0,1,0.0005,0.1,18418.380449993878,0,24773423.132,24791841.512449995,2033652.2558911014,0,0
0,2025-10-28,A share,long_only,CNY,U,0.001,0.00012,0.0,1,0.0005,0.1,18419.783320045917,0,24590426.924,24608846.707320046,2033652.2558911014,0,0
0,2025-10-29,A share,long_only,CNY,U,0.001,0.00012,0.0,1,0.0005,0.1,18421.186296950153,0,24820688.952,24839110.13829695,2033652.2558911014,0,0
0,2025-10-30,A share,long_only,CNY,U,0.001,0.00012,0.0,1,0.0005,0.1,18422.589380714722,0,24783711.288,24802133.877380714,2033652.2558911014,0,0
0,2025-10-31,A share,long_only,CNY,U,0.001,0.00012,0.0,1,0.0005,0.1,18423.992571347764,0,24934268.356,24952692.348571345,2033652.2558911014,0,0
0,2025-11-03,A share,long_only,CNY,U,0.001,0.00012,0.0,1,0.0005,0.1,18425.395868857417,0,25026835.944000002,25045261.33986886,2033652.2558911014,0,0
0,2025-11-04,A share,long_only,CNY,U,0.001,0.00012,0.0,1,0.0005,0.1,18426.799273251825,0,24624171.772,24642598.571273252,2033652.2558911014,0,0
0,2025-11-05,A share,long_only,CNY,U,0.001,0.00012,0.0,1,0.0005,0.1,2575.3607734821667,0,24442561.34,24445136.70077348,2060414.2905330532,0,0
0,2025-11-06,A share,long_only,CNY,U,0.001,0.00012,0.0,1,0.0005,0.1,2575.5569306042394,0,24627464.6,24630040.156930607,2060414.2905330532,0,0
0,2025-11-07,A share,long_only,CNY,U,0.001,0.00012,0.0,1,0.0005,0.1,2575.7531026669826,0,24481912.624,24484488.37710267,2060414.2905330532,0,0
0,2025-11-10,A share,long_only,CNY,U,0.001,0.00012,0.0,1,0.0005,0.1,2575.949289671534,0,24658790.652000003,24661366.601289675,2060414.2905330532,0,0
0,2025-11-11,A share,long_only,CNY,U,0.001,0.00012,0.0,1,0.0005,0.1,2576.1454916190323,0,24698992.9,24701569.045491617,2060414.2905330532,0,0
0,2025-11-12,A share,long_only,CNY,U,0.001,0.00012,0.0,1,0.0005,0.1,2576.3417085106153,0,24727731.755999997,24730308.09770851,2060414.2905330532,0,0
0,2025-11-13,A share,long_only,CNY,U,0.001,0.00012,0.0,1,0.0005,0.1,2576.5379403474208,0,24739673.512000002,24742250.049940348,2060414.2905330532,0,0
0,2025-11-14,A share,long_only,CNY,U,0.001,0.00012,0.0,1,0.0005,0.1,2576.7341871305875,0,24549001.795999996,24551578.530187126,2060414.2905330532,0,0
0,2025-11-17,A share,long_only,CNY,U,0.001,0.00012,0.0,1,0.0005,0.1,2576.9304488612543,0,24325283.956,24327860.88644886,2060414.2905330532,0,0
0,2025-11-18,A share,long_only,CNY,U,0.001,0.00012,0.0,1,0.0005,0.1,2577.1267255405587,0,24071167.536000002,24073744.66272554,2060414.2905330532,0,0
0,2025-11-19,A share,long_only,CNY,U,0.001,0.00012,0.0,1,0.0005,0.1,2577.32301716964,0,24028441.044,24031018.36701717,2060414.2905330532,0,0
0,2025-11-20,A share,long_only,CNY,U,0.001,0.00012,0.0,1,0.0005,0.1,82378.39184642311,0,24201319.88,24283698.27184642,2086965.0957286796,0,0
0,2025-11-21,A share,long_only,CNY,U,0.001,0.00012,0.0,1,0.0005,0.1,82384.66634917705,0,23980496.663999997,24062881.330349173,2086965.0957286796,0,0
0,2025-11-24,A share,long_only,CNY,U,0.001,0.00012,0.0,1,0.0005,0.1,82390.9413298401,0,24031052.924,24113443.86532984,2086965.0957286796,0,0
0,2025-11-25,A share,long_only,CNY,U,0.001,0.00012,0.0,1,0.0005,0.1,82397.21678844868,0,24085592.292,24167989.508788448,2086965.0957286796,0,0
0,2025-11-26,A share,long_only,CNY,U,0.001,0.00012,0.0,1,0.0005,0.1,82403.49272503919,0,23989699.64,24072103.13272504,2086965.0957286796,0,0
0,2025-11-27,A share,long_only,CNY,U,0.001,0.00012,0.0,1,0.0005,0.1,82409.76913964802,0,24049539.228,24131948.997139648,2086965.0957286796,0,0
0,2025-11-28,A share,long_only,CNY,U,0.001,0.00012,0.0,1,0.0005,0.1,82416.0460323116,0,24109178.084,24191594.130032312,2086965.0957286796,0,0
0,2025-12-01,A share,long_only,CNY,U,0.001,0.00012,0.0,1,0.0005,0.1,82422.32340306633,0,24094231.660000004,24176653.98340307,2086965.0957286796,0,0
0,2025-12-02,A share,long_only,CNY,U,0.001,0.00012,0.0,1,0.0005,0.1,82428.60125194862,0,24009941.816,24092370.41725195,2086965.0957286796,0,0
0,2025-12-03,A share,long_only,CNY,U,0.001,0.00012,0.0,1,0.0005,0.1,82434.8795789949,0,24031648.452,24114083.331578996,2086965.0957286796,0,0
0,2025-12-04,A share,long_only,CNY,U,0.001,0.00012,0.0,1,0.0005,0.1,82441.15838424159,0,23986837.851999998,24069279.01038424,2086965.0957286796,0,0
0,2025-12-05,A share,long_only,CNY,U,0.001,0.00012,0.0,1,0.0005,0.1,30734.672968759354,0,24113831.744000003,24144566.416968763,2126522.5219291453,0,0
0,2025-12-08,A share,long_only,CNY,U,0.001,0.00012,0.0,1,0.0005,0.1,30737.013932036996,0,24061063.112,24091800.125932038,2126522.5219291453,0,0
0,2025-12-09,A share,long_only,CNY,U,0.001,0.00012,0.0,1,0.0005,0.1,30739.35507361844,0,23943974.328,23974713.68307362,2126522.5219291453,0,0
0,2025-12-10,A share,long_only,CNY,U,0.001,0.00012,0.0,1,0.0005,0.1,30741.696393517268,0,24007620.779999997,24038362.476393513,2126522.5219291453,0,0
0,2025-12-11,A share,long_only,CNY,U,0.001,0.00012,0.0,1,0.0005,0.1,30744.037891747063,0,23983160.292000003,24013904.32989175,2126522.5219291453,0,0
0,2025-12-12,A share,long_only,CNY,U,0.001,0.00012,0.0,1,0.0005,0.1,30746.379568321405,0,24135164.643999998,24165911.023568317,2126522.5219291453,0,0
0,2025-12-15,A share,long_only,CNY,U,0.001,0.00012,0.0,1,0.0005,0.1,30748.72142325388,0,24149374.244000003,24180122.965423256,2126522.5219291453,0,0
0,2025-12-16,A share,long_only,CNY,U,0.001,0.00012,0.0,1,0.0005,0.1,30751.063456558073,0,24034095.812,24064846.875456557,2126522.5219291453,0,0
0,2025-12-17,A share,long_only,CNY,U,0.001,0.00012,0.0,1,0.0005,0.1,30753.405668247568,0,24130969.284,24161722.68966825,2126522.5219291453,0,0
0,2025-12-18,A share,long_only,CNY,U,0.001,0.00012,0.0,1,0.0005,0.1,30755.748058335954,0,24078735.704000004,24109491.45205834,2126522.5219291453,0,0
0,2025-12-19,A share,long_only,CNY,U,0.001,0.00012,0.0,1,0.0005,0.1,30758.09062683682,0,24159773.728,24190531.818626836,2126522.5219291453,0,0
0,2025-12-22,A share,long_only,CNY,U,0.001,0.00012,0.0,1,0.0005,0.1,9999.214669568766,0,24312356.472,24322355.68666957,2140034.959437108,0,0
0,2025-12-23,A share,long_only,CNY,U,0.001,0.00012,0.0,1,0.0005,0.1,9999.976278269483,0,24370105.459999997,24380105.436278265,2140034.959437108,0,0
0,2025-12-24,A share,long_only,CNY,U,0.001,0.00012,0.0,1,0.0005,0.1,10000.737944979539,0,24404594.456,24414595.19394498,2140034.959437108,0,0
0,2025-12-25,A share,long_only,CNY,U,0.001,0.00012,0.0,1,0.0005,0.1,10001.49966970335,0,24357065.352,24367066.851669706,2140034.959437108,0,0
0,2025-12-26,A share,long_only,CNY,U,0.001,0.00012,0.0,1,0.0005,0.1,10002.261452445333,0,24388691.992,24398694.253452443,2140034.959437108,0,0
0,2025-12-29,A share,long_only,CNY,U,0.001,0.00012,0.0,1,0.0005,0.1,10003.02329320991,0,24289801.848,24299804.87129321,2140034.959437108,0,0
0,2025-12-30,A share,long_only,CNY,U,0.001,0.00012,0.0,1,0.0005,0.1,10003.7851920015,0,24156980.596,24166984.381192002,2140034.959437108,0,0
0,2025-12-31,A share,long_only,CNY,U,0.001,0.00012,0.0,1,0.0005,0.1,10004.547148824522,0,24141521.356,24151525.903148822,2140034.959437108,0,0
0,2026-01-02,A share,long_only,CNY,U,0.001,0.00012,0.0,1,0.0005,0.1,10005.309163683396,0,24141521.356,24151526.66516368,2140034.959437108,0,0
0,2026-01-05,A share,long_only,CNY,U,0.001,0.00012,0.0,1,0.0005,0.1,10006.071236582544,0,24349474.303999998,24359480.375236582,2140034.959437108,0,0
0,2026-01-06,A share,long_only,CNY,U,0.001,0.00012,0.0,1,0.0005,0.1,10006.833367526384,0,24424721.144,24434727.977367528,2140034.959437108,0,0
0,2026-01-07,A share,long_only,CNY,U,0.001,0.00012,0.0,1,0.0005,0.1,10007.59555651934,0,24388870.332000002,24398877.927556522,2140034.959437108,0,0
0,2026-01-08,A share,long_only,CNY,U,0.001,0.00012,0.0,1,0.0005,0.1,19103.84186401781,0,24352697.979999997,24371801.821864016,2180254.968098282,0,0
0,2026-01-09,A share,long_only,CNY,U,0.001,0.00012,0.0,1,0.0005,0.1,19105.296943507707,0,24536200.907999996,24555306.204943504,2180254.968098282,0,0
0,2026-01-12,A share,long_only,CNY,U,0.001,0.00012,0.0,1,0.0005,0.1,19106.752133826427,0,24621657.639999997,24640764.392133825,2180254.968098282,0,0
0,2026-01-13,A share,long_only,CNY,U,0.001,0.00012,0.0,1,0.0005,0.1,19108.207434982414,0,24540612.1,24559720.307434984,2180254.968098282,0,0
0,2026-01-14,A share,long_only,CNY,U,0.001,0.00012,0.0,1,0.0005,0.1,19109.66284698411,0,24590464.891999997,24609574.55484698,2180254.968098282,0,0
0,2026-01-15,A share,long_only,CNY,U,0.001,0.00012,0.0,1,0.0005,0.1,19111.118369839955,0,24669512.404,24688623.52236984,2180254.968098282,0,0
0,2026-01-16,A share,long_only,CNY,U,0.001,0.00012,0.0,1,0.0005,0.1,19112.57400355839,0,24632744.915999997,24651857.490003556,2180254.968098282,0,0
0,2026-01-19,A share,long_only,CNY,U,0.001,0.00012,0.0,1,0.0005,0.1,19114.029748147866,0,24743205.704,24762319.73374815,2180254.968098282,0,0
0,2026-01-20,A share,long_only,CNY,U,0.001,0.00012,0.0,1,0.0005,0.1,19115.485603616824,0,24746676.031999998,24765791.517603613,2180254.968098282,0,0
0,2026-01-21,A share,long_only,CNY,U,0.001,0.00012,0.0,1,0.0005,0.1,19116.941569973707,0,24850191.468,24869308.40956997,2180254.968098282,0,0
0,2026-01-22,A share,long_only,CNY,U,0.001,0.00012,0.0,1,0.0005,0.1,19118.397647226964,0,24985328.328,25004446.72564723,2180254.968098282,0,0
0,2026-01-23,A share,long_only,CNY,U,0.001,0.00012,0.0,1,0.0005,0.1,12515.212442952956,0,25127886.408,25140401.620442953,2181442.4064742858,0,0
0,2026-01-26,A share,long_only,CNY,U,0.001,0.00012,0.0,1,0.0005,0.1,12516.165687282923,0,25307833.32,25320349.485687282,2181442.4064742858,0,0
0,2026-01-27,A share,long_only,CNY,U,0.001,0.00012,0.0,1,0.0005,0.1,12517.119004218508,0,25246161.708,25258678.82700422,2181442.4064742858,0,0
0,2026-01-28,A share,long_only,CNY,U,0.001,0.00012,0.0,1,0.0005,0.1,12518.072393765244,0,25612930.987999998,25625449.06039376,2181442.4064742858,0,0
0,2026-01-29,A share,long_only,CNY,U,0.001,0.00012,0.0,1,0.0005,0.1,12519.02585592866,0,25684060.72,25696579.745855927,2181442.4064742858,0,0
0,2026-01-30,A share,long_only,CNY,U,0.001,0.00012,0.0,1,0.0005,0.1,12519.979390714287,0,25197413.628000002,25209933.607390717,2181442.4064742858,0,0
0,2026-02-02,A share,long_only,CNY,U,0.001,0.00012,0.0,1,0.0005,0.1,12520.932998127657,0,24579313.668000005,24591834.600998133,2181442.4064742858,0,0
0,2026-02-03,A share,long_only,CNY,U,0.001,0.00012,0.0,1,0.0005,0.1,12521.886678174302,0,24958444.211999997,24970966.09867817,2181442.4064742858,0,0
0,2026-02-04,A share,long_only,CNY,U,0.001,0.00012,0.0,1,0.0005,0.1,12522.840430859753,0,25063647.084,25076169.92443086,2181442.4064742858,0,0
0,2026-02-05,A share,long_only,CNY,U,0.001,0.00012,0.0,1,0.0005,0.1,12523.794256189543,0,24866616.976,24879140.770256188,2181442.4064742858,0,0
0,2026-02-06,A share,long_only,CNY,U,0.001,0.00012,0.0,1,0.0005,0.1,12524.748154169207,0,24924152.84,24936677.58815417,2181442.4064742858,0,0
0,2026-02-09,A share,long_only,CNY,U,0.001,0.00012,0.0,1,0.0005,0.1,75386.67442651158,0,25021847.74,25097234.41442651,2195240.021730279,0,0
0,2026-02-10,A share,long_only,CNY,U,0.001,0.00012,0.0,1,0.0005,0.1,75392.41639216176,0,25181946.795999996,25257339.21239216,2195240.021730279,0,0
0,2026-02-11,A share,long_only,CNY,U,0.001,0.00012,0.0,1,0.0005,0.1,75398.15879515938,0,25361795.351999998,25437193.510795157,2195240.021730279,0,0
0,2026-02-12,A share,long_only,CNY,U,0.001,0.00012,0.0,1,0.0005,0.1,75403.90163553777,0,25331562.632,25406966.533635538,2195240.021730279,0,0
0,2026-02-13,A share,long_only,CNY,U,0.001,0.00012,0.0,1,0.0005,0.1,75409.64491333022,0,25395692.792,25471102.43691333,2195240.021730279,0,0
0,2026-02-16,A share,long_only,CNY,U,0.001,0.00012,0.0,1,0.0005,0.1,75415.38862857006,0,25395692.792,25471108.180628568,2195240.021730279,0,0
0,2026-02-20,A share,long_only,CNY,U,0.001,0.00012,0.0,1,0.0005,0.1,75421.13278129061,0,25395692.792,25471113.92478129,2195240.021730279,0,0
0,2026-02-23,A share,long_only,CNY,U,0.001,0.00012,0.0,1,0.0005,0.1,75426.87737152519,0,25395692.792,25471119.669371523,2195240.021730279,0,0
0,2026-02-24,A share,long_only,CNY,U,0.001,0.00012,0.0,1,0.0005,0.1,75432.62239930712,0,25417164.303999998,25492596.926399305,2195240.021730279,0,0
0,2026-02-25,A share,long_only,CNY,U,0.001,0.00012,0.0,1,0.0005,0.1,75438.36786466972,0,25510540.584,25585978.951864667,2195240.021730279,0,0
0,2026-02-26,A share,long_only,CNY,U,0.001,0.00012,0.0,1,0.0005,0.1,75444.11376764634,0,25426708.356,25502152.469767645,2195240.021730279,0,0
0,2026-02-27,A share,long_only,CNY,U,0.001,0.00012,0.0,1,0.0005,0.1,75449.8601082703,0,25443411.259999998,25518861.12010827,2195240.021730279,0,0
0,2026-03-02,A share,long_only,CNY,U,0.001,0.00012,0.0,1,0.0005,0.1,75455.60688657493,0,25397863.611999996,25473319.21888657,2195240.021730279,0,0
0,2026-03-03,A share,long_only,CNY,U,0.001,0.00012,0.0,1,0.0005,0.1,75461.35410259357,0,25142549.735999998,25218011.09010259,2195240.021730279,0,0
0,2026-03-04,A share,long_only,CNY,U,0.001,0.00012,0.0,1,0.0005,0.1,277770.8707248397,0,24893006.160000004,25170777.030724842,2209040.9604294114,0,0
0,2026-03-05,A share,long_only,CNY,U,0.001,0.00012,0.0,1,0.0005,0.1,277792.027657553,0,25046891.148000002,25324683.175657555,2209040.9604294114,0,0
0,2026-03-06,A share,long_only,CNY,U,0.001,0.00012,0.0,1,0.0005,0.1,277813.18620172323,0,25190337.055999994,25468150.242201716,2209040.9604294114,0,0
0,2026-03-09,A share,long_only,CNY,U,0.001,0.00012,0.0,1,0.0005,0.1,277834.3463574732,0,25063081.391999997,25340915.73835747,2209040.9604294114,0,0
0,2026-03-10,A share,long_only,CNY,U,0.001,0.00012,0.0,1,0.0005,0.1,277855.5081249256,0,25036346.052,25314201.560124926,2209040.9604294114,0,0
0,2026-03-11,A share,long_only,CNY,U,0.001,0.00012,0.0,1,0.0005,0.1,277876.67150420323,0,25219085.856,25496962.527504202,2209040.9604294114,0,0
0,2026-03-12,A share,long_only,CNY,U,0.001,0.00012,0.0,1,0.0005,0.1,277897.8364954288,0,25158086.760000005,25435984.596495435,2209040.9604294114,0,0
0,2026-03-13,A share,long_only,CNY,U,0.001,0.00012,0.0,1,0.0005,0.1,277919.00309872517,0,25239412.716,25517331.719098724,2209040.9604294114,0,0
0,2026-03-16,A share,long_only,CNY,U,0.001,0.00012,0.0,1,0.0005,0.1,277940.17131421505,0,25081126.707999997,25359066.87931421,2209040.9604294114,0,0
0,2026-03-17,A share,long_only,CNY,U,0.001,0.00012,0.0,1,0.0005,0.1,277961.34114202124,0,24880044.5,25158005.84114202,2209040.9604294114,0,0
0,2026-03-18,A share,long_only,CNY,U,0.001,0.00012,0.0,1,0.0005,0.1,277982.5125822666,0,25079142.968,25357125.480582263,2209040.9604294114,0,0
0,2026-03-19,A share,long_only,CNY,U,0.001,0.00012,0.0,1,0.0005,0.1,2620.0821887085285,0,25089056.128,25091676.210188705,2236067.9903711826,0,0
0,2026-03-20,A share,long_only,CNY,U,0.001,0.00012,0.0,1,0.0005,0.1,2620.2817521200022,0,24925976.244000003,24928596.525752123,2236067.9903711826,0,0
0,2026-03-23,A share,long_only,CNY,U,0.001,0.00012,0.0,1,0.0005,0.1,2620.4813307315926,0,24572702.895999998,24575323.377330728,2236067.9903711826,0,0
0,2026-03-24,A share,long_only,CNY,U,0.001,0.00012,0.0,1,0.0005,0.1,2620.6809245444574,0,24793661.268,24796281.948924545,2236067.9903711826,0,0
0,2026-03-25,A share,long_only,CNY,U,0.001,0.00012,0.0,1,0.0005,0.1,2620.8805335597544,0,24691274.959999997,24693895.84053356,2236067.9903711826,0,0
0,2026-03-26,A share,long_only,CNY,U,0.001,0.00012,0.0,1,0.0005,0.1,2621.080157778642,0,24663714.696000002,24666335.77615778,2236067.9903711826,0,0
0,2026-03-27,A share,long_only,CNY,U,0.001,0.00012,0.0,1,0.0005,0.1,2621.2797972022777,0,24535118.992,24537740.271797203,2236067.9903711826,0,0
0,2026-03-30,A share,long_only,CNY,U,0.001,0.00012,0.0,1,0.0005,0.1,2621.47945183182,0,24413177.159999996,24415798.639451828,2236067.9903711826,0,0
0,2026-03-31,A share,long_only,CNY,U,0.001,0.00012,0.0,1,0.0005,0.1,2621.6791216684264,0,24228114.64,24230736.31912167,2236067.9903711826,0,0
0,2026-04-01,A share,long_only,CNY,U,0.001,0.00012,0.0,1,0.0005,0.1,2621.878806713256,0,24542946.104,24545567.982806712,2236067.9903711826,0,0
0,2026-04-02,A share,long_only,CNY,U,0.001,0.00012,0.0,1,0.0005,0.1,2622.0785069674666,0,24471404.832000002,24474026.91050697,2236067.9903711826,0,0
0,2026-04-03,A share,long_only,CNY,U,0.001,0.00012,0.0,1,0.0005,0.1,2981.552537239594,0,24445049.828,24448031.38053724,2250243.743419082,0,0
0,2026-04-07,A share,long_only,CNY,U,0.001,0.00012,0.0,1,0.0005,0.1,2981.7796327094934,0,24453593.964,24456575.74363271,2250243.743419082,0,0
0,2026-04-08,A share,long_only,CNY,U,0.001,0.00012,0.0,1,0.0005,0.1,2982.0067454765394,0,24858887.031999998,24861869.038745474,2250243.743419082,0,0
0,2026-04-09,A share,long_only,CNY,U,0.001,0.00012,0.0,1,0.0005,0.1,2982.23387554205,0,24840556.979999997,24843539.21387554,2250243.743419082,0,0
0,2026-04-10,A share,long_only,CNY,U,0.001,0.00012,0.0,1,0.0005,0.1,2982.461022907343,0,24835941.996,24838924.457022905,2250243.743419082,0,0
0,2026-04-13,A share,long_only,CNY,U,0.001,0.00012,0.0,1,0.0005,0.1,2982.688187573735,0,24895664.472000003,24898647.160187576,2250243.743419082,0,0
0,2026-04-14,A share,long_only,CNY,U,0.001,0.00012,0.0,1,0.0005,0.1,2982.915369542545,0,24987453.904,24990436.819369543,2250243.743419082,0,0
0,2026-04-15,A share,long_only,CNY,U,0.001,0.00012,0.0,1,0.0005,0.1,2983.14256881509,0,25057466.384,25060449.526568815,2250243.743419082,0,0
0,2026-04-16,A share,long_only,CNY,U,0.001,0.00012,0.0,1,0.0005,0.1,2983.3697853926883,0,25298782.336000003,25301765.705785397,2250243.743419082,0,0
0,2026-04-17,A share,long_only,CNY,U,0.001,0.00012,0.0,1,0.0005,0.1,2983.597019276658,0,25238811.156000003,25241794.75301928,2250243.743419082,0,0
0,2026-04-20,A share,long_only,CNY,U,0.001,0.00012,0.0,1,0.0005,0.1,2983.8242704683175,0,25213724.975999996,25216708.800270464,2250243.743419082,0,0
0,2026-04-21,A share,long_only,CNY,U,0.001,0.00012,0.0,1,0.0005,0.1,30094.653247720544,0,25253407.891999997,25283502.54524772,2264947.2064822414,0,0
0,2026-04-22,A share,long_only,CNY,U,0.001,0.00012,0.0,1,0.0005,0.1,30096.945462711017,0,25331754.716000002,25361851.661462713,2264947.2064822414,0,0
0,2026-04-23,A share,long_only,CNY,U,0.001,0.00012,0.0,1,0.0005,0.1,30099.23785229229,0,25259374.092000004,25289473.329852298,2264947.2064822414,0,0
0,2026-04-24,A share,long_only,CNY,U,0.001,0.00012,0.0,1,0.0005,0.1,30101.53041647766,0,25271852.128,25301953.658416476,2264947.2064822414,0,0
0,2026-04-27,A share,long_only,CNY,U,0.001,0.00012,0.0,1,0.0005,0.1,30103.82315528043,0,25460298.56,25490402.38315528,2264947.2064822414,0,0
0,2026-04-28,A share,long_only,CNY,U,0.001,0.00012,0.0,1,0.0005,0.1,30106.11606871389,0,25446518.8,25476624.916068714,2264947.2064822414,0,0
0,2026-04-29,A share,long_only,CNY,U,0.001,0.00012,0.0,1,0.0005,0.1,30108.409156791353,0,25474371.884,25504480.29315679,2264947.2064822414,0,0
0,2026-04-30,A share,long_only,CNY,U,0.001,0.00012,0.0,1,0.0005,0.1,30110.70241952611,0,25425199.748,25455310.450419527,2264947.2064822414,0,0
0,2026-05-04,A share,long_only,CNY,U,0.001,0.00012,0.0,1,0.0005,0.1,30112.995856931473,0,25425199.748,25455312.743856933,2264947.2064822414,0,0
0,2026-05-05,A share,long_only,CNY,U,0.001,0.00012,0.0,1,0.0005,0.1,30115.289469020743,0,25425199.748,25455315.037469022,2264947.2064822414,0,0
0,2026-05-06,A share,long_only,CNY,U,0.001,0.00012,0.0,1,0.0005,0.1,30117.583255807225,0,25855986.436,25886104.01925581,2264947.2064822414,0,0
0,2026-05-07,A share,long_only,CNY,U,0.001,0.00012,0.0,1,0.0005,0.1,30119.877217304223,0,26164171.951999996,26194291.8292173,2264947.2064822414,0,0
0,2026-05-08,A share,long_only,CNY,U,0.001,0.00012,0.0,1,0.0005,0.1,30122.17135352505,0,26138732.888,26168855.059353527,2264947.2064822414,0,0
0,2026-05-11,A share,long_only,CNY,U,0.001,0.00012,0.0,1,0.0005,0.1,12257.472295148058,0,26251645.04,26263902.512295146,2280377.439082589,0,0
0,2026-05-12,A share,long_only,CNY,U,0.001,0.00012,0.0,1,0.0005,0.1,12258.405908222414,0,26120455.104,26132713.50990822,2280377.439082589,0,0
0,2026-05-13,A share,long_only,CNY,U,0.001,0.00012,0.0,1,0.0005,0.1,12259.339592407137,0,26223305.308,26235564.647592407,2280377.439082589,0,0
0,2026-05-14,A share,long_only,CNY,U,0.001,0.00012,0.0,1,0.0005,0.1,12260.273347707645,0,26180367.944,26192628.217347708,2280377.439082589,0,0
0,2026-05-15,A share,long_only,CNY,U,0.001,0.00012,0.0,1,0.0005,0.1,12261.207174129355,0,26068510.888,26080772.09517413,2280377.439082589,0,0
0,2026-05-18,A share,long_only,CNY,U,0.001,0.00012,0.0,1,0.0005,0.1,12262.141071677683,0,25813439.88,25825702.021071676,2280377.439082589,0,0
0,2026-05-19,A share,long_only,CNY,U,0.001,0.00012,0.0,1,0.0005,0.1,12263.075040358048,0,25756809.356,25769072.431040358,2280377.439082589,0,0
0,2026-05-20,A share,long_only,CNY,U,0.001,0.00012,0.0,1,0.0005,0.1,12264.009080175867,0,25730032.8,25742296.809080176,2280377.439082589,0,0
0,2026-05-21,A share,long_only,CNY,U,0.001,0.00012,0.0,1,0.0005,0.1,12264.943191136557,0,25981692.092,25993957.035191137,2280377.439082589,0,0
0,2026-05-22,A share,long_only,CNY,U,0.001,0.00012,0.0,1,0.0005,0.1,12265.87737324554,0,26328471.26,26340737.137373246,2280377.439082589,0,0
0,2026-05-25,A share,long_only,CNY,U,0.001,0.00012,0.0,1,0.0005,0.1,12266.811626508232,0,26898967.067999996,26911233.879626505,2280377.439082589,0,0
0,2026-05-26,A share,long_only,CNY,U,0.001,0.00012,0.0,1,0.0005,0.1,8156.263706104379,0,26726210.976,26734367.239706103,2295546.808192604,0,0
0,2026-05-27,A share,long_only,CNY,U,0.001,0.00012,0.0,1,0.0005,0.1,8156.884943032397,0,26808771.707999997,26816928.592943028,2295546.808192604,0,0
0,2026-05-28,A share,long_only,CNY,U,0.001,0.00012,0.0,1,0.0005,0.1,8157.506227278076,0,26801983.668,26810141.17422728,2295546.808192604,0,0
0,2026-05-29,A share,long_only,CNY,U,0.001,0.00012,0.0,1,0.0005,0.1,8158.12755884502,0,26973029.544,26981187.671558846,2295546.808192604,0,0
0,2026-06-01,A share,long_only,CNY,U,0.001,0.00012,0.0,1,0.0005,0.1,8158.748937736834,0,27358783.184,27366941.932937738,2295546.808192604,0,0
0,2026-06-02,A share,long_only,CNY,U,0.001,0.00012,0.0,1,0.0005,0.1,8159.370363957121,0,27308776.596,27316935.96636396,2295546.808192604,0,0
0,2026-06-03,A share,long_only,CNY,U,0.001,0.00012,0.0,1,0.0005,0.1,8159.991837509488,0,27169128.288000003,27177288.27983751,2295546.808192604,0,0
0,2026-06-04,A share,long_only,CNY,U,0.001,0.00012,0.0,1,0.0005,0.1,8160.613358397538,0,26921932.0,26930092.613358397,2295546.808192604,0,0
0,2026-06-05,A share,long_only,CNY,U,0.001,0.00012,0.0,1,0.0005,0.1,8161.2349266248775,0,26823110.776,26831272.010926627,2295546.808192604,0,0
0,2026-06-08,A share,long_only,CNY,U,0.001,0.00012,0.0,1,0.0005,0.1,8161.856542195112,0,26435875.56,26444037.416542195,2295546.808192604,0,0
0,2026-06-09,A share,long_only,CNY,U,0.001,0.00012,0.0,1,0.0005,0.1,8162.478205111847,0,26751363.668000005,26759526.146205116,2295546.808192604,0,0
0,2026-06-10,A share,long_only,CNY,U,0.001,0.00012,0.0,1,0.0005,0.1,2794.5436364838474,0,26438795.655999996,26441590.199636478,2324506.555596611,0,0
0,2026-06-11,A share,long_only,CNY,U,0.001,0.00012,0.0,1,0.0005,0.1,2794.7564880745385,0,26379882.068000004,26382676.824488077,2324506.555596611,0,0
0,2026-06-12,A share,long_only,CNY,U,0.001,0.00012,0.0,1,0.0005,0.1,2794.969355877465,0,26595382.052,26598177.02135588,2324506.555596611,0,0
0,2026-06-15,A share,long_only,CNY,U,0.001,0.00012,0.0,1,0.0005,0.1,2795.1822398938625,0,27242551.12,27245346.302239895,2324506.555596611,0,0
0,2026-06-16,A share,long_only,CNY,U,0.001,0.00012,0.0,1,0.0005,0.1,2795.395140124965,0,27244056.279999997,27246851.675140124,2324506.555596611,0,0
0,2026-06-17,A share,long_only,CNY,U,0.001,0.00012,0.0,1,0.0005,0.1,2795.608056572008,0,27298546.48,27301342.08805657,2324506.555596611,0,0
0,2026-06-18,A share,long_only,CNY,U,0.001,0.00012,0.0,1,0.0005,0.1,2795.8209892362265,0,27384589.116000004,27387384.93698924,2324506.555596611,0,0
0,2026-06-22,A share,long_only,CNY,U,0.001,0.00012,0.0,1,0.0005,0.1,2796.0339381188555,0,27559793.536,27562589.569938116,2324506.555596611,0,0
0,2026-06-23,A share,long_only,CNY,U,0.001,0.00012,0.0,1,0.0005,0.1,2796.2469032211307,0,26948524.667999998,26951320.91490322,2324506.555596611,0,0
0,2026-06-24,A share,long_only,CNY,U,0.001,0.00012,0.0,1,0.0005,0.1,2796.459884544287,0,27108302.592,27111099.051884543,2324506.555596611,0,0
0,2026-06-25,A share,long_only,CNY,U,0.001,0.00012,0.0,1,0.0005,0.1,2796.67288208956,0,27406121.52,27408918.19288209,2324506.555596611,0,0
0,2026-06-26,A share,long_only,CNY,U,0.001,0.00012,0.0,1,0.0005,0.1,6760.624515770859,0,27163799.771,27170560.395515773,2340295.3188591967,0,0
0,2026-06-29,A share,long_only,CNY,U,0.001,0.00012,0.0,1,0.0005,0.1,6761.139451255659,0,27119525.267,27126286.406451255,2340295.3188591967,0,0
0,2026-06-30,A share,long_only,CNY,U,0.001,0.00012,0.0,1,0.0005,0.1,6761.654425961474,0,27182378.844,27189140.49842596,2340295.3188591967,0,0
0,2026-07-01,A share,long_only,CNY,U,0.001,0.00012,0.0,1,0.0005,0.1,6762.169439891291,0,27100488.255000003,27107250.424439892,2340295.3188591967,0,0
0,2026-07-02,A share,long_only,CNY,U,0.001,0.00012,0.0,1,0.0005,0.1,6762.684493048098,0,26824971.265,26831733.949493047,2340295.3188591967,0,0
0,2026-07-03,A share,long_only,CNY,U,0.001,0.00012,0.0,1,0.0005,0.1,6763.1995854348825,0,27120500.516999997,27127263.71658543,2340295.3188591967,0,0
0,2026-07-06,A share,long_only,CNY,U,0.001,0.00012,0.0,1,0.0005,0.1,6763.714717054632,0,27235233.174999997,27241996.88971705,2340295.3188591967,0,0
0,2026-07-07,A share,long_only,CNY,U,0.001,0.00012,0.0,1,0.0005,0.1,6764.2298879103355,0,27112398.416,27119162.64588791,2340295.3188591967,0,0
0,2026-07-08,A share,long_only,CNY,U,0.001,0.00012,0.0,1,0.0005,0.1,6764.745098004981,0,26890823.249,26897587.994098008,2340295.3188591967,0,0
0,2026-07-09,A share,long_only,CNY,U,0.001,0.00012,0.0,1,0.0005,0.1,6765.260347341557,0,26900697.529,26907462.78934734,2340295.3188591967,0,0
0,2026-07-10,A share,long_only,CNY,U,0.001,0.00012,0.0,1,0.0005,0.1,6765.7756359230525,0,26894477.354000002,26901243.129635926,2340295.3188591967,0,0
0,2026-07-13,A share,long_only,CNY,U,0.001,0.00012,0.0,1,0.0005,0.1,315140.3120048775,0,26282078.057,26597218.36900488,2369112.7839075346,0,0
0,2026-07-14,A share,long_only,CNY,U,0.001,0.00012,0.0,1,0.0005,0.1,315164.31525028235,0,26279880.666,26595044.981250282,2369112.7839075346,0,0
0,2026-07-15,A share,long_only,CNY,U,0.001,0.00012,0.0,1,0.0005,0.1,315188.32032393885,0,26351264.588999998,26666452.90932394,2369112.7839075346,0,0
0,2026-07-16,A share,long_only,CNY,U,0.001,0.00012,0.0,1,0.0005,0.1,315212.3272259863,0,26134700.303,26449912.630225986,2369112.7839075346,0,0
0,2026-07-17,A share,long_only,CNY,U,0.001,0.00012,0.0,1,0.0005,0.1,315236.3359565638,0,25981262.116,26296498.451956563,2369112.7839075346,0,0
0,2026-07-18,A share,long_only,CNY,U,0.001,0.00012,0.0,1,0.0005,0.1,315260.3465158108,0,25981262.116,26296522.462515812,2369112.7839075346,0,0
