date,daily_return,daily_benchmark_return,relative_return
2017-01-03,-0.001117018348051002,0.009120909121388188,-0.01023792746943919
2017-01-04,0.001030368758867528,0.0116932141071644,-0.01066284534829687
2017-01-05,-0.0008231044419739764,0.0007209128852621038,-0.00154401732723608
2017-01-06,-0.0002695376677150918,-0.004322361265642338,0.004052823597927246
2017-01-09,0.002405726903123462,0.006874232926634027,-0.004468506023510566
2017-01-10,0.002307925807724764,-0.003349741716052845,0.00565766752377761
2017-01-11,0.001196669418581431,-0.009692004760765371,0.0108886741793468
2017-01-12,0.001250477599890276,-0.00933518215528839,0.01058565975517867
2017-01-13,-0.002566456971829667,-0.01246482858668718,0.009898371614857515
2017-01-16,0.003213114464760247,-0.02638078603184035,0.0295939004966006
2017-01-17,-0.003063322950328629,0.008427785994256531,-0.01149110894458516
2017-01-18,0.0003816855357443583,-0.002216350683237667,0.002598036218982025
2017-01-19,-0.002250268796657684,-0.004106390446545261,0.001856121649887577
2017-01-20,0.002168483588612879,0.0129606679385208,-0.01079218434990792
2017-01-23,0.00228242525006106,0.008195034302515447,-0.005912609052454387
2017-01-24,-0.00111025459664682,-0.001119541425463,9.286828816179593e-06
2017-01-25,0.001033902435357392,0.002321069995425917,-0.001287167560068525
2017-01-26,0.009318782836878148,0.007142891819333697,0.002175891017544451
2017-01-27,8.094340886444229e-08,0.0,8.094340886444229e-08
2017-01-30,8.09495677156491e-08,0.0,8.09495677156491e-08
2017-01-31,8.09557265668559e-08,0.0,8.09557265668559e-08
2017-02-01,8.096188630624113e-08,0.0,8.096188630624113e-08
2017-02-02,8.096804671176017e-08,0.0,8.096804671176017e-08
2017-02-03,-0.002896019696985719,-0.002670432908988385,-0.0002255867879973339
2017-02-06,0.001361235502728375,0.008403293652903265,-0.00704205815017489
2017-02-07,-0.001862728296397886,-0.0005304149858209595,-0.001332313310576927
2017-02-08,0.00121670217061487,0.00570179014151373,-0.00448508797089886
2017-02-09,0.0009647657967792878,0.006290927585987705,-0.005326161789208417
2017-02-10,0.001908773962113752,0.0009366342451169185,0.0009721397169968338
2017-02-13,0.002244956907223594,0.005134832754994045,-0.002889875847770451
2017-02-14,-0.0001708709944365783,0.0008226511660767155,-0.0009935221605132938
2017-02-15,0.001369804931066421,-0.009912327898991324,0.01128213283005775
2017-02-16,0.002185904435591413,0.007547887256998953,-0.00536198282140754
2017-02-17,-0.0002989714361849583,-0.008205254004346463,0.007906282568161505
2017-02-20,0.001764992274134736,0.01235104230747286,-0.01058605003333812
2017-02-21,0.00052015462042454,0.007733678305293701,-0.007213523684869161
2017-02-22,0.004867916218801671,0.00618391033252319,-0.001315994113721519
2017-02-23,0.001130162613190766,-3.707004539532655e-05,0.001167232658586093
2017-02-24,0.001516329402762029,0.0003367320616807223,0.001179597341081307
2017-02-27,-0.002090744958702095,-0.008017084171663247,0.005926339212961151
2017-02-28,0.00111761963721646,0.004159240378254214,-0.003041620741037754
2017-03-01,0.001106979297575084,0.002584107506313105,-0.001477128208738021
2017-03-02,0.01502672592385523,-0.005103870963751866,0.0201305968876071
2017-03-03,-0.001800041159269683,0.002829999549313733,-0.004630040708583416
2017-03-06,0.009193006321297048,0.009992499426608958,-0.0007994931053119103
2017-03-07,-0.009099998035883572,0.000900676965378322,-0.01000067500126189
2017-03-08,-0.00591641711295654,-0.004001109886420551,-0.001915307226535989
2017-03-09,-0.006340620541317343,-0.008882438137689297,0.002541817596371954
2017-03-10,0.004121188393362951,0.001326214635570588,0.002794973757792363
2017-03-13,0.004846444775449488,0.009302224593357167,-0.004455779817907679
2017-03-14,0.00234262704330046,-0.002215768527481954,0.004558395570782414
2017-03-15,-0.002753225717143537,-0.001142684662153282,-0.001610541054990255
2017-03-16,0.009333669532111566,0.008831247321178015,0.0005024222109335508
2017-03-17,-0.005063102837538525,-0.009183383409695933,0.004120280572157409
2017-03-20,0.001517707986914196,0.00232753634365479,-0.000809828356740594
2017-03-21,0.002775302472471042,0.002709922841833468,6.537963063757424e-05
2017-03-22,-0.01009724899007081,-0.002480068140486069,-0.007617180849584737
2017-03-23,-0.0008799535867937136,0.001907753942819612,-0.002787707529613326
2017-03-24,4.952073543829094e-05,0.005287007903639118,-0.005237487168200827
2017-03-27,-0.002887959178936916,-0.004672640232669667,0.001784681053732751
2017-03-28,0.0032250270037113,-0.002661129552810504,0.005886156556521804
2017-03-29,-0.0001457856043807215,-0.002792870563144256,0.002647084958763535
2017-03-30,-0.002674744593989975,-0.01617149188184941,0.01349674728785943
2017-03-31,0.002038554356909694,0.004063842001085449,-0.002025287644175755
2017-04-03,1.120796788711687e-10,0.0,1.120796788711687e-10
2017-04-04,1.120883386107607e-10,0.0,1.120883386107607e-10
2017-04-05,0.003297821459700812,0.02160692946349774,-0.01830910800379693
2017-04-06,-0.0002747256249084895,0.003009188115541628,-0.003283913740450117
2017-04-07,0.002259707124679045,0.002908691774713645,-0.0006489846500346008
2017-04-10,-0.0007043749809427791,-0.001852941221177851,0.001148566240235072
2017-04-11,-0.0008649562677012224,0.009537747428630672,-0.01040270369633189
2017-04-12,0.001307158453220714,-0.007948204677207027,0.00925536313042774
2017-04-13,0.002907373790704604,0.00596367661727859,-0.003056302826573987
2017-04-14,-0.001252054222640409,-0.0132321598621461,0.01198010563950569
2017-04-17,-0.002448219209394864,-0.01096174113379567,0.008513521924400802
2017-04-18,-0.001345638953428541,-0.005945853854970151,0.004600214901541611
2017-04-19,-0.008712491088565422,-0.01052629938877048,0.001813808300205055
2017-04-20,0.00115104535033228,-0.000453496886145377,0.001604542236477657
2017-04-21,-0.00100915705422866,-0.007413627147801582,0.006404470093572923
2017-04-24,0.002745280585239929,-0.02574471765880348,0.02848999824404341
2017-04-25,0.009237451724843027,0.00357742119410287,0.005660030530740157
2017-04-26,-0.00361968665220902,0.002587469117565799,-0.006207155769774819
2017-04-27,0.0004497405869057225,0.002574315135030147,-0.002124574548124425
2017-04-28,0.001657029454477987,0.003158761687902745,-0.001501732233424757
2017-05-01,2.344993068614798e-07,0.0,2.344993068614798e-07
2017-05-02,-0.005385465692185454,0.0006857849339811928,-0.006071250626166647
2017-05-03,-0.0006906350752061696,-0.002998655109618276,0.002308020034412106
2017-05-04,-0.004385978635864873,-0.003415904528937475,-0.0009700741069273988
2017-05-05,0.002481083016567354,-0.01402617420433883,0.01650725722090618
2017-05-08,0.00568536077296522,-0.01874318519199702,0.02442854596496224
2017-05-09,0.0005915902245137161,0.006101540613902667,-0.005509950389388951
2017-05-10,0.0008784469479217183,-0.02098469727212238,0.0218631442200441
2017-05-11,0.003182759325607298,-0.002242670544900904,0.005425429870508203
2017-05-12,-0.006782662840133513,-0.001508691150828301,-0.005273971689305212
2017-05-15,0.003464395463899095,0.005070108360136327,-0.001605712896237232
2017-05-16,6.295851741944247e-06,0.02056838793859672,-0.02056209208685478
2017-05-17,-0.004239797672212053,0.002148059846410311,-0.006387857518622364
2017-05-18,-0.008926584169195562,-0.008519074597894583,-0.0004075095713009791
2017-05-19,0.001168828556536106,-0.0002208724461624234,0.001389701002698529
2017-05-22,0.007603434548423493,-0.01442180559600181,0.02202524014442531
2017-05-23,0.002635244463092601,-0.02104499890470235,0.02368024336779495
2017-05-24,-0.002023133969206281,0.005961962781532382,-0.007985096750738663
2017-05-25,0.002080374553536934,0.008889080484545397,-0.006808705931008463
2017-05-26,0.003657357755088464,-0.002370615984138902,0.006027973739227366
2017-05-29,8.599366929651353e-08,0.0,8.599366929651353e-08
2017-05-30,8.600021206284225e-08,0.0,8.600021206284225e-08
2017-05-31,-0.002669499603660141,-0.002198073302232539,-0.0004714263014276021
2017-06-01,-0.0009327717972493765,-0.01959100976974992,0.01865823797250055
2017-06-02,0.008442988830191789,0.01094921190893183,-0.002506223078740044
2017-06-05,0.005681316691676042,0.007497592039525047,-0.001816275347849006
2017-06-06,-0.005195458918449525,0.004422435434505934,-0.009617894352955458
2017-06-07,-0.003393257785315629,0.01942987441624777,-0.0228231322015634
2017-06-08,-0.000680240079670047,0.0006649851721738376,-0.001345225251843885
2017-06-09,-0.0003766647580606408,0.001726805594246095,-0.002103470352306736
2017-06-12,-0.002967041724261876,-0.01112698872726481,0.008159947003002932
2017-06-13,-0.001712967702755752,0.01308012231379752,-0.01479309001655327
2017-06-14,0.001574840959613022,-0.002279241345404581,0.003854082305017603
2017-06-15,-0.004977675114487767,0.009174665587294184,-0.01415234070178195
2017-06-16,-0.00105298453890279,-0.001356879144750911,0.0003038946058481207
2017-06-19,0.00347186669654409,0.007385664393813274,-0.003913797697269183
2017-06-20,0.003328413726635171,0.001566676186687044,0.001761737539948127
2017-06-21,-0.0007301000099534383,0.001860917437241483,-0.002591017447194921
2017-06-22,0.0001309132921056833,-0.01412591577426825,0.01425682906637393
2017-06-23,0.0006724728920426415,0.003000502308784903,-0.002328029416742261
2017-06-26,0.003097225730310571,0.01685936332734905,-0.01376213759703848
2017-06-27,0.00176795124698681,0.0002503419704040777,0.001517609276582732
2017-06-28,-0.00224849092212398,-0.004410150543825875,0.002161659621701895
2017-06-29,-0.0003650217800209576,0.005057334531670676,-0.005422356311691634
2017-06-30,-0.0006433408185562151,0.003460852478097909,-0.004104193296654124
2017-07-03,0.0006471704522850175,0.006392795235054205,-0.005745624782769188
2017-07-04,-0.0001620968578620596,-0.004945446304270296,0.004783349446408236
2017-07-05,0.003718321372291555,0.007664088110170164,-0.003945766737878609
2017-07-06,0.008017623911141136,0.001241532073180895,0.006776091837960241
2017-07-07,0.005079639349930609,0.003927986906710368,0.001151652443220241
2017-07-10,-0.004738926098893481,-0.003123991127543913,-0.001614934971349569
2017-07-11,-0.003834117308093909,-0.0124980665618315,0.00866394925373759
2017-07-12,-0.001125389336919969,0.000652636078701363,-0.001778025415621332
2017-07-13,0.008601174318545901,0.0027621111399172,0.005839063178628701
2017-07-14,-0.001427689878747085,-0.003445567673128092,0.002017877794381007
2017-07-17,-0.001513935274840783,-0.04116343653018395,0.03964950125534317
2017-07-18,0.01041861069631467,0.01054546444628235,-0.0001268537499676814
2017-07-19,0.007457514719667158,0.02036396825423537,-0.01290645353456821
2017-07-20,-0.001291294209904259,0.006588154524570289,-0.007879448734474548
2017-07-21,0.000810042623026197,0.004398879867787642,-0.003588837244761445
2017-07-24,0.003367178050408537,0.006695929390755362,-0.003328751340346825
2017-07-25,-0.008622010531683766,-0.002193889215891254,-0.006428121315792512
2017-07-26,0.004166955820614549,-0.00112129485179413,0.005288250672408679
2017-07-27,-0.004453453062525425,0.006071550588120589,-0.01052500365064601
2017-07-28,0.003223672293949598,0.005084071526288758,-0.00186039923233916
2017-07-31,0.004547738043976013,0.01327978942829655,-0.008732051384320538
2017-08-01,-0.002719087789121555,-0.001819625277865944,-0.0008994625112556109
2017-08-02,0.003424898770848284,-0.005516548053460246,0.00894144682430853
2017-08-03,0.001500795020785262,0.001617118745461443,-0.0001163237246761817
2017-08-04,0.0006196535653473223,-0.005884729565935332,0.006504383131282654
2017-08-07,0.001012054602896439,0.01257807078417761,-0.01156601618128117
2017-08-08,-0.0002719434125945108,4.759321130443084e-05,-0.0003195366238989417
2017-08-09,-0.002100237983453046,0.005758504502103579,-0.007858742485556625
2017-08-10,0.0003314998375056888,-0.00801259302021129,0.008344092857716978
2017-08-11,-0.003959671601116987,-0.02035705540591692,0.01639738380479994
2017-08-14,0.001891642977681851,0.02133516414848446,-0.01944352117080261
2017-08-15,0.002681497387395204,0.003515217778229829,-0.0008337203908346247
2017-08-16,-0.002617608220371936,0.0006397709493313197,-0.003257379169703256
2017-08-17,0.001910263027545378,0.007474520478571778,-0.0055642574510264
2017-08-18,-0.003081348035248843,-0.002869920499903311,-0.0002114275353455319
2017-08-21,-0.002035958375347868,0.008825160371532581,-0.01086111874688045
2017-08-22,-0.002083516476721892,-0.004341185987026486,0.002257669510304594
2017-08-23,0.0003047071556749881,-0.008343815382105935,0.008648522537780923
2017-08-24,0.0008652476316013402,-0.006989014325976761,0.007854261957578101
2017-08-25,0.0001145513761100503,0.01082090087105536,-0.01070634949494531
2017-08-28,0.001522837069076299,0.01229805893929448,-0.01077522187021818
2017-08-29,-0.0006964732416254726,-0.002555809095691863,0.001859335854066391
2017-08-30,-0.001396777386327819,0.007069111882350043,-0.008465889268677862
2017-08-31,0.002269248409197289,0.002629597146337037,-0.0003603487371397485
2017-09-01,0.009853548649067623,0.008665575549074767,0.001187973099992856
2017-09-04,0.00120528319814972,0.005849996169462912,-0.004644712971313192
2017-09-05,-0.00172996745554066,0.00109373191077089,-0.002823699366311549
2017-09-06,0.0008708452247525589,0.005365299930308876,-0.004494454705556317
2017-09-07,-0.00197890940431944,-0.007343592972429702,0.005364683568110262
2017-09-08,0.0003864699525053528,0.002375506967950525,-0.001989037015445172
2017-09-11,0.0009490120637161148,0.01147671648783577,-0.01052770442411965
2017-09-12,0.002115606771984524,-0.0008451598058839549,0.002960766577868479
2017-09-13,0.001429591723747903,0.006076149795078534,-0.004646558071330631
2017-09-14,-0.0007684301245658443,-0.001823654549861109,0.001055224425295265
2017-09-15,-0.001693088106484275,-0.0075162727680117,0.005823184661527425
2017-09-18,-0.001487852408970314,0.00715942519223689,-0.008647277601207204
2017-09-19,-0.00269078565895331,-0.00501240731994379,0.002321621660990481
2017-09-20,0.0005812741282578138,0.008506604862553058,-0.007925330734295244
2017-09-21,-0.0002473527219396532,-0.01201649017477857,0.01176913745283892
2017-09-22,0.0006986055971573979,-0.006055610589756566,0.006754216186913964
2017-09-25,-0.0001124273500257011,-0.01250302418894678,0.01239059683892108
2017-09-26,-0.004198270652396752,0.004758206673816323,-0.008956477326213075
2017-09-27,0.002377207677830118,0.0095725625391061,-0.007195354861275982
2017-09-28,0.003474633903801205,-0.002331714045273325,0.005806347949074531
2017-09-29,0.003743239074925464,0.005400598983828608,-0.001657359908903144
2017-10-02,1.373529960879694e-07,0.0,1.373529960879694e-07
2017-10-03,1.373634395118728e-07,0.0,1.373634395118728e-07
2017-10-04,1.373738829357762e-07,0.0,1.373738829357762e-07
2017-10-05,1.373843274699027e-07,0.0,1.373843274699027e-07
2017-10-06,1.373947724481184e-07,0.0,1.373947724481184e-07
2017-10-09,0.006562034114075521,0.01137468462547275,-0.004812650511397232
2017-10-10,0.000820066308236278,0.004059373769347951,-0.003239307461111673
2017-10-11,0.00216943846086548,-0.005817629759539811,0.007987068220405291
2017-10-12,0.001356900574660092,-0.001105532613212112,0.002462433187872204
2017-10-13,-0.001746128190864837,0.007616644891952351,-0.009362773082817188
2017-10-16,0.001097930182305751,-0.01350408803812919,0.01460201822043494
2017-10-17,0.002217186964705409,-0.0009472429489320033,0.003164429913637412
2017-10-18,-0.001833958359264698,-0.007485324227953116,0.005651365868688418
2017-10-19,0.001688151727049059,-0.009452360347622535,0.01114051207467159
2017-10-20,0.000968984059710909,0.01076998800258422,-0.00980100394287331
2017-10-23,0.0009514215384702762,0.006290877770710246,-0.00533945623223997
2017-10-24,-0.002237299680298288,-0.001475934405603785,-0.0007613652746945032
2017-10-25,0.0009835651073331064,0.006798424958352367,-0.005814859851019261
2017-10-26,-0.001509815306970808,0.003616184985010262,-0.00512600029198107
2017-10-27,0.00377305547922635,-0.006163134205544707,0.009936189684771057
2017-10-30,0.00487742594323759,-0.0179540659436781,0.02283149188691569
2017-10-31,0.0003826004483871159,0.007440384780765807,-0.007057784332378692
2017-11-01,0.001566842843405913,-0.001106671890076738,0.002673514733482651
2017-11-02,0.001306077204575429,-0.01038005783654683,0.01168613504112226
2017-11-03,0.001691802879688398,-0.008936102625625941,0.01062790550531434
2017-11-06,0.002422228289347572,0.01308857348241332,-0.01066634519306575
2017-11-07,-0.001455135715721201,0.006272365652501,-0.0077275013682222
2017-11-08,-0.001327779717153921,0.001488108865465909,-0.00281588858261983
2017-11-09,0.00147469771619857,0.00756817222392403,-0.00609347450772546
2017-11-10,-0.00313413840180965,0.004517988005475315,-0.007652126407284965
2017-11-13,0.0004941795783361957,0.004515736566474304,-0.004021556988138109
2017-11-14,-0.002573809772414837,-0.008499207789891217,0.00592539801747638
2017-11-15,-0.005315888535104119,-0.01161839652521512,0.006302507990111006
2017-11-16,-0.000138268009097775,0.003158622504076503,-0.003296890513174278
2017-11-17,0.006200122857792367,-0.02994216497847779,0.03614228783627016
2017-11-20,-0.003548654847067234,0.01119627032005965,-0.01474492516712689
2017-11-21,0.001889815863363564,0.003603200288504693,-0.001713384425141129
2017-11-22,0.002813454143111072,-0.002619126906069358,0.005432581049180429
2017-11-23,-0.003749151607517653,-0.02561247561899782,0.02186332401148017
2017-11-24,0.002443087096296592,0.000560999982468724,0.001882087113827868
2017-11-27,0.003717994325500351,-0.01329716487496868,0.01701515920046903
2017-11-28,0.0007450316366723886,0.01691164007070745,-0.01616660843403506
2017-11-29,0.004109535508367124,0.003025728214677503,0.00108380729368962
2017-11-30,-0.003391049925802525,-0.008696863273280897,0.005305813347478372
2017-12-01,0.004500705504184355,0.008460234185157622,-0.003959528680973268
2017-12-04,0.007557737009076915,-0.005824511075120165,0.01338224808419708
2017-12-05,-0.008762863768182694,-0.02336287864552311,0.01460001487734042
2017-12-06,-0.006945167613392922,0.006504253282699546,-0.01344942089609247
2017-12-07,0.001275427579324306,-0.006047498703991683,0.007322926283315989
2017-12-08,0.002889115852719781,0.0110293098980192,-0.00814019404529942
2017-12-11,0.002095850613882622,0.01338515654974737,-0.01128930593586475
2017-12-12,0.00157174442973318,-0.008424843744283095,0.009996588174016274
2017-12-13,-0.000784376160820166,0.007095862324548508,-0.007880238485368674
2017-12-14,0.000550387259855567,0.001057756027935008,-0.0005073687680794414
2017-12-15,-0.004660699411719649,-0.007689271937976527,0.003028572526256879
2017-12-18,0.006502768941778259,-0.005736269516466441,0.0122390384582447
2017-12-19,0.004556681090572834,0.008266142364745654,-0.003709461274172821
2017-12-20,-0.001522432623470182,-0.008299153447955954,0.006776720824485771
2017-12-21,-0.002774816480888953,0.006313554947607658,-0.009088371428496611
2017-12-22,0.00218490469688537,0.0007020918490021621,0.001482812847883208
2017-12-25,-0.002270403771594487,-0.009176854272387125,0.006906450500792638
2017-12-26,-0.0003262254674821774,0.005587179234317174,-0.005913404701799352
2017-12-27,-0.003674524854819228,-0.007556087875694284,0.003881563020875056
2017-12-28,-0.002721926388112195,0.005041186428322852,-0.007763112816435047
2017-12-29,4.078638562887704e-06,0.007502897198219838,-0.00749881855965695
2018-01-02,-0.001827478996765941,0.01302389126546588,-0.01485137026223182
2018-01-03,0.005433960632752921,0.008846804364339267,-0.003412843731586346
2018-01-04,0.003070663039375088,0.004584980237154035,-0.001514317197778947
2018-01-05,-5.244014171390532e-05,-4.518865484282042e-05,-7.2514868710849e-06
2018-01-08,0.004515011082848241,0.004508161595699223,6.849487149018785e-06
2018-01-09,0.0006355124957519998,-6.670617326853812e-05,0.0007022186690205379
2018-01-10,0.001714002699614303,-0.006176162587751666,0.007890165287365969
2018-01-11,-0.001702728411136833,0.003122102298803942,-0.004824830709940775
2018-01-12,0.005422062650193737,-0.004134803624061156,0.009556866274254894
2018-01-15,-0.0009165264221951963,-0.02281318317271852,0.02189665675052332
2018-01-16,0.003722388478740513,0.007635870521222055,-0.003913482042481542
2018-01-17,-0.003997140872228466,-0.005343486009652287,0.001346345137423821
2018-01-18,-0.001301295544707703,0.003085779566203817,-0.00438707511091152
2018-01-19,-0.001068005743573575,-0.002293694725456485,0.001225688981882911
2018-01-22,-0.0002390675289410948,0.01199863528676515,-0.01223770281570624
2018-01-23,0.005415740496019561,0.001159486045207325,0.004256254450812236
2018-01-24,0.002222878149746865,0.006184107002360273,-0.003961228852613408
2018-01-25,0.002800385604008415,-0.001810987911108342,0.004611373515116757
2018-01-26,-0.0006150121280777965,0.0001425724456030064,-0.0007575845736808029
2018-01-29,0.002685610179235631,-0.01155298787680359,0.01423859805603922
2018-01-30,-0.003496707739764959,0.0005641945647143487,-0.004060902304479308
2018-01-31,-0.002558424432407391,-0.01965647887680877,0.01709805444440138
2018-02-01,-3.479676307593937e-05,-0.03305683643167123,0.03302203966859529
2018-02-02,-0.002435032490419875,0.003360212807908214,-0.005795245298328089
2018-02-05,-0.01303769187693671,-0.001104107513093644,-0.01193358436384306
2018-02-06,-0.0217062003861338,-0.04900787233545956,0.02730167194932576
2018-02-07,0.007094998207116454,0.00123942457040882,0.005855573636707634
2018-02-08,0.001932991568144748,0.009656244692567206,-0.007723253124422458
2018-02-09,-0.01123456592866112,-0.03669136110764282,0.02545679517898169
2018-02-12,0.00859493817510959,0.02595906316945418,-0.01736412499434459
2018-02-13,0.005436410467910102,0.006641399519222269,-0.001204989051312166
2018-02-14,0.005148364456513121,0.003116638632025825,0.002031725824487296
2018-02-15,1.123687143333996e-09,0.0,1.123687143333996e-09
2018-02-16,1.123772852551497e-09,0.0,1.123772852551497e-09
2018-02-20,1.123858339724393e-09,0.0,1.123858339724393e-09
2018-02-21,1.123944048941894e-09,0.0,1.123944048941894e-09
2018-02-22,0.002940838572152771,0.02100843986703338,-0.01806760129488061
2018-02-23,0.003703745885661025,0.003735706031420927,-3.196014575990169e-05
2018-02-26,0.009711247949154123,0.02238168228862869,-0.01267043433947457
2018-02-27,0.003586017491074012,-0.003170980881240792,0.006756998372314804
2018-02-28,-0.005681086031346316,0.002182824894851665,-0.007863910926197981
2018-03-01,-0.00214337032417633,0.01104640352741182,-0.01318977385158815
2018-03-02,-0.005346878458467264,-0.005563017427941852,0.0002161389694745885
2018-03-05,0.002499013050083709,0.001281301908413468,0.001217711141670241
2018-03-06,0.005016138350791399,0.01343645388433568,-0.008420315533544276
2018-03-07,-0.001396374734904948,-0.009615040403021413,0.008218665668116465
2018-03-08,0.002558085469871019,0.007396709762112597,-0.004838624292241578
2018-03-09,0.001633385986822722,0.01230855042232659,-0.01067516443550387
2018-03-12,0.007867641762344002,0.01430647432406751,-0.006438832561723506
2018-03-13,-0.001195974216417151,-0.006612365743402737,0.005416391526985587
2018-03-14,-0.003545673333430588,-0.01036591703109135,0.006820243697660766
2018-03-15,-0.0003404158724199524,-0.001488047152191196,0.001147631279771244
2018-03-16,-0.00179555433846823,-0.005469158315952183,0.003673603977483952
2018-03-19,-0.001124958134470666,0.001223498326638151,-0.002348456461108817
2018-03-20,-0.00452926998446368,0.003228883475819178,-0.007758153460282857
2018-03-21,0.0008728159271973457,-0.007207995205468332,0.008080811132665677
2018-03-22,0.002449853707517935,-0.004563401422697955,0.00701325513021589
2018-03-23,-0.009907079661027773,-0.05147814457084887,0.0415710649098211
2018-03-26,-0.003138812539972391,0.02001157737400971,-0.02315038991398211
2018-03-27,0.009615732191520676,0.02232947538184238,-0.0127137431903217
2018-03-28,-0.01210511158372518,-0.01017934403465259,-0.001925767549072588
2018-03-29,-0.003005195548344775,0.01029909564833065,-0.01330429119667542
2018-03-30,0.001910371957203338,0.01323642967691052,-0.01132605771970718
2018-04-02,-0.001200450215424698,0.001180753392621803,-0.0023812036080465
2018-04-03,-0.006046618735545461,-0.01016831210919378,0.004121693373648316
2018-04-04,0.0008594472498277828,-0.006934325239986827,0.00779377248981461
2018-04-05,1.725520468731645e-07,0.0,1.725520468731645e-07
2018-04-06,1.72565159939353e-07,0.0,1.72565159939353e-07
2018-04-09,0.002002385316976163,0.001322766709484835,0.000679618607491328
2018-04-10,0.006557209692553689,0.006321309734219627,0.0002358999583340626
2018-04-11,0.0002038562450930037,0.003771599705792106,-0.003567743460699102
2018-04-12,3.571653577938427e-05,-0.005796329976785031,0.005832046512564415
2018-04-13,0.0008015804324723597,-0.003989205678751717,0.004790786111224077
2018-04-16,-0.001928789392803276,-0.002452220686588569,0.0005234312937852925
2018-04-17,-0.006154543755723108,-0.02021651883354603,0.01406197507782292
2018-04-18,0.005700804685166094,0.01354640918303951,-0.007845604497873415
2018-04-19,0.005369657251695248,0.005706236831439115,-0.0003365795797438675
2018-04-20,-0.00486415031280174,-0.02063206838608889,0.01576791807328715
2018-04-23,-0.004953644250117573,-0.009678889410356328,0.004725245160238756
2018-04-24,0.00376933220446185,0.02288321268149285,-0.019113880477031
2018-04-25,-0.00453361997349977,0.0003743375651943381,-0.004907957538694108
2018-04-26,-0.005592184861468841,-0.01869980635699453,0.01310762149552569
2018-04-27,0.004442976514327235,0.002222989818706722,0.002219986695620513
2018-04-30,6.736261859430215e-08,0.0,6.736261859430215e-08
2018-05-01,6.736774471605145e-08,0.0,6.736774471605145e-08
2018-05-02,-0.0009367089674379159,-0.0009657088063770303,2.89998389391144e-05
2018-05-03,0.001022787114971724,0.00944269484844562,-0.008419907733473897
2018-05-04,2.64776411231793e-05,-0.0002233272031143541,0.0002498048442375334
2018-05-07,0.003625993821690265,0.01858937368110225,-0.01496337985941198
2018-05-08,0.0002627825138787898,0.003766318776436517,-0.003503536262557727
2018-05-09,-0.001354646237912926,-0.002082157499160187,0.0007275112612472601
2018-05-10,0.002704776811937482,0.001880837188165119,0.0008239396237723629
2018-05-11,0.001303523149806196,-0.00814989313922354,0.009453416289029737
2018-05-14,0.00105881431639987,-0.003970731088537738,0.005029545404937608
2018-05-15,-0.004105172126946055,0.008884718184179352,-0.01298989031112541
2018-05-16,-0.004953469025679835,-0.002740604294942162,-0.002212864730737674
2018-05-17,0.0009605612372454164,-0.005044911201901425,0.006005472439146842
2018-05-18,3.318682303077303e-05,0.003577299465330031,-0.003544112642299257
2018-05-21,0.004593001641442607,0.01285205541145773,-0.008259053770015123
2018-05-22,-0.0005098866149479964,0.003410625473469153,-0.00392051208841715
2018-05-23,-0.002031477727649111,-0.01297573737343893,0.01094425964578982
2018-05-24,0.00484283164634447,-0.003530184490800448,0.008373016137144917
2018-05-25,0.002150377669633441,-0.01248535698909659,0.01463573465873003
2018-05-28,0.0004210008681160282,-0.0044847747473723,0.004905775615488328
2018-05-29,-0.001162865234242139,-0.009473355445185017,0.008310490210942878
2018-05-30,-0.003647579179582805,-0.02619506636163449,0.02254748718205168
2018-05-31,0.00485154754903383,0.01264916173786945,-0.007797614188835622
2018-06-01,-0.001987260977952765,-0.01205150083326534,0.01006423985531257
2018-06-04,0.005289805236969647,-0.0003465186310931401,0.005636323868062787
2018-06-05,0.003612499973940864,0.01687972339283683,-0.01326722341889597
2018-06-06,0.0004986846163874681,-0.0008340427888176016,0.00133272740520507
2018-06-07,0.002029298952634706,-0.006276128889242893,0.0083054278418776
2018-06-08,-0.003403245520020026,-0.01197625661813662,0.00857301109811659
2018-06-11,0.004787710318644223,-0.006515795600867902,0.01130350591951212
2018-06-12,0.001433174693884709,0.01082849817838372,-0.009395323484499007
2018-06-13,0.001553733757064579,-0.01516330455707093,0.01671703831413551
2018-06-14,-0.001910162156037898,-0.003583008442987534,0.001672846286949636
2018-06-15,0.004765084552223131,-0.01843409529025797,0.0231991798424811
2018-06-18,4.353346927388202e-08,0.0,4.353346927388202e-08
2018-06-19,-0.008843892379107876,-0.06240586147915539,0.05356196910004751
2018-06-20,0.002201450347771416,0.01102356997963727,-0.008822119631865855
2018-06-21,0.00541324587010128,-0.02099496190166572,0.026408207771767
2018-06-22,-0.001423970396414065,0.01392543105565647,-0.01534940145207053
2018-06-25,0.0007152099525855604,-0.006800229452028295,0.007515439404613855
2018-06-26,-0.005093862381272185,0.006878008518974577,-0.01197187090024676
2018-06-27,-0.005691466365096653,-0.009840551287914612,0.004149084922817958
2018-06-28,-0.004068682690991698,-0.01064487718954898,0.006576194498557286
2018-06-29,0.0105325921575794,0.03217536314738956,-0.02164277098981016
2018-07-02,0.0002857042857056236,-0.01513676366870087,0.01542246795440649
2018-07-03,0.008638541566964753,0.01135483519434577,-0.002716293627381017
2018-07-04,-0.003969411950089263,-0.01458304872112104,0.01061363677103178
2018-07-05,0.003336840963903631,-0.02705932431746383,0.03039616528136746
2018-07-06,0.004855462014570655,0.002783597845370744,0.002071864169199911
2018-07-09,0.008147298099755673,0.02219896210045569,-0.01405166400070001
2018-07-10,0.001777948323936185,0.005673953265264098,-0.003896004941327913
2018-07-11,-0.004052581423107049,-0.01954042904451059,0.01548784762140354
2018-07-12,0.002521964572880231,0.02707221375015889,-0.02455024917727866
2018-07-13,0.002182295270503731,0.006126631222812984,-0.003944335952309252
2018-07-16,0.0003516032948567283,-0.001727454224384584,0.002079057519241312
2018-07-17,-0.003459269518145902,0.0001924853711117169,-0.003651754889257619
2018-07-18,0.003229620235508657,-0.007613255840806632,0.01084287607631529
2018-07-19,0.004586483122641649,-0.008786729343138289,0.01337321246577994
2018-07-20,0.0009356648344653884,0.01250555139269038,-0.011569886558225
2018-07-23,-0.0003991930127337229,0.007487560987391895,-0.007886754000125618
2018-07-24,0.005865287313739476,0.01738396624472571,-0.01151867893098624
2018-07-25,0.001235753088429492,0.0007578271098509504,0.0004779259785785417
2018-07-26,0.004176365808959304,-0.006626907731894782,0.01080327354085409
2018-07-27,0.00165486033206963,-0.004587103772082157,0.006241964104151787
2018-07-30,-0.002828364075259215,-0.01221879530374592,0.009390431228486706
2018-07-31,-0.006747322421913338,0.0006885046719962151,-0.007435827093909553
2018-08-01,0.004692797131735205,-0.01606369200881919,0.02075648914055439
2018-08-02,-0.00566947723706257,-0.02142058264141478,0.01575110540435221
2018-08-03,0.006433400773925513,-0.01326258354166632,0.01969598431559183
2018-08-06,0.0001707714325858145,-0.02119782950453875,0.02136860093712456
2018-08-07,0.002249854724391209,0.02727734314284236,-0.02502748841845115
2018-08-08,-0.003616212567660204,-0.01539277810392448,0.01177656553626427
2018-08-09,-0.001724931345496894,0.02544784728013338,-0.02717277862563028
2018-08-10,-0.0008735297961265376,0.005143093488811701,-0.006016623284938238
2018-08-13,-0.005686942000282968,0.004923954032493683,-0.01061089603277665
2018-08-14,-0.0001720354573585547,-0.003441945846718641,0.003269910389360087
2018-08-15,0.0003988489219206581,-0.02085599498201618,0.02125484390393684
2018-08-16,-0.007275046930780404,-0.009009063799335526,0.001734016868555122
2018-08-17,0.0005390046568374274,-0.01745776199428439,0.01799676665112182
2018-08-20,-0.000308591297473626,0.00616694045217292,-0.006475531749646546
2018-08-21,-0.0003329480422225028,0.01227690811459548,-0.01260985615681798
2018-08-22,-0.0004639094573790636,-0.01123471477806515,0.01077080532068608
2018-08-23,0.003332456857493504,0.005509590615709659,-0.002177133758216154
2018-08-24,0.0003152882362431608,-0.002339796902339208,0.002655085138582369
2018-08-27,0.002603195277541825,0.02221219259360008,-0.01960899731605825
2018-08-28,0.004817878032610912,0.002850766219025136,0.001967111813585776
2018-08-29,0.0007255886941965883,-0.006483441591730199,0.007209030285926787
2018-08-30,0.00418307104421145,-0.01514378910391834,0.01932686014812979
2018-08-31,-0.0007590799665128101,-0.01074557438485191,0.009986494418339098
2018-09-03,-0.001606093368280326,0.004994994620775017,-0.006601087989055343
2018-09-04,0.0004522342260067092,0.01062438131216581,-0.0101721470861591
2018-09-05,-0.002644670803344851,-0.01538766696385485,0.01274299616051
2018-09-06,-0.003110477727522709,-0.00450256800061466,0.00139209027309195
2018-09-07,-0.001415635729747011,-0.0003275371087028134,-0.001088098621044198
2018-09-10,0.001653213657552666,-0.018135223236459,0.01978843689401166
2018-09-11,0.001902079907648124,-0.0004208396388432067,0.002322919546491331
2018-09-12,0.003437171025833408,-0.001898828382487228,0.005335999408320635
2018-09-13,-0.001775346934533184,0.005803190050213347,-0.007578536984746531
2018-09-14,0.003717920827434495,-0.01082985082214094,0.01454777164957544
2018-09-17,-0.002008845852465968,-0.01449439838289701,0.01248555253043104
2018-09-18,-0.003688365239007618,0.01762562494703834,-0.02131399018604596
2018-09-19,0.003004103069568886,0.01139743482986044,-0.008393331760291556
2018-09-20,0.0004688891080844027,-0.0007198816100860705,0.001188770718170473
2018-09-21,0.004347912571174728,0.0151558684097115,-0.01080795583853678
2018-09-24,6.172599120723987e-08,0.0,6.172599120723987e-08
2018-09-25,-0.0007549462218670033,-0.002636715904786868,0.001881769682919865
2018-09-26,0.003023735515284676,0.004815807868462585,-0.001792072353177909
2018-09-27,-0.002751024677341229,-0.01251134327180448,0.009760318594463246
2018-09-28,0.002023285001213182,0.009536567004108987,-0.007513282002895805
2018-10-01,6.165507104860524e-08,0.0,6.165507104860524e-08
2018-10-02,6.165976351724112e-08,0.0,6.165976351724112e-08
2018-10-03,6.16644562079216e-08,0.0,6.16644562079216e-08
2018-10-04,6.16691493426913e-08,0.0,6.16691493426913e-08
2018-10-05,6.1673842477461e-08,0.0,6.1673842477461e-08
2018-10-08,-0.00443552698507621,-0.03212844713199858,0.02769292014692237
2018-10-09,0.0002519627068553465,-0.002496508116879514,0.002748470823734861
2018-10-10,0.0003138710313079773,-0.001078774253542192,0.001392645284850169
2018-10-11,-0.0210833199629753,-0.0696496029063326,0.0485662829433573
2018-10-12,0.008645795208904294,-0.006820788314118476,0.01546658352302277
2018-10-15,-0.0001198556875573464,-0.01844068779160557,0.01832083210404822
2018-10-16,0.0009728684426149048,-0.02368812735910819,0.0246609958017231
2018-10-17,0.01007978913597118,0.008220153768099037,0.001859635367872148
2018-10-18,-0.00240505887019693,-0.02780291190260753,0.0253978530324106
2018-10-19,-0.001828966330389648,0.02725671028204824,-0.02908567661243788
2018-10-22,-0.002254420369364296,0.04969731031325186,-0.05195173068261616
2018-10-23,-0.004545363090451948,-0.01836543476555108,0.01382007167509913
2018-10-24,0.001536440309848119,-0.001897234316666663,0.003433674626514782
2018-10-25,-0.009680336314177418,-0.002607472871211547,-0.007072863442965871
2018-10-26,0.001585449935767702,-0.0001086335318650766,0.001694083467632779
2018-10-29,-0.001770388727905359,-0.01687073094691505,0.01510034221900969
2018-10-30,-0.003149103768596784,0.01009241975433217,-0.01324152352292896
2018-10-31,0.004390602652629472,0.01617537233561817,-0.01178476968298869
2018-11-01,0.003851438634089543,0.006186001334097746,-0.002334562700008203
2018-11-02,0.004656487500549034,0.0323262727437672,-0.02766978524321817
2018-11-05,-0.00519141115857058,0.0006489482756677489,-0.005840359434238329
2018-11-06,0.002180735885481289,-0.0006147499453930116,0.0027954858308743
2018-11-07,0.004009558765026622,-0.005173385007097631,0.009182943772124252
2018-11-08,0.008660089491402623,-0.007431247933248009,0.01609133742465063
2018-11-09,-0.002940266111629342,-0.003130754644218969,0.0001904885325896277
2018-11-12,-0.0004965433292798416,0.025884663542866,-0.02638120687214585
2018-11-13,-0.006240675541143159,0.01826319981971092,-0.02450387536085408
2018-11-14,0.0007132216846408301,-0.003950880237710175,0.004664101922351005
2018-11-15,0.0007166016082098547,0.01634580058123292,-0.01562919897302306
2018-11-16,0.0007964831368216796,0.008504678763845197,-0.007708195627023517
2018-11-19,0.0001143346366658804,0.002498336588611316,-0.002384001951945436
2018-11-20,-0.004175108850340559,-0.0285372339286708,0.02436212507833024
2018-11-21,-0.003363013070452836,0.003795083141412192,-0.007158096211865028
2018-11-22,0.0007634169980417216,-0.0007333132806548459,0.001496730278696567
2018-11-23,-0.003414387210825764,-0.0387952532556417,0.03538086604481594
2018-11-26,0.0006708501529053557,-0.001668662966654244,0.0023395131195596
2018-11-27,0.0009363120123959678,0.004622824250250623,-0.003686512237854656
2018-11-28,-0.0002372199189425439,0.01235513315784087,-0.01259235307678341
2018-11-29,0.002018406477340084,-0.02164858865430241,0.0236669951316425
2018-11-30,0.003392747077001212,0.007121982649515468,-0.003729235572514256
2018-12-03,0.000293122324044548,0.03164977779808775,-0.0313566554740432
2018-12-04,-0.003795761288061472,0.0046598466945873,-0.008455607982648772
2018-12-05,-0.002942825507438629,-0.007387224136448767,0.004444398629010138
2018-12-06,-0.001795130839416403,-0.02034557043551644,0.01855043959610003
2018-12-07,0.0005289470854972222,-2.947117379148434e-05,0.0005584182592887066
2018-12-10,-0.0005097120009635026,-0.01170946914050452,0.01119975713954102
2018-12-11,-0.001356851718086305,0.008317830115316172,-0.009674681833402476
2018-12-12,0.002377118455741734,-0.0005118790054532418,0.002888997461194975
2018-12-13,-0.0005602336676446829,0.0113444957344333,-0.01190472940207798
2018-12-14,-0.007435694474749233,-0.02387039854517947,0.01643470407043024
2018-12-17,-0.002314322805608726,-0.001487168845542119,-0.0008271539600666067
2018-12-18,-0.003042137258182143,-0.005398727673674664,0.002356590415492521
2018-12-19,-0.0003379357830560759,-0.0137836727207723,0.01344573693771622
2018-12-20,0.008338798478287224,0.002791967795852113,0.005546830682435111
2018-12-21,0.0008729076743778652,-0.006718688376809889,0.007591596051187754
2018-12-24,0.0005654104534456028,0.01029982463355017,-0.009734414180104567
2018-12-25,-0.0008897613138239002,-0.01151186510461499,0.01062210379079109
2018-12-26,-0.001513814276107639,-0.004046848782750523,0.002533034506642884
2018-12-27,-0.00370758143363914,-0.01120138009366944,0.007493798660030304
2018-12-28,0.0001260363298589695,0.001626907170166669,-0.0015008708403077
2018-12-31,7.623950359914033e-10,0.0,7.623950359914033e-10
2019-01-02,-0.006778320363546531,-0.008656346868072262,0.001878026504525732
2019-01-03,0.004592286652931099,-0.004634604400816977,0.009226891053748076
2019-01-04,0.0007591076466209046,0.02384501107515291,-0.02308590342853201
2019-01-07,0.005339090867143348,0.01839045520176286,-0.01305136433461951
2019-01-08,-0.0002870558735538209,-0.002569770912618341,0.00228271503906452
2019-01-09,-0.001730026857786782,0.002681598204474778,-0.004411625062261559
2019-01-10,0.003729670156016773,-0.001611184558743095,0.005340854714759868
2019-01-11,-0.001170032203654192,0.00771160196736953,-0.008881634171023722
2019-01-14,-0.002353111278814546,-0.006565651883714052,0.004212540604899506
2019-01-15,-0.005069733110007912,0.01418623368443139,-0.01925596679443931
2019-01-16,-0.0008446562741726282,-0.002410658422582812,0.001566002148410184
2019-01-17,0.005599479126743301,-0.007643743889616639,0.01324322301635994
2019-01-18,0.002892760368961689,0.01024227820983215,-0.007349517840870456
2019-01-21,0.001495698992844074,0.005938621972901181,-0.004442922980057107
2019-01-22,0.0005442758207552245,-0.01494868107270164,0.01549295689345687
2019-01-23,-0.002663197859464561,0.001724598154703161,-0.004387796014167722
2019-01-24,-0.0002916437227209467,0.00521122974826671,-0.005502873470987657
2019-01-25,0.003176896407587337,-0.004548000654653994,0.007724897062241332
2019-01-28,-0.00135598404627546,-0.002598160446827924,0.001242176400552464
2019-01-29,-0.003339775301469228,-0.01228866879332846,0.008948893491859233
2019-01-30,-0.0002277613561405545,-0.01002987572544423,0.009802114369303672
2019-01-31,0.00878904568009542,-0.00834595713763342,0.01713500281772884
2019-02-01,0.006301121633873308,0.02820563777544205,-0.02190451614156874
2019-02-04,2.788131467923449e-07,0.0,2.788131467923449e-07
2019-02-05,2.788343054227482e-07,0.0,2.788343054227482e-07
2019-02-06,2.788554653854192e-07,0.0,2.788554653854192e-07
2019-02-07,2.788766271244469e-07,0.0,2.788766271244469e-07
2019-02-08,2.788977906398316e-07,0.0,2.788977906398316e-07
2019-02-11,-0.001087191568668433,0.02528951370081511,-0.02637670526948355
2019-02-12,0.002914700370374668,0.00831503087758656,-0.005400330507211892
2019-02-13,0.006720296546700588,0.01642759962878548,-0.009707303082084895
2019-02-14,-0.0006903698829596738,0.004379034706509355,-0.005069404589469029
2019-02-15,-0.003779253219645451,-0.006495784580013653,0.002716531360368202
2019-02-18,0.009778666270684466,0.03514978690705428,-0.02537112063636981
2019-02-19,-0.0001316564434168388,0.001347350354001131,-0.00147900679741797
2019-02-20,-0.003202683450295618,7.2847568605372e-05,-0.00327553101890099
2019-02-21,-0.000275554663605404,-0.001816771716634968,0.001541217053029564
2019-02-22,-0.002913744106769811,0.02536090351438247,-0.02827464762115228
2019-02-25,-0.0004074291501617866,0.055899776024114,-0.05630720517427579
2019-02-26,-0.003257406252602402,-0.001151783678769447,-0.002105622573832955
2019-02-27,0.0005107917969418008,-0.004100394161800858,0.004611185958742658
2019-02-28,-0.002066496547214691,0.001476719251954917,-0.003543215799169608
2019-03-01,0.003295400986975228,0.008345787009306882,-0.005050386022331654
2019-03-04,-0.001292307076628529,0.01796247654043737,-0.0192547836170659
2019-03-05,-0.003785911268388453,0.0265671497116271,-0.03035306098001556
2019-03-06,0.001127354486658572,0.0178913713885358,-0.01676401690187723
2019-03-07,-0.003985336316744359,0.01272534661217106,-0.01671068292891542
2019-03-08,-0.01168265023042492,-0.03900619570514163,0.02732354547471672
2019-03-11,0.001978781266641416,0.04016241874297055,-0.03818363747632914
2019-03-12,0.009606608333695421,0.01734116758730142,-0.007734559253605999
2019-03-13,-0.002205147836713661,-0.02272383354350571,0.02051868570679205
2019-03-14,0.003639496789948904,-0.023292767002282,0.0269322637922309
2019-03-15,0.001633148185038236,0.01142021326790599,-0.009787065082867752
2019-03-18,0.008767547972658996,0.02652915370562847,-0.01776160573296948
2019-03-19,0.001586115533513066,0.003817362820340398,-0.002231247286827331
2019-03-20,-0.002451966761497837,-0.001157151704580528,-0.001294815056917309
2019-03-21,-0.0009233951339507884,0.01335982696948212,-0.01428322210343291
2019-03-22,0.005732692626285729,0.005843119574629574,-0.0001104269483438447
2019-03-25,-0.01314488902190736,-0.01289010946009883,-0.0002547795618085269
2019-03-26,0.003148458888827754,-0.02789174851838039,0.03104020740720814
2019-03-27,0.002278833474762987,0.009824129545050075,-0.007545296070287089
2019-03-28,-0.001405197623942755,-0.01427344214630277,0.01286824452236002
2019-03-29,0.003840994004268516,0.03306071372706754,-0.02921971972279902
2019-04-01,0.004498785702757635,0.03788624392987328,-0.03338745822711564
2019-04-02,0.001882922669458331,0.003075806205104614,-0.001192883535646283
2019-04-03,0.003204855995928124,0.01047346140194438,-0.00726860540601626
2019-04-04,0.001920761924428582,0.006086318805217372,-0.00416555688078879
2019-04-05,8.00818635848799e-08,0.0,8.00818635848799e-08
2019-04-08,0.002603479353936011,-0.004075577870276459,0.00667905722421247
2019-04-09,-0.001003673472449673,0.001781918486634781,-0.002785591959084455
2019-04-10,-0.00365859732155327,-0.001244441409684049,-0.00241415591186922
2019-04-11,0.003135802249802255,-0.02112375144425682,0.02425955369405908
2019-04-12,0.0001606796377504605,-0.002234960722311441,0.002395640360061901
2019-04-15,0.003156190940331483,-0.01021809928303563,0.01337429022336711
2019-04-16,0.002268384480090369,0.02139859051835424,-0.01913020603826388
2019-04-17,0.0007469448690626823,0.005317629708101457,-0.004570684839038774
2019-04-18,0.0003259047900712186,-0.005606321230497868,0.005932226020569087
2019-04-19,0.002597584016786891,0.006062159209166085,-0.003464575192379193
2019-04-22,-0.001206207686719751,-0.01499781418131629,0.01379160649459654
2019-04-23,0.0022397657036064,-0.01659607481338576,0.01883584051699216
2019-04-24,0.00623675344867336,0.0091807834315909,-0.00294402998291754
2019-04-25,0.0009947984451434966,-0.03896488037283452,0.03995967881797802
2019-04-26,0.0002663350147689147,-0.0092316091469693,0.009497944161738214
2019-04-29,0.003335049479575636,-0.02633676218512093,0.02967181166469657
2019-04-30,0.00240289443574393,0.007968702522029858,-0.005565808086285928
2019-05-01,4.697279210041927e-08,0.0,4.697279210041927e-08
2019-05-02,4.697636790673698e-08,0.0,4.697636790673698e-08
2019-05-03,4.697994371305469e-08,0.0,4.697994371305469e-08
2019-05-06,-0.01195667730576333,-0.07513056847214161,0.06317389116637828
2019-05-07,0.006087769774695717,0.01316003911342878,-0.007072269338733062
2019-05-08,-0.01000567871386859,-0.005159448264768551,-0.004846230449100042
2019-05-09,3.58918980771783e-05,-0.0119913334168732,0.01202722531495037
2019-05-10,0.0007111601941347523,0.03598511581475372,-0.03527395562061897
2019-05-13,0.0008545897981431239,-0.01153560596486791,0.01239019576301104
2019-05-14,-0.007972299606325839,-0.0080485027667353,7.62031604094604e-05
2019-05-15,0.002495692060927368,0.02234367982986996,-0.01984798776894259
2019-05-16,0.002235406086656511,0.006264084340577014,-0.004028678253920503
2019-05-17,0.004508600869574497,-0.03245268540196844,0.03696128627154294
2019-05-20,-0.001683853732507012,-0.003848192644327342,0.002164338911820329
2019-05-21,-0.002325027294367343,0.01752999861888549,-0.01985502591325283
2019-05-22,0.0006042696271253423,-0.006682808136737939,0.007287077763863281
2019-05-23,-0.001708005069586904,-0.0207921806771576,0.0190841756075707
2019-05-24,-0.001441367752870071,-0.006394523201694202,0.004953155448824131
2019-05-27,0.001711706647470335,0.02503015432404743,-0.02331844767657709
2019-05-28,0.001416315746595398,-0.001503138254465575,0.002919454001060973
2019-05-29,-0.003882590851260859,0.000276461056323285,-0.004159051907584144
2019-05-30,-0.002896944759334774,-0.006145019225880954,0.00324807446654618
2019-05-31,-0.0006605792026188606,-0.002923026956804131,0.002262447754185271
2019-06-03,-0.001142357884339029,-0.01184446254071669,0.01070210465637766
2019-06-04,0.002354136171178967,-0.01203382078445425,0.01438795695563322
2019-06-05,0.00965013829348016,-0.002416894488688204,0.01206703278216836
2019-06-06,0.002010853332836682,-0.02195734789352444,0.02396820122636112
2019-06-07,1.032642120701865e-07,0.0,1.032642120701865e-07
2019-06-10,0.007061018609459513,0.009934213619789967,-0.002873195010330454
2019-06-11,-0.0006681124641231273,0.03729106969775198,-0.0379591821618751
2019-06-12,0.001033978497289034,-0.0077486957994235,0.008782674296712534
2019-06-13,0.0005045873092008879,0.002911489485945218,-0.00240690217674433
2019-06-14,0.004764855048014383,-0.01683597634106582,0.0216008313890802
2019-06-17,-0.003672717098112788,0.001520165654265604,-0.005192882752378392
2019-06-18,0.001414220238401098,-0.001180556423101442,0.00259477666150254
2019-06-19,0.002939327347011078,0.01287639535974483,-0.009937068012733752
2019-06-20,0.006860779091674152,0.01971837363035389,-0.01285759453867974
2019-06-21,0.005464061503246409,0.01343766461542817,-0.00797360311218176
2019-06-24,0.004099017944703132,0.0005755470186066258,0.003523470926096506
2019-06-25,0.003256069402246764,-0.009794594164245107,0.01305066356649187
2019-06-26,-0.003648476539822032,-0.002492467321542291,-0.001156009218279741
2019-06-27,-0.003536636221575185,0.009045679776084503,-0.01258231599765969
2019-06-28,-0.0007506862803738912,-0.01138297107527142,0.01063228479489753
2019-07-01,0.002086137165746127,0.03025565197718216,-0.02816951481143604
2019-07-02,0.0007196655375574235,-0.003107684706269986,0.00382735024382741
2019-07-03,0.006777571502028623,-0.008592934086747439,0.01537050558877606
2019-07-04,0.000592661534638772,-0.003114634417305417,0.003707295951944189
2019-07-05,0.0002360541333239485,0.003510433789318146,-0.003274379655994197
2019-07-08,-0.004391433774540654,-0.03408518519987469,0.02969375142533404
2019-07-09,-0.003205269439379266,0.002225516241751935,-0.005430785681131201
2019-07-10,-0.0004507647658461567,-0.007735137106124612,0.007284372340278455
2019-07-11,0.006402732322941418,0.0001424483779466357,0.006260283944994782
2019-07-12,-0.001307841892342565,0.003513226202640052,-0.004821068094982617
2019-07-15,0.001898150634702223,0.01311304784256939,-0.01121489720786717
2019-07-16,-0.001837395627645289,0.001366408680045339,-0.003203804307690628
2019-07-17,-0.001908034247617652,-0.0006021836761590516,-0.0013058505714586
2019-07-18,-0.005345619016785763,-0.01723851104059992,0.01189289202381416
2019-07-19,0.005048869033573267,0.007138566217530062,-0.002089697183956796
2019-07-22,-0.004636916732744578,-0.02093184850851348,0.01629493177576891
2019-07-23,0.004166597033502528,0.009912971023140038,-0.00574637398963751
2019-07-24,0.003710482751029476,0.01018051708983569,-0.006470034338806219
2019-07-25,0.00288055711624513,0.003818979156705593,-0.0009384220404604626
2019-07-26,-0.003847769143069613,0.00132266479135823,-0.005170433934427843
2019-07-29,0.003470104040617761,-0.0002225348144486716,0.003692638855066432
2019-07-30,-4.980452936154123e-05,0.005288930819151272,-0.005338735348512813
2019-07-31,-0.004295437030996996,-0.004005752683366781,-0.0002896843476302147
2019-08-01,-0.008138425657347348,-0.006675232501223594,-0.001463193156123754
2019-08-02,0.004784634796261455,-0.01243206507790828,0.01721669987416974
2019-08-05,0.00511049247970452,-0.01204593839398582,0.01715643087369034
2019-08-06,-0.006896829889583844,-0.02134268241869686,0.01444585252911301
2019-08-07,0.006232075984389907,-0.005203674396201952,0.01143575038059186
2019-08-08,0.005096219844586081,0.006428379979076526,-0.001332160134490445
2019-08-09,0.00723185935996784,-0.01197354008719742,0.01920539944716526
2019-08-12,-0.0003990726981822901,0.0184094688447618,-0.01880854154294409
2019-08-13,-0.001678841016540367,-0.005688318562915073,0.004009477546374707
2019-08-14,-0.0007316033193716098,0.005463260912031753,-0.006194864231403363
2019-08-15,-0.006907247583569087,0.004848585775773628,-0.01175583335934272
2019-08-16,0.001143918654222142,0.003422889377569405,-0.002278970723347262
2019-08-19,0.003005336057261276,0.03226571466080563,-0.02926037860354436
2019-08-20,0.0008840677955381793,-0.000498457448554368,0.001382525244092547
2019-08-21,-0.0004687962877352181,0.002074863368913382,-0.0025436596566486
2019-08-22,0.002461302736622928,0.001062932136186356,0.001398370600436571
2019-08-23,0.001597864033270335,-2.045864183286561e-06,0.001599909897453622
2019-08-26,0.002563618433868653,-0.00663679698848163,0.009200415422350283
2019-08-27,0.004196016193143581,0.01661222623603109,-0.01241621004288751
2019-08-28,-0.0001870864993857024,-0.001606524962926459,0.001419438463540756
2019-08-29,0.003336066745184274,0.001215456384595637,0.002120610360588637
2019-08-30,-0.0004206661789123434,-0.009665233128909101,0.009244566949996758
2019-09-02,-0.0008132176229787014,0.02492791349209766,-0.02574113111507637
2019-09-03,0.0007839545072052534,0.007164107581414836,-0.006380153074209582
2019-09-04,0.002496399466007881,0.009732007977510726,-0.007235608511502845
2019-09-05,0.004796845587026199,0.008862675648453555,-0.004065830061427356
2019-09-06,-0.005184091553101622,0.003158564614345716,-0.008342656167447338
2019-09-09,0.002063621561736229,0.02111107662222778,-0.01904745506049155
2019-09-10,-0.004621791843201772,-0.003448302067461273,-0.001173489775740499
2019-09-11,0.002716648952192147,-0.005341914967847528,0.008058563920039674
2019-09-12,0.002036856413735855,0.004853094230912847,-0.002816237817176992
2019-09-13,2.379634305160749e-07,0.0,2.379634305160749e-07
2019-09-16,-0.0004142927269493724,0.001474456425330173,-0.001888749152279545
2019-09-17,-0.001456016370873447,-0.02093007310002792,0.01947405672915448
2019-09-18,0.0009352324117795074,0.0001147759437403195,0.0008204564680391879
2019-09-19,0.0001960385952421984,0.009848201920234168,-0.00965216332499197
2019-09-20,0.003866452652797614,0.002467414146122504,0.00139903850667511
2019-09-23,-0.001437568412372636,-0.006340691096901163,0.004903122684528527
2019-09-24,0.0006003452690959143,0.001790589927834985,-0.00119024465873907
2019-09-25,-0.005596783395608207,-0.01809201002173422,0.01249522662612601
2019-09-26,-0.00400980247827909,-0.02295454500777483,0.01894474252949574
2019-09-27,-0.0009620984628412321,0.007120380504764379,-0.00808247896760561
2019-09-30,0.00304165954134139,-0.01293143919946149,0.01597309874080288
2019-10-01,8.293335929110413e-08,0.0,8.293335929110413e-08
2019-10-02,8.293966913264228e-08,0.0,8.293966913264228e-08
2019-10-03,8.294597986235885e-08,0.0,8.294597986235885e-08
2019-10-04,8.295229037003082e-08,0.0,8.295229037003082e-08
2019-10-07,8.295860198792582e-08,0.0,8.295860198792582e-08
2019-10-08,-0.005764551013399233,0.00017405735797138,-0.005938608371370613
2019-10-09,-0.0006593493903545022,0.008335087094476279,-0.008994436484830781
2019-10-10,0.001263393584199468,0.01272539359214919,-0.01146200000794972
2019-10-11,0.004828428526566952,0.001815169746114176,0.003013258780452777
2019-10-14,0.001896341497012566,0.01495592936038226,-0.01305958786336969
2019-10-15,0.003824850968439764,-0.01366755471017111,0.01749240567861088
2019-10-16,0.005244517943405302,-0.00447342422446162,0.009717942167866922
2019-10-17,-0.0008701199064343745,-0.001689041672290004,0.0008189217658556291
2019-10-18,-2.694156623950228e-05,-0.01352724236309233,0.01350030079685283
2019-10-21,-0.001138776955739274,-0.002170578881496965,0.001031801925757692
2019-10-22,0.003844509552760167,0.01100980804033092,-0.007165298487570748
2019-10-23,-0.003247847167483831,-0.007663493522190534,0.004415646354706704
2019-10-24,0.002177860837429657,-0.0017998103555531,0.003977671192982757
2019-10-25,0.000481674929007081,0.007325165128825528,-0.006843490199818447
2019-10-28,0.001617108112631493,0.01799954750859434,-0.01638243939596284
2019-10-29,0.001114287147389481,-0.01509695209136841,0.01621123923875789
2019-10-30,-0.001132804354112116,-0.01194358299502174,0.01081077864090962
2019-10-31,0.001056825080242518,-0.006160189171163455,0.007217014251405973
2019-11-01,0.0002478210461007713,0.009136905125045391,-0.00888908407894462
2019-11-04,0.00253375251264254,0.005136679194333249,-0.002602926681690709
2019-11-05,0.003567433162151357,0.007510264964393443,-0.003942831802242086
2019-11-06,-0.003886547549142416,-0.01006308081109597,0.006176533261953554
2019-11-07,0.001673200450111434,0.006500855322801424,-0.00482765487268999
2019-11-08,-0.001845813206468372,-0.003750696515127605,0.001904883308659233
2019-11-11,-0.0008323970439126915,-0.02247864498655849,0.0216462479426458
2019-11-12,0.005000794191022173,0.001117682766767158,0.003883111424255015
2019-11-13,0.000324748725018642,-0.00124344222500361,0.001568190950022252
2019-11-14,-3.650814920042045e-05,0.007500707613925739,-0.007537215763126159
2019-11-15,0.00357542466842653,-0.008890273222708744,0.01246569789113527
2019-11-18,0.004594993673622927,0.004933818635949105,-0.0003388249623261785
2019-11-19,0.003514536784642086,0.01689334199973014,-0.01337880521508805
2019-11-20,-0.005322648117836226,-0.005794846747107063,0.0004721986292708369
2019-11-21,-0.005049816569631327,-0.0001132163969689293,-0.004936600172662398
2019-11-22,0.002723621316325753,-0.008419401017445427,0.01114302233377118
2019-11-25,0.005277963245704731,-0.000526092559664626,0.005804055805369357
2019-11-26,0.005145799192159073,-0.003945730898704536,0.009091530090863609
2019-11-27,0.0005289404647852436,0.00452668490995789,-0.003997744445172646
2019-11-28,0.00122936180050548,-0.003058565410479885,0.004287927210985365
2019-11-29,-0.001201925320467256,0.0011617299959501,-0.002363655316417357
2019-12-02,0.005563329856124621,0.002140986406370837,0.003422343449753784
2019-12-03,-0.01030455407210806,0.004287094683024018,-0.01459164875513208
2019-12-04,-0.004636992475597901,-0.001173258634513674,-0.003463733841084227
2019-12-05,0.00545858708239999,0.009537319104918618,-0.004078732022518627
2019-12-06,0.0004556961310773211,0.00863797407198641,-0.008182277940909088
2019-12-09,0.004130780528307509,0.00281208898894536,0.001318691539362149
2019-12-10,-0.003533454696325822,0.004866058989770217,-0.008399513686096038
2019-12-11,-0.001247746412364803,-0.00431170220140431,0.003063955789039507
2019-12-12,0.004246018326293566,-0.003039416941168938,0.007285435267462503
2019-12-13,0.002440184298735382,0.01230845969672778,-0.009868275397992399
2019-12-16,0.003291371628462381,0.01820174271585384,-0.01491037108739146
2019-12-17,0.003546275596177928,0.01355390202166462,-0.01000762642548669
2019-12-18,-0.003945961690438371,-0.0001795242988049672,-0.003766437391633404
2019-12-19,-0.001875122569071186,0.001264536438515318,-0.003139659007586504
2019-12-20,0.004272851312221437,-0.01088569826050123,0.01515854957272267
2019-12-23,0.003495285425217931,-0.01935124250676989,0.02284652793198783
2019-12-24,0.003047235132796589,0.01528612310324817,-0.01223888797045158
2019-12-25,-0.001397428151227009,0.004073947079369367,-0.005471375230596376
2019-12-26,0.002996623361880335,0.006953367675715194,-0.003956744313834859
2019-12-27,0.006625748412663057,-0.00765451779411952,0.01428026620678258
2019-12-30,0.001300702162504663,0.0121157941685861,-0.01081509200608144
2019-12-31,-0.0004330500236591206,0.004906580388176929,-0.005339630411836049
2020-01-02,0.005110623238960166,0.01869520811897507,-0.0135845848800149
2020-01-03,0.00356898817908724,0.002702128531868242,0.0008668596472189982
2020-01-06,-0.0001681858908715306,0.01007500966427788,-0.01024319555514941
2020-01-07,0.002984587090580915,0.01195801172065458,-0.008973424630073668
2020-01-08,-0.006859132312669769,-0.01382585675219639,0.006966724439526617
2020-01-09,0.00601480812181765,0.01359563405730291,-0.007580825935485258
2020-01-10,0.002448535403579921,-0.003148681046431734,0.005597216450011655
2020-01-13,-0.001767928190232526,0.01448844300330476,-0.01625637119353729
2020-01-14,0.005341178093505539,-0.00311171786611697,0.008452895959622508
2020-01-15,0.0004513534139416464,-0.002219283225647017,0.002670636639588664
2020-01-16,0.0009531521197345683,-0.0004267607951493613,0.00137991291488393
2020-01-17,0.0004618125737687606,-0.00318759983863004,0.0036494124123988
2020-01-20,-0.003561248295450681,0.01406339325414474,-0.01762464154959542
2020-01-21,-0.000419683261149939,-0.01138246885033489,0.01096278558918495
2020-01-22,-0.004191496892124391,0.009335727759534063,-0.01352722465165845
2020-01-23,-0.002009273007512302,-0.03547119456336734,0.03346192155585503
2020-01-24,4.934728403682698e-08,0.0,4.934728403682698e-08
2020-01-27,4.935103992131928e-08,0.0,4.935103992131928e-08
2020-01-28,4.935479691603462e-08,0.0,4.935479691603462e-08
2020-01-29,4.935855324461613e-08,0.0,4.935855324461613e-08
2020-01-30,4.936231046137607e-08,0.0,4.936231046137607e-08
2020-01-31,4.936606790018061e-08,0.0,4.936606790018061e-08
2020-02-03,-0.02644659729807186,-0.08680970072930272,0.06036310343123086
2020-02-04,0.0134064341235407,0.01742450467327794,-0.00401807054973724
2020-02-05,0.008893078088745288,0.02551601430609995,-0.01662293621735467
2020-02-06,0.008490628256484944,0.03101702589403521,-0.02252639763755027
2020-02-07,0.003225534725594281,0.008357168140922688,-0.005131633415328407
2020-02-10,0.002904697863623795,0.01152610079894267,-0.008621402935318878
2020-02-11,0.0104941340825524,-0.005040419861778167,0.01553455394433056
2020-02-12,0.008800712078521844,0.01840418705980662,-0.009603474981284776
2020-02-13,0.02187396889912208,-0.008628284141796061,0.03050225304091814
2020-02-14,-0.01878047801730942,0.001470577367888248,-0.02025105538519767
2020-02-17,-0.0001008132699338304,0.03203217237308142,-0.03213298564301525
2020-02-18,-0.009734084025423084,0.01186356453907833,-0.02159764856450141
2020-02-19,-0.001046047552085705,-0.01016638961562044,0.009120342063534737
2020-02-20,-0.0003805153770812808,0.01846246649272021,-0.01884298186980149
2020-02-21,-0.002536231123807853,0.01354896253708349,-0.01608519366089134
2020-02-24,-0.005664146599970388,0.01408014827032367,-0.01974429487029405
2020-02-25,-0.0001031683545079654,0.005498280615193751,-0.005601448969701717
2020-02-26,-0.003451947949312695,-0.02616773939759776,0.02271579144828506
2020-02-27,-0.003821307292559251,0.001800330466849687,-0.005621637759408937
2020-02-28,-0.01280884623482736,-0.05256416272574482,0.03975531649091746
2020-03-02,0.004499134450552722,0.03762962528135549,-0.03313049083080277
2020-03-03,-0.001651639153856022,0.009475958291640385,-0.01112759744549641
2020-03-04,0.004572918808624316,0.00113659847075831,0.003436320337866006
2020-03-05,0.0001302826152922432,0.01480098871514257,-0.01467070609985033
2020-03-06,0.00149205636220362,-0.006422897647350934,0.007914954009554553
2020-03-09,-0.01023398216451521,-0.04129871301523635,0.03106473085072115
2020-03-10,-0.001010384258484209,0.0270168047457211,-0.02802718900420531
2020-03-11,-0.001351935229150225,-0.01507988391414439,0.01372794868499416
2020-03-12,-0.007835942066161006,-0.01711235112791232,0.009276409061751312
2020-03-13,-0.009118839826161795,-0.006676520055043156,-0.00244231977111864
2020-03-16,-0.01086174223597025,-0.04711023968335415,0.0362484974473839
2020-03-17,-0.01235369477953374,0.002298028310939726,-0.01465172309047347
2020-03-18,0.005109096672569757,-0.01776456909552082,0.02287366576809058
2020-03-19,-0.006506593316062514,0.007491009811562366,-0.01399760312762488
2020-03-20,0.00957594286697816,0.0119158869444842,-0.00233994407750604
2020-03-23,0.005809039719933295,-0.04222229886114559,0.04803133858107889
2020-03-24,0.0127290094797452,0.01943023579140246,-0.00670122631165726
2020-03-25,0.01290623357407172,0.02381849436032679,-0.01091226078625507
2020-03-26,-0.005828635530235271,-0.009834362577672562,0.004005727047437291
2020-03-27,0.003521736942130982,-0.005568987110224022,0.009090724052355004
2020-03-30,-0.001516427367888484,-0.02138266106584352,0.01986623369795504
2020-03-31,0.001500248557016359,0.002776733519112007,-0.001276484962095648
2020-04-01,-0.008260003018847217,-0.004409445695186864,-0.003850557323660353
2020-04-02,0.003141870119000023,0.0254979857428046,-0.02235611562380457
2020-04-03,-0.002195588119561886,-0.007802300279763696,0.00560671216020181
2020-04-06,9.206522211258061e-10,0.0,9.206522211258061e-10
2020-04-07,0.01262902863567006,0.03133517654061846,-0.0187061479049484
2020-04-08,-0.003390900769124183,0.0008980324924483529,-0.004288933261572536
2020-04-09,0.003722950076294085,0.009609621002314217,-0.005886670926020132
2020-04-10,-0.0009024978665721495,-0.021409273155646,0.02050677528907385
2020-04-13,-0.001994076140478751,-0.007551103866556885,0.005557027726078134
2020-04-14,0.005828201441934189,0.02310037568821355,-0.01727217424627936
2020-04-15,-0.0001829610363243139,-0.003751472509685994,0.00356851147336168
2020-04-16,-0.003587087517148979,0.009152075919335756,-0.01273916343648474
2020-04-17,-0.001449724674701836,0.0002783540249426952,-0.001728078699644531
2020-04-20,-0.003761646245663441,0.01190948490631683,-0.01567113115198027
2020-04-21,-0.001415242950094986,-0.007044124724301715,0.005628881774206729
2020-04-22,0.002841866091408018,0.008185064035868939,-0.00534319794446092
2020-04-23,0.007884147236909111,-0.005536767626521555,0.01342091486343067
2020-04-24,-0.001868722022149938,-0.01572290067359861,0.01385417865144867
2020-04-27,0.005604841610458822,-0.001484768324942376,0.007089609935401198
2020-04-28,0.003235738534378196,-0.007191799032231105,0.0104275375666093
2020-04-29,0.00964654120781816,-0.0001989345524450181,0.009845475760263178
2020-04-30,0.007918106794498003,0.02430736912189246,-0.01638926232739446
2020-05-01,7.933211754185265e-08,0.0,7.933211754185265e-08
2020-05-04,7.933815360239294e-08,0.0,7.933815360239294e-08
2020-05-05,7.934419010702243e-08,0.0,7.934419010702243e-08
2020-05-06,-0.008297794421819549,0.01820368855367893,-0.02650148297549848
2020-05-07,-0.006154816649645789,-0.001021770873843364,-0.005133045775802425
2020-05-08,0.008567898283177833,0.0113758435477207,-0.002807945264542866
2020-05-11,0.001138670697983235,-0.002089801550556492,0.003228472248539727
2020-05-12,-0.006019630631528217,0.002960232451934885,-0.008979863083463102
2020-05-13,-0.000430321599589667,0.004321119790438255,-0.004751441390027922
2020-05-14,-0.002765972351381873,-0.008881414957335965,0.006115442605954091
2020-05-15,0.004345621935463395,0.003794347115330332,0.0005512748201330631
2020-05-18,0.005283197849213606,-0.00528510710920449,0.0105683049584181
2020-05-19,0.001436590738439492,0.01260490397567371,-0.01116831323723422
2020-05-20,-0.001363745903693703,-0.01048688868540781,0.00912314278171411
2020-05-21,-0.002400371189070105,-0.01157258137967465,0.009172210190604546
2020-05-22,-0.007066230892215475,-0.01804956350427656,0.01098333261206108
2020-05-25,0.004302467185422154,-0.002182713584060636,0.00648518076948279
2020-05-26,0.005640998245077133,0.01948801865854111,-0.01384702041346397
2020-05-27,-0.005229099627544365,-0.00935572606965418,0.004126626442109815
2020-05-28,0.0040233501134328,-0.001551354874755551,0.00557470498818835
2020-05-29,-0.0001025005108049593,0.008425399679547585,-0.008527900190352544
2020-06-01,0.002197261557598917,0.03017568262447412,-0.0279784210668752
2020-06-02,0.0003048971702661607,-0.000545831926858531,0.0008507290971246917
2020-06-03,0.001316732232175655,0.001054533957071557,0.0002621982751040974
2020-06-04,0.0007199162712114848,0.0007967970195483787,-7.688074833689384e-05
2020-06-05,-0.001126524314710053,0.001554668938001491,-0.002681193252711545
2020-06-08,-0.002624996199895313,-0.001811860164499746,-0.0008131360353955674
2020-06-09,0.002372201981731381,0.006292038096604724,-0.003919836114873343
2020-06-10,0.002175042378827374,0.0008662514838566615,0.001308790894970713
2020-06-11,-0.002812943311565452,-0.004655188380193742,0.00184224506862829
2020-06-12,-0.01333583192468257,0.0004276180422606579,-0.01376344996694323
2020-06-15,-0.01805581239450516,-0.0001520167254165372,-0.01790379566908862
2020-06-16,0.02895888163428673,0.01872057581958408,0.01023830581470264
2020-06-17,0.003205970796604118,0.007044405035731227,-0.003838434239127109
2020-06-18,-0.004067920886493659,-0.0001778422504368216,-0.003890078636056837
2020-06-19,0.002229290247929505,0.009198869977678603,-0.006969579729749098
2020-06-22,-0.0027366211510228,-0.0005391254762706632,-0.002197495674752137
2020-06-23,0.002704778209893455,0.003511392575764827,-0.000806614365871372
2020-06-24,0.003492222999917471,-0.002627344366456841,0.006119567366374312
2020-06-25,5.123124724448758e-08,0.0,5.123124724448758e-08
2020-06-26,5.123514679183927e-08,0.0,5.123514679183927e-08
2020-06-29,-0.01749515143625724,-0.004603486903813958,-0.01289166453244328
2020-06-30,0.002683395692726798,0.0176973643109517,-0.0150139686182249
2020-07-01,0.0123575852762583,0.002978981723682939,0.00937860355257536
2020-07-02,0.005827645272818982,0.01587754956315046,-0.01004990429033148
2020-07-03,0.007469991875253656,0.01275756115194615,-0.005287569276692494
2020-07-06,0.01616545533061253,0.04103769141916658,-0.02487223608855404
2020-07-07,0.0005731032952038806,0.01272728715763072,-0.01215418386242684
2020-07-08,0.00767687661769334,0.02435568484787698,-0.01667880823018364
2020-07-09,0.008945495490014554,0.02422644604325352,-0.01528095055323897
2020-07-10,-0.009594027214175904,-0.002585994397759195,-0.007008032816416709
2020-07-13,0.007553490392641304,0.03341301651778505,-0.02585952612514375
2020-07-14,-0.006255651572624088,-0.01330382403413588,0.007048172461511792
2020-07-15,-0.005049957526715998,-0.02480856320682512,0.01975860568010912
2020-07-16,-0.00885492655703235,-0.04802646245428421,0.03917153589725186
2020-07-17,0.004718148190304028,0.003890822784810233,0.0008273254054937951
2020-07-20,0.01480257685329667,0.02872368427274252,-0.01392110741944586
2020-07-21,0.001849511465123577,0.005590769178912325,-0.003741257713788748
2020-07-22,0.009027091429443468,0.008741003028954752,0.0002860884004887154
2020-07-23,0.004389801162017815,-9.062499527989765e-05,0.004480426157297712
2020-07-24,-0.003567033105884243,-0.05077121308018484,0.0472041799743006
2020-07-27,0.01163330432685417,0.002347238533540796,0.00928606579331337
2020-07-28,-0.004809860269014088,0.009673378601718241,-0.01448323887073233
2020-07-29,0.003367732748978058,0.02682690584087832,-0.02345917309190027
2020-07-30,-0.001257541785212313,-0.002883494863152758,0.001625953077940445
2020-07-31,-0.0002355993574951754,0.01047848095045034,-0.01071408030794552
2020-08-03,-0.00176512884641522,0.0243386066474458,-0.02610373549386102
2020-08-04,0.004758506060689172,-0.006246466888532476,0.01100497294922165
2020-08-05,0.005816185553045194,0.01121726679715906,-0.00540108124411387
2020-08-06,0.001862318477372504,-0.0003750273149816241,0.002237345792354128
2020-08-07,0.002926720129029281,-0.01202605497540732,0.0149527751044366
2020-08-10,0.0008016817229097306,0.005444857734030251,-0.00464317601112052
2020-08-11,-0.003071323766532519,-0.01850475071744007,0.01543342695090755
2020-08-12,-0.01544905286956599,-0.01097585916965249,-0.004473193699913502
2020-08-13,0.008957130962184312,0.003716071319159298,0.005241059643025014
2020-08-14,0.0004727991860564718,0.01082003339102,-0.01034723420496353
2020-08-17,-0.002726248457266212,0.01826661191262691,-0.02099286036989312
2020-08-18,0.0001374037228363267,0.006649813553164963,-0.006512409830328636
2020-08-19,0.0007981018647027494,-0.01813562317730566,0.01893372504200841
2020-08-20,-0.003603094962365772,-0.01087264692249201,0.007269551960126241
2020-08-21,0.001448526172202813,0.007605641065305369,-0.006157114893102555
2020-08-24,0.001865503254576684,0.006776099723958984,-0.0049105964693823
2020-08-25,0.01159419943575246,-0.005443297612782838,0.0170374970485353
2020-08-26,-0.006275881646485737,-0.01904081893409293,0.01276493728760719
2020-08-27,0.00523697099919751,0.008107718805739683,-0.002870747806542173
2020-08-28,-0.0006971762743630538,0.01708824875091008,-0.01778542502527314
2020-08-31,0.001240927787083956,-0.00340446645673953,0.004645394243823486
2020-09-01,-0.005246309134420146,0.006302832900697775,-0.01154914203511792
2020-09-02,0.01166434494085067,0.001058049671706529,0.01060629526914414
2020-09-03,0.0194280433205285,-0.008233644358963677,0.02766168767949218
2020-09-04,-0.03543973727175842,-0.006554842583211373,-0.02888489468854705
2020-09-07,-0.02643918240851306,-0.02111782285626218,-0.005321359552250882
2020-09-08,0.01704883567481019,0.007144830609324915,0.009904005065485277
2020-09-09,-0.02087642428587055,-0.02695437617814289,0.006077951892272337
2020-09-10,0.01411492716890184,-0.01789983651535154,0.03201476368425338
2020-09-11,-0.006396808685611099,0.01225228808272538,-0.01864909676833648
2020-09-14,0.007200794664153687,0.00622151245965985,0.0009792822044938365
2020-09-15,0.002853931051367109,0.005768952204608935,-0.002915021153241826
2020-09-16,-0.002898048017106469,-0.005328841493578484,0.002430793476472015
2020-09-17,-0.00131746968991453,0.002074336149478162,-0.003391805839392692
2020-09-18,0.006114334442107516,0.01609073004325401,-0.009976395601146493
2020-09-21,-0.00348175666436723,-0.003633991656194491,0.0001522349918272603
2020-09-22,-0.007117889101898145,-0.01354491805720182,0.006427028955303671
2020-09-23,0.0004098952977109604,0.005249541962523585,-0.004839646664812625
2020-09-24,-0.003998740035219495,-0.02305840241675949,0.01905966238154
2020-09-25,-0.0002554319136093275,-0.001241064336775177,0.0009856324231658498
2020-09-28,0.003509431399852714,-0.009366847900155406,0.01287627930000812
2020-09-29,0.0008187546803071211,0.008141174109447924,-0.007322419429140803
2020-09-30,-0.001874104495606321,-0.005822979496754699,0.003948875001148378
2020-10-01,1.205343425070282e-08,0.0,1.205343425070282e-08
2020-10-02,1.205435218309958e-08,0.0,1.205435218309958e-08
2020-10-05,1.205527055958555e-08,0.0,1.205527055958555e-08
2020-10-06,1.205618826993771e-08,0.0,1.205618826993771e-08
2020-10-07,1.205710664642368e-08,0.0,1.205710664642368e-08
2020-10-08,1.205802480086504e-08,0.0,1.205802480086504e-08
2020-10-09,0.01384750200078289,0.02672103350827615,-0.01287353150749326
2020-10-12,0.00309778944584238,0.02881580126990224,-0.02571801182405986
2020-10-13,-0.002955439657799652,0.001562409228915707,-0.004517848886715359
2020-10-14,-0.0008457236949259705,-0.006568061788320034,0.005722338093394064
2020-10-15,-0.001100471769020284,-0.007425822440949137,0.006325350671928853
2020-10-16,0.00260402204963528,-0.004854459105516296,0.007458481155151575
2020-10-19,0.000554302627266301,-0.01094470404499848,0.01149900667226478
2020-10-20,0.0001435251057733122,0.0101897985631425,-0.01004627345736919
2020-10-21,2.029896267696785e-05,-0.01138077971574514,0.01140107867842211
2020-10-22,0.0002912955893388247,-0.005176369800992453,0.005467665390331278
2020-10-23,-0.00304529298357803,-0.01644415035918156,0.01339885737560353
2020-10-26,-0.0001241832682717936,0.0001802596382574073,-0.0003044429065292009
2020-10-27,0.001534737000694841,0.001119983007154435,0.0004147539935404065
2020-10-28,0.0005083245567494288,0.003963776292567278,-0.003455451735817849
2020-10-29,-0.002702892855494854,0.001471341658661585,-0.004174234514156439
2020-10-30,-0.004099349243770978,-0.02297452195696692,0.01887517271319594
2020-11-02,-0.001067361287776181,0.005177142034335391,-0.006244503322111572
2020-11-03,0.00412098997067134,0.01605861516623475,-0.01193762519556341
2020-11-04,0.003368490097823251,-0.001219205449736305,0.004587695547559556
2020-11-05,0.007716326158620612,0.01889909787365096,-0.01118277171503035
2020-11-06,0.001961705356343435,-0.007986486103545576,0.009948191459889011
2020-11-09,0.003383118397138229,0.01910731997619508,-0.01572420157905685
2020-11-10,-0.001977916842437533,-0.00756191944437945,0.005584002601941918
2020-11-11,0.008929405423899972,-0.01231427768947257,0.02124368311337255
2020-11-12,-0.001239751486193708,0.003317123697893942,-0.00455687518408765
2020-11-13,-0.003798655400034767,-0.001349063968116404,-0.002449591431918363
2020-11-16,0.01070509852604418,0.01274780124211783,-0.002042702716073652
2020-11-17,0.000926149531886189,-0.007895268318572457,0.008821417850458646
2020-11-18,-0.002984926763822005,0.0006422658254616742,-0.003627192589283679
2020-11-19,0.0005336554092827406,0.003089413200736191,-0.00255575779145345
2020-11-20,0.003191333478370417,0.009808823067006145,-0.006617489588635728
2020-11-23,0.01237304908434989,0.007775195041561656,0.00459785404278823
2020-11-24,-0.0004889850799743023,0.0003491463680280749,-0.0008381314480023772
2020-11-25,-0.0008528848787974219,-0.01927665443021742,0.01842376955142
2020-11-26,-0.002974915987842053,-0.002530561211393945,-0.0004443547764481082
2020-11-27,0.001756497643631061,0.002732740792194877,-0.0009762431485638157
2020-11-30,0.002654546367623523,-0.004828696976042268,0.007483243343665791
2020-12-01,-0.0002879756650323584,0.01671903229582949,-0.01700700796086185
2020-12-02,-0.00438163981065598,0.001300839321447311,-0.005682479132103291
2020-12-03,-0.006436562393666745,0.0009168637664764834,-0.007353426160143228
2020-12-04,0.002198735123538187,0.003702910161344386,-0.001504175037806199
2020-12-07,-0.003880696393910532,-0.006195154321990137,0.002314457928079605
2020-12-08,-0.002997477641789037,-0.0001603192688197641,-0.002837158372969273
2020-12-09,-0.002206432929195867,-0.01812520918792271,0.01591877625872684
2020-12-10,-0.003274764504433092,0.002042104128284761,-0.005316868632717853
2020-12-11,-0.0001082495430932973,-0.01751079887976459,0.01740254933667129
2020-12-14,-0.002151783199066171,0.007986240282924495,-0.01013802348199067
2020-12-15,0.0001094760634545722,0.001048087400263853,-0.0009386113368092808
2020-12-16,0.007732039280927916,-0.004810408613408534,0.01254244789433645
2020-12-17,0.005941936392408476,0.01178104512271783,-0.00583910873030935
2020-12-18,0.001211903709119166,-0.002691435908002915,0.003903339617122081
2020-12-21,-0.004363582687894718,0.01695507889483649,-0.02131866158273121
2020-12-22,-0.01006851917679041,-0.02321445316162907,0.01314593398483865
2020-12-23,0.002459823588649934,0.009206311619408547,-0.006746488030758613
2020-12-24,0.005538486721507807,-0.01623121313970455,0.02176969986121235
2020-12-25,-1.614632343194256e-05,0.01180941207563957,-0.01182555839907151
2020-12-28,0.003030317808526251,-0.005418491677948611,0.008448809486474862
2020-12-29,0.01395768875394299,-0.007147112329609406,0.02110480108355239
2020-12-30,-0.004772674913120389,0.01119381920530338,-0.01596649411842377
2020-12-31,-0.0001964942596387464,0.01560952267017579,-0.01580601692981454
2021-01-04,-0.00396742604690814,0.01816836838063107,-0.02213579442753921
2021-01-05,-0.005746106097300308,0.008783255357646791,-0.0145293614549471
2021-01-06,0.0008451302933483174,-0.001772244419876556,0.002617374713224874
2021-01-07,0.01071270013824233,0.001528766233567236,0.00918393390467509
2021-01-08,0.007871607910067802,0.002979449750081242,0.004892158159986559
2021-01-11,-0.00519282766648177,-0.01558497011101634,0.01039214244453457
2021-01-12,0.004345193713567896,0.01360566347553993,-0.009260469761972034
2021-01-13,0.007540941068626905,-0.007079072568135225,0.01462001363676213
2021-01-14,-0.003646703847225541,-0.008776479895827305,0.005129776048601764
2021-01-15,0.0006468317666705747,-0.003476767460313779,0.004123599226984354
2021-01-18,-0.00353993713491807,0.01510868718348268,-0.01864862431840075
2021-01-19,-0.001363327831412686,-0.005846992690107911,0.004483664858695224
2021-01-20,-0.004617634157987105,0.009117761956157544,-0.01373539611414465
2021-01-21,0.004575804512234161,0.01332431580525806,-0.008748511293023897
2021-01-22,-0.006025909741513402,0.002311815779539428,-0.00833772552105283
2021-01-25,-0.003766840368329971,0.001129890732033623,-0.004896731100363594
2021-01-26,-0.002520047186080121,-0.01690666048686973,0.01438661330078961
2021-01-27,0.001804645610233191,0.003704293306556306,-0.001899647696323115
2021-01-28,-0.01198006822375819,-0.02177467074160155,0.009794602517843365
2021-01-29,-0.00587889006410347,-0.01063859640370535,0.004759706339601877
2021-02-01,0.0003781037003964816,0.007428137418966418,-0.007050033718569937
2021-02-02,0.004982269667470618,0.009621039591571234,-0.004638769924100616
2021-02-03,0.002477420480972103,-0.00859206883570185,0.01106948931667395
2021-02-04,-0.004185953340138604,-0.01102302897334562,0.006837075633207013
2021-02-05,0.005530554496205431,-0.01405007908304745,0.01958063357925288
2021-02-08,0.00469800416195798,0.01334803449430844,-0.008650030332350456
2021-02-09,0.005760114006893247,0.02130580279480521,-0.01554568878791196
2021-02-10,0.00107593357149427,0.01041982817890696,-0.009343894607412695
2021-02-11,1.708317298731998e-07,0.0,1.708317298731998e-07
2021-02-12,1.70844712155116e-07,0.0,1.70844712155116e-07
2021-02-16,1.708576957692998e-07,0.0,1.708576957692998e-07
2021-02-17,1.70870680271662e-07,0.0,1.70870680271662e-07
2021-02-18,0.002345894550342953,0.01369619488840912,-0.01135030033806617
2021-02-19,-0.001593909162648899,0.01344613533216221,-0.01504004449481111
2021-02-22,-0.001234492585841962,-0.006924761467178131,0.005690268881336169
2021-02-23,-0.002565942137538246,-0.003880091211435843,0.001314149073897597
2021-02-24,-0.008175415436963762,-0.01433218271723347,0.006156767280269704
2021-02-25,0.009276377992249785,-0.005666909927648955,0.01494328791989874
2021-02-26,-0.0203045067884734,-0.02074117384581053,0.0004366670573371367
2021-03-01,0.008392220006598228,0.01949767061836627,-0.01110545061176804
2021-03-02,0.004837013964982262,-0.008493567020732229,0.01333058098571449
2021-03-03,-0.0008603310260341113,0.01421037005718651,-0.01507070108322062
2021-03-04,-0.01610668211358335,-0.01881451396605238,0.002707831852469034
2021-03-05,-0.003334790639623053,0.0002358641609874201,-0.003570654800610473
2021-03-08,0.003883796672210948,-0.02297025064417901,0.02685404731638996
2021-03-09,0.01524530970851323,-0.0237212714639865,0.03896658117249974
2021-03-10,0.002713289350150694,-0.007488539620170265,0.01020182897032096
2021-03-11,0.01650531668321298,0.02500222689228115,-0.008496910209068176
2021-03-12,-0.01237033236346263,0.001375962972916867,-0.0137462953363795
2021-03-15,-0.0001228043667668155,-0.007796052314387736,0.00767324794762092
2021-03-16,0.000603171238168887,0.003461362160200876,-0.002858190922031989
2021-03-17,-0.0009193772283013768,0.004861797121661127,-0.005781174349962503
2021-03-18,0.007391989471915439,0.007790714111312491,-0.0003987246393970523
2021-03-19,-0.006903774390811468,-0.01072067275967259,0.003816898368861121
2021-03-22,-0.003984207662860895,0.01596526278477728,-0.01994947044763817
2021-03-23,0.0007910535787818418,-0.01372094092795551,0.01451199450673735
2021-03-24,-0.003603432028406295,-0.01232157988927784,0.00871814786087155
2021-03-25,-0.0004363365089973259,0.002420822656425514,-0.00285715916542284
2021-03-26,0.00663379883486459,0.01532787324540674,-0.008694074410542152
2021-03-29,0.001433886971229148,0.0005038556957286389,0.0009300312755005091
2021-03-30,0.00446074406397301,0.00406398782402384,0.0003967562399491698
2021-03-31,0.002745844057295166,-0.004186065766930591,0.006931909824225757
2021-04-01,0.003632460136780091,0.009208403487648953,-0.005575943350868862
2021-04-02,0.004008815547812183,0.002368632023904915,0.001640183523907268
2021-04-05,3.435415241170858e-08,0.0,3.435415241170858e-08
2021-04-06,0.007602152792691275,0.002606451164209656,0.004995701628481619
2021-04-07,-0.0007114802743497517,0.0007851050748055588,-0.00149658534915531
2021-04-08,0.004287897347238889,0.001365767287116793,0.002922130060122097
2021-04-09,0.0008524000008924837,-0.003383804617139274,0.004236204618031758
2021-04-12,0.007302664000339298,-0.01717693410194399,0.02447959810228328
2021-04-13,-0.004005637180914734,-0.002672482742892446,-0.001333154438022288
2021-04-14,0.004335018505363442,0.01085867776314142,-0.006523659257777981
2021-04-15,-0.003101521272063756,-0.000119479832600744,-0.002982041439463012
2021-04-16,0.004195072792313903,0.01005821753026392,-0.005863144737950021
2021-04-19,0.001985441399110277,0.01351349219744491,-0.01152805079833463
2021-04-20,-0.005912187329155105,0.0005104851788098053,-0.006422672507964911
2021-04-21,-0.004532525935111664,-0.001288006296919608,-0.003244519638192056
2021-04-22,0.00414163446154503,0.003926632254768414,0.0002150022067766155
2021-04-23,-0.004319473487640613,0.002682504146322984,-0.007001977633963596
2021-04-26,0.005556580352152896,-0.00311167365026721,0.008668254002420106
2021-04-27,0.00392850965522662,0.0005634327489465463,0.003365076906280073
2021-04-28,-0.003062322617597424,0.00674187283208294,-0.009804195449680364
2021-04-29,0.001981193481759513,0.0003374557378261756,0.001643737743933338
2021-04-30,-0.002964207483907466,-0.0009581126105796534,-0.002006094873327813
2021-05-03,1.029748795122742e-07,0.0,1.029748795122742e-07
2021-05-04,1.029827123577576e-07,0.0,1.029827123577576e-07
2021-05-05,1.029905454252855e-07,0.0,1.029905454252855e-07
2021-05-06,-0.006996704312435598,0.0005612338510356807,-0.007557938163471278
2021-05-07,0.0008749442662774332,-0.006920569856765479,0.007795514123042913
2021-05-10,0.003645716172636426,0.004895693031512494,-0.001249976858876067
2021-05-11,-0.01163899430537019,-0.003080610068885159,-0.008558384236485028
2021-05-12,0.004490885072868211,0.008675596805472141,-0.00418471173260393
2021-05-13,-0.01060946423618214,-0.01121305886779134,0.0006035946316091945
2021-05-14,0.002161373351973417,0.01347563219925996,-0.01131425884728654
2021-05-17,0.006145859382269192,0.008020472585736682,-0.00187461320346749
2021-05-18,0.002535118057771957,0.003262320351953507,-0.0007272022941815504
2021-05-19,-0.0006010142944706809,-0.002304685132432316,0.001703670837961635
2021-05-20,-0.005996565347841987,-0.005418877071376449,-0.0005776882764655378
2021-05-21,0.002178028367787466,-0.003183833151872761,0.005361861519660227
2021-05-24,0.0002452422913832297,0.002490862242756409,-0.002245619951373179
2021-05-25,0.0020533977014634,0.01154471495021481,-0.009491317248751407
2021-05-26,0.005095473884700885,0.001290094521328111,0.003805379363372774
2021-05-27,-0.002273113045809794,0.008629780891070027,-0.01090289393687982
2021-05-28,-0.001053667558498561,-0.002578749844811323,0.001525082286312762
2021-05-31,0.002370431280561913,0.00912094322730228,-0.006750511946740367
2021-06-01,0.002540050307444863,0.001600537376337474,0.0009395129311073891
2021-06-02,-0.002174485345313393,-0.008654610846677069,0.006480125501363676
2021-06-03,0.0006047696322348806,-0.002050459257973314,0.002655228890208194
2021-06-04,-0.003798688214279089,0.003798894076394888,-0.007597582290673977
2021-06-07,0.0006980066586024236,0.004249177506252755,-0.003551170847650331
2021-06-08,0.002142985559279387,-0.005495797069106523,0.007638782628385909
2021-06-09,0.0006195230267849183,0.001247651303900144,-0.0006281282771152252
2021-06-10,-0.001189447507429664,0.01086823350117294,-0.01205768100860261
2021-06-11,0.001570160279530164,-0.005870841487279899,0.007441001766810063
2021-06-14,1.070203181630092e-07,0.0,1.070203181630092e-07
2021-06-15,0.005754746983411163,-0.00925672621737994,0.0150114732007911
2021-06-16,-0.003142822723313121,-0.01461209005261366,0.01146926732930054
2021-06-17,-0.004253603833679231,0.0075963748174388,-0.01184997865111803
2021-06-18,0.004128865644930979,0.006286114171794255,-0.002157248526863276
2021-06-21,-0.00912444839603277,0.007422917017134933,-0.0165473654131677
2021-06-22,0.008404340140102384,0.004861953906112548,0.003542386233989836
2021-06-23,0.006637646136286257,0.007442368382397646,-0.000804722246111389
2021-06-24,-0.00188712473318664,-0.005166459252277211,0.003279334519090571
2021-06-25,0.002943497935412376,0.008666339988778526,-0.005722842053366151
2021-06-28,-0.001144645540698819,0.002217685417434279,-0.003362330958133097
2021-06-29,0.0009037845058903482,-0.009240655368952577,0.01014443987484293
2021-06-30,0.002515577880702891,0.00632037626636639,-0.003804798385663499
2021-07-01,-0.0007078841591240392,-0.01344118398749738,0.01273329982837335
2021-07-02,0.0009135435074081322,-0.0087290279260408,0.009642571433448932
2021-07-05,0.003670827478417404,0.007955794798469196,-0.004284967320051791
2021-07-06,0.0008317035384566296,-0.0002250033899517945,0.001056706928408424
2021-07-07,0.002825867131891258,0.008142186452045674,-0.005316319320154417
2021-07-08,-0.0004409475587456857,-0.002288542650717873,0.001847595091972187
2021-07-09,0.001363101341730122,0.008281656331266207,-0.006918554989536085
2021-07-12,0.004197710223478701,0.01467255685174895,-0.01047484662827025
2021-07-13,0.001729942937908513,0.008323701766125291,-0.006593758828216778
2021-07-14,-0.001101093090092764,-0.009063682785466542,0.007962589695373778
2021-07-15,0.001096369919975304,0.004879144772603761,-0.003782774852628457
2021-07-16,-0.001855416226843043,-0.00105158235014946,-0.0008038338766935826
2021-07-19,-0.003322903386887455,-0.005166697472390291,0.001843794085502837
2021-07-20,-0.0004922008447949544,0.001711339547765034,-0.002203540392559988
2021-07-21,0.004343627992111854,0.01208642642581714,-0.007742798433705289
2021-07-22,0.003998694271308612,0.006014712493592977,-0.002016018222284366
2021-07-23,-0.0002416697931805212,-0.005806548021432989,0.005564878228252468
2021-07-26,0.004846477746902833,-0.01682568085030245,0.02167215859720528
2021-07-27,-0.001439461858015245,-0.02168687329012942,0.02024741143211417
2021-07-28,-0.004197785572545687,-0.01447778475605954,0.01027999918351385
2021-07-29,0.007730883725010074,0.02067508509539451,-0.01294420137038443
2021-07-30,-0.001808135297261315,0.001247246219423515,-0.00305538151668483
2021-08-02,0.006223279134171644,0.01546845723270063,-0.009245178098528983
2021-08-03,-0.008873981917963958,-0.008147555296856734,-0.0007264266211072234
2021-08-04,0.008922090201465283,0.01692045639604411,-0.007998366194578832
2021-08-05,-0.0009327745380033337,-0.002814751548762651,0.001881977010759317
2021-08-06,0.008705446725424615,0.003912133255592254,0.004793313469832361
2021-08-09,-0.001056243462330242,0.005859743733489742,-0.006915987195819984
2021-08-10,-0.0005274051932634416,0.005688062090140722,-0.006215467283404164
2021-08-11,0.004528353163079091,0.007734466601037493,-0.003206113437958402
2021-08-12,0.004298245989692306,0.003064952103054797,0.00123329388663751
2021-08-13,0.003474420728296179,-0.0008893336340060065,0.004363754362302186
2021-08-16,-0.001849861380942341,-0.005134795433417771,0.00328493405247543
2021-08-17,-0.002737185901300232,-0.02241619626543256,0.01967901036413233
2021-08-18,0.0009704142864530585,0.006760559294499924,-0.005790145008046865
2021-08-19,-0.007774737227034256,0.0008716310738638988,-0.008646368300898155
2021-08-20,0.000363887220620418,-0.003892294006385466,0.004256181227005884
2021-08-23,0.005414743802060196,0.01510689275464516,-0.009692148952584967
2021-08-24,0.002696809951174384,0.00942692496042441,-0.006730115009250026
2021-08-25,-0.00149068396704144,0.008774775130521606,-0.01026545909756305
2021-08-26,-0.001030692843496772,-0.004775618621557398,0.003744925778060626
2021-08-27,0.0009988690338675887,0.008606739300222932,-0.007607870266355343
2021-08-30,0.001865413680869343,0.006513827782582693,-0.00464841410171335
2021-08-31,0.003591876124759974,0.003938075628763693,-0.0003461995040037191
2021-09-01,0.0001388682322538415,-0.008578509070560458,0.0087173773028143
2021-09-02,0.001093267194091974,0.01583600950911279,-0.01474274231502082
2021-09-03,0.001550553808962407,-0.003877098840702309,0.005427652649664716
2021-09-06,0.0008493141454446462,0.0105403727049409,-0.009691058559496257
2021-09-07,0.002765591430752057,0.0195135546673193,-0.01674796323656724
2021-09-08,-0.001856623042515548,0.006015524881549661,-0.00787214792406521
2021-09-09,-0.003766610035182305,0.009730860387802798,-0.0134974704229851
2021-09-10,0.0007556524023870637,-0.001283894216568493,0.002039546618955557
2021-09-13,-0.002517941458937134,0.005399813609160198,-0.007917755068097332
2021-09-14,-0.002148306176852466,-0.01204510540938064,0.009896799232528175
2021-09-15,-0.0007630052076040839,0.004723011081674056,-0.005486016289278139
2021-09-16,-0.004554490213888762,-0.01914700532512514,0.01459251511123638
2021-09-17,-0.0007065140795754488,-0.006899478174928086,0.006192964095352638
2021-09-20,7.699963089358164e-08,0.0,7.699963089358164e-08
2021-09-21,7.700548976252719e-08,0.0,7.700548976252719e-08
2021-09-22,-0.000786000700979117,0.007850656339749795,-0.008636657040728912
2021-09-23,0.0007951516622584087,0.006603502727533739,-0.00580835106527533
2021-09-24,-0.001465326965304437,-0.01632181947102695,0.01485649250572252
2021-09-27,-0.001657483032861173,-0.02842536563157994,0.02676788259871876
2021-09-28,-0.002519212464111464,0.003948071218686344,-0.006467283682797809
2021-09-29,-0.005989956759037018,-0.02620955979385731,0.02021960303482029
2021-09-30,0.001847223554922728,0.01332197848284356,-0.01147475492792083
2021-10-01,1.849080444316087e-09,0.0,1.849080444316087e-09
2021-10-04,1.849220998551004e-09,0.0,1.849220998551004e-09
2021-10-05,1.849361996875132e-09,0.0,1.849361996875132e-09
2021-10-06,1.849502995199259e-09,0.0,1.849502995199259e-09
2021-10-07,1.849643549434177e-09,0.0,1.849643549434177e-09
2021-10-08,-0.01583782322669147,-0.001727290771875056,-0.01411053245481642
2021-10-11,-0.0006090253801522838,-0.0001226848522282165,-0.0004863405279240673
2021-10-12,-0.00800307172259962,-0.01950223327931722,0.0114991615567176
2021-10-13,-0.003766978425599365,0.004228883272753059,-0.007995861698352424
2021-10-14,0.004408922497539658,0.003830073092232489,0.0005788494053071691
2021-10-15,0.003472848118068139,0.002258740670031179,0.001214107448036961
2021-10-18,-0.002663616513787992,0.00625555226532426,-0.008919168779112252
2021-10-19,0.001936805000481101,0.007396612951146686,-0.005459807950665585
2021-10-20,0.0002230317791138692,-0.0002218982694743854,0.0004449300485882546
2021-10-21,-0.0017364624453855,-0.00288672248131705,0.00115026003593155
2021-10-22,-0.0007394644708326181,-0.01016870355369281,0.009429239082860197
2021-10-25,9.070938368282988e-05,0.01109012577443713,-0.0109994163907543
2021-10-26,0.00139705278960145,-0.0002195949037089306,0.00161664769331038
2021-10-27,-0.001681225981404966,-0.007579096168494392,0.005897870187089427
2021-10-28,0.0005989030347348656,-0.01394886927900585,0.01454777231374071
2021-10-29,0.0009740913972640097,0.01039094827834286,-0.00941685688107885
2021-11-01,0.004306148333905302,0.005448202207191111,-0.001142053873285809
2021-11-02,0.001875316144852368,-0.01071556036460664,0.012590876509459
2021-11-03,0.001367038174400426,0.004688551345005898,-0.003321513170605472
2021-11-04,0.001997248202314283,0.007979651887686456,-0.005982403685372173
2021-11-05,0.003846463057782801,-0.01158350827342969,0.01542997133121249
2021-11-08,0.00240682092280764,0.005014366603689258,-0.002607545680881618
2021-11-09,0.001231172323484131,0.00779567864954589,-0.006564506326061759
2021-11-10,-0.003088086973351389,-0.002742260034595989,-0.0003458269387554003
2021-11-11,-0.0003940774704420669,0.008146036789558053,-0.00854011426000012
2021-11-12,-0.0005044836880551129,0.005161618346428254,-0.005666102034483367
2021-11-15,0.004209953421420831,-0.00816028818113601,0.01237024160255684
2021-11-16,-0.001141424710407235,-0.007363828345456125,0.00622240363504889
2021-11-17,0.001754465021672091,0.00831542704025301,-0.006560962018580918
2021-11-18,0.0005932893854210253,-0.002793992002285806,0.003387281387706831
2021-11-19,0.005093377780195141,0.01202594894899978,-0.006932571168804635
2021-11-22,-0.003658025410687604,0.01188164934420088,-0.01553967475488849
2021-11-23,-0.01196183556872077,0.0008697366117764727,-0.01283157218049724
2021-11-24,-0.001411995590861359,-0.000725757362925572,-0.000686238227935787
2021-11-25,0.002463871175115928,-0.003110482062702924,0.005574353237818852
2021-11-26,-0.00799767164323928,-0.001891190205625448,-0.006106481437613831
2021-11-29,-0.000917144700180339,0.000282553955339937,-0.001199698655520276
2021-11-30,-0.00247790345451393,0.004273113723535449,-0.006751017178049379
2021-12-01,0.000228970007272622,0.002768601194579778,-0.002539631187307156
2021-12-02,-0.007293943092462007,-0.005891783677353102,-0.001402159415108906
2021-12-03,0.002991041658194415,0.00994883810351066,-0.006957796445316244
2021-12-06,-0.005774690046216668,-0.008416964305278607,0.002642274259061939
2021-12-07,0.00609395459284845,-0.004644732516994821,0.01073868710984327
2021-12-08,0.00932564205572306,0.01334289833394142,-0.004017256278218362
2021-12-09,0.002919396002172947,0.002373000647679868,0.0005463953544930789
2021-12-10,0.002803745707217864,-0.001867404703619568,0.004671150410837432
2021-12-13,0.00280030103562745,0.006347642216337102,-0.003547341180709651
2021-12-14,-0.008899217505171197,-0.00393035252134144,-0.004968864983829757
2021-12-15,0.00275972609237618,-0.001347600329322352,0.004107326421698532
2021-12-16,0.008709777205159641,0.009124641453817528,-0.0004148642486578868
2021-12-17,-0.0009138181151856495,-0.00900149031296571,0.00808767219778006
2021-12-20,-0.008271978250140144,-0.01621286857992832,0.007940890329788175
2021-12-21,0.001861028160204725,0.0110478503940401,-0.009186822233835379
2021-12-22,0.002733352176697679,0.003709725969593736,-0.000976373792896057
2021-12-23,0.006881920781266704,0.004755931562788307,0.002125989218478397
2021-12-24,0.001415514746495594,-0.007963539175079193,0.009379053921574787
2021-12-27,-0.002791154350203051,-0.0008256900900702746,-0.001965464260132777
2021-12-28,0.003171868552991119,0.00182599429376773,0.00134587425922339
2021-12-29,-0.004014222509203247,-0.005251144999402824,0.001236922490199577
2021-12-30,0.001133222713262105,0.008718543772774145,-0.00758532105951204
2021-12-31,-8.009818294707483e-05,0.006625668858809108,-0.006705767041756183
2022-01-03,4.00949997647615e-08,0.0,4.00949997647615e-08
2022-01-04,0.004018072937983508,-0.0006712503736716613,0.004689323311655169
2022-01-05,0.001560138823063939,-0.01791973849881567,0.01947987732187961
2022-01-06,-0.005383195922183837,0.001009322037418325,-0.006392517959602162
2022-01-07,-0.001289038054283376,-0.007507648728346972,0.006218610674063596
2022-01-10,0.001872592037746701,0.002197701123795914,-0.0003251090860492134
2022-01-11,0.0004994734492738129,-0.007819007293383029,0.008318480742656842
2022-01-12,0.003475017968790128,0.008648647133515208,-0.00517362916472508
2022-01-13,-0.001059913268259272,-0.01377948653106253,0.01271957326280326
2022-01-14,-0.002437772400224247,-0.002341583823628812,-9.618857659543512e-05
2022-01-17,0.0009067233764128435,0.01083441366785576,-0.009927690291442914
2022-01-18,0.0003307750634689022,0.0007404447698056149,-0.0004096697063367127
2022-01-19,0.001762902643456243,-0.006198381719799584,0.007961284363255827
2022-01-20,0.007526416605890818,-0.008705167753934706,0.01623158435982552
2022-01-21,0.001181747990428361,-0.01136068949196445,0.01254243748239281
2022-01-24,0.0001845823602777408,0.0003769733767928773,-0.0001923910165151366
2022-01-25,-0.002647371060742865,-0.03371279148905681,0.03106542042831395
2022-01-26,0.000198675811100113,0.005726605733129997,-0.005527929922029884
2022-01-27,0.00108375089037227,-0.02604613583621573,0.027129886726588
2022-01-28,0.001484550527973472,-0.00384352217405004,0.005328072702023512
2022-01-31,1.930020587792569e-10,0.0,1.930020587792569e-10
2022-02-01,1.93016491678577e-10,0.0,1.93016491678577e-10
2022-02-02,1.93031368667107e-10,0.0,1.93031368667107e-10
2022-02-03,1.930460236110321e-10,0.0,1.930460236110321e-10
2022-02-04,1.93060900599562e-10,0.0,1.93060900599562e-10
2022-02-07,0.02216316909814475,0.01460064766819702,0.007562521429947733
2022-02-08,0.005553697932724644,0.009822349965027177,-0.004268652032302533
2022-02-09,0.007078123057594032,0.01495656455840022,-0.007878441500806188
2022-02-10,0.0052640117859033,-0.000372641943700458,0.005636653729603758
2022-02-11,-0.00744302433258226,-0.01395516104133032,0.006512136708748062
2022-02-14,-0.003811013068437563,-0.007312061343035414,0.003501048274597851
2022-02-15,-0.003790987854982553,0.00964499604223601,-0.01343598389721856
2022-02-16,-0.001079104880852166,0.001738093688427034,-0.0028171985692792
2022-02-17,0.006007826430831198,-0.0004784385184353201,0.006486264949266518
2022-02-18,0.003932534798534393,0.00978461438455036,-0.005852079586015968
2022-02-21,0.0008405726013502868,0.004694938712688446,-0.003854366111338159
2022-02-22,0.00447532643797266,-0.01199194420942717,0.01646727064739983
2022-02-23,0.002002139891592591,0.01513096999746488,-0.01312883010587229
2022-02-24,0.01130772955971926,-0.01779185819944185,0.02909958775916111
2022-02-25,-0.009337778475893899,0.008063705490710893,-0.01740148396660479
2022-02-28,-0.002718093659250465,0.004968157162695386,-0.00768625082194585
2022-03-01,0.003223777360615188,0.003024815745968024,0.000198961614647164
2022-03-02,0.002857397163038122,0.000174569830841742,0.00268282733219638
2022-03-03,-0.001677000142684459,-0.002282102152070253,0.000605102009385794
2022-03-04,-0.0006848072615786016,-0.008122981828254106,0.007438174566675504
2022-03-07,0.01531693159726655,-0.02122921942494149,0.03654615102220804
2022-03-08,-0.001140433352412762,-0.03446261594530431,0.03332218259289155
2022-03-09,0.002743168978071475,-0.01932847995844422,0.0220716489365157
2022-03-10,-0.009767251800984145,0.01733852870697672,-0.02710578050796086
2022-03-11,0.003834873845328879,0.009226898458910116,-0.005392024613581237
2022-03-14,-0.004534812045484116,-0.02325408973869847,0.01871927769321435
2022-03-15,-0.02346006413298274,-0.05670838354223406,0.03324831940925133
2022-03-16,0.005891216716692238,0.03206884180667857,-0.02617762508998633
2022-03-17,0.004588968532771576,0.01807100728200672,-0.01348203874923515
2022-03-18,0.009907222487687273,0.01032306239150405,-0.0004158399038167726
2022-03-21,0.001925783530200231,0.004219689145354977,-0.002293905615154745
2022-03-22,0.007521163400235453,-0.0001305248988038299,0.007651688299039283
2022-03-23,0.001452076450693118,0.006289604929766934,-0.004837528479073816
2022-03-24,-0.001334058588755571,-0.008436879698660582,0.007102821109905011
2022-03-25,0.002956976129731004,-0.01196068170211162,0.01491765783184262
2022-03-28,-0.004871260943023259,0.002399397598049857,-0.007270658541073116
2022-03-29,-0.003411694166561507,-0.004807998370277899,0.001396304203716392
2022-03-30,-0.004920915688213179,0.01995819653386266,-0.02487911222207584
2022-03-31,-3.83958756463576e-05,-0.008295873073612348,0.00825747719796599
2022-04-01,-0.01165270133110463,0.00625458500923326,-0.01790728634033789
2022-04-04,5.438038708227566e-08,0.0,5.438038708227566e-08
2022-04-05,5.438452621575607e-08,0.0,5.438452621575607e-08
2022-04-06,0.0008919606498456467,-0.001192548691810291,0.002084509341655938
2022-04-07,-0.00554275325343867,-0.02129015106348509,0.01574739781004642
2022-04-08,0.004400287524777946,0.0004066484612454957,0.00399363906353245
2022-04-11,-0.004643390164164263,-0.03120601787883259,0.02656262771466833
2022-04-12,-0.006092989284141037,0.01608984575174666,-0.02218283503588769
2022-04-13,0.003757291766594895,-0.01347824596738001,0.0172355377339749
2022-04-14,0.004595502792573924,0.01359290442447714,-0.008997401631903212
2022-04-15,-0.00653484010137817,-0.009098194888100708,0.002563354786722538
2022-04-18,-0.001298130006462173,0.0005370011942511521,-0.001835131200713325
2022-04-19,0.002880255567946355,0.003027653889275728,-0.0001473983213293728
2022-04-20,0.002552445311451157,-0.02223754185542637,0.02478998716687753
2022-04-21,0.004937127112825124,-0.03309092618332965,0.03802805329615477
2022-04-22,-0.001663018757714685,-0.003267474565089135,0.00160445580737445
2022-04-25,-0.02186301174073102,-0.06466840156210252,0.0428053898213715
2022-04-26,-0.00508812637748568,-0.02527319860253419,0.02018507222504851
2022-04-27,0.003954360982317606,0.03879052581099374,-0.03483616482867613
2022-04-28,0.004900759903783802,-0.0033621235083795,0.008262883412163302
2022-04-29,0.0119645811299931,0.0385955458444367,-0.02663096471444359
2022-05-02,5.958859108368131e-07,0.0,5.958859108368131e-07
2022-05-03,5.959309423708703e-07,0.0,5.959309423708703e-07
2022-05-04,5.959759774576412e-07,0.0,5.959759774576412e-07
2022-05-05,0.0006379280906416707,0.01044794683629768,-0.009810018745656013
2022-05-06,-0.009624508145253508,-0.02161710658202465,0.01199259843677114
2022-05-09,0.0001650788221394528,0.008043107461307653,-0.0078780286391682
2022-05-10,-0.005593991111592977,0.01454394385684621,-0.02013793496843919
2022-05-11,0.0005170476118396827,0.008388268023880041,-0.007871220412040358
2022-05-12,0.002348795169463624,0.0009202101146430497,0.001428585054820575
2022-05-13,0.005720180984994494,0.009350350855809486,-0.003630169870814992
2022-05-16,0.002338490906019786,-0.0009867513110681791,0.003325242217087965
2022-05-17,0.0008154651487626285,0.004361880685467945,-0.003546415536705316
2022-05-18,-0.002186131286573412,-0.003240869687810566,0.001054738401237154
2022-05-19,0.0005317025780102735,0.007058226922340483,-0.006526524344330209
2022-05-20,0.004996746715071776,0.01560013770872537,-0.01060339099365359
2022-05-23,0.001787415668233594,0.00611182411978084,-0.004324408451547246
2022-05-24,-0.006335831123526425,-0.03688567870151671,0.03054984757799029
2022-05-25,0.002658173626187033,0.01715549769566005,-0.01449732406947302
2022-05-26,0.002132831208776498,0.01151730333233525,-0.009384472123558751
2022-05-27,0.002411421001006886,-0.001969023404989612,0.004380444405996498
2022-05-30,0.0003211158747558063,0.007272979972609672,-0.006951864097853866
2022-05-31,-0.002067660019419382,0.01403540064245479,-0.01610306066187417
2022-06-01,-0.00187051960124518,-0.0004314464740865498,-0.00143907312715863
2022-06-02,-0.0009897918767632907,0.009097489225783573,-0.01008728110254686
2022-06-03,6.73545823559607e-08,0.0,6.73545823559607e-08
2022-06-06,0.002509053873968936,0.01793223261231502,-0.01542317873834609
2022-06-07,-0.002489924714948577,-0.000140607424071959,-0.002349317290876618
2022-06-08,0.002212773462275663,0.005052880675398441,-0.002840107213122778
2022-06-09,-0.0006478945627242938,-0.01401453561773169,0.0133666410550074
2022-06-10,-0.00230366612728683,0.0178462783145128,-0.02014994444179963
2022-06-13,-0.004313442099582732,-0.001038444896716451,-0.003274997202866281
2022-06-14,0.0001134654752397157,0.006729637032735436,-0.00661617155749572
2022-06-15,-0.003260383963764713,-0.002312140570497889,-0.0009482433932668233
2022-06-16,-0.002464727684179158,0.0006005372892128324,-0.00306526497339199
2022-06-17,0.005563362887983647,0.008218911317484201,-0.002655548429500554
2022-06-20,-0.007973498795088352,0.002229149614252579,-0.01020264840934093
2022-06-21,-0.003655311141872009,-0.008433919553139768,0.00477860841126776
2022-06-22,-0.005637275656836582,-0.01552174605703371,0.009884470400197132
2022-06-23,-0.00426556523378574,0.01956446807787615,-0.02383003331166189
2022-06-24,-0.001184469904192076,0.0107626891327155,-0.01194715903690757
2022-06-27,0.006519482601057058,0.006196335588259272,0.0003231470127977865
2022-06-28,0.00655923040489248,0.0146088948677694,-0.008049664462876915
2022-06-29,-0.00535449623582529,-0.01954209510332472,0.01418759886749943
2022-06-30,0.003228473330448622,0.01251588409707738,-0.009287410766628756
2022-07-01,0.001039552192286575,-0.002407779265208965,0.003447331457495539
2022-07-04,0.002402585320423256,0.01313807167463432,-0.01073548635421107
2022-07-05,0.002732485417368924,-0.001778287417236846,0.00451077283460577
2022-07-06,-0.01430399300770702,-0.0142792861278378,-2.470687986921849e-05
2022-07-07,6.713540807590235e-05,0.005365697860108432,-0.005298562452032529
2022-07-08,-0.0002372619880537385,-0.007523644078171521,0.007286382090117782
2022-07-11,-0.006136042665904395,-0.01331888502351486,0.007182842357610464
2022-07-12,-0.001567312465260984,-0.01228964700892854,0.01072233454366756
2022-07-13,-0.001465895349179624,0.00432749924697351,-0.005793394596153134
2022-07-14,-0.003271187738490333,0.005414382092018943,-0.008685569830509277
2022-07-15,0.003241453269442029,-0.01676020201731709,0.02000165528675912
2022-07-18,0.01063726513747176,0.01864833462432225,-0.008011069486850486
2022-07-19,-0.00465618195308326,0.00369909194025686,-0.00835527389334012
2022-07-20,0.01357363472465933,0.0118376630243493,0.001735971700310035
2022-07-21,0.001150101170675821,-0.009844463405769388,0.01099456457644521
2022-07-22,0.001477062849022381,-0.009148339529901128,0.01062540237892351
2022-07-25,-0.005106224065906662,-0.009267783125289197,0.004161559059382536
2022-07-26,0.0008592997261644975,0.01231215616795378,-0.01145285644178928
2022-07-27,0.001401568320736013,0.003847519641849262,-0.002445951321113249
2022-07-28,0.005727283189335131,0.002517280642048814,0.003210002547286317
2022-07-29,0.0102241154712579,-0.008515839997983776,0.01873995546924168
2022-08-01,0.003559412973052956,0.008438047635011214,-0.004878634661958259
2022-08-02,-0.001491527070647924,-0.02792088504888757,0.02642935797823964
2022-08-03,-0.003657577368556986,-0.007405186385737395,0.003747609017180409
2022-08-04,0.006477900766504563,0.005620224972282539,0.0008576757942220237
2022-08-05,0.004164272894628507,0.01814984582860446,-0.01398557293397595
2022-08-08,-0.001593850800238439,0.008382093322552686,-0.009975944122791125
2022-08-09,-0.00330739507816824,0.002911560365455257,-0.006218955443623497
2022-08-10,-0.004716972279754983,-0.003062376606091877,-0.001654595673663106
2022-08-11,0.01348460762738024,0.01855407889200666,-0.005069471264626424
2022-08-12,-0.0006196377735333547,-0.002874509268001701,0.002254871494468347
2022-08-15,0.008559367193995415,0.00342010792963543,0.005139259264359985
2022-08-16,0.003308746909266747,0.003473639607562307,-0.0001648926982955601
2022-08-17,7.268091099965623e-05,0.004378834960766964,-0.004306154049767308
2022-08-18,-0.006022574409894177,-0.003802263802263783,-0.002220310607630394
2022-08-19,0.0002940781331088882,-0.01191718414978959,0.01221126228289848
2022-08-22,-0.007324622974834716,0.01266638713836032,-0.01999101011319504
2022-08-23,-0.01138702479686293,-0.000970231805063837,-0.0104167929917991
2022-08-24,0.0003192953611221849,-0.02811765433626123,0.02843694969738342
2022-08-25,0.007724769988013191,0.006065640026859276,0.001659129961153916
2022-08-26,0.001338568347784896,-0.003848039603334019,0.005186607951118916
2022-08-29,-0.02181763369599732,0.00191001798878121,-0.02372765168477853
2022-08-30,0.0002799251367908706,-0.003877725659229059,0.004157650796019929
2022-08-31,-0.001838827961850753,-0.02070974382470059,0.01887091586284984
2022-09-01,-0.005809572284767972,-0.004707793526377735,-0.001101778758390237
2022-09-02,0.005225165075450011,0.003698523039056489,0.001526642036393522
2022-09-05,0.003677291945676453,0.005402126701173904,-0.001724834755497451
2022-09-06,-0.002194669010865513,0.01761704123636298,-0.0198117102472285
2022-09-07,-0.001112898484461278,0.001587838965472876,-0.002700737449934154
2022-09-08,0.004991172066826977,-0.00459886123436104,0.009590033301188017
2022-09-09,0.001448716264268901,0.007076832818393664,-0.005628116554124762
2022-09-12,7.536678223729609e-07,0.0,7.536678223729609e-07
2022-09-13,0.01601080723398929,-0.002619926958652652,0.01863073419264194
2022-09-14,-0.01153593700725686,-0.00800898987686538,-0.003526947130391478
2022-09-15,-0.0047621089872808,-0.02274574557277165,0.01798363658549085
2022-09-16,-0.002669322277344954,-0.02509905366907894,0.02242973139173399
2022-09-19,0.0003660525636433043,-0.006944327819296436,0.007310380382939741
2022-09-20,0.003140351308149603,0.007633833066977846,-0.004493481758828244
2022-09-21,0.00410157443641479,0.003405339451419742,0.0006962349849950478
2022-09-22,-0.000765384625431631,-0.002122577602039266,0.001357192976607635
2022-09-23,-0.001549878964959395,-0.01278769806349089,0.0112378190985315
2022-09-26,-0.005703220610159709,-0.01414017929910361,0.008436958688943896
2022-09-27,0.002409475029890418,0.01958727731161924,-0.01717780228172883
2022-09-28,-0.0002382862171843581,-0.02542715010852947,0.02518886389134511
2022-09-29,0.003966492858008319,0.0004090461598191819,0.003557446698189137
2022-09-30,-0.001450354111537155,-0.01001753328205013,0.008567179170512973
2022-10-03,7.542454016906674e-08,0.0,7.542454016906674e-08
2022-10-04,7.543027913392564e-08,0.0,7.543027913392564e-08
2022-10-05,7.543601898696295e-08,0.0,7.543601898696295e-08
2022-10-06,7.544175884000026e-08,0.0,7.544175884000026e-08
2022-10-07,7.544749935917139e-08,0.0,7.544749935917139e-08
2022-10-10,0.00161711950917609,-0.01371179161576885,0.01532891112494494
2022-10-11,-0.001271265615416683,0.008659068688772198,-0.009930334304188881
2022-10-12,0.003709484994262269,0.02391411045103276,-0.02020462545677049
2022-10-13,0.0008635330413362396,0.001699181334776645,-0.0008356482934404053
2022-10-14,0.005620875954183369,0.02454402316159943,-0.01892314720741606
2022-10-17,-0.006791586743049138,0.007057909680184382,-0.01384949642323352
2022-10-18,-0.002399985101551039,0.003336325553560782,-0.00573631065511182
2022-10-19,-0.001873735788750275,-0.01042966232414955,0.008555926535399272
2022-10-20,-0.001458704558271462,-0.003994829826276858,0.002536125268005396
2022-10-21,-0.000114636576735494,0.001348157462102151,-0.001462794038837645
2022-10-24,0.002423566388554788,-0.01006902942479959,0.01249259581335438
2022-10-25,-0.0003972274603201154,-0.004599026607200352,0.004201799146880236
2022-10-26,0.003528943919929528,0.0173464763585689,-0.01381753243863937
2022-10-27,-0.00150130880596655,-0.001440150043539479,-6.115876242707152e-05
2022-10-28,-0.003815588599377251,-0.03038738889820558,0.02657180029882833
2022-10-31,0.001179831642016405,0.004377529489086429,-0.003197697847070025
2022-11-01,0.007777944668794889,0.02308204941872982,-0.01530410474993493
2022-11-02,0.0008483137127734963,0.009535190998375853,-0.008686877285602357
2022-11-03,-0.0008748668492782885,-0.0001800660242088359,-0.0006948008250694526
2022-11-04,0.001757636592973455,0.02280246534772346,-0.02104482875475
2022-11-07,0.0003434638144321767,0.001296168883468729,-0.0009527050690365524
2022-11-08,0.004860073926847841,-0.001164227758771896,0.006024301685619737
2022-11-09,0.01140711028508323,-0.002189343131852928,0.01359645341693616
2022-11-10,-0.00315368990555065,-0.005085911551211186,0.001932221645660537
2022-11-11,0.0173159938903662,0.008033236448429237,0.009282757441936962
2022-11-14,-0.003158094210308326,-0.001484046903049818,-0.001674047307258508
2022-11-15,0.001458693689674551,0.01743532517281143,-0.01597663148313688
2022-11-16,0.004820217066268118,-0.005204942610937735,0.01002515967720585
2022-11-17,0.003164906712973314,0.002142193967684891,0.001022712745288423
2022-11-18,-0.001198434984264196,-0.004111168836182233,0.002912733851918037
2022-11-21,-0.0008005516911140376,-0.0003133252041054302,-0.0004872264870086074
2022-11-22,-0.001717613974704046,-0.01038982440211256,0.008672210427408511
2022-11-23,0.007227997937799602,-0.001599895517027328,0.00882789345482693
2022-11-24,0.00896523381617631,0.0007309176532146466,0.008234316162961663
2022-11-25,0.003117774919003891,-0.00526301169757859,0.00838078661658248
2022-11-28,-0.001626767732118228,-0.005351634236004155,0.003724866503885926
2022-11-29,-0.005328003181057306,0.01792485236025421,-0.02325285554131151
2022-11-30,-0.002965331188633513,-0.00124435820643698,-0.001720972982196534
2022-12-01,0.009511661342174627,0.004865053645541462,0.004646607696633165
2022-12-02,-0.004264794183604814,-0.002924298022986993,-0.001340496160617821
2022-12-05,-0.004082905765061318,0.00763779565856737,-0.01172070142362869
2022-12-06,-0.009783176643643698,-0.0006226750247783075,-0.009160501618865391
2022-12-07,-0.006376277954374121,-0.00116723686858522,-0.005209041085788901
2022-12-08,0.001368567109050645,-0.002856221792392089,0.004224788901442733
2022-12-09,0.002940821640399216,0.0009731211649004479,0.001967700475498768
2022-12-12,-0.0020122154058001,-0.006054293235146835,0.004042077829346735
2022-12-13,0.002182083642743082,-0.005386031412830006,0.007568115055573088
2022-12-14,0.007757552418038216,-0.004127965290460334,0.01188551770849855
2022-12-15,-0.003887917126454976,0.0009005329383453553,-0.004788450064800331
2022-12-16,-0.01003110719860567,-0.004755911292913084,-0.005275195905692587
2022-12-19,-0.002075748724353677,-0.02245729359807402,0.02038154487372035
2022-12-20,-0.004185999983464805,-0.009845901948629443,0.005659901965164638
2022-12-21,0.007026533036020188,-0.00547802580116119,0.01250455883718138
2022-12-22,0.006226857258642138,-0.01142181691906874,0.01764867417771088
2022-12-23,-0.001897327785157832,-0.00271843517803938,0.0008211073928815482
2022-12-26,0.00617662168101174,0.01386519992712576,-0.00768857824611402
2022-12-27,0.002650434374003918,0.007256223409535023,-0.004605789035531105
2022-12-28,-0.002520128483766593,-0.004002949541767498,0.001482821058000905
2022-12-29,0.001645372142693668,-0.0008017604612682305,0.002447132603961899
2022-12-30,0.004429436167088019,0.001207020179601948,0.003222415987486071
2023-01-03,0.001584582795532086,0.01559049666892309,-0.01400591387339101
2023-01-04,-0.002259950361488516,-0.0005792575429406366,-0.00168069281854788
2023-01-05,-0.000186877258612772,0.009745566951423479,-0.009932444210036251
2023-01-06,-0.004270075334634527,0.0003926488155647778,-0.004662724150199304
2023-01-09,0.002606743263895428,0.00452366776321278,-0.001916924499317352
2023-01-10,-0.0034460491430921,0.001370856387892694,-0.004816905530984794
2023-01-11,0.003708918469646161,-0.005644561281682559,0.00935347975132872
2023-01-12,0.003547883075428304,0.0001878899131384504,0.003359993162289854
2023-01-13,0.004770643216303272,0.007048704218749258,-0.002278061002445986
2023-01-16,-0.0009800158744424081,0.01130629002144401,-0.01228630589588642
2023-01-17,0.0006437900125961793,0.001054490726684509,-0.0004107007140883301
2023-01-18,0.004672087345321874,0.003068825171541167,0.001603262173780706
2023-01-19,-0.003795985422489601,0.008594707597870954,-0.01239069302036055
2023-01-20,0.0001076625914941953,0.007591472407173727,-0.007483809815679532
2023-01-23,6.469132052266957e-08,0.0,6.469132052266957e-08
2023-01-24,6.469624369564997e-08,0.0,6.469624369564997e-08
2023-01-25,6.470116731271958e-08,0.0,6.470116731271958e-08
2023-01-26,6.470609115183379e-08,0.0,6.470609115183379e-08
2023-01-27,6.471101543503721e-08,0.0,6.471101543503721e-08
2023-01-30,0.001719155566645592,0.005102832471930441,-0.003383676905284849
2023-01-31,-0.002723904833808133,0.0009262604383344364,-0.003650165272142569
2023-02-01,0.007566422395392181,0.01220514695944597,-0.004638724564053787
2023-02-02,0.004583162048273692,0.0006644768776185028,0.00391868517065519
2023-02-03,-0.00535044073676294,-0.004152185038319489,-0.001198255698443451
2023-02-06,-0.006557282010867138,-0.006519864621379656,-3.741738948748186e-05
2023-02-07,-0.001283941987875514,0.002365791699260322,-0.003649733687135837
2023-02-08,-0.001731837474184816,-0.007750220032799127,0.00601838255861431
2023-02-09,0.002698786728046576,0.01376454146911121,-0.01106575474106464
2023-02-10,-0.003225067479725841,-0.003196130023164545,-2.893745656129543e-05
2023-02-13,0.001225883501253522,0.007827288155661583,-0.006601404654408061
2023-02-14,0.004979419560877441,0.002095920474072699,0.002883499086804742
2023-02-15,-0.004231112862843056,-0.002010251343945169,-0.002220861518897888
2023-02-16,0.005058029068099934,-0.01485977429182306,0.01991780335992299
2023-02-17,-0.007073557463136426,-0.008278903820347572,0.001205346357211146
2023-02-20,0.004075911318825565,0.01742069224245313,-0.01334478092362756
2023-02-21,-0.002119517899984658,0.005885532305820895,-0.008005050205805553
2023-02-22,-0.005956177293743203,-0.001308076234996292,-0.004648101058746912
2023-02-23,0.001229401598314528,-0.002313700084861758,0.003543101683176286
2023-02-24,0.004691452625274595,-0.003062738981686408,0.007754191606961003
2023-02-27,-0.00607775798832122,-0.005303713703547208,-0.0007740442847740114
2023-02-28,0.002581481369501981,0.007979756500893442,-0.005398275131391461
2023-03-01,-0.001332617295950356,0.007015292078382585,-0.00834790937433294
2023-03-02,-0.006064231626149441,-0.003109897627980751,-0.00295433399816869
2023-03-03,0.005703614200437412,0.001267582020704427,0.004436032179732985
2023-03-06,0.01122015253741138,0.0007667847619525769,0.0104533677754588
2023-03-07,0.004304035188731348,-0.01734420395232694,0.02164823914105829
2023-03-08,-0.009271610097371208,0.002740161990993473,-0.01201177208836468
2023-03-09,0.002793191352441937,-0.002470832434079528,0.005264023786521466
2023-03-10,-0.01052474272403114,-0.0128938346630183,0.002369091938987156
2023-03-13,0.004537779889106197,0.006462634369611253,-0.001924854480505056
2023-03-14,-0.02082318775918768,-0.008903122497998406,-0.01192006526118927
2023-03-15,0.01353913812302432,0.005693605195980389,0.00784553292704393
2023-03-16,-0.01071955274877501,-0.01346423246966899,0.002744679720893983
2023-03-17,0.001914646273764031,0.006896461878931781,-0.00498181560516775
2023-03-20,0.005255693545857421,-0.003692274848864141,0.008947968394721562
2023-03-21,0.000653415858834494,0.01206587288059935,-0.01141245702176485
2023-03-22,-0.00078518700715835,0.005623384038956125,-0.006408571046114475
2023-03-23,0.001552241432814183,0.005745054818860229,-0.004192813386046046
2023-03-24,0.001860117198306588,0.0006882596229478288,0.001171857575358759
2023-03-27,0.0004660497869739544,0.0002377141408218542,0.0002283356461521002
2023-03-28,-0.001334104371346845,-0.005019329488560764,0.003685225117213919
2023-03-29,0.002355225982907605,-0.003084434196613972,0.005439660179521577
2023-03-30,0.0005151295928667032,0.004093889514499516,-0.003578759921632813
2023-03-31,0.002877809059615322,0.008533004145601764,-0.005655195085986442
2023-04-03,-0.001817205835815572,0.01167067834733482,-0.01348788418315039
2023-04-04,0.002456995056013156,-0.0007655356176751171,0.003222530673688273
2023-04-05,3.541311865973285e-08,0.0,3.541311865973285e-08
2023-04-06,0.0002184332988373061,0.001240462481861382,-0.001022029183024076
2023-04-07,0.002612157409444649,0.007421086670250876,-0.004808929260806227
2023-04-10,-0.002921366868205544,-0.008345618434303148,0.005424251566097604
2023-04-11,0.001843680696988592,0.001616093546233266,0.0002275871507553262
2023-04-12,0.0005267219464386574,0.003513537085259255,-0.002986815138820598
2023-04-13,-0.001306261669456354,-0.006020076232571392,0.004713814563115037
2023-04-14,0.004225900276293881,0.004125127836806186,0.0001007724394876952
2023-04-17,0.0002521570204183643,0.004380297524362309,-0.004128140503943944
2023-04-18,8.916379147794196e-05,-0.001453731398740277,0.001542895190218219
2023-04-19,-0.002170362511359269,-0.005097792971929582,0.002927430460570313
2023-04-20,0.0006920678388735446,-0.0008119096707636109,0.001503977509637155
2023-04-21,-0.003003164309673845,-0.02514442212434653,0.02214125781467269
2023-04-24,0.004367304037654174,-0.006681022759633559,0.01104832679728773
2023-04-25,0.004389935906628173,-0.01459707060002124,0.01898700650664942
2023-04-26,-0.001980797587297078,0.003922754427400532,-0.005903552014697611
2023-04-27,-0.0008579407797895122,0.002570761052725912,-0.003428701832515424
2023-04-28,0.003447616753721183,0.01352725099627472,-0.01007963424255354
2023-05-01,1.097306674413545e-07,0.0,1.097306674413545e-07
2023-05-02,1.097390132098752e-07,0.0,1.097390132098752e-07
2023-05-03,1.097473596445298e-07,0.0,1.097473596445298e-07
2023-05-04,-0.003770804675133133,0.003388749671539681,-0.007159554346672814
2023-05-05,-0.002288980669673979,-0.00987003364530159,0.007581052975627611
2023-05-08,0.005921649513640048,0.007741211306039109,-0.00181956179239906
2023-05-09,-0.002293998748943871,-0.01065842159338604,0.008364422844442165
2023-05-10,0.0006905282980083083,-0.001321583052678821,0.002012111350687129
2023-05-11,-0.001366105247878724,-0.003132587494594108,0.001766482246715384
2023-05-12,-0.001770626210051973,-0.01020721524355483,0.008436589033502861
2023-05-15,0.0017034639944149,0.01112013986358384,-0.009416675869168945
2023-05-16,-0.00305965934814012,-0.007883897593755296,0.004824238245615176
2023-05-17,0.0005316313464907019,0.001836084459885257,-0.001304453113394555
2023-05-18,0.004023542285449322,0.001001298584624388,0.003022243700824934
2023-05-19,0.004509298509475235,-0.001811304498236077,0.006320603007711312
2023-05-22,0.0004881601623409892,-0.0002893537439431215,0.0007775139062841108
2023-05-23,-0.001466016101419387,-0.0102823896090305,0.008816373507611108
2023-05-24,-0.007406042576059146,-0.007705995773598429,0.0002999531975392822
2023-05-25,0.004155049555655044,-0.002930505395626559,0.007085554951281603
2023-05-26,-0.0003983039540482736,0.007813713325729443,-0.008212017279777717
2023-05-29,0.0135100141112241,-0.001627180206065226,0.01513719431728933
2023-05-30,0.003033396590397919,0.00599984066813164,-0.002966444077733721
2023-05-31,-0.004297280677289739,-0.002228891114297138,-0.002068389562992601
2023-06-01,0.002672580062680785,0.0006051787426832878,0.002067401319997497
2023-06-02,0.006191154594179515,0.008883806552468343,-0.002692651958288828
2023-06-05,0.008576214352222777,-0.001328371459177635,0.009904585811400413
2023-06-06,0.001984929691594139,-0.0186465390980316,0.02063146878962574
2023-06-07,-0.002000064708325144,0.0005999913093182041,-0.002600056017643348
2023-06-08,-0.007458943317633304,-0.003484209981276187,-0.003974733336357117
2023-06-09,0.009357351313953766,0.007279401288938558,0.002077950025015207
2023-06-12,0.005847532469846151,0.003016849763211482,0.002830682706634668
2023-06-13,0.01210881943522768,0.002709154886349818,0.009399664548877862
2023-06-14,0.002852258856100853,6.618089887000522e-06,0.002845640766213853
2023-06-15,-0.002750493095332596,0.008724239255602173,-0.01147473235093477
2023-06-16,0.003644315084751604,0.008397834277269478,-0.004753519192517874
2023-06-19,-0.00333987043113082,-0.002704940297754921,-0.0006349301333758994
2023-06-20,0.000745942314220871,-0.0008595128665978002,0.001605455180818671
2023-06-21,0.004504278463856481,-0.02207926400276838,0.02658354246662487
2023-06-22,4.349147042503887e-09,0.0,4.349147042503887e-09
2023-06-23,4.34947855509904e-09,0.0,4.34947855509904e-09
2023-06-26,-0.01057188398560949,-0.01732976121919272,0.006757877233583232
2023-06-27,-0.005962998422010202,0.01035666541532843,-0.01631966383733863
2023-06-28,0.003874899137886079,-0.0009566240753193789,0.004831523213205458
2023-06-29,0.001815357140589002,-0.0002911325730230452,0.002106489713612048
2023-06-30,0.003039888938836111,0.009788606499701924,-0.006748717560865813
2023-07-03,0.02169832312927866,0.007264871064375455,0.01443345206490321
2023-07-04,-0.005740853426130621,0.00214322005987766,-0.00788407348600828
2023-07-05,0.0003177315039550876,-0.005687617046997273,0.006005348550952361
2023-07-06,-0.0002381004412002063,-0.005359735052700376,0.00512163461150017
2023-07-07,-0.003042659237958545,-0.004498584799325411,0.001455925561366866
2023-07-10,-0.003036408446392858,0.003802664045450932,-0.00683907249184379
2023-07-11,0.003000285668985248,0.007511346394219576,-0.004511060725234328
2023-07-12,0.003577920785940547,-0.01101964927528054,0.01459757006122109
2023-07-13,0.0007522660136991544,0.01362952577568555,-0.01287725976198639
2023-07-14,-0.0006711398099331634,-0.002240216013739138,0.001569076203805975
2023-07-17,0.002556651241746977,-0.002956627289189107,0.005513278530936083
2023-07-18,0.001225117701907585,-0.001811169376768063,0.003036287078675648
2023-07-19,0.006942935186630583,-0.00139791395914568,0.008340849145776263
2023-07-20,0.0009374850501939758,-0.01133411530330819,0.01227160035350217
2023-07-21,-0.002146026137707202,2.531440490916026e-05,-0.002171340542616362
2023-07-24,-0.000119890092699193,-0.001505325172175831,0.001385435079476638
2023-07-25,0.003055900571204084,0.0168877636389142,-0.01383186306771012
2023-07-26,0.002474978718627785,-0.002508048525503459,0.004983027244131244
2023-07-27,0.002955424260333128,-0.006724940598579643,0.009680364858912771
2023-07-28,-0.002397289625247989,0.01376573094588651,-0.0161630205711345
2023-07-31,-0.0001915076961919171,0.007446336733275549,-0.007637844429467466
2023-08-01,0.002079844140484788,0.00174763149941537,0.0003322126410694182
2023-08-02,0.0004879106166717495,-0.003512120258145734,0.004000030874817484
2023-08-03,-0.002593766067561676,0.0034932356609505,-0.006087001728512176
2023-08-04,0.002802917840343921,0.004897773128327731,-0.00209485528798381
2023-08-07,-0.002211340344562274,-0.006172738783662202,0.003961398439099928
2023-08-08,-0.0007419684092400125,-0.004043850244551783,0.003301881835311771
2023-08-09,0.003536973805787325,-0.007311122467483333,0.01084809627327066
2023-08-10,7.346697424859272e-06,0.001654004234649342,-0.001646657537224483
2023-08-11,0.001064359087465938,-0.01962295932662539,0.02068731841409133
2023-08-14,0.0002053983822778438,0.000583425638597479,-0.0003780272563196352
2023-08-15,0.001256324732654468,-0.006256760411033069,0.007513085143687537
2023-08-16,-0.001899334658235441,-0.007918663623468825,0.006019328965233384
2023-08-17,0.004725696333188978,0.007052708452621292,-0.002327012119432315
2023-08-18,0.0001877774363829854,-0.01643753532299685,0.01662531275937984
2023-08-21,0.001535831336970883,-0.0115995707708817,0.01313540210785258
2023-08-22,-0.004761118929238806,0.005302252932174012,-0.01006337186141282
2023-08-23,-0.00301689226434898,-0.01943195159082123,0.01641505932647225
2023-08-24,0.002700336513627333,0.004115818456346121,-0.001415481942718788
2023-08-25,0.002359263930764133,-0.01264181351467542,0.01500107744543955
2023-08-28,0.00488416541759773,0.01127533276834236,-0.006391167350744631
2023-08-29,0.002368372289382581,0.02235593022143312,-0.01998755793205054
2023-08-30,0.0006516193532377645,0.0008370419664767148,-0.0001854226132389503
2023-08-31,0.0005163475859568667,-0.00619031540306314,0.006706662989020007
2023-09-01,-0.001670335474739049,0.001986270341847618,-0.003656605816586667
2023-09-04,-0.002927314543334281,0.01373374139250183,-0.01666105593583611
2023-09-05,0.002305154879257421,-0.00704486275639904,0.00935001763565646
2023-09-06,0.002353845988690928,0.0002884926002511001,0.002065353388439828
2023-09-07,-0.001951376501157731,-0.01514235680559828,0.01319098030444055
2023-09-08,-0.002370438338793357,0.001038104757395741,-0.003408543096189098
2023-09-11,0.001882618558465277,0.01158073229607148,-0.009698113737606207
2023-09-12,-0.002127041860112699,-0.0006580394234880771,-0.001469002436624622
2023-09-13,-0.003091098535271009,-0.009622365892499207,0.006531267357228199
2023-09-14,0.0003383570229940069,-0.002327046225985785,0.002665403248979792
2023-09-15,0.001954505349188951,0.0004489574016588449,0.001505547947530106
2023-09-18,-0.002346746055456705,0.002634688132158614,-0.004981434187615319
2023-09-19,-0.003166314279995808,-0.005557993527621208,0.0023916792476254
2023-09-20,0.003454557364407806,-0.006485697709171956,0.009940255073579762
2023-09-21,-0.002834904331752597,-0.006917347518408223,0.004082443186655627
2023-09-22,0.001003097251362384,0.01548489643473161,-0.01448179918336923
2023-09-25,-0.0003223784268018282,-0.005643273519781222,0.005320895092979394
2023-09-26,0.001171505491783353,-0.003531180624918417,0.004702686116701771
2023-09-27,-0.002242119708232626,0.004905563475689156,-0.007147683183921782
2023-09-28,-0.001716585948397409,0.0028937235101818,-0.004610309458579209
2023-09-29,1.524250166085039e-07,0.0,1.524250166085039e-07
2023-10-02,1.524366031180335e-07,0.0,1.524366031180335e-07
2023-10-03,1.524481907377861e-07,0.0,1.524481907377861e-07
2023-10-04,1.52459778801628e-07,0.0,1.52459778801628e-07
2023-10-05,1.524713679756928e-07,0.0,1.524713679756928e-07
2023-10-06,1.524829580379361e-07,0.0,1.524829580379361e-07
2023-10-09,-0.001601348321944251,-0.005744389599298572,0.00414304127735432
2023-10-10,-0.004377244891509813,-0.004897421033283389,0.0005201761417735762
2023-10-11,-0.002029763002806773,-0.0001030127682549731,-0.0019267502345518
2023-10-12,0.003494507934704627,0.007433669817169086,-0.003939161882464459
2023-10-13,-0.001185715391821773,-0.006745844235529819,0.005560128843708045
2023-10-16,0.001798164685274939,-0.009356727222378014,0.01115489190765295
2023-10-17,0.001745285831680432,0.002628716623631178,-0.0008834307919507456
2023-10-18,-0.002295478566954667,-0.01264266335915243,0.01034718479219776
2023-10-19,-0.003873873509538606,-0.01096368967889094,0.007089816169352336
2023-10-20,0.0004922473005488648,-0.007386489459245249,0.007878736759794114
2023-10-23,-0.004434851877345936,-0.02458482909174053,0.0201499772143946
2023-10-24,0.002306614853400335,0.01165900803919606,-0.009352393185795727
2023-10-25,7.844401901557774e-05,0.004482428097107416,-0.004403984078091838
2023-10-26,-0.001180328649441065,0.004265252976190625,-0.00544558162563169
2023-10-27,0.001607762394956191,0.01724415763864307,-0.01563639524368687
2023-10-30,0.0001782861123365009,0.009897979435655069,-0.009719693323318568
2023-10-31,0.000130093038137602,-0.003272398803546239,0.003402491841683841
2023-11-01,0.0007353589528167337,-0.003304849282954381,0.004040208235771114
2023-11-02,0.003109513046267942,-0.009168833950094157,0.0122783469963621
2023-11-03,0.003564234565494262,0.00932511516727863,-0.005760880601784368
2023-11-06,0.0006415212665407122,0.01718581000152453,-0.01654428873498381
2023-11-07,-0.001426185642700362,0.001077597742040304,-0.002503783384740665
2023-11-08,0.001212568654685553,-0.0005489119780435203,0.001761480632729073
2023-11-09,-0.0007778348191379569,-0.002845924229942121,0.002068089410804164
2023-11-10,-0.004559534783708408,-0.003390521560927451,-0.001169013222780957
2023-11-13,0.003751183445474426,0.005826200857691255,-0.002075017412216829
2023-11-14,0.00344908830094659,0.004456281876776158,-0.001007193575829568
2023-11-15,0.005632905119805187,0.006050918649155079,-0.0004180135293498921
2023-11-16,-0.0006151853639040361,-0.009755288086403024,0.009140102722498988
2023-11-17,-0.003898043582250765,0.003932712466306443,-0.007830756048557208
2023-11-20,-0.006794328827242069,0.005034254237829883,-0.01182858306507195
2023-11-21,0.0008187132191310731,-0.003302254331889909,0.004120967551020982
2023-11-22,-0.004283458694710696,-0.01208633807710591,0.007802879382395211
2023-11-23,0.001396532759905256,0.008988139029948439,-0.007591606270043183
2023-11-24,0.001493029617900765,-0.009349118529465628,0.01084214814736639
2023-11-27,0.0007049342235618816,-0.0007019219376636077,0.001406856161225489
2023-11-28,-0.00127696079358397,0.004489347903803287,-0.005766308697387257
2023-11-29,0.00109096115421714,-0.006826432978628283,0.007917394132845423
2023-11-30,0.004026754843010627,-0.001490997293515761,0.005517752136526388
2023-12-01,-0.000379844002045826,0.003935041162838937,-0.004314885164884763
2023-12-04,0.0008496592321978191,-0.001401146425190514,0.002250805657388333
2023-12-05,-0.00480208572443952,-0.01774757288539264,0.01294548716095312
2023-12-06,0.005370206881383899,0.00392095099085954,0.001449255890524359
2023-12-07,-0.002529339744707371,-0.0001240463933509517,-0.002405293351356419
2023-12-08,0.003880454629155761,0.003074177999467187,0.0008062766296885737
2023-12-11,0.008015575888680848,0.01216080785887219,-0.004145231970191343
2023-12-12,0.0002815850540700549,0.0002390001527443619,4.258490132569293e-05
2023-12-13,0.002992437821117688,-0.01054044245784358,0.01353288027896127
2023-12-14,0.007353473249763098,-0.00330094725202501,0.01065442050178811
2023-12-15,-0.002705723728640752,-0.007203064854909402,0.00449734112626865
2023-12-18,-0.0006047837014082624,-0.01183898829129182,0.01123420458988356
2023-12-19,0.001389867529795197,-0.00100273523890182,0.002392602768697016
2023-12-20,0.003229819552047042,-0.01311927611633734,0.01634909566838438
2023-12-21,-0.007451634453359279,0.005550648015083093,-0.01300228246844237
2023-12-22,0.003524463362283292,-0.00507046580104753,0.008594929163330822
2023-12-25,0.003521896713012174,0.0006928115157323056,0.002829085197279868
2023-12-26,0.002674605735026203,-0.01074055051670908,0.01341515625173528
2023-12-27,0.001281578107371173,0.005182302958381735,-0.003900724851010562
2023-12-28,-0.000322785989116392,0.01840307405312247,-0.01872586004223886
2023-12-29,-0.003865064250823891,0.00862562235267883,-0.01249068660350272
2024-01-02,0.002729268740201407,-0.003641400345905321,0.006370669086106728
2024-01-03,-0.007107668588705596,-0.001489982364228704,-0.005617686224476892
2024-01-04,-0.004536517857870681,-0.008531121561076715,0.003994603703206034
2024-01-05,-0.001240962645548294,-0.01371533353749166,0.01247437089194336
2024-01-08,0.0006479943633275198,-0.02161545058852266,0.02226344495185018
2024-01-09,0.007106523958021027,0.002505950422818648,0.004600573535202379
2024-01-10,0.001689329737922574,-0.004356596180015937,0.006045925917938511
2024-01-11,0.009124788645228366,0.01275280724610695,-0.00362801860087858
2024-01-12,4.073526457037957e-05,-0.003384470487340696,0.003425205751911076
2024-01-15,0.005107553500033557,-0.002473982843466782,0.007581536343500339
2024-01-16,-0.006804550029908096,-0.0005584117998190807,-0.006246138230089016
2024-01-17,-0.005497724059725262,-0.02482660295930939,0.01932887889958412
2024-01-18,-0.0008581816324874092,0.001070820343215706,-0.001929001975703115
2024-01-19,0.005841277517348198,-0.009577734973238328,0.01541901249058653
2024-01-22,0.008536929972347007,-0.04731758737294334,0.05585451734529034
2024-01-23,-0.0008270699781040003,0.01773071155016659,-0.01855778152827059
2024-01-24,-0.000355268743367998,0.01396704303970209,-0.01432231178307009
2024-01-25,-0.002697052832424274,0.02827087175953147,-0.03096792459195574
2024-01-26,-0.00469889139446944,-0.009085031479269423,0.004386140084799983
2024-01-29,0.005184410759896174,-0.01972910769451119,0.02491351845440737
2024-01-30,0.006941174303892961,-0.02291437952397668,0.02985555382786964
2024-01-31,-0.00480372202979229,-0.02450887748468844,0.01970515545489615
2024-02-01,-0.004952454626564684,-0.003885475347989553,-0.001066979278575131
2024-02-02,0.01066061577433342,-0.02468832354078976,0.03534893931512317
2024-02-05,0.001252523063280053,-0.02256301471329458,0.02381553777657464
2024-02-06,-0.001612988355998768,0.07749324030437665,-0.07910622866037542
2024-02-07,-0.001677105097036335,0.06318691608231553,-0.06486402117935186
2024-02-08,0.01120380240093755,0.007957616785756905,0.003246185615180641
2024-02-09,9.44113276446501e-09,0.0,9.44113276446501e-09
2024-02-12,9.441851300806547e-09,0.0,9.441851300806547e-09
2024-02-13,9.4425705032819e-09,0.0,9.4425705032819e-09
2024-02-14,9.443289705757252e-09,0.0,9.443289705757252e-09
2024-02-15,9.444008686187999e-09,0.0,9.444008686187999e-09
2024-02-16,9.444728110707956e-09,0.0,9.444728110707956e-09
2024-02-19,-0.002935471318516347,-0.001675653320337034,-0.001259817998179313
2024-02-20,-0.001091903995336097,-0.0001244748716353605,-0.000967429123700736
2024-02-21,-0.004073743428656962,-0.0003734711026734949,-0.003700272325983467
2024-02-22,0.006241690819018375,0.00725816494909548,-0.001016474130077105
2024-02-23,0.005643808467456379,0.004128399602808086,0.001515408864648293
2024-02-26,-0.002331321013209875,-0.0004328829426805125,-0.001898438070529362
2024-02-27,0.0002898936878683589,0.02162272445558244,-0.02133283076771408
2024-02-28,0.002952505508401648,-0.02331474433852065,0.0262672498469223
2024-02-29,-0.002421891185207414,0.03139244413151876,-0.03381433531672617
2024-03-01,0.004345367285495394,0.006033526658050903,-0.001688159372555509
2024-03-04,0.003742744896940708,0.001816305853263867,0.001926439043676842
2024-03-05,0.001433518887586915,-0.006864211460022696,0.008297730347609611
2024-03-06,0.000791667447191946,-0.0003232539150158642,0.00111492136220781
2024-03-07,0.002517691442787795,-0.0136072222949104,0.0161249137376982
2024-03-08,0.002525188247407995,0.01370018759592972,-0.01117499934852173
2024-03-11,0.0004623684416589224,0.0170947360550322,-0.01663236761337328
2024-03-12,-0.00208843179522622,-0.003185047003795183,0.001096615208568963
2024-03-13,-0.0009261819588418652,-0.001587471329640988,0.000661289370799123
2024-03-14,8.866200284507464e-05,-0.00409594634273347,0.004184608345578544
2024-03-15,0.0007566121390760738,0.01135189961672034,-0.01059528747764427
2024-03-18,-0.001266301473256126,0.01362265430910403,-0.01488895578236016
2024-03-19,0.0003595227877897234,-0.009085729273123455,0.009445252060913178
2024-03-20,0.003060484163285748,0.00277279846373446,0.0002876856995512878
2024-03-21,0.01130763892700926,-0.005020560999452028,0.01632819992646128
2024-03-22,-0.006382766698980968,-0.01486690950871139,0.008484142809730422
2024-03-25,-0.006363892503550184,-0.016680997739838,0.01031710523628782
2024-03-26,0.001423460640674001,-0.001950989187402552,0.003374449828076553
2024-03-27,0.003082111914213037,-0.02417294613221499,0.02725505804642803
2024-03-28,-0.001553699041891843,0.01301806588735399,-0.01457176492924583
2024-03-29,0.006355971185360687,0.01193573273147375,-0.00557976154611306
2024-04-01,0.003090786322405226,0.02176816441424401,-0.01867737809183878
2024-04-02,-0.003651291857750372,-0.003702860274419018,5.156841666864587e-05
2024-04-03,-0.004709677099516973,-0.001232060328214768,-0.003477616771302205
2024-04-04,6.370845317960061e-08,0.0,6.370845317960061e-08
2024-04-05,6.371330130150454e-08,0.0,6.371330130150454e-08
2024-04-08,0.005360506133545551,-0.01414244781006968,0.01950295394361523
2024-04-09,0.00353255762002469,0.008362602126225971,-0.004830044506201281
2024-04-10,-0.0009812203699021138,-0.01262048700144103,0.01163926663153891
2024-04-11,-0.005675883029146678,0.004992920062098838,-0.01066880309124552
2024-04-12,0.008839121093314306,-0.004638038707535763,0.01347715980085007
2024-04-15,-0.007564595325610823,0.01184335691898375,-0.01940795224459457
2024-04-16,-0.007732492734622953,-0.02774864599641935,0.0200161532617964
2024-04-17,-0.001056695010154152,0.02854638788030539,-0.02960308289045954
2024-04-18,0.001135227930450622,0.001889601573107358,-0.000754373642656736
2024-04-19,-0.003869662866933021,-0.00653664408655219,0.002666981219619169
2024-04-22,-0.009232869447240888,-0.008897677647807023,-0.0003351917994338649
2024-04-23,-0.01099383814020838,-0.01125943981866429,0.0002656016784559068
2024-04-24,0.003891959672142731,0.01051596787416931,-0.006624008202026577
2024-04-25,0.00182478087419935,-0.0007030157475527155,0.002527796621752065
2024-04-26,0.004058825007758005,0.02144375530009457,-0.01738493029233656
2024-04-29,-0.002223238328437738,0.01980037676001278,-0.02202361508845052
2024-04-30,0.001423946973017065,-0.006817571995202942,0.008241518968220007
2024-05-01,5.746504749826187e-07,0.0,5.746504749826187e-07
2024-05-02,5.746939144568586e-07,0.0,5.746939144568586e-07
2024-05-03,5.747373561515445e-07,0.0,5.747373561515445e-07
2024-05-06,0.002460107733896155,0.01607383746788349,-0.01361372973398733
2024-05-07,0.00348715461406246,-0.0002749339796694894,0.003762088593731949
2024-05-08,-0.0009644737109134605,-0.01236095732285392,0.01139648361194046
2024-05-09,0.003779312343204611,0.01795462705815987,-0.01417531471495526
2024-05-10,0.001821924622021021,-0.003845759317013475,0.005667683939034496
2024-05-13,0.0005278308991700786,-0.005444954294179127,0.005972785193349206
2024-05-14,-0.0007480222422397986,-0.0008210329757359913,7.301073349619269e-05
2024-05-15,0.0027267848445931,-0.009831404501939756,0.01255818934653286
2024-05-16,0.0013097021458508,-0.004037336643006872,0.005347038788857672
2024-05-17,0.002543223259079186,0.01239153718106367,-0.009848313921984486
2024-05-20,0.005386395160237312,0.005755759856806986,-0.000369364696569674
2024-05-21,-0.002854449144447657,-0.008072779940255348,0.005218330795807691
2024-05-22,0.002442442847786719,-0.001879935972666114,0.004322378820452832
2024-05-23,-0.005423378505845289,-0.01943821190393891,0.01401483339809362
2024-05-24,-0.005000940954259736,-0.009111744751795547,0.004110803797535811
2024-05-27,0.007103349752401122,0.01090063894456517,-0.003797289192164044
2024-05-28,0.001892537057457178,-0.01028415469423993,0.01217669175169711
2024-05-29,-0.008093656111519465,0.002291140359622634,-0.0103847964711421
2024-05-30,-0.009743619350355948,-0.003687848492298751,-0.006055770858057197
2024-05-31,0.001378441206277614,-2.260457441238817e-05,0.001401045780690002
2024-06-03,0.002120451505169152,-0.006493310778481476,0.008613762283650628
2024-06-04,0.000646086938753454,0.01287051556008922,-0.01222442862133577
2024-06-05,0.003142001942471273,-0.01198251574799469,0.01512451769046597
2024-06-06,0.009300637329995531,-0.00931045066825309,0.01861108799824862
2024-06-07,0.0009098638544788873,-0.00379054467564266,0.004700408530121547
2024-06-10,4.835080069653941e-08,0.0,4.835080069653941e-08
2024-06-11,-0.004586898610979162,0.00162987763439304,-0.006216776245372202
2024-06-12,0.002730144394458067,0.00296695524842483,-0.0002368108539667624
2024-06-13,0.005320823554139764,-0.007330473251225378,0.01265129680536514
2024-06-14,-0.0004683420991262732,0.003561397530892796,-0.004029739630019069
2024-06-17,-0.0008097122060698458,-0.001143275869014304,0.0003335636629444583
2024-06-18,0.003919388833725002,0.004562974229566086,-0.0006435853958410842
2024-06-19,-0.00028452845595206,-0.01186604956326753,0.01158152110731547
2024-06-20,0.001691315514426694,-0.014364980788652,0.0160562963030787
2024-06-21,-0.004726041705028661,0.001523190377205497,-0.006249232082234157
2024-06-24,-0.004398912313240855,-0.02144510449147741,0.01704619217823655
2024-06-25,-0.001244776573355311,-0.008868575640257781,0.00762379906690247
2024-06-26,0.00870116590642711,0.01450906614557979,-0.005807900239152675
2024-06-27,-0.0003546999065291434,-0.01840081427288098,0.01804611436635184
2024-06-28,0.005956579583060062,0.002989011880967007,0.002967567702093055
2024-07-01,-0.0008058050315736809,0.0122157975875925,-0.01302160261916618
2024-07-02,0.002449861508939666,-0.01072921913350766,0.01317908064244733
2024-07-03,0.009754119113763782,-0.007790717408697412,0.01754483652246119
2024-07-04,0.001899354516659679,-0.01556123903464113,0.01746059355130081
2024-07-05,0.00511700455492714,0.006569448753749096,-0.001452444198821956
2024-07-08,0.003550182779415323,-0.01698224098178069,0.02053242376119602
2024-07-09,0.008286444330403153,0.0194998766624439,-0.01121343233204075
2024-07-10,-0.004508476458986221,-0.006713280977670211,0.002204804518683989
2024-07-11,0.003585670335021662,0.01972891068833404,-0.01614324035331238
2024-07-12,-0.01553702869214058,-0.004123707166181156,-0.01141332152595942
2024-07-15,0.01423617050171111,-0.007208254732322894,0.021444425234034
2024-07-16,-0.0002340837900474124,0.002960748582075734,-0.003194832372123146
2024-07-17,-0.0007861291219494193,-0.008529385345299234,0.007743256223349815
2024-07-18,-0.007653608125669176,0.004346680174114326,-0.0120002882997835
2024-07-19,-0.01097133294447816,-0.001156285044764949,-0.009815047899713214
2024-07-22,-0.004342021934033657,-0.001245882123541597,-0.00309613981049206
2024-07-23,0.005360474990999009,-0.02942469964940242,0.03478517464040143
2024-07-24,-0.00555572756531475,-0.01159058185821971,0.006034854292904956
2024-07-25,-0.01615632275377177,-0.0005591187773937856,-0.01559720397637798
2024-07-26,0.0002246490924744382,0.01520324941859852,-0.01497860032612408
2024-07-29,0.004359830438492196,-0.005814567243337732,0.01017439768182993
2024-07-30,-0.003066866202771412,-0.002030224004213488,-0.001036642198557924
2024-07-31,0.00585788076132987,0.03982099385437765,-0.03396311309304778
2024-08-01,0.0005577351308512224,-0.006843469950331582,0.007401205081182805
2024-08-02,-0.006353416717902127,-0.01325992124410424,0.006906504526202117
2024-08-05,-0.01355379328557671,-0.01979067038102822,0.00623687709545151
2024-08-06,0.001626571317596248,0.01212863640721351,-0.01050206508961726
2024-08-07,0.001866427637022827,0.0002441704309608106,0.001622257206062017
2024-08-08,0.0002645003976196048,0.0008144042222757442,-0.0005499038246561394
2024-08-09,0.003020198076408187,-0.007464553882514213,0.0104847519589224
2024-08-12,-0.0003324517571833274,-0.001302880531151684,0.000970428773968357
2024-08-13,-0.00524393179579663,0.003750403041050898,-0.008994334836847528
2024-08-14,-0.002427760023684722,-0.01368812132278363,0.01126036129909891
2024-08-15,0.001039460978066398,0.006708705890419608,-0.005669244912353211
2024-08-16,-0.002390138472256997,-0.005959500934364592,0.003569362462107595
2024-08-19,0.002217522964300223,0.002693570972811532,-0.0004760480085113095
2024-08-20,-0.0003113676337660465,-0.01728607547363203,0.01697470783986599
2024-08-21,0.001640994600062839,-0.003235542730241847,0.004876537330304687
2024-08-22,-0.00228192912017644,-0.01171759186592025,0.009435662745743811
2024-08-23,-0.0007196153288764329,0.0008205815982371689,-0.001540196927113602
2024-08-26,0.003932360999967077,0.001602348641970952,0.002330012357996125
2024-08-27,-0.000283564161475347,-0.01079800015843813,0.01051443599696278
2024-08-28,0.0008899327341771457,0.001049987876199365,-0.0001600551420222196
2024-08-29,-0.0003949463519844487,0.01286441585685361,-0.01325936220883805
2024-08-30,0.002981393412520683,0.01781741591522423,-0.01483602250270355
2024-09-02,-0.003756140883539261,-0.01988096854784638,0.01612482766430712
2024-09-03,0.001971049989039519,0.01090857906960374,-0.008937529080564222
2024-09-04,-0.01026856829768319,-0.003132832080200432,-0.007135736217482758
2024-09-05,0.001643124467230361,0.004148770863887208,-0.002505646396656847
2024-09-06,-0.001051640336288351,-0.01383150514334652,0.01277986480705817
2024-09-09,-0.006357486165373571,-0.006668944010402411,0.0003114578450288397
2024-09-10,0.001041790431385081,0.0001153712179873256,0.0009264192133977556
2024-09-11,-0.001505889613361844,0.001599481776777933,-0.003105371390139777
2024-09-12,0.002828516134087966,-0.004059872600178926,0.006888388734266893
2024-09-13,0.003645162465006901,-0.01014768969374569,0.01379285215875259
2024-09-16,8.692622093242619e-07,0.0,8.692622093242619e-07
2024-09-17,8.693276623006341e-07,0.0,8.693276623006341e-07
2024-09-18,0.004130432631634706,0.002675827237270223,0.001454605394364483
2024-09-19,0.001796662886924816,0.0128885672224377,-0.01109190433551288
2024-09-20,0.003112640244950837,-0.004866836710991751,0.007979476955942588
2024-09-23,-0.001376982639138213,-0.0008225165003480361,-0.0005544661387901773
2024-09-24,0.00073543701951162,0.0433645034474015,-0.04262906642788988
2024-09-25,0.0002799301932263631,0.00893039918116667,-0.008650468987940307
2024-09-26,0.004051024743970233,0.0436861193537752,-0.03963509460980497
2024-09-27,-0.001344340092387486,0.05335771478560924,-0.05470205487799673
2024-09-30,0.00355753824176297,0.1041107951869304,-0.1005532569451675
2024-10-01,6.339098557184286e-08,0.0,6.339098557184286e-08
2024-10-02,6.339580971292946e-08,0.0,6.339580971292946e-08
2024-10-03,6.340063452014988e-08,0.0,6.340063452014988e-08
2024-10-04,6.34054593273703e-08,0.0,6.34054593273703e-08
2024-10-07,6.341028480072453e-08,0.0,6.341028480072453e-08
2024-10-08,-0.00645391507169979,0.07179944351774781,-0.0782533585894476
2024-10-09,-0.01236538565223044,-0.06822102872515667,0.05585564307292623
2024-10-10,0.003551606281219533,-0.007803837060903485,0.01135544334212302
2024-10-11,-0.002858932029890293,-0.03867064496176331,0.03581171293187302
2024-10-14,0.007787421791388027,0.02510414362772595,-0.01731672183633792
2024-10-15,3.252998171165977e-05,-0.02417731337428553,0.02420984335599718
2024-10-16,0.005398014116193117,-0.002095911237154136,0.007493925353347253
2024-10-17,-0.002364069133218849,-0.007709083717719389,0.00534501458450054
2024-10-18,0.005140286220388868,0.0407880435284067,-0.03564775730801784
2024-10-21,0.002956255067415814,0.01138471140173247,-0.008428456334316659
2024-10-22,-0.001348104158327645,0.008698807726897462,-0.01004691188522511
2024-10-23,-0.001405452064807577,0.003915639093824197,-0.005321091158631774
2024-10-24,-0.004541389226924597,-0.008600542208095807,0.00405915298117121
2024-10-25,0.000988206128358371,0.01449176663698104,-0.01350356050862267
2024-10-28,0.004698846138966095,0.01274250433327784,-0.008043658194311742
2024-10-29,0.00358032669703956,-0.01209948807897054,0.0156798147760101
2024-10-30,0.00633475430532382,0.004369869918950942,0.001964884386372878
2024-10-31,-0.007323436691686558,0.01085316199406283,-0.01817659868574939
2024-11-01,-0.007242668025731036,-0.01177200239269727,0.004529334366966231
2024-11-04,0.0005980496405646463,0.01664831904962782,-0.01605026940906318
2024-11-05,-0.0004381222381000249,0.03087582709132031,-0.03131394932942033
2024-11-06,0.01103238136185025,0.00226113675296169,0.008771244608888562
2024-11-07,0.0004544309199472352,0.01857229843008001,-0.01811786751013278
2024-11-08,0.00498729452286617,-0.002743783215483298,0.007731077738349468
2024-11-11,0.004136897231251657,0.01738546293736865,-0.01324856570611699
2024-11-12,-0.0002187375938206282,-0.01054241132780043,0.0103236737339798
2024-11-13,-0.003307779316338966,-0.0006449676558298867,-0.002662811660509079
2024-11-14,-0.0009053453852241322,-0.02899914374808299,0.02809379836285886
2024-11-15,-0.005550581443449554,-0.02530802147307409,0.01975744002962454
2024-11-18,0.002170773611906984,-0.01543426596089437,0.01760503957280135
2024-11-19,0.004485179232974756,0.01775403563150602,-0.01326885639853126
2024-11-20,0.003072825547424163,0.009397635009938288,-0.006324809462514125
2024-11-21,0.0001173700332244287,-0.001181498533973868,0.001298868567198297
2024-11-22,0.002120881555053522,-0.03927281962003648,0.04139370117509
2024-11-25,0.006646334511116736,-0.002539020042606865,0.009185354553723601
2024-11-26,0.0003188063023917831,-0.007875306198948717,0.0081941125013405
2024-11-27,0.002030020538977162,0.02011429615779337,-0.0180842756188162
2024-11-28,-0.000909143268524093,-0.008155123050367363,0.00724597978184327
2024-11-29,0.002068426153645442,0.01638529943031797,-0.01431687327667253
2024-12-02,0.004842447277851214,0.01566659945248938,-0.01082415217463817
2024-12-03,0.005515688572449662,-0.001934847786365879,0.00745053635881554
2024-12-04,0.0001827319802036875,-0.00890912523684606,0.009091857217049748
2024-12-05,0.003913881186160983,0.003864425345323275,4.945584083770882e-05
2024-12-06,1.269518580282458e-05,0.01308202826504279,-0.01306933307923996
2024-12-09,0.003808606104120704,-0.005366938720899106,0.00917554482501981
2024-12-10,-0.003990474730480864,0.00756333748661131,-0.01155381221709217
2024-12-11,0.0007617077041863762,0.009180436208401366,-0.00841872850421499
2024-12-12,0.004757465270705641,0.008812488630913995,-0.004055023360208354
2024-12-13,0.00333714629270121,-0.01837587432934618,0.02171302062204739
2024-12-16,0.006265181249039964,-0.01263966841953201,0.01890484966857198
2024-12-17,-0.001485422368581069,-0.01089875858336442,0.009413336214783352
2024-12-18,-0.001713599119936071,0.006918415364832731,-0.008632014484768802
2024-12-19,-0.01606632328070223,0.002258593694278055,-0.01832491697498029
2024-12-20,-0.006549718111511837,0.002585599262612925,-0.009135317374124763
2024-12-23,0.01388322397517627,-0.01666841299402755,0.03055163696920382
2024-12-24,-0.0005747616200778571,0.0131836969691761,-0.01375845858925395
2024-12-25,0.003331273085332542,-0.009324440313065119,0.01265571339839766
2024-12-26,0.001197301451440147,0.008008163978158622,-0.006810862526718475
2024-12-27,-0.0015550428627219,0.002057053945432763,-0.003612096808154663
2024-12-30,-0.003354802975422455,-4.915945802541621e-05,-0.003305643517397039
2024-12-31,-0.004396768123869355,-0.02935302972767717,0.02495626160380782
2025-01-02,0.002668343262082651,-0.03142132094946848,0.03408966421155113
2025-01-03,-0.00121302027896808,-0.02128089263625565,0.02006787235728758
2025-01-06,0.004955376703843051,-0.000128965695125105,0.005084342398968156
2025-01-07,0.003041471204228818,0.01060971789721954,-0.007568246692990721
2025-01-08,-0.00021781012555111,-0.004209908326465728,0.003992098200914618
2025-01-09,-0.001129929636130789,-0.0009154843186690576,-0.0002144453174617311
2025-01-10,-0.002745725406838928,-0.01600083568675681,0.01325511027991788
2025-01-13,-0.007427015244363289,0.002313159306275736,-0.009740174550639025
2025-01-14,0.001641273843722812,0.0354107438170097,-0.03376946997328689
2025-01-15,0.0005629094701509185,-0.008938906406186442,0.00950181587633736
2025-01-16,0.006359819266587463,0.004195593992532221,0.002164225274055243
2025-01-17,0.0006853280723471133,0.00751222133463636,-0.006826893262289246
2025-01-20,0.003266219010245042,0.004839555491123582,-0.00157333648087854
2025-01-21,0.0004199430837084073,0.003489285453473601,-0.003069342369765193
2025-01-22,0.00815351002028164,-0.004767550834942624,0.01292106085522426
2025-01-23,-0.003937074326278878,-0.004068085592092929,0.0001310112658140516
2025-01-24,0.001558375839789905,0.0117652325737565,-0.0102068567339666
2025-01-27,-0.0005202241437177735,-0.01072752856219961,0.01020730441848183
2025-01-28,1.52513608497884e-05,0.0,1.52513608497884e-05
2025-01-29,1.525228987975247e-05,0.0,1.525228987975247e-05
2025-01-30,1.525321895212706e-05,0.0,1.525321895212706e-05
2025-01-31,1.525414806691217e-05,0.0,1.525414806691217e-05
2025-02-03,1.525507722388575e-05,0.0,1.525507722388575e-05
2025-02-04,1.525600642371394e-05,0.0,1.525600642371394e-05
2025-02-05,0.008278585264625882,0.004481745608605037,0.003796839656020845
2025-02-06,0.0006494739187772325,0.02377996541031169,-0.02313049149153446
2025-02-07,0.002046383601035595,0.0149776440091165,-0.0129312604080809
2025-02-10,0.002891188976616776,0.009352090079002506,-0.00646090110238573
2025-02-11,0.001603401143471572,-0.005140484499579712,0.006743885643051284
2025-02-12,-0.0006631329164837885,0.01403995712052009,-0.01470309003700387
2025-02-13,0.0008059550728405362,-0.007115526729096433,0.00792148180193697
2025-02-14,0.000640057932822069,0.00839908718842497,-0.007759029255602901
2025-02-17,-0.004013479091148353,0.0001546790409898691,-0.004168158132138222
2025-02-18,0.0005739122677330677,-0.01815684718729416,0.01873075945502722
2025-02-19,0.006500596618777443,0.0176639483898362,-0.01116335177105876
2025-02-20,0.002243455202344924,0.002299844545986751,-5.638934364182724e-05
2025-02-21,0.001056361690163987,0.01670317496286233,-0.01564681327269835
2025-02-24,-0.004441486203962897,-0.001996017870055766,-0.00244546833390713
2025-02-25,0.001119901703648951,-0.01075274153552452,0.01187264323917347
2025-02-26,-0.001515435806290766,0.01200173245016267,-0.01351716825645344
2025-02-27,0.002320705255160593,-0.003759249405955956,0.006079954661116549
2025-02-28,-0.004705280869642281,-0.02805113294266537,0.02334585207302309
2025-03-03,0.005187842714231117,0.004419893274082876,0.0007679494401482412
2025-03-04,6.442067088019421e-05,0.008811081642673635,-0.00874666097179344
2025-03-05,-0.004115044938920787,0.002201214962872289,-0.006316259901793075
2025-03-06,0.002380457714024509,0.01631236661233149,-0.01393190889830698
2025-03-07,-0.00103462532274512,-0.005621906917756436,0.004587281595011317
2025-03-10,0.003284537335619619,-2.494275637421328e-05,0.003309480091993833
2025-03-11,-0.00794768533698198,0.005213166112923773,-0.01316085144990575
2025-03-12,0.000188379137073369,-0.000739457764058371,0.00092783690113174
2025-03-13,0.003267959789826635,-0.00770300471815244,0.01097096450797908
2025-03-14,0.005547963132002343,0.01768610787174429,-0.01213814473974195
2025-03-17,-0.0004473642022659874,0.00131803710831857,-0.001765401310584558
2025-03-18,0.002983625521172595,0.004138820763520679,-0.001155195242348084
2025-03-19,0.0007709472722914334,-0.005194593448877516,0.005965540721168949
2025-03-20,2.1403436595957e-05,-0.006875426128913786,0.006896829565509743
2025-03-21,-0.004181172118059351,-0.01445006097872914,0.01026888886066979
2025-03-24,0.002202934319211813,-0.0004772326534303595,0.002680166972642173
2025-03-25,0.003387029128037122,-0.003707439002325286,0.007094468130362408
2025-03-26,0.0001181304814041884,0.0002606378059342163,-0.0001425073245300279
2025-03-27,-0.00108078393965505,0.001529797427923141,-0.002610581367578191
2025-03-28,0.0007496627408558609,-0.006977642003491491,0.007727304744347352
2025-03-31,-0.001408921995248225,-0.009847820244319183,0.008438898249070959
2025-04-01,0.004347538603592271,0.005988627071394026,-0.001641088467801755
2025-04-02,-0.001459736166828041,0.001058910374436728,-0.002518646541264769
2025-04-03,0.001166902688302107,-0.009084452008699673,0.01025135469700178
2025-04-04,4.259364416725475e-09,0.0,4.259364416725475e-09
2025-04-07,-0.03205986732297583,-0.09553844837909509,0.06347858105611925
2025-04-08,0.01145188096025396,0.007542987272627588,0.003908893687626369
2025-04-09,0.006443544523395683,0.0211867668122796,-0.01474322228888392
2025-04-10,0.01018369750553938,0.01917176645336105,-0.00898806894782167
2025-04-11,0.002794979328696767,0.006720706485860317,-0.00392572715716355
2025-04-14,0.005159524782106795,0.008209527495288027,-0.003050002713181232
2025-04-15,-0.0019101090966398,-0.004373447257399077,0.002463338160759276
2025-04-16,0.003736841135939528,-0.008151674332846026,0.01188851546878555
2025-04-17,0.0009818488880517506,2.699366188818608e-05,0.0009548552261635646
2025-04-18,0.0005344973100505079,0.0006676252157185036,-0.0001331279056679957
2025-04-21,0.006627234002205329,0.01468514868578175,-0.008057914683576417
2025-04-22,0.007766752929463605,-0.003220272296442284,0.01098702522590589
2025-04-23,-0.01188157085853025,0.001909601526258742,-0.013791172384789
2025-04-24,0.002092814684926836,-0.005158874524174961,0.007251689209101797
2025-04-25,-0.002737571021726115,0.003799581867610424,-0.006537152889336539
2025-04-28,-0.005817559302004782,-0.005134010285791524,-0.0006835490162132585
2025-04-29,0.001111810398926938,0.001182503943168323,-7.069354424138474e-05
2025-04-30,-0.001430704316183418,0.004801147565259622,-0.00623185188144304
2025-05-01,5.435897154626446e-08,0.0,5.435897154626446e-08
2025-05-02,5.436310912543263e-08,0.0,5.436310912543263e-08
2025-05-05,5.43672467046008e-08,0.0,5.43672467046008e-08
2025-05-06,0.005271110476473773,0.01926730612839189,-0.01399619565191812
2025-05-07,0.001971548146345592,0.001735091884961237,0.0002364562613843546
2025-05-08,-0.001278336004771341,0.004090228492823922,-0.005368564497595263
2025-05-09,-0.002250811393177732,-0.00902177245181257,0.006770961058634839
2025-05-12,0.0007236139864115199,0.01257489006802137,-0.01185127608160985
2025-05-13,-0.007106843583373879,-0.002071226010456284,-0.005035617572917594
2025-05-14,-0.0008837618918977608,0.003018159113197472,-0.003901921005095232
2025-05-15,-0.01035694706871926,-0.01445391714604971,0.004096970077330453
2025-05-16,0.007643933104953149,9.62329186569022e-05,0.007547700186296247
2025-05-19,-0.0003166549639402882,0.0008642634078919187,-0.001180918371832207
2025-05-20,0.004282643241256823,0.004646211449817139,-0.0003635682085603165
2025-05-21,0.00714381214315285,0.001835622206330934,0.005308189936821917
2025-05-22,-0.001357870764506663,-0.00948953788868212,0.008131667124175457
2025-05-23,-0.0001843707943190998,-0.008808966068648227,0.008624595274329128
2025-05-26,-0.001853855640452595,0.002904631844105054,-0.00475848748455765
2025-05-27,0.002183857542627177,-0.003053200833941894,0.00523705837656907
2025-05-28,0.0007264934159014746,-0.002637934237414097,0.003364427653315571
2025-05-29,0.00802027206128475,0.01466497789698495,-0.006644705835700204
2025-05-30,-0.008913925879564522,-0.008538595886998235,-0.0003753299925662867
2025-06-02,7.891826991901496e-08,0.0,7.891826991901496e-08
2025-06-03,0.001300604517340709,0.004191448880017434,-0.002890844362676726
2025-06-04,0.003050915217515326,0.007756144158571621,-0.004705228941056294
2025-06-05,-0.000931279225220849,0.00539465866064015,-0.006325937885860999
2025-06-06,-0.0009666021437112482,-0.001367424787304006,0.0004008226435927575
2025-06-09,0.003449513957437089,0.007561505567433846,-0.004111991609996757
2025-06-10,-0.0001268391481292763,-0.008209244442913377,0.0080824052947841
2025-06-11,0.001776936511725058,0.006071563167007854,-0.004294626655282796
2025-06-12,-0.001048294164306185,0.001204912868227881,-0.002253207032534066
2025-06-13,-0.00421037673449165,-0.01029150351814601,0.006081126783654356
2025-06-16,0.003438646878296536,0.004802935068917158,-0.001364288190620622
2025-06-17,0.003261935887900691,-0.002930054908188873,0.006191990796089564
2025-06-18,-0.002134083159285982,-0.0008763830419881158,-0.001257700117297866
2025-06-19,-0.0007827475314216015,-0.01201558684759663,0.01123283931617503
2025-06-20,-0.0002982768577903805,-0.006574091526432846,0.006275814668642465
2025-06-23,-0.002521934299195006,0.006145924025314331,-0.008667858324509337
2025-06-24,0.007786811330339205,0.01615566681999314,-0.008368855489653937
2025-06-25,-0.002433816047212156,0.01677292467359481,-0.01920674072080697
2025-06-26,-0.00195539918523302,-0.004144953987599287,0.002189554802366267
2025-06-27,0.004443628687227141,0.004364321500449631,7.930718677751081e-05
2025-06-30,0.0027349097856324,0.008810091869850822,-0.006075182084218422
2025-07-01,-0.0005570513428674317,0.003259294822488323,-0.003816346165355755
2025-07-02,0.001186498442607098,-0.00702987697715296,0.008216375419760058
2025-07-03,0.001860858958248279,0.005041617526026831,-0.003180758567778552
2025-07-04,0.002414996171369754,-0.001894419061705399,0.004309415233075153
2025-07-07,-0.0006588865248060571,-0.00186587362808377,0.001206987103277712
2025-07-08,0.001257239896137685,0.01310586891419407,-0.01184862901805639
2025-07-09,-0.001530953454118578,-0.00405671708705968,0.002525763632941103
2025-07-10,0.002554954186615443,0.004965154892340617,-0.002410200705725174
2025-07-11,-0.0006587175812391433,0.007359122855399747,-0.00801784043663889
2025-07-14,-0.004044498090532977,-0.001032008866648559,-0.003012489223884418
2025-07-15,0.005492307709780375,-0.0003487873825332999,0.005841095092313675
2025-07-16,-0.002440250195575477,-0.0002608510723139945,-0.002179399123261483
2025-07-17,0.004439472932092237,0.01084725594505076,-0.006407783012958523
2025-07-18,0.00315010325432552,0.002819582866142811,0.000330520388182709
2025-07-21,0.001164500844427652,0.01011540082070828,-0.008950899976280624
2025-07-22,0.000490661356671751,0.008455993936354433,-0.007965332579682682
2025-07-23,0.0001568445828394882,-0.002679687965223554,0.002836532548063042
2025-07-24,0.00188857805034659,0.01562752147896651,-0.01373894342861992
2025-07-25,0.001744486286502811,0.0009517605186220024,0.0007927257678808086
2025-07-28,0.002505193686833884,0.003782785863841953,-0.001277592177008069
2025-07-29,0.001616205720909258,0.005172833688099177,-0.003556627967189918
2025-07-30,6.975476136461545e-05,-0.006519690440566883,0.006589445201931499
2025-07-31,-0.006020490808477219,-0.01399118563223201,0.007970694823754787
2025-08-01,-0.003799838983395309,-0.002110389088935127,-0.001689449894460182
2025-08-04,0.001185052571210266,0.007810789931114392,-0.006625737359904127
2025-08-05,0.006920666978395218,0.00662915839552336,0.0002915085828718578
2025-08-06,0.002299701701901968,0.00858923347357865,-0.006289531771676682
2025-08-07,0.0004699195502633202,-0.003120782460699245,0.003590702010962565
2025-08-08,0.001232372592721021,-0.00221537063276922,0.003447743225490241
2025-08-11,0.002051907086074944,0.01079465485885978,-0.008742747772784831
2025-08-12,-0.0006960073527688682,0.004130317784146964,-0.004826325136915832
2025-08-13,0.004803024738933015,0.01401336208508375,-0.009210337346150732
2025-08-14,-0.002851913712676679,-0.01202347843456619,0.009171564721889514
2025-08-15,0.006297654778688822,0.02157437576304266,-0.01527672098435384
2025-08-18,0.0004400134285516,0.01516311769532797,-0.01472310426677637
2025-08-19,-0.001172015035012741,-0.001928565108567981,0.00075655007355524
2025-08-20,0.002486502620138831,0.01093262372451465,-0.008446121104375814
2025-08-21,0.001203796732954121,-0.003552281709316318,0.004756078442270439
2025-08-22,0.003113096193644971,0.01770241506405723,-0.01458931887041226
2025-08-25,0.0111777893011471,0.01891438328557693,-0.007736593984429829
2025-08-26,-0.003763841648380506,0.001750600555243897,-0.005514442203624403
2025-08-27,-0.007749379824289804,-0.01457624636168209,0.006826866537392284
2025-08-28,0.0003551966044694765,0.02165372688909084,-0.02129853028462136
2025-08-29,0.0001008222478668941,0.00467540321430393,-0.004574580966437036
2025-09-01,0.004038606407808176,0.009419444231495433,-0.005380837823687257
2025-09-02,-0.001725691102658522,-0.02089928821468612,0.0191735971120276
2025-09-03,0.005502918115743105,-0.01339186318264673,0.01889478129838984
2025-09-04,-0.003337983659805865,-0.02475227343538433,0.02141428977557847
2025-09-05,0.00557343126977905,0.0321716217931014,-0.02659819052332235
2025-09-08,0.003694294559529965,0.01130612746693282,-0.00761183290740286
2025-09-09,0.001858714704739084,-0.009031595567581707,0.01089031027232079
2025-09-10,-0.003149316178375994,0.0004531698073451107,-0.003602485985721104
2025-09-11,0.001832732539964743,0.02749523593826408,-0.02566250339829934
2025-09-12,0.002388227950401056,0.003515515864046082,-0.001127287913645025
2025-09-15,-0.001718920688894565,-0.001453604281067555,-0.0002653164078270098
2025-09-16,0.00346192699831871,0.00751398276113302,-0.004052055762814311
2025-09-17,-0.002667027662820565,0.009602293981774368,-0.01226932164459493
2025-09-18,-0.003029143559481695,-0.008286455722007036,0.005257312162525341
2025-09-19,0.002707306671942522,-0.004101457246509677,0.006808763918452199
2025-09-22,0.004779820669121859,0.007639794431234082,-0.002859973762112222
2025-09-23,-0.0005568231989128147,-0.006147986264606997,0.005591163065694182
2025-09-24,0.00105179865837246,0.01991446528268104,-0.01886266662430858
2025-09-25,-0.001534683948488103,0.002404519021097284,-0.003939202969585387
2025-09-26,-0.001540471041247549,-0.01367737682051728,0.01213690577926974
2025-09-29,0.006006709638798791,0.01514312427581621,-0.00913641463701742
2025-09-30,0.004246465855719084,0.008408883132713596,-0.004162417276994512
2025-10-01,1.094634545228956e-07,0.0,1.094634545228956e-07
2025-10-02,1.094717798633127e-07,0.0,1.094717798633127e-07
2025-10-03,1.094801060919082e-07,0.0,1.094801060919082e-07
2025-10-06,1.094884329866375e-07,0.0,1.094884329866375e-07
2025-10-07,1.094967605475006e-07,0.0,1.094967605475006e-07
2025-10-08,1.095050881083637e-07,0.0,1.095050881083637e-07
2025-10-09,0.01700824962131331,0.01842190824257295,-0.001413658621259639
2025-10-10,-0.001548801585184778,-0.01996312055234384,0.01841431896715906
2025-10-13,-5.718893010819848e-05,-0.002927731265088052,0.002870542334979853
2025-10-14,-0.001858351221591503,-0.02463343347034386,0.02277508224875235
2025-10-15,0.008952975316736334,0.01378069035490648,-0.004827715038170144
2025-10-16,0.002713508700185718,-0.008564573622155236,0.01127808232234095
2025-10-17,0.002814058319982715,-0.02979452481010247,0.03260858313008519
2025-10-20,0.003238540631681275,0.007635328609891356,-0.004396787978210082
2025-10-21,0.006082849236355825,0.01640536151770089,-0.01032251228134506
2025-10-22,-0.003939357255769993,-0.007951993008258218,0.004012635752488225
2025-10-23,-0.002515374091215938,0.002029885754045724,-0.004545259845261662
2025-10-24,0.0008820179744293277,0.01618098964713455,-0.01529897167270522
2025-10-27,0.008419654533658116,0.016650754353843,-0.008231099820184884
2025-10-28,-0.007381251007031797,-0.005198261644932756,-0.002182989362099041
2025-10-29,0.009356937109466834,0.01906272008151455,-0.009705782972047716
2025-10-30,-0.001488630659889134,-0.01273364282973999,0.01124501216985085
2025-10-31,0.006070383779676947,-0.007407547818693128,0.01347793159837007
2025-11-03,0.003709779690479476,0.0003546583003684045,0.003355121390111071
2025-11-04,-0.01607740335113306,-0.01674075488164073,0.000663351530507672
2025-11-05,-0.008013029548351147,0.002566972179346871,-0.01058000172769802
2025-11-06,0.007564018087543589,0.01609828836380633,-0.008534270276262745
2025-11-07,-0.005909522635795694,-0.002424541093317023,-0.003484981542478671
2025-11-10,0.00722409312634098,0.002168421828324885,0.005055671298016096
2025-11-11,0.001630179091528516,-0.007106675018382913,0.00873685410991143
2025-11-12,0.001163450474096051,-0.006632280113719746,0.007795730587815797
2025-11-13,0.0004828873212843199,0.01546819452593784,-0.01498530720465352
2025-11-14,-0.007706312860324527,-0.01629167578708657,0.008585362926762041
2025-11-17,-0.009112149080890974,-1.520290347811759e-05,-0.009096946177412857
2025-11-18,-0.01044548161917791,-0.01165527583323545,0.001209794214057536
2025-11-19,-0.001774808876100153,-0.003953282189114393,0.00217847331301424
2025-11-20,0.0105147397821499,-0.008536028921413807,0.0190507687035637
2025-11-21,-0.009093217146140198,-0.03462782942388432,0.02553461227774412
2025-11-24,0.002101266855224715,0.007562989463740788,-0.005461722608516073
2025-11-25,0.002262042857222646,0.01246620672386101,-0.01020416386663836
2025-11-26,-0.003967494939061345,0.001502602593966618,-0.005470097533027962
2025-11-27,0.002486108674619736,-0.001977013804638883,0.004463122479258619
2025-11-28,0.002471625184510939,0.01154751355146111,-0.009075888366950169
2025-12-01,-0.0006175759459643437,0.009994951326521173,-0.01061252727248552
2025-12-02,-0.003486155123408885,-0.00866396407686465,0.005177808953455765
2025-12-03,0.0009012361154592252,-0.006242631706035229,0.007143867821494454
2025-12-04,-0.001858014695341415,0.002352655313127672,-0.004210670008469086
2025-12-05,0.003127946065689891,0.01212495419097337,-0.008997008125283479
2025-12-08,-0.00218543129437343,0.01050037757965794,-0.01268580887403137
2025-12-09,-0.00486001221354937,-0.007116197296012317,0.002256185082462947
2025-12-10,0.002654830174878553,0.004867068370655536,-0.002212238195776983
2025-12-11,-0.001017463087420678,-0.01021521829963423,0.009197755212213554
2025-12-12,0.00632994500137829,0.01226900318937596,-0.00593905818799767
2025-12-15,0.0005880987412836269,-0.007786838945073704,0.008374937686357331
2025-12-16,-0.00476739056007025,-0.01583365664130809,0.01106626608123784
2025-12-17,0.004025615235079272,0.01949775185250791,-0.01547213661742863
2025-12-18,-0.002161734834918994,-0.00518224726562555,0.003020512430706557
2025-12-19,0.003361346991895164,0.009676319984677884,-0.006314972992782719
2025-12-22,0.005449399336529881,0.01201051669909536,-0.006561117362565483
2025-12-23,0.002374348535670201,0.0001557404839807042,0.002218608051689497
2025-12-24,0.001414668109490425,0.01312563819540036,-0.01171097008590993
2025-12-25,-0.001946718423865734,0.007980098040815786,-0.00992681646468152
2025-12-26,0.001297956868393957,0.00649465435835439,-0.005196697489960433
2025-12-29,-0.004053060427413602,-0.003784770822272687,-0.0002682896051409145
2025-12-30,-0.005465907681346027,0.003812607578651095,-0.009278515259997122
2025-12-31,-0.0006396527510154071,0.0008888662464103803,-0.001528518997425787
2026-01-02,3.155141681254747e-08,0.0,3.155141681254747e-08
2026-01-05,0.0086103753587079,0.02486481273365593,-0.01625443737494803
2026-01-06,0.003089047917764098,0.02129600585529068,-0.01820695793752658
2026-01-07,-0.001467176137349036,0.007798682900485465,-0.0092658590378345
2026-01-08,-0.001109727495374746,0.002471086008015266,-0.003580813503390012
2026-01-09,0.007529372855595184,0.02053951211850213,-0.01301013926290695
2026-01-12,0.003480233008583467,0.0238857396772123,-0.02040550666862884
2026-01-13,-0.003289024780607552,-0.01283165618677362,0.009542631406166069
2026-01-14,0.002029919184254769,0.01036683007338568,-0.00833691088913091
2026-01-15,0.00321212247479874,-0.0005384250762667797,0.00375054755106552
2026-01-16,-0.001489189234586741,0.001143097575538654,-0.002632286810125395
2026-01-19,0.004480889271300637,0.006714711023276809,-0.002233821751976173
2026-01-20,0.0001402043060905189,-0.004844382507134037,0.004984586813224556
2026-01-21,0.004179833779702768,0.01119207546254786,-0.007012241682845088
2026-01-22,0.005433939450654623,0.005692970476408599,-0.0002590310257539752
2026-01-23,0.005437228677260819,0.02415234888686735,-0.01871512020960653
2026-01-26,0.007157716410464809,-0.009718084741046962,0.01687580115151177
2026-01-27,-0.002435616408767105,0.004965503621267464,-0.007401120030034569
2026-01-28,0.01452056284897307,0.006109536515096048,0.008411026333877025
2026-01-29,0.002775782984115738,-0.009687065465588285,0.01246284844970402
2026-01-30,-0.01893816777478674,-0.01729546457787412,-0.00164270319691262
2026-02-02,-0.02451807355063329,-0.03983862412371042,0.01532055057307713
2026-02-03,0.01541696680347093,0.03106239229568075,-0.01564542549220982
2026-02-04,0.004213045876437116,0.001491546695306711,0.002721499181130405
2026-02-05,-0.007857226792147065,-0.01842979807351675,0.01057257128136968
2026-02-06,0.002312652934010062,3.682739368859878e-05,0.002275825540321463
2026-02-09,0.006438581310792113,0.02023836266527224,-0.01379978135448012
2026-02-10,0.006379380107061516,-0.0005823411075068785,0.006961721214568395
2026-02-11,0.007120872744772688,0.002331925590264738,0.00478894715450795
2026-02-12,-0.001188298431853307,0.01174180049748919,-0.01293009892934249
2026-02-13,0.002524343202990664,-0.01471941231568086,0.01724375551867152
2026-02-16,2.254992790273747e-07,0.0,2.254992790273747e-07
2026-02-20,2.255164039954849e-07,0.0,2.255164039954849e-07
2026-02-23,2.255335298517736e-07,0.0,2.255335298517736e-07
2026-02-24,0.0008432003503013874,0.01124514734480542,-0.01040194699450403
2026-02-25,0.003663103674175217,0.0160433032166436,-0.01238019954246838
2026-02-26,-0.003276266358802515,0.003478134425322077,-0.006754400784124592
2026-02-27,0.0006551858852084091,0.01182977649283301,-0.0111745906076246
2026-03-02,-0.001784636900814318,-1.385929352260007e-05,-0.001770777607291718
2026-03-03,-0.01002257014840402,-0.04350954514323191,0.03348697499482789
2026-03-04,-0.001873028733669235,-0.003943677618240882,0.002070648884571646
2026-03-05,0.00611447730615744,0.007300323071421033,-0.001185845765263593
2026-03-06,0.005665108050870504,0.006157052990852341,-0.0004919449399818365
2026-03-09,-0.004995828226009857,-0.009670670894569966,0.004674842668560109
2026-03-10,-0.001054191510218683,0.0158005092107234,-0.01685470072094208
2026-03-11,0.007219701041930371,-0.0008287457046716185,0.00804844674660199
2026-03-12,-0.002391576288469088,-0.005219359468210838,0.00282778317974175
2026-03-13,0.003198111804742165,-0.01431550086309297,0.01751361266783513
2026-03-16,-0.006202248790223575,-0.006632442535012939,0.0004301937447893645
2026-03-17,-0.00792856610730408,-0.0206618082747414,0.01273324216743732
2026-03-18,0.007914762429803268,0.01002990258269998,-0.002115140152896711
2026-03-19,-0.01046842910474344,-0.02709095243212134,0.0166225233273779
2026-03-20,-0.006499353931976981,-0.01485954838652348,0.008360194454546499
2026-03-23,-0.01417140142873474,-0.04114540646697695,0.02697400503824221
2026-03-24,0.00899107483556616,0.02104895339851498,-0.01205787856294882
2026-03-25,-0.004129091151725217,0.02241565173211257,-0.02654474288383779
2026-03-26,-0.001116067896040018,-0.01616186063517111,0.01504579273913109
2026-03-27,-0.005213401192927791,0.01249389895225539,-0.01770730014518318
2026-03-30,-0.004969554286363143,0.002082038252121832,-0.007051592538484974
2026-03-31,-0.007579613637177074,-0.01759026634957161,0.01001065271239454
2026-04-01,0.01299307043494968,0.01742867907783974,-0.004435608642890054
2026-04-02,-0.002914622808885659,-0.01868365399627625,0.01576903118739059
2026-04-03,-0.001062168071678027,-0.009250140362826453,0.008187972291148427
2026-04-07,0.0003494908429424459,0.004800303652052973,-0.004450812809110527
2026-04-08,0.01657195591734806,0.04940358811323575,-0.03283163219588769
2026-04-09,-0.0007372665683892388,-0.005855144333335338,0.005117877764946099
2026-04-10,-0.000185752795240135,0.008954717463661277,-0.009140470258901412
2026-04-13,0.002404399726244399,-0.0002082977804992447,0.002612697506743644
2026-04-14,0.003686531986715202,0.01516999887043946,-0.01148346688372426
2026-04-15,0.002801579968582324,-0.005500354203524238,0.008301934172106562
2026-04-16,0.009629363549953363,0.01690684329345316,-0.007277479743499793
2026-04-17,-0.002370227969995309,0.004169885869086842,-0.006540113839082151
2026-04-20,-0.0009938260331435744,0.009231585828913147,-0.01022541186205672
2026-04-21,0.002648789162229548,-0.002375145053932326,0.005023934216161874
2026-04-22,0.003098823672661011,0.0127987637736342,-0.009699940100973192
2026-04-23,-0.002853826785857327,-0.009666697707069516,0.006812870921212189
2026-04-24,0.0004934989511804488,-0.005705702447557082,0.006199201398737531
2026-04-27,0.007447991063572079,0.006204018487175,0.001243972576397079
2026-04-28,-0.00054049625735475,-0.01145793795675409,0.01091744169939934
2026-04-29,0.001093369988365511,0.0168772153935417,-0.01578384540517619
2026-04-30,-0.001927890400905685,0.0008498732981556678,-0.002777763699061353
2026-05-04,9.009661905423627e-08,0.0,9.009661905423627e-08
2026-05-05,9.01034733491457e-08,0.0,9.01034733491457e-08
2026-05-06,0.01692334120212946,0.02861605052272531,-0.01169270932059585
2026-05-07,0.01190553084899304,0.0126169595409642,-0.000711428691971161
2026-05-08,-0.0009710806472500444,-0.0003024100818691533,-0.0006686705653808911
2026-05-11,0.003632082975202566,0.01674340391319706,-0.0131113209379945
2026-05-12,-0.004995030815603596,-0.006081626835178433,0.001086596019574837
2026-05-13,0.003935723614969744,0.01505352846239116,-0.01111780484742142
2026-05-14,-0.001636573514671391,-0.0278171477780369,0.02618057426336551
2026-05-15,-0.00427051921805599,-0.01543454792068422,0.01116402870262823
2026-05-18,-0.009780004716564594,0.002096917414254884,-0.01187692213081948
2026-05-19,-0.00219276091643561,0.008616779515187911,-0.01080954043162352
2026-05-20,-0.001039060370986888,0.003286991695593766,-0.004326052066580655
2026-05-21,0.00977613722572701,-0.0273176445852793,0.03709378181100631
2026-05-22,0.01334079692878731,0.01865831179689881,-0.005317514868111495
2026-05-25,0.02165834385264098,0.01480131608708923,0.006857027765551749
2026-05-26,-0.00657222335889629,-0.005201122716394502,-0.001371100642501788
2026-05-27,0.003088210485651777,-0.01474137911122109,0.01782958959687286
2026-05-28,-0.000253102016967599,0.003779167223460833,-0.004032269240428432
2026-05-29,0.006379917816173197,-0.02378310962465058,0.03016302744082378
2026-06-01,0.01429715645117868,-0.01020986750498831,0.024507023956167
2026-06-02,-0.001827239839084616,0.005706889237764301,-0.007534129076848917
2026-06-03,-0.005112128486825851,0.00489459143440496,-0.01000671992123081
2026-06-04,-0.009095670765007946,-0.000648157892219281,-0.008447512872788665
2026-06-05,-0.003669523304303701,-0.01263650658031723,0.00896698327601353
2026-06-08,-0.0144322115711375,-0.03486669720790092,0.02043448563676342
2026-06-09,0.01193042971061486,0.0267132963728034,-0.01478286666218853
2026-06-10,-0.01188122483303855,-0.01373746664090081,0.001856241807862258
2026-06-11,-0.002228057189586519,-0.003482203312061505,0.001254146122474986
2026-06-12,0.00816824609198763,0.00876330611340781,-0.0005950600214201796
2026-06-15,0.02433133971416135,0.03707655868347692,-0.01274521896931557
2026-06-16,5.525247811255518e-05,0.01204151425937483,-0.01198626178126228
2026-06-17,0.001999879236182167,0.01399979783685446,-0.01199991860067229
2026-06-18,0.003151597773294323,0.005332041279272559,-0.002180443505978236
2026-06-22,0.006397274999127456,0.02256289280982915,-0.01616561781070169
2026-06-23,-0.02217747550475435,-0.02031733789765899,-0.001860137607095358
2026-06-24,0.005928397256884432,0.01776467758289901,-0.01183628032601458
2026-06-25,0.01098513713618132,0.01075094934490117,0.0002341877912801493
2026-06-26,-0.008696359180940472,-0.02622955221576173,0.01753319303482126
2026-06-29,-0.001629483839127199,0.0135025052938047,-0.0151319891329319
2026-06-30,0.002317091659098658,0.02383945748201177,-0.02152236582291311
2026-07-01,-0.003011866961767806,-0.000271276371938578,-0.002740590589829228
2026-07-02,-0.01016394029762735,-0.03707526805501871,0.02691132775739136
2026-07-03,0.01101418818659572,0.005875194670457606,0.005138993516138113
2026-07-06,0.004229441433176051,-0.01076354505183386,0.01499298648500991
2026-07-07,-0.004509002931260997,-0.01645334193336578,0.01194433900210479
2026-07-08,-0.008170409045557325,-0.01395850643863583,0.005788097393078506
2026-07-09,0.0003671256787596278,0.03131935323157764,-0.03095222755281801
2026-07-10,-0.0002311499883919099,-0.01719907682955457,0.01696792684116266
2026-07-13,-0.01130151343437791,-0.04301873125140365,0.03171721781702574
2026-07-14,-8.17148516979449e-05,0.01693261605231666,-0.01701433090401461
2026-07-15,0.002685008734672367,-0.01551002061397266,0.01819502934864503
2026-07-16,-0.008120325557893882,-0.02355546063984648,0.0154351350819526
2026-07-17,-0.005800177127772588,-0.05554536015867939,0.0497451830309068
2026-07-18,9.130705858062527e-07,0.0,9.130705858062527e-07
