date,nav,dd
2017-01-03,1.0,0.0
2017-01-04,1.0010303687588675,0.0
2017-01-05,1.0002064162157913,-0.0008231044419739764
2017-01-06,0.9999368229111308,-0.0010924202520374848
2017-01-09,1.002342397827432,0.0
2017-01-10,1.0046557297155547,0.0
2017-01-11,1.005857970503508,0.0
2017-01-12,1.0071157733642937,0.0
2017-01-13,1.0045310540663033,-0.002566456971829667
2017-01-16,1.0077587273264246,0.0
2017-01-17,1.0046716368886115,-0.0030633229503287396
2017-01-18,1.0050551055205845,-0.002682806640645796
2017-01-19,1.00279346137771,-0.004927038401232542
2017-01-20,1.004968002541476,-0.002769239014533187
2017-01-23,1.00726176688598,-0.0004931343455224502
2017-01-24,1.006143449879268,-0.0016028414374953392
2017-01-25,1.0071837040424172,-0.0005705961838037288
2017-01-26,1.0165694302572312,0.0
2017-01-27,1.0165695125418261,0.0
2017-01-30,1.0165695948326885,0.0
2017-01-31,1.0165696771298187,0.0
2017-02-01,1.0165697594332173,0.0
2017-02-02,1.0165698417428852,0.0
2017-02-03,1.013625835457836,-0.002896019696985719
2017-02-06,1.015005618931544,-0.0015387263590854738
2017-02-07,1.0131149392441574,-0.003398588426353766
2017-02-08,1.014347598389818,-0.002186021325654375
2017-02-09,1.0153262062587898,-0.0012233645274811744
2017-02-10,1.0172642344843483,0.0
2017-02-13,1.0195479488540253,0.0
2017-02-14,1.019373737682129,-0.00017087099443657827
2017-02-15,1.0207700808546054,0.0
2017-02-16,1.0230013867020646,0.0
2017-02-17,1.022695538508263,-0.00029897143618495825
2017-02-20,1.0245005882325222,0.0
2017-02-21,1.025033486947119,0.0
2017-02-22,1.0300232640830438,0.0
2017-02-23,1.0311873578668271,0.0
2017-02-24,1.0327509775773172,0.0
2017-02-27,1.0305917586773528,-0.0020907449587020954
2017-02-28,1.031743568264804,-0.0009754619791079167
2017-03-01,1.0328856870352792,0.0
2017-03-02,1.0484065771650313,0.0
2017-03-03,1.0465194021744852,-0.001800041159269683
2017-03-06,1.0561400616540353,0.0
2017-03-07,1.0465291891673658,-0.009099998035883572
2017-03-08,1.0403374859633676,-0.014962575764732589
2017-03-09,1.0337411007299657,-0.021208324290805103
2017-03-10,1.0380013425560362,-0.01717453939735214
2017-03-13,1.0430319587395764,-0.012411330078635707
2017-03-14,1.0454753936131465,-0.010097778152820869
2017-03-15,1.0425969638728099,-0.012823202407468037
2017-03-16,1.0523282193887815,-0.003609220408971159
2017-03-17,1.0470001733951724,-0.008654049392415653
2017-03-20,1.0485892139206348,-0.007149475725383603
2017-03-21,1.051499366158635,-0.004394015210570146
2017-03-22,1.0408821152456296,-0.014446896734993664
2017-03-23,1.03996618729489,-0.015314137723187349
2017-03-24,1.0400176871853157,-0.015265375355111632
2017-03-27,1.0370141585593522,-0.01810924875317177
2017-03-28,1.040358557223937,-0.014942624565706386
2017-03-29,1.0402068879228996,-0.015086231750533696
2017-03-30,1.0374246001727967,-0.017720624527705287
2017-03-31,1.0395394466114443,-0.015718194627133752
2017-04-03,1.0395394467279555,-0.015718194516815776
2017-04-04,1.0395394468444756,-0.01571819440648936
2017-04-05,1.0429676623404849,-0.012472208745609947
2017-04-06,1.042681132397689,-0.012743507935176868
2017-04-07,1.0450372863813364,-0.010512597406172386
2017-04-10,1.0443011882626572,-0.011209567576517587
2017-04-11,1.0433979134045015,-0.0120648280584853
2017-04-12,1.0447617998070808,-0.010773440247247912
2017-04-13,1.0477993128813694,-0.007897388874353761
2017-04-14,1.0464874113271965,-0.009139555137906319
2017-04-17,1.0439253807443953,-0.01156539871284723
2017-04-18,1.042520634087593,-0.01289547481525588
2017-04-19,1.0334376823534595,-0.021495614194410484
2017-04-20,1.0346272159925904,-0.020369311270849177
2017-04-21,1.0335831146390746,-0.021357912490919007
2017-04-24,1.0364205902969252,-0.018671265368181644
2017-04-25,1.0459944754664263,-0.00960628855581891
2017-04-26,1.042208303225296,-0.013191203453565281
2017-04-27,1.0426770265992666,-0.012747395486242818
2017-04-28,1.044404773143849,-0.01111148884155344
2017-05-01,1.0444050180560445,-0.011111256947882953
2017-05-02,1.0387804106625573,-0.01643688334697846
2017-05-03,1.0380629924755167,-0.01711616653401815
2017-05-04,1.033510070367837,-0.021427074029137017
2017-05-05,1.036074294650878,-0.018999153362038057
2017-05-08,1.0419647508035639,-0.013421809630316917
2017-05-09,1.042581166964427,-0.012838159617175826
2017-05-10,1.0434970192085076,-0.01197099031138682
2017-05-11,1.046818219077637,-0.008826331766829676
2017-05-12,1.039718004042724,-0.01554912857447377
2017-05-15,1.043319998379664,-0.012138601441075592
2017-05-16,1.0433265669676932,-0.012132382012168708
2017-05-17,1.0389030734177065,-0.016320740839367187
2017-05-18,1.0296292176892075,-0.025101636541756567
2017-05-19,1.0308326777214865,-0.02396214749482628
2017-05-22,1.038670546516918,-0.01654090756651938
2017-05-23,1.041407697323604,-0.013949252438505977
2017-05-24,1.0393007900353557,-0.015944165201258964
2017-05-25,1.0414629249524159,-0.013896960483284149
2017-05-26,1.0452719274576279,-0.010290428884391356
2017-05-29,1.0452720173443963,-0.01029034377563387
2017-05-30,1.0452721072380116,-0.010290258660393459
2017-05-31,1.0424817537620226,-0.01293228842263805
2017-06-01,1.0415093561829665,-0.013852997345972895
2017-06-02,1.0503028080437593,-0.005526969217637845
2017-06-05,1.0562699109184126,0.0
2017-06-06,1.0507821039894418,-0.005195458918449414
2017-06-07,1.0472165294344093,-0.008571087172341674
2017-06-08,1.0465041707789953,-0.009245496854990654
2017-06-09,1.0461099895386994,-0.009618679160215193
2017-06-12,1.0430061375515707,-0.01255718186207655
2017-06-13,1.041219501724169,-0.014248639517864925
2017-06-14,1.042859256843432,-0.012696237899383234
2017-06-15,1.0376682422727292,-0.017610715266431765
2017-06-16,1.0365755936571057,-0.018645155994439944
2017-06-19,1.0401744459391742,-0.015238022794044848
2017-06-20,1.0436365768431333,-0.011960327511644109
2017-06-21,1.0428746177679924,-0.012681695286362205
2017-06-22,1.0430111439174579,-0.012552442196736013
2017-06-23,1.0437125406378407,-0.01188841048179956
2017-06-26,1.0469451539737522,-0.008828005842325681
2017-06-27,1.0487961019642469,-0.007075662079276235
2017-06-28,1.046437893449821,-0.009308243439447028
2017-06-29,1.0460559208272726,-0.009669867507878793
2017-06-30,1.0453829503549121,-0.010306987305957138
2017-07-03,1.0460594913117045,-0.009666487231308585
2017-07-04,1.045889928355026,-0.009827017181963993
2017-07-05,1.049778883228693,-0.006145235817686001
2017-07-06,1.0581956155042782,0.0
2017-07-07,1.063570867592718,0.0
2017-07-10,1.05853068385026,-0.004738926098893481
2017-07-11,1.0544721530341614,-0.008554873808409802
2017-07-12,1.0532854613170577,-0.009670635581567
2017-07-13,1.0623449531770357,-0.0011526400854292573
2017-07-14,1.060828254039647,-0.002578684351592586
2017-07-17,1.0592222287253086,-0.004088715665230724
2017-07-18,1.0702578527672804,0.0
2017-07-19,1.0782393164581316,0.0
2017-07-20,1.0768469922718982,-0.00129129420990437
2017-07-21,1.0777192842341157,-0.00048229759022710983
2017-07-24,1.081348156952491,0.0
2017-07-25,1.0720247617548297,-0.008622010531683655
2017-07-26,1.076491841575667,-0.004490982248039566
2017-07-27,1.0716977356870183,-0.008924434931918745
2017-07-28,1.075152537985041,-0.005729532091598322
2017-07-31,1.080042050085113,-0.00120785045868943
2017-08-01,1.0771053209349888,-0.0039236539963777295
2017-08-02,1.0807942976247331,-0.0005121933432788994
2017-08-03,1.0824163483251013,0.0
2017-08-04,1.083087071474531,0.0
2017-08-07,1.0841832147305546,0.0
2017-08-08,1.083888378247263,-0.0002719434125945108
2017-08-09,1.0816119547054448,-0.002371610250163081
2017-08-10,1.0819705088926739,-0.002040896601069875
2017-08-11,1.0776862609953655,-0.005992486921874929
2017-08-14,1.0797248586431216,-0.004112179589997655
2017-08-15,1.0826201380306788,-0.0014417090014294809
2017-08-16,1.0797862626578296,-0.004055543392467831
2017-08-17,1.0818489384330363,-0.002153027519521622
2017-08-18,1.0785153853321596,-0.005227741327653357
2017-08-21,1.076319572900451,-0.00725305623926098
2017-08-22,1.0740770433360947,-0.009321460853801922
2017-08-23,1.0744043222969453,-0.009019594013950472
2017-08-24,1.075333948092195,-0.008162150564707704
2017-08-25,1.0754571290757267,-0.008048534174176947
2017-08-28,1.0770948750580858,-0.006537953711292732
2017-08-29,1.0763447072989158,-0.00722987344310333
2017-08-30,1.074841293351867,-0.008616552305699798
2017-08-31,1.077280375246945,-0.0063668569941151
2017-09-01,1.0878954098331268,0.0
2017-09-04,1.089206631891943,0.0
2017-09-05,1.087322339866411,-0.0017299674555406597
2017-09-06,1.0882692293338503,-0.0008606287646856225
2017-09-07,1.0861156431214902,-0.002837835062649008
2017-09-08,1.0865353941825027,-0.002452461848125531
2017-09-11,1.0875665293792365,-0.0015057772002889935
2017-09-12,1.089867392493775,0.0
2017-09-13,1.0914254578980667,0.0
2017-09-14,1.0905867736975,-0.0007684301245657332
2017-09-15,1.0887403142018637,-0.0024602172111454212
2017-09-18,1.0871204293026353,-0.003944409180011599
2017-09-19,1.0841952212419126,-0.006624581279310204
2017-09-20,1.0848254358740013,-0.0060471578487606426
2017-09-21,1.0845571013496085,-0.006293014789746421
2017-09-22,1.0853147790110482,-0.005598805527944006
2017-09-25,1.0851927599465003,-0.005710603419100901
2017-09-26,1.0806368270302236,-0.00988489941275561
2017-09-27,1.0832057251923857,-0.007531190193704185
2017-09-28,1.0869694685299307,-0.004082724418686068
2017-09-29,1.0910382551177829,-0.000354767957336799
2017-10-02,1.091038404975156,-0.00035463065306917674
2017-10-03,1.091038554843944,-0.0003544933383429205
2017-10-04,1.0910387047241465,-0.00035435601315814136
2017-10-05,1.0910388546157654,-0.000354218677513618
2017-10-06,1.0910390045188005,-0.0003540813314089064
2017-10-09,1.09819843968624,0.0
2017-10-10,1.0990990352263843,0.0
2017-10-11,1.1014834629457046,0.0
2017-10-12,1.102978066489554,0.0
2017-10-13,1.101052125393751,-0.0017461281908648374
2017-10-16,1.1022610037545129,-0.0006501151354020296
2017-10-17,1.1047049224837402,0.0
2017-10-18,1.1026789396566303,-0.001833958359264587
2017-10-19,1.1045404290129923,-0.00014890263218703126
2017-10-20,1.1056107110820124,0.0
2017-10-23,1.1066626129256991,0.0
2017-10-24,1.1041866770156024,-0.002237299680298399
2017-10-25,1.105272716503097,-0.0012559351028653687
2017-10-26,1.1036039588373434,-0.0027638541797934124
2017-10-27,1.1077679178011304,0.0
2017-10-30,1.1131709737825,0.0
2017-10-31,1.1135968734962007,0.0
2017-11-01,1.1153417047878773,0.0
2017-11-02,1.1167984271638132,0.0
2017-11-03,1.1186878299589202,0.0
2017-11-06,1.1213975472675957,0.0
2017-11-07,1.1197657616450445,-0.0014551357157212008
2017-11-08,1.1182789593787688,-0.0027809833331859934
2017-11-09,1.1199280828062377,-0.0013103867267576508
2017-11-10,1.1164180731946494,-0.0044404181952057975
2017-11-13,1.1169697842073076,-0.003948432980860894
2017-11-14,1.1140949164612228,-0.006512080237883855
2017-11-15,1.1081725120677888,-0.011793351280311781
2017-11-16,1.1080192872608083,-0.011929988646207423
2017-11-17,1.1148891429706287,-0.005803833183713691
2017-11-20,1.1109327862094835,-0.009331892230021954
2017-11-21,1.113032244611993,-0.007459711924629797
2017-11-22,1.1161637097920127,-0.004667245338939474
2017-11-23,1.1119790428251932,-0.008398898736092009
2017-11-24,1.1146957044760717,-0.005976330880920644
2017-11-27,1.1188401367799734,-0.0022805565197228095
2017-11-28,1.1196737080782533,-0.0015372239698068224
2017-11-29,1.1242750469393858,0.0
2017-11-30,1.1204625741248804,-0.003391049925802636
2017-12-01,1.1255054461994767,0.0
2017-12-04,1.1340117203641362,0.0
2017-12-05,1.1240745301470627,-0.008762863768182805
2017-12-06,1.1162676441252455,-0.01564717182393227
2017-12-07,1.1176913626644702,-0.014391701079090713
2017-12-08,1.120920502498792,-0.011544164518106026
2017-12-11,1.1232697844220678,-0.009472508748515573
2017-12-12,1.1250352774488208,-0.007915652681643293
2017-12-13,1.1241528265971084,-0.008693819993202623
2017-12-14,1.124771545990998,-0.008148217701110738
2017-12-15,1.1195293239082786,-0.012770940719384338
2017-12-18,1.1268093644251995,-0.0063512182542734275
2017-12-19,1.1319438753487563,-0.0018234776398219354
2017-12-20,1.1302205670649879,-0.0033431341414451587
2017-12-21,1.1270844124084565,-0.006108674038620476
2017-12-22,1.1295469844349142,-0.0039371162123337244
2017-12-25,1.1269824567012598,-0.006198581140430481
2017-12-26,1.1266148063224783,-0.006522784472882459
2017-12-27,1.122475032214839,-0.010173341194033458
2017-12-28,1.1194197378046562,-0.012867576496294442
2017-12-29,1.1194243035131668,-0.012863550339925367
2018-01-02,1.117378579110027,-0.01466752146862127
2018-01-03,1.1234503703207925,-0.009313263570108754
2018-01-04,1.1269001078495087,-0.006271198424954494
2018-01-05,1.1268410130481556,-0.006323309704134306
2018-01-08,1.131928712710676,-0.0018368484346804603
2018-01-09,1.132648067551904,-0.001202503279061573
2018-01-10,1.1345894293974008,0.0
2018-01-11,1.1326575317409904,-0.0017027284111367225
2018-01-12,1.1387988718393038,0.0
2018-01-15,1.137755132583697,-0.0009165264221951963
2018-01-16,1.1419902991808544,0.0
2018-01-17,1.1374256030803103,-0.003997140872228466
2018-01-18,1.1359454762105854,-0.00529323495532763
2018-01-19,1.134732279917606,-0.006355587493566794
2018-01-22,1.1344610022754364,-0.0065931356079108605
2018-01-23,1.1406049486666143,-0.0012131018233988433
2018-01-24,1.1431403744844986,0.0
2018-01-25,1.1463416083325657,0.0
2018-01-26,1.1456365943405211,-0.0006150121280777965
2018-01-29,1.1487133276399868,0.0
2018-01-30,1.1446966128564569,-0.0034967077397650703
2018-01-31,1.1417679930744309,-0.006046186109658014
2018-02-01,1.1417282632440882,-0.006080772485028474
2018-02-02,1.1389481178278582,-0.00850099809688043
2018-02-05,1.1240988632038016,-0.021427856579983473
2018-02-06,1.0996989480252748,-0.042668939617346746
2018-02-07,1.1075013100898818,-0.035876677460314976
2018-02-08,1.109642100783995,-0.03401303520719401
2018-02-09,1.0971757534455193,-0.044865479449386014
2018-02-12,1.1066059112136128,-0.03665615729634053
2018-02-13,1.1126218751731858,-0.0314190247456696
2018-02-14,1.1183500580888663,-0.026432416879415332
2018-02-15,1.118350059345542,-0.026432415785429875
2018-02-16,1.1183500606023133,-0.02643241469136104
2018-02-20,1.1183500618591804,-0.026432413597209048
2018-02-21,1.1183500631161432,-0.02643241250297368
2018-02-22,1.1216389501189246,-0.02356930738906471
2018-02-23,1.1257932157656247,-0.01995285622867382
2018-02-26,1.1367260728234003,-0.010435375413650139
2018-02-27,1.1408023924031048,-0.006886779361335416
2018-02-28,1.1343213958670972,-0.012528741006651023
2018-03-01,1.1318901250491176,-0.014645257599154249
2018-03-02,1.1258380461221404,-0.019913829645245906
2018-03-05,1.1286515300916806,-0.01746458151532282
2018-03-06,1.1343130023164527,-0.012536047921650972
2018-03-07,1.132729076298544,-0.013914917635962532
2018-03-08,1.1356266940899238,-0.011392427714710496
2018-03-09,1.1374816108183121,-0.009777649959672785
2018-03-12,1.1464309086434845,-0.0019869352444890076
2018-03-13,1.1450598068358433,-0.0031805331375841517
2018-03-14,1.1409997988135623,-0.0067149293394827
2018-03-15,1.1406113843716184,-0.007053059343373191
2018-03-16,1.1385633546519036,-0.008835949530538012
2018-03-19,1.1372825185444777,-0.009950967591708437
2018-03-20,1.132131458969379,-0.014435166957342593
2018-03-21,1.1331196013384488,-0.013574950273777309
2018-03-22,1.135895578594849,-0.011158353208516991
2018-03-23,1.1246421706111005,-0.02095488617542207
2018-03-26,1.1211121296630047,-0.024027925255893368
2018-03-27,1.1318924436585096,-0.014643239158751209
2018-03-28,1.118190759327248,-0.026571092698512544
2018-03-29,1.1148303774351174,-0.029496436917365143
2018-03-30,1.1169601181252078,-0.027642414126086257
2018-04-02,1.1156192631107835,-0.028809680999518528
2018-04-03,1.1088735387727224,-0.034682098578167175
2018-04-04,1.1098265570860273,-0.033852458762580695
2018-04-05,1.1098267485888713,-0.03385229205184492
2018-04-06,1.1098269401063017,-0.0338521253284112
2018-04-09,1.1120492412755552,-0.03191752501014111
2018-04-10,1.1193411813390441,-0.02556960522194629
2018-04-11,1.1195693660292498,-0.025370961500562395
2018-04-12,1.1196093531685691,-0.025336151127637208
2018-04-13,1.1205068101180822,-0.024554879658142847
2018-04-16,1.1183455884681626,-0.026436307859520003
2018-04-17,1.1114626816099151,-0.03242814820178197
2018-04-18,1.1177989132726243,-0.02691221005581601
2018-04-19,1.1238011103132157,-0.021687062148005976
2018-04-20,1.1183347727909587,-0.02644572333067674
2018-04-23,1.1127949401740163,-0.03126836487547713
2018-04-24,1.1169894339789763,-0.027616893525721387
2018-04-25,1.111925428370901,-0.03202530899912681
2018-04-26,1.105707335823283,-0.03743840241242691
2018-04-27,1.1106199675480652,-0.03316176384075198
2018-04-30,1.1106200423623345,-0.0331616987119967
2018-05-01,1.1106201171823018,-0.033161633578280836
2018-05-02,1.1095797893591202,-0.034067279746171186
2018-05-03,1.11071465327071,-0.033079336205965815
2018-05-04,1.1107440623746896,-0.03305373442763526
2018-05-07,1.1147716134823393,-0.029547593242763348
2018-05-08,1.115064555969331,-0.029292575319715852
2018-05-09,1.1135540379635571,-0.030607540480673157
2018-05-10,1.1165659531042804,-0.027985550234498224
2018-05-11,1.1180214226724372,-0.026718506897282723
2018-05-14,1.1192051997608046,-0.025687982518498576
2018-05-15,1.1146106697704135,-0.029687701055612137
2018-05-16,1.1090894803420135,-0.03449411297366933
2018-05-17,1.1101548287054666,-0.03356668544425956
2018-05-18,1.1101916712173037,-0.03353461259287838
2018-05-21,1.1152907833855208,-0.02909563548212002
2018-05-22,1.1147221115432977,-0.029590686621982165
2018-05-23,1.1124575784011794,-0.03156205152881286
2018-05-24,1.1178450231670765,-0.026872069584435665
2018-05-25,1.1202488121430059,-0.0247794770131734
2018-05-28,1.1207204378654239,-0.024368908326391492
2018-05-29,1.1194171910309256,-0.025503435804344443
2018-05-30,1.115334028191654,-0.029057989182479593
2018-05-31,1.1207451242624813,-0.024347417849643893
2018-06-01,1.1185179112108037,-0.02628629415419015
2018-06-04,1.1244346531151708,-0.021135538293697742
2018-06-05,1.1284966732702477,-0.017599390451292107
2018-06-06,1.1290594372008518,-0.01710948238018062
2018-06-07,1.131350636334226,-0.015114903682220016
2018-06-08,1.1275003723495498,-0.018466709473997978
2018-06-11,1.132898517516523,-0.013767412410853774
2018-06-12,1.1345221590025671,-0.012353968824036499
2018-06-13,1.1362849043791472,-0.010819429845367656
2018-06-14,1.134114415956325,-0.012708925135964999
2018-06-15,1.139518567040252,-0.00800439968658262
2018-06-18,1.1395186166474487,-0.008004356501572607
2018-06-19,1.1294408366378286,-0.016777459213216717
2018-06-20,1.131927244560432,-0.014612943608865003
2018-06-21,1.138054645042304,-0.009278801195404474
2018-06-22,1.136434088918262,-0.010689558853602121
2018-06-25,1.1372468778891138,-0.009981994179897424
2018-06-26,1.1314538987996154,-0.015025009656526422
2018-06-27,1.12501426699094,-0.020630961684527716
2018-06-28,1.1204369409157153,-0.024615703538815037
2018-06-29,1.1322380462526664,-0.01434237854728182
2018-07-02,1.1325615315149198,-0.014060771940594297
2018-07-03,1.1423452113820567,-0.005543694936501975
2018-07-04,1.1378107726488695,-0.009491101677662539
2018-07-05,1.1416074662442153,-0.006185931010629586
2018-07-06,1.1471504979321143,-0.0013605045491056345
2018-07-09,1.1564966750040504,0.0
2018-07-10,1.1585528663290117,0.0
2018-07-11,1.1538577365052392,-0.004052581423107049
2018-07-12,1.1567677248388493,-0.0015408373170044953
2018-07-13,1.1592921335738364,0.0
2018-07-16,1.1596997445077024,0.0
2018-07-17,1.1556880305313253,-0.003459269518145902
2018-07-18,1.1594204639806645,-0.00024082140947323527
2018-07-19,1.164738126370757,0.0
2018-07-20,1.165827930876963,0.0
2018-07-23,1.165362540512907,-0.0003991930127337229
2018-07-24,1.1721977266376848,0.0
2018-07-25,1.1736462735986275,0.0
2018-07-26,1.1785478497674973,0.0
2018-07-27,1.1804981818535234,0.0
2018-07-30,1.1771593032050602,-0.0028283640752592154
2018-07-31,1.169216629844381,-0.00955660261283009
2018-08-01,1.1747035262912917,-0.004908652678425551
2018-08-02,1.168043571388686,-0.010550300420863024
2018-08-03,1.1755580638048369,-0.0041847739578303456
2018-08-06,1.1757588155394807,-0.004014717165088166
2018-08-07,1.1784041020653668,-0.0017738949710780494
2018-08-08,1.1741427423416957,-0.005383692757450098
2018-08-09,1.1721174267213426,-0.007099337602555211
2018-08-10,1.1710935472245423,-0.007966665915753235
2018-08-13,1.1644336061445708,-0.013608301949037727
2018-08-14,1.164233282276574,-0.01377799629594656
2018-08-15,1.164697635466074,-0.013384642712994776
2018-08-16,1.1562244055078896,-0.020562315739886317
2018-08-17,1.1568476158468075,-0.020034394266988054
2018-08-20,1.156490622740054,-0.020336803124740732
2018-08-21,1.156105571451364,-0.020662980068177905
2018-08-22,1.155569243143039,-0.021117303773685592
2018-08-23,1.1594201277916596,-0.017855219419964485
2018-08-24,1.1597856793188157,-0.017545560724360088
2018-08-27,1.1628048279221792,-0.014988039967637756
2018-08-28,1.1684070797588393,-0.010242372483538875
2018-08-29,1.1692548627261314,-0.009524215539018166
2018-08-30,1.1741459388857047,-0.005380984965046687
2018-08-31,1.173254668225734,-0.006135980333672464
2018-09-03,1.1713703116837928,-0.007732218744631036
2018-09-04,1.1719000454300645,-0.0072834812925834935
2018-09-05,1.1688007555954771,-0.009908889685607214
2018-09-06,1.1651652268772856,-0.012988546032458359
2018-09-07,1.1635157773510594,-0.014385794712364341
2018-09-10,1.165439317524954,-0.01275636384710499
2018-09-11,1.1676560762344015,-0.010878547562825136
2018-09-12,1.1716695098677727,-0.007478767965477751
2018-09-13,1.169589389995143,-0.009240837492229259
2018-09-14,1.1739378307477524,-0.005557273366969984
2018-09-17,1.171579570605402,-0.007554955513881634
2018-09-18,1.1672583572424495,-0.011215455317589607
2018-09-19,1.1707649216564215,-0.008245044631767007
2018-09-20,1.1713138805763135,-0.007780021535305992
2018-09-21,1.1764066509224629,-0.0034659358175684885
2018-09-24,1.1764067235373294,-0.0034658743055155927
2018-09-25,1.175518599726016,-0.004218203978670121
2018-09-26,1.1790730570648853,-0.0012072231965664093
2018-09-27,1.1758293979885117,-0.003954926773102829
2018-09-28,1.1782084359734475,-0.0019396437159104885
2018-10-01,1.1782085086159724,-0.0019395821804283342
2018-10-02,1.1782085812640302,-0.0019395206402590404
2018-10-03,1.1782086539176218,-0.001939459095402385
2018-10-04,1.1782087265767471,-0.0019393975458578128
2018-10-05,1.1782087992414065,-0.001939335991625435
2018-10-08,1.1729828223183172,-0.0063662609995776
2018-10-09,1.1732783702453233,-0.006115902353076241
2018-10-10,1.1736466283374036,-0.005803950926347112
2018-10-11,1.148902260948699,-0.02676490433489276
2018-10-12,1.1588354346119087,-0.01835051300765389
2018-10-15,1.1586965415941275,-0.01846816928185757
2018-10-16,1.1598238008940116,-0.017513267938329746
2018-10-17,1.171514580241904,-0.007610008850258643
2018-10-18,1.1686970187091281,-0.00999676520116799
2018-10-19,1.1665595112114822,-0.011807447784591973
2018-10-22,1.1639295956873315,-0.014035249203160571
2018-10-23,1.1586391130632094,-0.018516816989919138
2018-10-24,1.1604192929010866,-0.017008826664104415
2018-10-25,1.149186043880344,-0.026524511815863794
2018-10-26,1.1510080208197992,-0.024981115165650714
2018-10-29,1.1489702891940115,-0.026707277608856272
2018-10-30,1.1453520625263047,-0.029772277388886104
2018-10-31,1.1503808483302274,-0.02551239297633512
2018-11-01,1.154811469573403,-0.021759213758202667
2018-11-02,1.1601888347469622,-0.01720404776454043
2018-11-05,1.1541658174842078,-0.022306145637573715
2018-11-06,1.1566827483001914,-0.02017405356435109
2018-11-07,1.1613205357519936,-0.01624538385261942
2018-11-08,1.1713776755198095,-0.0077259808392027285
2018-11-09,1.1679335134365594,-0.01064353051119149
2018-11-12,1.1673535838414202,-0.011134788866395962
2018-11-13,1.160068508882875,-0.01730597580300486
2018-11-14,1.1608958948990793,-0.01660509711558067
2018-11-15,1.1617277947643283,-0.015900394746668267
2018-11-16,1.162653091362435,-0.015116576006131033
2018-11-19,1.1627860228812046,-0.015003969717690468
2018-11-20,1.157931264666021,-0.019116435361272388
2018-11-21,1.1540371266882632,-0.022415159609744828
2018-11-22,1.154918138247148,-0.021668854725563014
2018-11-23,1.1509748005263665,-0.025009256075940622
2018-11-26,1.1517469321472897,-0.02435518338629794
2018-11-27,1.1528253266350994,-0.023441675424670683
2018-11-28,1.15255185350456,-0.023673334511269073
2018-11-29,1.1548781716311438,-0.021702710445646867
2018-11-30,1.1587963811722382,-0.01838359517607302
2018-12-03,1.1591360502605816,-0.018095861494170862
2018-12-04,1.154736246513406,-0.021822935211698646
2018-12-05,1.1513380592328024,-0.024701539628749103
2018-12-06,1.1492712567760799,-0.02645232797259678
2018-12-07,1.1498791604577974,-0.025937372768885192
2018-12-10,1.1492930532500543,-0.02643386417967497
2018-12-11,1.1477336329961672,-0.027754849063733378
2018-12-12,1.1504619317974378,-0.025443707171937446
2018-12-13,1.1498174042899014,-0.02598968641819477
2018-12-14,1.1412677133698523,-0.03323212952524379
2018-12-17,1.1386264514734956,-0.0354695424556134
2018-12-18,1.1351625935223164,-0.038403776497160536
2018-12-19,1.1347789814623785,-0.03872873426993373
2018-12-20,1.1442416747061892,-0.030712886902042658
2018-12-21,1.1452404920453834,-0.02986678874234383
2018-12-24,1.1458880229912949,-0.02931826528346404
2018-12-25,1.144868456158463,-0.030181940339050417
2018-12-26,1.143135337945265,-0.03165006476299215
2018-12-27,1.1388970705901624,-0.03524030100414255
2018-12-28,1.1390406129970267,-0.03511870623248514
2018-12-31,1.1390406138654254,-0.03511870549686458
2019-01-02,1.131319831677555,-0.04165898002380031
2019-01-03,1.136515176640764,-0.037258003348807356
2019-01-04,1.1373779140018527,-0.036527178537426264
2019-01-07,1.1434504780349906,-0.03138310959561463
2019-01-08,1.1431222438591528,-0.03166115676322856
2019-01-09,1.1411446116755428,-0.033336408969466436
2019-01-10,1.1454007046774086,-0.029731072623091825
2019-01-11,1.1440605489668478,-0.03086631851432775
2019-01-14,1.141368447185427,-0.0331467979109108
2019-01-15,1.1355820137780128,-0.03804848560205909
2019-01-16,1.1346228373052376,-0.03886100398414505
2019-01-17,1.1409761341994547,-0.03347912623805538
2019-01-18,1.1442767047423978,-0.03068321295866261
2019-01-21,1.145988198257216,-0.029233406816537966
2019-01-22,1.1466119319243984,-0.0287050420322712
2019-01-23,1.1435582774816608,-0.03129179268523952
2019-01-24,1.1432247658884678,-0.03157431035305114
2019-01-25,1.1468566725402836,-0.02849772225859648
2019-01-28,1.1453015531889543,-0.02981506384813426
2019-01-29,1.1414765033488796,-0.03305526353575161
2019-01-30,1.1412165191124743,-0.033275496180241615
2019-01-31,1.1512467232298336,-0.024778910356102135
2019-02-01,1.1585008688635028,-0.018633923650337447
2019-02-04,1.1585011918687755,-0.018633650032573557
2019-02-05,1.1585015148986508,-0.018633376393969003
2019-02-06,1.1585018379531298,-0.018633102734522344
2019-02-07,1.1585021610322148,-0.018632829054232247
2019-02-08,1.1585024841359082,-0.01863255535309638
2019-02-11,1.1572429700028741,-0.019699489764682165
2019-02-12,1.160615986516155,-0.016842207504420892
2019-02-13,1.168415670122385,-0.010235095586651033
2019-02-14,1.1676090311329543,-0.010918399467868545
2019-02-15,1.163196340942758,-0.014656389291171634
2019-02-18,1.1745708497681182,-0.005021042960098865
2019-02-19,1.1744162099474968,-0.005152038350857313
2019-02-20,1.170654926588139,-0.008338221453191408
2019-02-21,1.1703323471636449,-0.008611478480989199
2019-02-22,1.1669222981841347,-0.011500130943084441
2019-02-25,1.1664468600238806,-0.011902874604669433
2019-02-26,1.1626472687287104,-0.015121508359110747
2019-02-27,1.1632411394163138,-0.014618440504596153
2019-02-28,1.1608373056181318,-0.016654728094982474
2019-03-01,1.1646627300207835,-0.013414211115409302
2019-03-04,1.1631576281328921,-0.014689182912085985
2019-03-05,1.158754016561632,-0.018419482237364115
2019-03-06,1.1600603431011363,-0.017312893036647736
2019-03-07,1.1554371124861604,-0.02122923165202517
2019-03-08,1.1419385448377324,-0.032663868194398926
2019-03-11,1.1441981914379131,-0.030749721578236633
2019-03-12,1.1551900553191798,-0.0214385137761135
2019-03-13,1.1526426904676996,-0.023596386520551293
2019-03-14,1.1568377298396149,-0.020042768703598446
2019-03-15,1.1587270172784863,-0.018442353329891525
2019-03-18,1.1688862119896914,-0.009836499574781055
2019-03-19,1.1707402005674377,-0.008265985866038883
2019-03-20,1.167869584509297,-0.010697684704942256
2019-03-21,1.166791179417872,-0.011611201648891845
2019-03-22,1.173480034608536,-0.005945072472681168
2019-03-25,1.158054769784183,-0.01901181417670783
2019-03-26,1.1617008576178594,-0.015923213203217434
2019-03-27,1.1643481804198599,-0.013680666079727621
2019-03-28,1.1627120411232919,-0.015066639664201187
2019-03-29,1.1671780111019372,-0.011283516532547333
2019-04-01,1.1724288948508559,-0.006835492952643074
2019-04-02,1.1746364877952984,-0.004965440987822145
2019-04-03,1.1784010285862452,-0.0017764985152162183
2019-04-04,1.1806644564136612,0.0
2019-04-05,1.180664550963471,0.0
2019-04-08,1.1837383867458284,0.0
2019-04-09,1.1825502999287314,-0.0010036734724496732
2019-04-10,1.1782238245688101,-0.004658598756924981
2019-04-11,1.1819185014886635,-0.001537404951585608
2019-04-12,1.182108411725333,-0.0013769723435059777
2019-04-15,1.1858393715849103,0.0
2019-04-16,1.1885293112112936,0.0
2019-04-17,1.1894170770820334,0.0
2019-04-18,1.1898047138048469,0.0
2019-04-19,1.1928953315125241,0.0
2019-04-22,1.1914564519942017,-0.0012062076867197513
2019-04-23,1.194125035292719,0.0
2019-04-24,1.201572498724728,0.0
2019-04-25,1.2027678211781865,0.0
2019-04-26,1.2030881603636037,0.0
2019-04-29,1.2071005189067079,0.0
2019-04-30,1.2100010540269723,0.0
2019-05-01,1.2100011108641002,0.0
2019-05-02,1.2100011677055575,0.0
2019-05-03,1.2100012245513443,0.0
2019-05-06,1.1955336303698054,-0.01195667730576322
2019-05-07,1.2028117638694031,-0.005941697029775317
2019-05-08,1.1907768158068641,-0.015887925032148864
2019-05-09,1.1908195550469698,-0.015852603381857677
2019-05-10,1.1916664185129162,-0.01515271692822151
2019-05-13,1.1926848044769671,-0.014311076487379504
2019-05-14,1.1831763638797645,-0.022169283904258874
2019-05-15,1.1861292077377763,-0.01972891954916789
2019-05-16,1.1887806881883143,-0.01753761560935474
2019-05-17,1.1941404258328134,-0.013108084848766799
2019-05-20,1.1921296680196374,-0.014769866483675176
2019-05-21,1.1893579340030667,-0.01706055343533386
2019-05-22,1.1900766268783654,-0.01646659298247144
2019-05-23,1.1880439699664602,-0.018146473027765397
2019-05-24,1.1863315616991588,-0.019561685039584997
2019-05-27,1.1883622133194232,-0.017883462258432625
2019-05-28,1.1900453094348062,-0.016492475141037466
2019-05-29,1.1854248504038087,-0.020311032459201184
2019-05-30,1.1819907400958463,-0.023149137279496523
2019-05-31,1.1812099415952508,-0.023794424643470147
2019-06-03,1.1798605771054096,-0.024909600779214447
2019-06-04,1.1826381295669217,-0.02261410520023943
2019-06-05,1.194050751068385,-0.01318219614932492
2019-06-06,1.196451812000747,-0.011197850279549226
2019-06-07,1.1964519355514007,-0.011197748171674404
2019-06-10,1.204900104933653,-0.004215797070439065
2019-06-11,1.2040950961555235,-0.004881092907993323
2019-06-12,1.2053401045936394,-0.003852161355814454
2019-06-13,1.2059483039136882,-0.0033495177983466906
2019-06-14,1.2116944727772356,0.0
2019-06-17,1.207244261769378,-0.0036727170981127877
2019-06-18,1.2089515710370657,-0.002263690890561776
2019-06-19,1.212505075451027,0.0
2019-06-20,1.22082380492123,0.0
2019-06-21,1.2274944612759469,0.0
2019-06-24,1.2325259830997408,0.0
2019-06-25,1.236539173240786,0.0
2019-06-26,1.232027689076646,-0.003648476539822032
2019-06-27,1.227670455325474,-0.00717220942711283
2019-06-28,1.2267488599578409,-0.007917511628269924
2019-07-01,1.2293080263476355,-0.0058478914777917446
2019-07-02,1.2301927169692406,-0.005132434466198266
2019-07-03,1.2385304360697746,0.0
2019-07-04,1.2392644654187126,0.0
2019-07-05,1.2395569989180562,0.0
2019-07-08,1.2341135664475391,-0.004391433774540765
2019-07-09,1.2301578999482814,-0.0075826274854474685
2019-07-10,1.2296033881105575,-0.008029974269990525
2019-07-11,1.2374762094680112,-0.0016786557228600785
2019-07-12,1.2358577862404916,-0.002984302198925537
2019-07-15,1.2382036304818456,-0.0010918162193364056
2019-07-16,1.2359285605450636,-0.002927205748634143
2019-07-17,1.233570366523935,-0.004829654787433468
2019-07-18,1.2269761693141013,-0.010149456309743066
2019-07-19,1.2331710113002834,-0.0051518305518396534
2019-07-22,1.2274529000036496,-0.009764858675294197
2019-07-23,1.2325672016155689,-0.005638947872980693
2019-07-24,1.237140620956648,-0.0019493883407679657
2019-07-25,1.2407042751761406,0.0
2019-07-26,1.2359303315504433,-0.0038477691430697236
2019-07-29,1.2402191383878785,-0.00039101726170265305
2019-07-30,1.2401573698573858,-0.0004408023166334596
2019-07-31,1.2348303519666366,-0.004734345909036319
2019-08-01,1.2247807769477201,-0.012834241444166783
2019-08-02,1.2306409056708962,-0.008111013806102685
2019-08-05,1.236930086764544,-0.0030419726014571102
2019-08-06,1.228399190370821,-0.009917822523479947
2019-08-07,1.2360546674643749,-0.0037475551626560133
2019-08-08,1.2423538737897002,0.0
2019-08-09,1.2513384022802585,0.0
2019-08-12,1.2508390272877212,-0.0003990726981822901
2019-08-13,1.2487390674236212,-0.002077243735108314
2019-08-14,1.2478254857768651,-0.002807327336068144
2019-08-15,1.239206446205517,-0.009695184014678948
2019-08-16,1.2406239975757638,-0.008562355862307247
2019-08-19,1.2443524896091818,-0.005582752561854143
2019-08-20,1.2454525815715431,-0.004703620298066258
2019-08-21,1.2448687180247522,-0.005170211546066783
2019-08-22,1.2479327168071628,-0.0027216342652712777
2019-08-23,1.2499267436112902,-0.0011281190335050706
2019-08-26,1.2531310788521974,0.0
2019-08-27,1.2583892371511927,0.0
2019-08-28,1.2581538095139495,-0.0001870864993855914
2019-08-29,1.262351094598196,0.0
2019-08-30,1.2618200661867855,-0.00042066617891234337
2019-09-02,1.2607939318719341,-0.001233541708741126
2019-09-03,1.261782336957482,-0.0004505542421182618
2019-09-04,1.2649322497096809,0.0
2019-09-05,1.2709999343895881,0.0
2019-09-06,1.2644109543657263,-0.005184091553101622
2019-09-09,1.267020220074051,-0.003131167994472328
2019-09-10,1.261164316355741,-0.007738488230977558
2019-09-11,1.264590457074311,-0.005042862034729589
2019-09-12,1.2671662462575521,-0.0030162772068726973
2019-09-13,1.267166547796779,-0.0030160399612059186
2019-09-16,1.2666415699121931,-0.003429083164735225
2019-09-17,1.2647973190503723,-0.00488010673438366
2019-09-18,1.26598019849748,-0.003949438356595114
2019-09-19,1.266228379477198,-0.0037541740037002613
2019-09-20,1.2711241915540752,0.0
2019-09-23,1.2692968635680943,-0.0014375684123725252
2019-09-24,1.270058879935216,-0.0008380861806719375
2019-09-25,1.2629506354845497,-0.006430178989460078
2019-09-26,1.2578864528964395,-0.010414197720091556
2019-09-27,1.256676242273679,-0.01136627669931456
2019-09-30,1.2604986235563678,-0.008359189501945141
2019-10-01,1.260498728093753,-0.008359107261841525
2019-10-02,1.2604988326391005,-0.00835902501547392
2019-10-03,1.2604989371924114,-0.008358942762841659
2019-10-04,1.2604990417536852,-0.008358860503944632
2019-10-07,1.2604991463229234,-0.00835877823878206
2019-10-08,1.2532329346915987,-0.014075144648614257
2019-10-09,1.2524066163201377,-0.01472521360092549
2019-10-10,1.2539888988040055,-0.013480423757115334
2019-10-11,1.260043694574989,-0.008717084493167437
2019-10-14,1.2624331677210607,-0.006837273565212132
2019-10-15,1.2672617864452091,-0.0030385741491898433
2019-10-16,1.273907963623213,0.0
2019-10-17,1.2727995109450991,-0.0008701199064343745
2019-10-18,1.2727652197327655,-0.000897038030280628
2019-10-21,1.2713158240304674,-0.0020347934597826356
2019-10-22,1.2762034098605277,0.0
2019-10-23,1.2720584962306791,-0.0032478471674838305
2019-10-24,1.2748288626125395,-0.001077059689206239
2019-10-25,1.2754429157144345,-0.0005959035528485535
2019-10-28,1.2775054448006347,0.0
2019-10-29,1.278928952698496,0.0
2019-10-30,1.2774801764122792,-0.0011328043541121158
2019-10-31,1.2788302495022243,-7.717644992200068e-05
2019-11-01,1.2791471705524413,0.0
2019-11-04,1.2823882129098683,0.0
2019-11-05,1.286963047147355,0.0
2019-11-06,1.2819612040706274,-0.003886547549142416
2019-11-07,1.2841061821343038,-0.002219850072139651
2019-11-08,1.2817359619848125,-0.004061565850028592
2019-11-11,1.2806690487589798,-0.004890582058534099
2019-11-12,1.2870734110986355,0.0
2019-11-13,1.2874913865478952,0.0
2019-11-14,1.2874443826202608,-3.650814920042045e-05
2019-11-15,1.2920475430251084,0.0
2019-11-18,1.297984493311329,0.0
2019-11-19,1.3025463075589665,0.0
2019-11-20,1.2956133119066433,-0.005322648117836226
2019-11-21,1.2890707023363424,-0.010345586290807618
2019-11-22,1.2925816427794767,-0.00765014243383344
2019-11-25,1.2994038411821394,-0.0024125563587188426
2019-11-26,1.306090312418383,0.0
2019-11-27,1.306781156435285,0.0
2019-11-28,1.3083876632706268,0.0
2019-11-29,1.3068150790091548,-0.0012019253204672564
2019-12-02,1.3140853223546403,0.0
2019-12-03,1.3005442590950733,-0.010304554072108174
2019-12-04,1.2945136451514674,-0.014893764408009269
2019-12-05,1.3015798606128817,-0.009516476235615245
2019-12-06,1.302172985519651,-0.009065116725939903
2019-12-09,1.3075519763327237,-0.00497178220529082
2019-12-10,1.302931800661261,-0.008487669334434123
2019-12-11,1.3013060721814298,-0.00972482528783758
2019-12-12,1.3068314416120292,-0.005520098747936131
2019-12-13,1.3100203511769446,-0.003093384507492969
2019-12-16,1.3143321149935168,0.0
2019-12-17,1.3189930988981913,0.0
2019-12-18,1.3137884026599862,-0.003945961690438482
2019-12-19,1.3113248883751747,-0.0058136850976870935
2019-12-20,1.316927984645217,-0.0015656747974641672
2019-12-23,1.321531023836009,0.0
2019-12-24,1.3255580396009228,0.0
2019-12-25,1.3237056674802992,-0.0013974281512270093
2019-12-26,1.327672314807724,0.0
2019-12-27,1.336469137540098,0.0
2019-12-30,1.338207485837417,0.0
2019-12-31,1.3376279750540145,-0.0004330500236591206
2020-01-02,1.3444640876684086,0.0
2020-01-03,1.3492624641045046,0.0
2020-01-06,1.3490355371949596,-0.0001681858908716416
2020-01-07,1.3530618512440065,0.0
2020-01-08,1.343781020979098,-0.00685913231266988
2020-01-09,1.3518636059780273,-0.0008855805555950669
2020-01-10,1.3551736918780757,0.0
2020-01-13,1.352777842105543,-0.0017679281902325261
2020-01-14,1.3600032694811768,0.0
2020-01-15,1.360617111599829,0.0
2020-01-16,1.3619139866838974,0.0
2020-01-17,1.3625429356873395,0.0
2020-01-20,1.3576905819801446,-0.003561248295450792
2020-01-21,1.3571207819690667,-0.0039794369603022295
2020-01-22,1.3514324144292058,-0.008154254054775212
2020-01-23,1.348717017757416,-0.010147142939718856
2020-01-24,1.348717084312938,-0.010147094093168718
2020-01-27,1.3487171508735285,-0.010147045242898556
2020-01-28,1.3487172174391895,-0.010146996388906926
2020-01-29,1.3487172840099202,-0.010146947531194717
2020-01-30,1.3487173505857213,-0.01014689866976115
2020-01-31,1.3487174171665937,-0.010146849804605673
2020-02-03,1.3130484307658932,-0.03632509745205115
2020-02-04,1.3306517280539745,-0.023405653354532596
2020-02-05,1.3424853177804823,-0.014720723568787286
2020-02-06,1.3538838615535456,-0.006355083503791326
2020-02-07,1.358250860963408,-0.00315004732072266
2020-02-10,1.3621961693375138,-0.0002544993928216277
2020-02-11,1.376491238585281,0.0
2020-02-12,1.388605341654678,0.0
2020-02-13,1.4189796517111872,0.0
2020-02-14,1.3923305355552158,-0.018780478017309532
2020-02-17,1.3921901701610977,-0.01887939796584348
2020-02-18,1.3786384740653814,-0.0284297083451176
2020-02-19,1.3771963526643742,-0.029446017070382413
2020-02-20,1.376672308274925,-0.029815327785174706
2020-02-21,1.373180749119394,-0.032275940346687126
2020-02-24,1.3654028520481245,-0.037757271288882066
2020-02-25,1.365261985682638,-0.03785654428784058
2020-02-26,1.3605491723708862,-0.04117781341673077
2020-02-27,1.3553500958966198,-0.04484176763058911
2020-02-28,1.3379896249239216,-0.057076242558938395
2020-03-02,1.3440094201398989,-0.05283390179759062
2020-03-03,1.3417896015584445,-0.05439827841058675
2020-03-04,1.3479254964646277,-0.05007411851246302
2020-03-05,1.348101107723526,-0.04995035968428918
2020-03-06,1.3501125505581986,-0.048532832074046905
2020-03-09,1.3362955227956979,-0.058270130100722795
2020-03-10,1.3349453508347824,-0.05922163913701339
2020-03-11,1.3331405911859984,-0.06049351054588625
2020-03-12,1.3226941787474173,-0.06785542896803098
2020-03-13,1.3106327423924231,-0.07635550600609764
2020-03-16,1.2963969873785337,-0.0863878944175327
2020-03-17,1.2803816946833524,-0.09767437951678559
2020-03-18,1.2869232885392783,-0.09306431069160037
2020-03-19,1.2785498020717834,-0.09896537238575298
2020-03-20,1.2907931219290092,-0.09033711627054997
2020-03-23,1.2982913904445117,-0.08505284844721639
2020-03-24,1.3148173538609513,-0.0734064774816352
2020-03-25,1.3317866937371237,-0.061447645051791344
2020-03-26,1.3240241944953128,-0.06691812465482849
2020-03-27,1.3286870594133422,-0.06363205574439246
2020-03-30,1.3266722019930886,-0.06505198972147519
2020-03-31,1.3286625400497625,-0.06364933531816941
2020-04-01,1.3176877834579224,-0.07138359463514088
2020-04-02,1.32182778733094,-0.06846600249911194
2020-04-03,1.3189255979449694,-0.07051126747699288
2020-04-06,1.318925599159241,-0.07051126662125706
2020-04-07,1.3355823483193414,-0.05877272679088419
2020-04-08,1.3310535211071968,-0.061964335075529675
2020-04-09,1.3360089669151545,-0.05847207512523245
2020-04-10,1.3348032216727923,-0.05932180206875004
2020-04-13,1.3321415224162203,-0.06119758601911329
2020-04-14,1.339905511558027,-0.05572605643625861
2020-04-15,1.3396603610570557,-0.05589882177554695
2020-04-16,1.3348548820986887,-0.059285395326881596
2020-04-17,1.3329197100389638,-0.06064917250112867
2020-04-20,1.3279057376159251,-0.06418267801475053
2020-04-21,1.3260264283823735,-0.06550708688226692
2020-04-22,1.3297948179255044,-0.06285138315981653
2020-04-23,1.3402791160649077,-0.05546276548178286
2020-04-24,1.3377745069648894,-0.0572278430126677
2020-04-27,1.3452725211869372,-0.05194375439800314
2020-04-28,1.3496254713229818,-0.04887609227135081
2020-04-29,1.36264468904722,-0.039701036301705406
2020-04-30,1.3734342552180514,-0.03209728655249655
2020-05-01,1.3734343641754991,-0.03209720976672481
2020-05-04,1.3734344731412456,-0.032097132975104525
2020-05-05,1.3734345821152913,-0.032097056177635586
2020-05-06,1.362038104301081,-0.0401285158257475
2020-05-07,1.3536550094992768,-0.0460363488180634
2020-05-08,1.3652529879311808,-0.03786288528888759
2020-05-11,1.366807561503872,-0.03676732794892401
2020-05-12,1.358579884839239,-0.0425656328468913
2020-05-13,1.3579952585700246,-0.042977637535266844
2020-05-14,1.3542390812315124,-0.04562473492949837
2020-05-15,1.3601240922887738,-0.04147738084294428
2020-05-18,1.3673098969678175,-0.03641331620299104
2020-05-19,1.3692741617023783,-0.03502903649736466
2020-05-20,1.3674068196733231,-0.036345011696024665
2020-05-21,1.3641245357396412,-0.0386581413661532
2020-05-22,1.354485316804369,-0.0454512049056115
2020-05-25,1.3603129454330558,-0.041344290037833575
2020-05-26,1.3679864683709992,-0.0359365148603038
2020-05-27,1.3608331308387547,-0.04097769887137692
2020-05-28,1.366308238970078,-0.0371192163873465
2020-05-29,1.3661681916776665,-0.03721791215951109
2020-06-01,1.3691700205264543,-0.03510242808955444
2020-06-02,1.369587476591326,-0.034808233550282286
2020-06-03,1.3713908565665378,-0.033537334441167355
2020-06-04,1.3723781431583708,-0.032841562242713174
2020-06-05,1.370832125811126,-0.03393108973902381
2020-06-08,1.3672336966901775,-0.03646701695729582
2020-06-09,1.370477051174956,-0.03418132210545832
2020-06-10,1.3734578968404718,-0.03208062555077462
2020-06-11,1.3695944376358378,-0.03480332788126628
2020-06-12,1.351329756410546,-0.04767502847490468
2020-06-15,1.3269303998456847,-0.06487002949936427
2020-06-16,1.3653568202317528,-0.03778971137096232
2020-06-17,1.36973411432436,-0.034704893285425586
2020-06-18,1.364162144311757,-0.03863163741165998
2020-06-19,1.367203257676666,-0.036488468296273724
2020-06-22,1.3634617403239606,-0.0391252343331886
2020-06-23,1.3671496019292122,-0.03652628120457646
2020-06-24,1.3719239932133975,-0.03316161612398305
2020-06-25,1.3719240634987748,-0.03316156659164682
2020-06-26,1.3719241337895056,-0.033161517055537715
2020-06-29,1.3479221133098023,-0.050076502729052286
2020-06-30,1.3515391217027888,-0.047527482108055574
2020-07-01,1.3682408816534304,-0.03575722174491325
2020-07-02,1.3762145041594755,-0.030137956876365224
2020-07-03,1.386494815324153,-0.022893095294114874
2020-07-06,1.4089081353274016,-0.0070977172728587945
2020-07-07,1.4097155852223973,-0.0065286817028124
2020-07-08,1.4205377978361888,0.0
2020-07-09,1.4332452123001276,0.0
2020-07-10,1.4194946187287327,-0.009594027214176015
2020-07-13,1.4302167576937064,-0.0021130052139236577
2020-07-14,1.4212698199842462,-0.008355438562158368
2020-07-15,1.4140924677593227,-0.013363201479018372
2020-07-16,1.401570782812461,-0.022099797868387228
2020-07-17,1.4081836014649707,-0.01748591979940195
2020-07-20,1.429028347449208,-0.0029421796177865334
2020-07-21,1.431671351761802,-0.0010981097475984969
2020-07-22,1.4445951799510708,0.0
2020-07-23,1.4509366655506652,0.0
2020-07-24,1.4457611264301047,-0.003567033105884243
2020-07-27,1.4625801055978016,0.0
2020-07-28,1.4555452996576363,-0.004809860269014088
2020-07-29,1.4604471872309144,-0.001458325843981978
2020-07-30,1.4586106138678756,-0.0027140337235090906
2020-07-31,1.4582669661444128,-0.0029489936564027763
2020-08-03,1.4556929370566967,-0.004708917149047309
2020-08-04,1.4626198607201832,0.0
2020-08-05,1.471126729223701,0.0
2020-08-06,1.473866435714091,0.0
2020-08-07,1.4781800302789958,0.0
2020-08-10,1.4793650601924406,0.0
2020-08-11,1.4748214511236937,-0.003071323766532519
2020-08-12,1.4520368565521138,-0.018472927592849686
2020-08-13,1.4650429408381695,-0.00968126106236955
2020-08-14,1.4657356119481355,-0.00921303916866345
2020-08-17,1.4617396524973016,-0.011914170592109308
2020-08-18,1.4619405009673723,-0.01177840392066698
2020-08-19,1.4631072784072787,-0.010989702422096514
2020-08-20,1.4578355639430487,-0.014553200443027436
2020-08-21,1.4599472769121882,-0.013125754962555636
2020-08-24,1.4626708133087785,-0.01128473784658035
2020-08-25,1.4796293104271345,0.0
2020-08-26,1.4703433319942225,-0.006275881646485737
2020-08-27,1.4780434773827398,-0.0010717772574653228
2020-08-28,1.4770130205378316,-0.0017682063141529758
2020-08-31,1.4788458870369017,-0.000529472743417525
2020-09-01,1.4710874043513404,-0.005773004100147472
2020-09-02,1.488246675273835,0.0
2020-09-03,1.5171603961526876,0.0
2020-09-04,1.4633926303139193,-0.03543973727175842
2020-09-07,1.424701725625776,-0.060941922002033744
2020-09-08,1.4489912312315882,-0.04493207514114339
2020-09-09,1.4187414755018917,-0.06487047836232285
2020-09-10,1.438766908100101,-0.05167119327091707
2020-09-11,1.4295633914457966,-0.05773747121861683
2020-09-14,1.439857383886989,-0.05095243222913581
2020-09-15,1.4439666375844042,-0.0482439159062501
2020-09-16,1.439781952933585,-0.0510021507385271
2020-09-17,1.437885083850509,-0.05225242664072305
2020-09-18,1.4466767941424887,-0.046457581010508675
2020-09-21,1.4416398175732978,-0.049777583682582116
2020-09-22,1.4313783852269304,-0.05654116146406729
2020-09-23,1.43196510049628,-0.056154442122567594
2020-09-24,1.4262390443198882,-0.05992863514191615
2020-09-25,1.4258747373515335,-0.06016875936957111
2020-09-28,1.4308787469270516,-0.05687048610314005
2020-09-29,1.4320502855980504,-0.0560982943995012
2020-09-30,1.4293664737198766,-0.05786726482937754
2020-10-01,1.4293664909486516,-0.05786725347344257
2020-10-02,1.4293665081787386,-0.057867242116642625
2020-10-05,1.4293665254101386,-0.05786723075897737
2020-10-06,1.4293665426428506,-0.05786721940044737
2020-10-07,1.4293665598768752,-0.05786720804105194
2020-10-08,1.4293665771122126,-0.05786719668079143
2020-10-09,1.4491597336486262,-0.044821010801825545
2020-10-12,1.4536489253768625,-0.041862067410197046
2020-10-13,1.449352753694286,-0.04469378625381504
2020-10-14,1.4481270017281807,-0.045501711354690166
2020-10-15,1.4465333788448227,-0.046552109774922634
2020-10-16,1.450300183658868,-0.04406931044559825
2020-10-19,1.451104088860995,-0.043539435552893746
2020-10-20,1.4513123587288368,-0.04340215944921355
2020-10-21,1.451341818864239,-0.043382741505351374
2020-10-22,1.4517645883346975,-0.043104083117266434
2020-10-23,1.4473435398200347,-0.046018111538963735
2020-10-26,1.4471638039689478,-0.04613658012774502
2020-10-27,1.4493848198049653,-0.044672650643657774
2020-10-28,1.450121577701052,-0.044187034292245575
2020-10-29,1.446202054449085,-0.04677049432844638
2020-10-30,1.440273567150839,-0.05067811498166119
2020-11-02,1.438736274901455,-0.051691384411368446
2020-11-03,1.444665292660765,-0.04778341411742648
2020-11-04,1.4495316333937618,-0.04457588197689788
2020-11-05,1.460716692254266,-0.037203517862419266
2020-11-06,1.4635821880135615,-0.03531479484634137
2020-11-09,1.468533659839554,-0.032051150581339005
2020-11-10,1.465629022380071,-0.03396567291322217
2020-11-11,1.4787162181219369,-0.025339560753259938
2020-11-12,1.4768829774928613,-0.026547897481350224
2020-11-13,1.471272807995189,-0.03024570656725778
2020-11-16,1.487022928363467,-0.019864391310005947
2020-11-17,1.4884001339524748,-0.0189566391748327
2020-11-18,1.483957368557364,-0.021884981759029642
2020-11-19,1.4847492904342396,-0.02136300538864455
2020-11-20,1.4894876205517893,-0.01823984838456949
2020-11-23,1.507917123991408,-0.006092481839573005
2020-11-24,1.5071797750159384,-0.006578487786827791
2020-11-25,1.5058943241761982,-0.007425761972866374
2020-11-26,1.5014144150752058,-0.010378586942693446
2020-11-27,1.5040516459573992,-0.008640319262571472
2020-11-30,1.5080442207908935,-0.006008709023061498
2020-12-01,1.5076099407535128,-0.0062949543261170415
2020-12-02,1.5010041370181668,-0.01064901191429135
2020-12-03,1.4913428302370972,-0.017017031278340866
2020-12-04,1.4946218980991766,-0.014855712099172691
2020-12-07,1.4888217242889632,-0.01867875798471108
2020-12-08,1.4843590144577974,-0.021620246467064508
2020-12-09,1.4810838758495488,-0.023778975772518196
2020-12-10,1.4762336749448284,-0.026975869731139746
2020-12-11,1.4760738733240168,-0.02708119914866003
2020-12-14,1.4728976823628175,-0.029174709478387628
2020-12-15,1.473058929402954,-0.029068427347279213
2020-12-16,1.4844486789082192,-0.021561146288435196
2020-12-17,1.4932691785360868,-0.01574732485582009
2020-12-18,1.4950788769922678,-0.014554505388102323
2020-12-21,1.4885549766875874,-0.018854578288254653
2020-12-22,1.4735674323591017,-0.028733259781979492
2020-12-23,1.4771921482886847,-0.02634411494352007
2020-12-24,1.4853735573870972,-0.02095153475281697
2020-12-25,1.4853495740652223,-0.020967342785992438
2020-12-28,1.4898506553313988,-0.018000562689708066
2020-12-29,1.5106455270683727,-0.004294120187183781
2020-12-30,1.5034357070587159,-0.00904630066061296
2020-12-31,1.5031402905725428,-0.00924101737410088
2021-01-04,1.4971766926315684,-0.013171780367979058
2021-01-05,1.4885737565093022,-0.018842200017794575
2021-01-06,1.4898317952848115,-0.018012993838474656
2021-01-07,1.5057919165641171,-0.00749326150181584
2021-01-08,1.5176449201254594,0.0
2021-01-11,1.5097640515963364,-0.00519282766648177
2021-01-12,1.5163242688623035,-0.000870197795045935
2021-01-13,1.527758780814723,0.0
2021-01-14,1.5221874969910933,-0.003646703847225541
2021-01-15,1.5231720962189759,-0.0030022308844470658
2021-01-18,1.5177801627526992,-0.006531540310769635
2021-01-19,1.5157109308148524,-0.00788596351149462
2021-01-20,1.5087119322470872,-0.012467183175002505
2021-01-21,1.515615503114325,-0.007948426055795377
2021-01-22,1.5064825408897196,-0.013926439299309479
2021-01-25,1.5008078616405118,-0.017640820993899742
2021-01-26,1.497025755011938,-0.020116412478674017
2021-01-27,1.4997273559691262,-0.01834806986391413
2021-01-28,1.4817605199275794,-0.0301083269589284
2021-01-29,1.4730494127295966,-0.03581021347882618
2021-02-01,1.4736063781634166,-0.03544564975265796
2021-02-02,1.4809482825231313,-0.03063997987079392
2021-02-03,1.4846172141295144,-0.02823846750349024
2021-02-04,1.4784026757432018,-0.03230621593626226
2021-02-05,1.4865790623087356,-0.02695433272785852
2021-02-08,1.4935630169305414,-0.022382960133238816
2021-02-09,1.502166110184541,-0.01675177452852472
2021-02-10,1.5037823411324494,-0.015693864753627773
2021-02-11,1.503782598026188,-0.01569369660290798
2021-02-12,1.5037828549394932,-0.015693528439380988
2021-02-16,1.5037831118723666,-0.015693360263045353
2021-02-17,1.50378336882481,-0.015693192073900186
2021-02-18,1.5073110860346324,-0.013384112097320933
2021-02-19,1.5049085690836395,-0.014956688201063995
2021-02-22,1.5030507706127356,-0.016172716866213133
2021-02-23,1.499194029305561,-0.018697160748065822
2021-02-24,1.4869374952953724,-0.026719719128422526
2021-02-25,1.5007308895525815,-0.01769120335065466
2021-02-26,1.4702592890179893,-0.03763649898059851
2021-03-01,1.482598028438173,-0.02956013275372349
2021-03-02,1.4897693758061836,-0.024866101563677745
2021-03-03,1.488487680990542,-0.025705039511040084
2021-03-04,1.4645130830828426,-0.04139769872450194
2021-03-05,1.4596292385617724,-0.044594436705916674
2021-03-08,1.4652981417411606,-0.04088383575858323
2021-03-09,1.4876370657273135,-0.026261812788281547
2021-03-10,1.4916734555346407,-0.023619779335084967
2021-03-11,1.5162939983061827,-0.007504314589785177
2021-03-12,1.4975369375864116,-0.019781816087612092
2021-03-15,1.4973530335110814,-0.019902191160980687
2021-03-16,1.4982561937942802,-0.01931102435209675
2021-03-17,1.4968787311675444,-0.020212647464353584
2021-03-18,1.507943642989069,-0.012970069669694162
2021-03-19,1.4975331402838141,-0.019784301625673018
2021-03-22,1.4915666572709072,-0.023689684522392507
2021-03-23,1.4927465664131332,-0.022917370753332222
2021-03-24,1.4873675556254264,-0.026438221593959144
2021-03-25,1.4867185628586088,-0.026863022141642157
2021-03-26,1.4965811547286718,-0.020407427191761807
2021-03-29,1.4987270829478243,-0.019002802164499233
2021-03-30,1.5054125208865992,-0.014626824737480448
2021-03-31,1.5095461489108535,-0.01192114365996777
2021-04-01,1.515029515121402,-0.008331986602317376
2021-04-02,1.521102988997015,-0.004356572451940766
2021-04-05,1.5211030412532187,-0.004356538247454744
2021-04-06,1.5326666989862532,0.0
2021-04-07,1.531576236862772,-0.0007114802743497517
2021-04-08,1.5381434785459098,0.0
2021-04-09,1.539454592048395,0.0
2021-04-12,1.550696711677904,0.0
2021-04-13,1.5444851832732849,-0.004005637180914734
2021-04-14,1.5511805551240343,0.0
2021-04-15,1.5463695356355054,-0.0031015212720637564
2021-04-16,1.552856668401313,0.0
2021-04-19,1.5559397743176415,0.0
2021-04-20,1.5467407668989923,-0.005912187329155216
2021-04-21,1.539730124258128,-0.010417916121864268
2021-04-22,1.5461071236022343,-0.0063194288607469895
2021-04-23,1.5394287548727823,-0.010611605742966601
2021-04-26,1.5479827144456475,-0.005113989630789906
2021-04-27,1.5540639794854714,-0.0012055703332045642
2021-04-28,1.5493049342118994,-0.004264201105503407
2021-04-29,1.552374407048818,-0.002291455831179068
2021-04-30,1.5477728472136174,-0.005248870964562724
2021-05-03,1.54777300659534,-0.005248768530184966
2021-05-04,1.5477731659892022,-0.005248666088005005
2021-05-05,1.5477733253952048,-0.005248563638022619
2021-05-06,1.5369440130947394,-0.012208545302618057
2021-05-07,1.5382887534465859,-0.011344282833052777
2021-05-10,1.543896917633211,-0.007739924695807643
2021-05-11,1.5259275102007996,-0.01928883406171933
2021-05-12,1.5327802752786392,-0.014884572925811912
2021-05-13,1.516518297766145,-0.025336119817866765
2021-05-14,1.5197960600027172,-0.023229507280110084
2021-05-17,1.5291365128772207,-0.017226413183103695
2021-05-18,1.5330130544638143,-0.014734966116462855
2021-05-19,1.5320916917044713,-0.015327124485668975
2021-05-20,1.5229044037562798,-0.02123177972993817
2021-05-21,1.5262213327490894,-0.019099994780701124
2021-05-24,1.5265956267658907,-0.01885943661580325
2021-05-25,1.5297303347169557,-0.016844764838137682
2021-05-26,1.5375250356881407,-0.011835123012763571
2021-05-27,1.5340300674712588,-0.014081333486054226
2021-05-28,1.532413709755403,-0.015120164000278158
2021-05-31,1.536046191147769,-0.012785574029429814
2021-06-01,1.5399478257478436,-0.010277999723229181
2021-06-02,1.5365992317682078,-0.012430135708765278
2021-06-03,1.5375285203204965,-0.011832883445131559
2021-06-04,1.531687928851237,-0.01558662222452667
2021-06-07,1.5327570572244762,-0.014899495132022156
2021-06-08,1.5360417334639918,-0.012788438975651295
2021-06-09,1.5369933466879753,-0.012176838681288382
2021-06-10,1.5351651737828214,-0.013351802478300256
2021-06-11,1.537575629161213,-0.011802606668681603
2021-06-14,1.537575793713046,-0.011802500911482161
2021-06-15,1.5464241533736824,-0.006115674334588039
2021-06-16,1.5415640164045792,-0.009239276577634126
2021-06-17,1.535006813794539,-0.013453580189042191
2021-06-18,1.5413446506927502,-0.009380262569155029
2021-06-21,1.5272807309670031,-0.018419121243434367
2021-06-22,1.5401165177194738,-0.010169581663343585
2021-06-23,1.5503392661727453,-0.0035994376114926174
2021-06-24,1.5474135825987203,-0.005479769756936981
2021-06-25,1.5519683912843287,-0.0025524015124906985
2021-06-28,1.5501919375859396,-0.003694125458180153
2021-06-29,1.5515929770402859,-0.002793679645641811
2021-06-30,1.5554961300131824,-0.00028512948366121726
2021-07-01,1.5543950189431672,-0.0009928118041404588
2021-07-02,1.5558150264206703,-8.01752735101191e-05
2021-07-05,1.56152615497099,0.0
2021-07-06,1.5628248817994719,0.0
2021-07-07,1.567241217265851,0.0
2021-07-08,1.5665501460771318,-0.0004409475587456857
2021-07-09,1.5686855126831372,0.0
2021-07-12,1.57527039989715,0.0
2021-07-13,1.5779955278007485,0.0
2021-07-14,1.5762580078288897,-0.001101093090092764
2021-07-15,1.5779861696947934,-5.930375460594384e-06
2021-07-16,1.5750583485498078,-0.0018613355989887115
2021-07-19,1.5698245818288663,-0.005178053947510142
2021-07-20,1.5690519128435103,-0.00566770614977774
2021-07-21,1.575867290653214,-0.001348696564749119
2021-07-22,1.5821687021606918,0.0
2021-07-23,1.5817863397776637,-0.0002416697931806322
2021-07-26,1.589452432073751,0.0
2021-07-27,1.5871644759226513,-0.0014394618580152452
2021-07-28,1.580501899784366,-0.005631204878341123
2021-07-29,1.5927205761987566,0.0
2021-07-30,1.5898407219062574,-0.0018081352972613152
2021-08-02,1.599734744497553,0.0
2021-08-03,1.5855387273013428,-0.008873981917963958
2021-08-04,1.5996850468442418,-3.106618361692348e-05
2021-08-05,1.598192901363721,-0.0009638117438751648
2021-08-06,1.6121058845234948,0.0
2021-08-09,1.6104031082223829,-0.0010562434623301309
2021-08-10,1.6095537732598588,-0.0015830915873061846
2021-08-11,1.6168424011801459,0.0
2021-08-12,1.6237919875469828,0.0
2021-08-13,1.6294337240869572,0.0
2021-08-16,1.6264194975679638,-0.0018498613809423414
2021-08-17,1.621967685049621,-0.004581983867751327
2021-08-18,1.6235416656633583,-0.0036160160039037104
2021-08-19,1.6109190558356843,-0.011362639656698925
2021-08-20,1.6115052486935568,-0.011002887155442065
2021-08-23,1.6202311367509077,-0.005647721168411501
2021-08-24,1.6246005922037001,-0.0029661420478855893
2021-08-25,1.622178826148056,-0.00445240443453232
2021-08-26,1.620506858041073,-0.005478508216642086
2021-08-27,1.6221255321607404,-0.004485111494983873
2021-08-30,1.6251514673205205,-0.002628064402457553
2021-08-31,1.6309888100751078,0.0
2021-09-01,1.6312153026079885,0.0
2021-09-02,1.6329986567848307,0.0
2021-09-03,1.6355307090721392,0.0
2021-09-06,1.636919788438663,0.0
2021-09-07,1.6414468397783974,0.0
2021-09-08,1.6383992917526007,-0.0018566230425154373
2021-09-09,1.6322280805386498,-0.005616239902714315
2021-09-10,1.6334614776089524,-0.004864831425502092
2021-09-13,1.629348517232904,-0.007370523523702155
2021-09-14,1.6258481777490874,-0.009502995559342087
2021-09-15,1.6246076471226911,-0.010258749931846611
2021-09-16,1.617208387492462,-0.014766516769563975
2021-09-17,1.6160658069970912,-0.01546259809713535
2021-09-20,1.6160659314335617,-0.01546252228811884
2021-09-21,1.6160660558795101,-0.015462446473328284
2021-09-22,1.6147958268267606,-0.01623629368054036
2021-09-23,1.6160798344126697,-0.015454052334190949
2021-09-24,1.6137117490532202,-0.016896734059886898
2021-09-27,1.6110370492092358,-0.018526211042733
2021-09-28,1.6069785045947225,-0.020998752045072955
2021-09-29,1.597352772839498,-0.02686292718736616
2021-09-30,1.6003034405070085,-0.02506532546429807
2021-10-01,1.6003034434660983,-0.025065323661565442
2021-10-04,1.6003034464254131,-0.0250653218586957
2021-10-05,1.6003034493849535,-0.02506532005568851
2021-10-06,1.6003034523447197,-0.025065318252543878
2021-10-07,1.6003034553047106,-0.02506531644926213
2021-10-08,1.574958132070531,-0.04050615962490911
2021-10-11,1.5739989425954228,-0.04109051572579736
2021-10-12,1.561402116166536,-0.048764737103924705
2021-10-13,1.5555203480812512,-0.05234801981692361
2021-10-14,1.5623785167392874,-0.048169895681656416
2021-10-15,1.5678044200308556,-0.044864334295153796
2021-10-18,1.5636283902872719,-0.0474084494272331
2021-10-19,1.5666568335724742,-0.04556346534866773
2021-10-20,1.5670062478333269,-0.0453505956702932
2021-10-21,1.5642852003322798,-0.04700830850942139
2021-10-22,1.5631284670043848,-0.04771301200627742
2021-10-25,1.5632702574242436,-0.04762663064050732
2021-10-26,1.5654542284982793,-0.04629611476810147
2021-10-27,1.5628223461766277,-0.04789950651852015
2021-10-28,1.5637583252225045,-0.047329290643601585
2021-10-29,1.5652815687545036,-0.046401302301192104
2021-11-01,1.5720219033738887,-0.04229496485788209
2021-11-02,1.5749699414293472,-0.04049896514347362
2021-11-03,1.5771229854628144,-0.03918729060044801
2021-11-04,1.5802728915103585,-0.03726830914383905
2021-11-05,1.5863513528087687,-0.03356519726040408
2021-11-08,1.590169416435633,-0.031239161756640987
2021-11-09,1.5921271890107993,-0.03004645022452046
2021-11-10,1.5872105617784966,-0.033041751146338005
2021-11-11,1.586585077855252,-0.033422807607069394
2021-11-12,1.5857846715637625,-0.033910430033877725
2021-11-15,1.592460751167449,-0.029843237943399936
2021-11-16,1.5906430771157127,-0.030950598844579957
2021-11-17,1.5934338047564771,-0.029250435565980504
2021-11-18,1.59437917211921,-0.028674500153499816
2021-11-19,1.6024999475676882,-0.02372717243524458
2021-11-22,1.5966379620388598,-0.027298403246240444
2021-11-23,1.5775392412741736,-0.03893369980404093
2021-11-24,1.5753117628210838,-0.040290721182443034
2021-11-25,1.5791931280653198,-0.03792612115387317
2021-11-26,1.5665632599657933,-0.04562047213342213
2021-11-29,1.5651264947744183,-0.04649577625936563
2021-11-30,1.5612482624262656,-0.04885846766926605
2021-12-01,1.561605741452268,-0.048640684785690946
2021-12-02,1.5502154780412531,-0.05557984549134776
2021-12-03,1.5548522371152522,-0.052755045466373995
2021-12-06,1.545873447378245,-0.05822509147664845
2021-12-07,1.555293929972858,-0.052485957947423056
2021-12-08,1.5697980444552238,-0.0436497811484694
2021-12-09,1.574380906590425,-0.04085781614287709
2021-12-10,1.5787950702988038,-0.038168625362276165
2021-12-13,1.583216171769205,-0.03547520796777903
2021-12-14,1.5691267866989265,-0.0440587238812038
2021-12-15,1.5734571468344258,-0.04142058779871938
2021-12-16,1.58716160802522,-0.03307157468499333
2021-12-17,1.5857112309960792,-0.03395517139613413
2021-12-20,1.5725942621822766,-0.041946273207005724
2021-12-21,1.5755209043887743,-0.04016330824245484
2021-12-22,1.579827357882218,-0.03753973653176512
2021-12-23,1.5906996046072412,-0.03091616124345964
2021-12-24,1.5929512633548075,-0.029544408779109133
2021-12-27,1.5885050905064333,-0.03225310012422433
2021-12-28,1.593543619849277,-0.029183534165253655
2021-12-29,1.5871467811810809,-0.03308060747471264
2021-12-30,1.588945371962796,-0.03198487245720938
2021-12-31,1.5888181003256996,-0.032062408709990886
2022-01-03,1.588818164029361,-0.03206236990053335
2022-01-04,1.5952021512976242,-0.02817312590337473
2022-01-05,1.5976908881044987,-0.0266569410677997
2022-01-06,1.5890902050307443,-0.03189663745352944
2022-01-07,1.5870418072847707,-0.03314455952833162
2022-01-10,1.5900136891366632,-0.03133403372885235
2022-01-11,1.590807858758369,-0.030850210797484734
2022-01-12,1.5963359446524468,-0.02748239786555684
2022-01-13,1.5946439670041104,-0.02851318217567478
2022-01-14,1.5907565879531638,-0.03088144592734854
2022-01-17,1.5921989641376437,-0.030002723479855442
2022-01-18,1.5927256238510614,-0.02968187256914978
2022-01-19,1.5955334440636488,-0.027971296177308536
2022-01-20,1.6075420934723037,-0.020655403199454914
2022-01-21,1.6094418031107933,-0.019498064690249062
2022-01-24,1.6097388776775414,-0.019317081328772634
2022-01-25,1.605477301557425,-0.021913312907427707
2022-01-26,1.6057962710625149,-0.021718990741543376
2022-01-27,1.6075365542010354,-0.020658777826725316
2022-01-28,1.609923023441311,-0.019204896298281704
2022-01-31,1.6099230237520294,-0.019204896108986347
2022-02-01,1.609923024062771,-0.019204895919676668
2022-02-02,1.609923024373537,-0.019204895730352445
2022-02-03,1.6099230246843261,-0.01920489554101379
2022-02-04,1.6099230249951395,-0.01920489535166059
2022-02-07,1.6456040212331033,0.0
2022-02-08,1.654743208883909,0.0
2022-02-09,1.6664556849451073,0.0
2022-02-10,1.675227927311344,0.0
2022-02-11,1.6627591650857443,-0.00744302433258226
2022-02-14,1.6564223681779382,-0.01122567193801971
2022-02-15,1.6501428910974543,-0.0149741034070211
2022-02-16,1.6483622138495675,-0.016037049659800462
2022-02-17,1.6582652879255164,-0.01012557103978795
2022-02-18,1.664786473875485,-0.006232855401722581
2022-02-21,1.6661858477725233,-0.005397521967851149
2022-02-22,1.6736425733476357,-0.0009463512026407495
2022-02-23,1.6769934399080026,0.0
2022-02-24,1.6959564281999058,0.0
2022-02-25,1.6801199627686068,-0.009337778475893899
2022-02-28,1.6755532393510253,-0.012030491178677494
2022-03-01,1.6809548499505507,-0.008845497443161321
2022-03-02,1.6857580055699946,-0.006013375379422925
2022-03-03,1.6829309891541222,-0.0076802910907379784
2022-03-04,1.6817785057920136,-0.008359838833206679
2022-03-07,1.707538192126983,0.0
2022-03-08,1.7055908586221629,-0.0011404333524127619
2022-03-09,1.7102695825548173,0.0
2022-03-10,1.6935649488944402,-0.009767251800984256
2022-03-11,1.7000595568223213,-0.005969834134127661
2022-03-14,1.6923501062660031,-0.010477574103870735
2022-03-15,1.6526474642375424,-0.0336918336764187
2022-03-16,1.6623835686056578,-0.027999102853496938
2022-03-17,1.6700121944913857,-0.02353862132266582
2022-03-18,1.686557376859363,-0.013864601193475545
2022-03-21,1.6898053212784563,-0.01196551788390654
2022-03-22,1.702514623214379,-0.004534349098844315
2022-03-23,1.7049868046057093,-0.0030888568696968433
2022-03-24,1.7027122523153102,-0.00441879474241591
2022-03-25,1.707747131801207,-0.00147488488326053
2022-03-28,1.699428249897504,-0.006338961277156385
2022-03-29,1.6936303204508387,-0.009729028846506504
2022-03-30,1.6852961084368987,-0.014602068804037915
2022-03-31,1.6852314000170918,-0.014639904020466332
2022-04-01,1.6655939018388932,-0.026122010922504435
2022-04-04,1.6655939924145342,-0.026121957962642495
2022-04-05,1.6655940829970743,-0.02612190499874656
2022-04-06,1.6670797273777236,-0.02525324406025886
2022-04-07,1.657839515795059,-0.030656024813022653
2022-04-08,1.6651344863344957,-0.026390632611788756
2022-04-11,1.6574026172386394,-0.03091148077205741
2022-04-12,1.647304080852297,-0.036816126735097376
2022-04-13,1.6534934829123615,-0.03319716389836225
2022-04-14,1.661092116830588,-0.028754218765188688
2022-04-15,1.6502371454534404,-0.03510115464469632
2022-04-18,1.648094923097149,-0.0363537187890528
2022-04-19,1.6528418576759034,-0.03357817122206419
2022-04-20,1.6570606461260984,-0.03111143235631586
2022-04-21,1.6652417651696831,-0.02632790633969595
2022-04-22,1.662472436878076,-0.02794714129531628
2022-04-25,1.626125782471969,-0.04919914435778805
2022-04-26,1.617851848985064,-0.05403693927111708
2022-04-27,1.6242494192118608,-0.05029625985305708
2022-04-28,1.6322094756392784,-0.04564198984287149
2022-04-29,1.651738178331708,-0.03422349600328767
2022-05-02,1.6517391625792168,-0.03422292051067599
2022-05-03,1.6517401469016926,-0.03422234497423082
2022-05-04,1.651741131299141,-0.03422176939394894
2022-05-05,1.6527948233652652,-0.03360567233131506
2022-05-06,1.6368874861253533,-0.04290674240948911
2022-05-09,1.6371577015835377,-0.04274874658184846
2022-05-10,1.6279994559526034,-0.0481036015850308
2022-05-11,1.62884120918338,-0.04761142582551159
2022-05-12,1.6326670235473333,-0.04537446014303814
2022-05-13,1.6420061744102563,-0.03991382928215825
2022-05-16,1.6458459909167429,-0.03766867650293926
2022-05-17,1.6471881209625663,-0.03688392884706482
2022-05-18,1.643587151476458,-0.03898942702281383
2022-05-19,1.6444610510020825,-0.038478455223666774
2022-05-20,1.6526780063567406,-0.03367397560333485
2022-05-23,1.6556320289198476,-0.03194674932670638
2022-05-24,1.6451422239819102,-0.03808017124155316
2022-05-25,1.6495152976530256,-0.03552322132224117
2022-05-26,1.653033435359214,-0.033466155148537124
2022-05-27,1.6570195949006057,-0.03113543513687833
2022-05-30,1.65755169019731,-0.03082431734461244
2022-05-31,1.6541244368373678,-0.032828243155432424
2022-06-01,1.6510303646553648,-0.034637356884380965
2022-06-02,1.6493961882121393,-0.03559286498666758
2022-06-03,1.6493962993065308,-0.035592800029427774
2022-06-06,1.6535347234810158,-0.03317305040825802
2022-06-07,1.6494175465059948,-0.03558037672512482
2022-06-08,1.6530673338811153,-0.03344633457624435
2022-06-09,1.6519963205436765,-0.03407255944065368
2022-06-10,1.6481906725776374,-0.03629773376688705
2022-06-13,1.6410812975424014,-0.040454607693520384
2022-06-14,1.6412675036117341,-0.04034573241956818
2022-06-15,1.6359163413627102,-0.04347457380434583
2022-06-16,1.6318842530671525,-0.04583214850291151
2022-06-17,1.6409630173581513,-0.04052376648898537
2022-06-20,1.6278788007164615,-0.04817414908080142
2022-06-21,1.6219283971985854,-0.05165336871878812
2022-06-22,1.612785139727926,-0.056999460097552634
2022-06-23,1.605905699506336,-0.06102189041600181
2022-06-24,1.6040035525363003,-0.062134081727499235
2022-06-27,1.6144608257890944,-0.05601968119119727
2022-06-28,1.625050446325118,-0.04982789678244648
2022-06-29,1.6163491198272442,-0.05491558973251098
2022-06-30,1.6215674598533005,-0.05186440991893959
2022-07-01,1.6232531638611316,-0.05087877348768588
2022-07-04,1.627153168083955,-0.04859842876156528
2022-07-05,1.6315993403875702,-0.045998737842094295
2022-07-06,1.6082609548312872,-0.059644765225344676
2022-07-07,1.6083689260867822,-0.05958163409292172
2022-07-08,1.607987321277855,-0.0598047596240191
2022-07-11,1.5981206424682608,-0.06557383773324632
2022-07-12,1.5956158880643296,-0.06703837550523295
2022-07-13,1.593276882154939,-0.06840599961154281
2022-07-14,1.5880649743540136,-0.07145341848286468
2022-07-15,1.59321261275722,-0.06844357813037671
2022-07-18,1.6101600377394827,-0.058534365480435
2022-07-19,1.6026628396301843,-0.06291800077733312
2022-07-20,1.6244167996021097,-0.05019839201283105
2022-07-21,1.6262850432649976,-0.04910602407157516
2022-07-22,1.6286871684843252,-0.04770149390637213
2022-07-25,1.620370726868777,-0.052564143456114376
2022-07-26,1.6217631109906603,-0.05175001208402785
2022-07-27,1.624036122790763,-0.050420974940826535
2022-07-28,1.6333374375756955,-0.04498246695365993
2022-07-29,1.6500368681409978,-0.03521825741871831
2022-08-01,1.6559100307754746,-0.03178420076800981
2022-08-02,1.6534401961380156,-0.03322832084279337
2022-08-03,1.6473926106963588,-0.03676436305704056
2022-08-04,1.6580642565519228,-0.030524618186163255
2022-08-05,1.6649688885930345,-0.026487458131666197
2022-08-08,1.6623151765975783,-0.028039091875565192
2022-08-09,1.6568172435641353,-0.03125375059926783
2022-08-10,1.6490020825536231,-0.03582329980380761
2022-08-11,1.6712382286135916,-0.022821755318199743
2022-08-12,1.6702026662785696,-0.023427251870079657
2022-08-15,1.6844985441876381,-0.01506840712718649
2022-08-16,1.6900721235393834,-0.011809517763429311
2022-08-17,1.6901949595209773,-0.01173769517893919
2022-08-18,1.6800156346100341,-0.017689578446217546
2022-08-19,1.680509690471454,-0.01740070243131353
2022-08-22,1.6682005905831945,-0.024597871821341655
2022-08-23,1.6492047490920823,-0.03570480004182486
2022-08-24,1.649731332518008,-0.03539690505772575
2022-08-25,1.6624751276037282,-0.027945568019571154
2022-08-26,1.6647004641885181,-0.026644406724598113
2022-08-29,1.6283806392472964,-0.04788072251463105
2022-08-30,1.6288364639204853,-0.04761420039563968
2022-08-31,1.625841313885346,-0.04936547403442182
2022-09-01,1.6163958712487672,-0.054888254029414885
2022-09-02,1.6248418065033177,-0.04994988914197185
2022-09-05,1.6308168241913705,-0.04645627752132464
2022-09-06,1.6272377210449198,-0.04854899037955396
2022-09-07,1.6254267706513106,-0.049607858766199664
2022-09-08,1.6335395553456582,-0.04486428805834164
2022-09-09,1.635906090667814,-0.043480567417867766
2022-09-12,1.635907323597595,-0.04347984651994996
2022-09-13,1.6620995204083873,-0.028165186727155067
2022-09-14,1.6429256450411642,-0.03937621191453
2022-09-15,1.6351018540614795,-0.04395080708916754
2022-09-16,1.630737240256705,-0.04650281049804217
2022-09-19,1.6313341758041295,-0.04615378040739826
2022-09-20,1.6364571382171451,-0.043158368183927154
2022-09-21,1.643169188981545,-0.039233811007172936
2022-09-22,1.6419115325473155,-0.03996916667686268
2022-09-23,1.639366768400696,-0.041457098271142745
2022-09-26,1.6300170980595423,-0.04692387990400504
2022-09-27,1.6339445835556112,-0.0446274667910489
2022-09-28,1.6335552370817068,-0.0448551188979891
2022-09-29,1.6400347222627534,-0.041066543548734846
2022-09-30,1.6376560911602558,-0.04245733662998952
2022-10-03,1.6376562146797136,-0.04245726440777442
2022-10-04,1.637656338208579,-0.04245719218005861
2022-10-05,1.6376564617468534,-0.042457119946841204
2022-10-06,1.6376565852945373,-0.0424570477081222
2022-10-07,1.6376567088516316,-0.042456975463900815
2022-10-10,1.6403049954648488,-0.040908513958047954
2022-10-11,1.638219732125318,-0.04212777398629208
2022-10-12,1.6442966836389412,-0.0385745613374735
2022-10-13,1.645716588155023,-0.03774433870440719
2022-10-14,1.6549669569527845,-0.03233561899605397
2022-10-17,1.6437271053077598,-0.0389075955778011
2022-10-18,1.6397821847440055,-0.041214203029628305
2022-10-19,1.6367096661786955,-0.043010714291157104
2022-10-20,1.6343221903280736,-0.044406678924437615
2022-10-21,1.6341348372268916,-0.04451622487151696
2022-10-24,1.6380952714927612,-0.04220054650930605
2022-10-25,1.637444575068304,-0.04258101075371212
2022-10-26,1.643223025145713,-0.03920233283278629
2022-10-27,1.6407560399478947,-0.040644786831256496
2022-10-28,1.6344955899075102,-0.04430529164537633
2022-10-31,1.6364240195232194,-0.0431777327883518
2022-11-01,1.6491520350017579,-0.0357356221361087
2022-11-02,1.6505510332874982,-0.03491762344162774
2022-11-03,1.649107020905433,-0.0357619420197014
2022-11-04,1.6520055517511059,-0.03406716192465753
2022-11-07,1.6525729558793734,-0.03373539894760691
2022-11-08,1.6606045826144566,-0.02903928155359614
2022-11-09,1.6795472822282542,-0.017963425555794443
2022-11-10,1.674250510918396,-0.021060464387500644
2022-11-11,1.7032418225364014,-0.00410915336979667
2022-11-14,1.6978628243978944,-0.007254270486638514
2022-11-15,1.7003394861857766,-0.005806158555546004
2022-11-16,1.708535491595539,-0.0010139284338367416
2022-11-17,1.7139428470422429,0.0
2022-11-18,1.711888797973318,-0.0011984349842641961
2022-11-21,1.7105183425011012,-0.001998027266225
2022-11-22,1.7075803322920338,-0.003712209401374733
2022-11-23,1.7199227194124678,0.0
2022-11-24,1.7353422287377542,0.0
2022-11-25,1.7407526352144012,0.0
2022-11-28,1.7379208349978346,-0.0016267677321182283
2022-11-29,1.7286611872605402,-0.006946103489524069
2022-11-30,1.7235351343273764,-0.009890837180840606
2022-12-01,1.739928816836438,-0.00047325413232068847
2022-12-02,1.7325083785385074,-0.004736029984454548
2022-12-05,1.7254347100917555,-0.008799598985388846
2022-12-06,1.7085544775358539,-0.018496687597765238
2022-12-07,1.6976602592868948,-0.024755025530780683
2022-12-08,1.6999836212800974,-0.02342033733545512
2022-12-09,1.7049829699018821,-0.020548390729917432
2022-12-12,1.7015521769032187,-0.022519258347326487
2022-12-13,1.7052651060757131,-0.020386313609869755
2022-12-14,1.7184937895227468,-0.012786909088270737
2022-12-15,1.711812428086755,-0.01662511177188697
2022-12-16,1.6946410541167114,-0.026489450692120053
2022-12-19,1.6911234051103912,-0.028510213972990694
2022-12-20,1.6840443625645622,-0.03257687020123601
2022-12-21,1.6958773559122455,-0.025779239619894923
2022-12-22,1.7064373421356744,-0.01971290600660225
2022-12-23,1.7031996711528097,-0.021572831947467508
2022-12-26,1.7137196911687442,-0.01552945748798329
2022-12-27,1.7182617927456254,-0.012920182921915102
2022-12-28,1.7139315522591592,-0.015407750884684712
2022-12-29,1.7167516074897302,-0.013787730226078265
2022-12-30,1.7243558491498516,-0.009419365929915657
2023-01-03,1.7270882337617897,-0.00784970889958092
2023-01-04,1.7231851000835772,-0.010091919308604202
2023-01-05,1.7228630759759913,-0.010276910617002533
2023-01-06,1.7155063208503134,-0.014503102769095166
2023-01-09,1.7199782053963601,-0.01193416537064862
2023-01-10,1.714051075975517,-0.015339088793391631
2023-01-11,1.7204083516691195,-0.011687061753478778
2023-01-12,1.7265121593428319,-0.008180643006647115
2023-01-13,1.734748732863666,-0.003449026719408499
2023-01-16,1.7330486515672907,-0.004425662492914539
2023-01-17,1.7341643709805128,-0.0037847216776304426
2023-01-18,1.7422665383928788,0.0
2023-01-19,1.735652920011048,-0.0037959854224896006
2023-01-20,1.735839784902351,-0.0036887315166233003
2023-01-23,1.7358398971961189,-0.003688667063931672
2023-01-24,1.73584000949844,-0.0036886026063307487
2023-01-25,1.735840121809315,-0.003688538143820308
2023-01-26,1.735840234128744,-0.003688473676400017
2023-01-27,1.7358403464567282,-0.0036884092040695426
2023-01-30,1.7388245260511475,-0.0019755945866390956
2023-01-31,1.7340881335194924,-0.004694118088803045
2023-02-01,1.7472089768085384,0.0
2023-02-02,1.7552167186814502,0.0
2023-02-03,1.7458255356479697,-0.00535044073676294
2023-02-06,1.7343776652689529,-0.011872638398836566
2023-02-07,1.7321508249616806,-0.013141336607764953
2023-02-08,1.7291510212520718,-0.014850415422751562
2023-02-09,1.733817631079015,-0.01219170679875392
2023-02-10,1.7282259522212469,-0.015377455201360801
2023-02-13,1.730344555902513,-0.01417042266872992
2023-02-14,1.738960667431232,-0.009261563587675048
2023-02-15,1.7316029285832855,-0.01345348972969218
2023-02-16,1.7403614265304665,-0.008463508803712494
2023-02-17,1.7280508799732772,-0.015477199150985999
2023-02-20,1.7350942621144667,-0.01146437152336377
2023-02-21,1.7314166987677544,-0.013559590482692507
2023-02-22,1.721104073940546,-0.019435004451490268
2023-02-23,1.7232200020399142,-0.018229496278711732
2023-02-24,1.73130440704241,-0.013623566471611337
2023-02-27,1.7207819578522923,-0.019618523719980296
2023-02-28,1.7252241244174633,-0.01708768720395848
2023-03-01,1.7229250609098739,-0.01839753315239301
2023-03-02,1.7124768442660188,-0.024350197876156665
2023-03-03,1.7222441515128946,-0.018785467810109036
2023-03-06,1.741567993599534,-0.0077760910870137145
2023-03-07,1.7490637635275545,-0.003505524467951715
2023-03-08,1.7328471262766865,-0.012744632709269177
2023-03-09,1.7376872998849064,-0.009987039554700816
2023-03-10,1.7193985881188014,-0.020406671256844033
2023-03-13,1.7272008404533246,-0.015961492350170747
2023-03-14,1.6912350130547382,-0.036452310957234
2023-03-15,1.714132877494981,-0.023406705707163078
2023-03-16,1.6957581396962642,-0.03387534903943512
2023-03-17,1.6990049166996386,-0.032025562076481884
2023-03-20,1.707934365874717,-0.02693818507053225
2023-03-21,1.709050357275228,-0.026302371049031104
2023-03-22,1.707708433140116,-0.027066905776184313
2023-03-23,1.7103592089252024,-0.025556678715974
2023-03-24,1.7135406775050064,-0.023744099935278484
2023-03-27,1.714339272772729,-0.023289116081021244
2023-03-28,1.7120521652549512,-0.024592150340799646
2023-03-29,1.7160844349986528,-0.022294844429350258
2023-03-30,1.7169684408749786,-0.02179119957061737
2023-03-31,1.7219095482092022,-0.018976101422546354
2023-04-03,1.7187804841294498,-0.02075882377611582
2023-04-04,1.7230035192813278,-0.018352833047489248
2023-04-05,1.723003580298256,-0.018352798284301586
2023-04-06,1.723379941654209,-0.01813837384773631
2023-04-07,1.7278816813380895,-0.01557359672593328
2023-04-10,1.7228339050420491,-0.018449467404644926
2023-04-11,1.7260102606568926,-0.01663980163458001
2023-04-12,1.7269193881409588,-0.016121844236846705
2023-04-13,1.7246635795379892,-0.017407046559135497
2023-04-14,1.7319518358352728,-0.013254706725705279
2023-04-17,1.7323885596497053,-0.013005891972641348
2023-04-18,1.7325430259819967,-0.012917887835803277
2023-04-19,1.7287827795490884,-0.01506021384767764
2023-04-20,1.729979214511213,-0.014378568698454663
2023-04-21,1.7247838026777154,-0.01733855180378907
2023-04-24,1.7323164579432302,-0.013046970493434618
2023-04-25,1.7399212161635982,-0.008714309951048382
2023-04-26,1.7364747844165342,-0.010677846254219414
2023-04-27,1.734984991885907,-0.011526626074267132
2023-04-28,1.7409665552113878,-0.00811874870971352
2023-05-01,1.7409667462488096,-0.008118639869921895
2023-05-02,1.7409669373007826,-0.008118531021840125
2023-05-03,1.7409671283673072,-0.008118422165467876
2023-05-04,1.7344022813804068,-0.01185861385634468
2023-05-05,1.7304322680848885,-0.014120450388132255
2023-05-08,1.7406792814835805,-0.008282417232665429
2023-05-09,1.7366861653895447,-0.010557416126839358
2023-05-10,1.7378853963315057,-0.009874178023420499
2023-05-11,1.7355112619713655,-0.01122679410488292
2023-05-12,1.7324383202430786,-0.012977541859037878
2023-05-15,1.7353894665441574,-0.011296184639915885
2023-05-16,1.7300797659401816,-0.014321281511124107
2023-05-17,1.7309995305756847,-0.013797263806806681
2023-05-18,1.7379642803830488,-0.00982923539570757
2023-05-19,1.7458012801221015,-0.005364259842751462
2023-05-22,1.746653510758421,-0.004878718298366169
2023-05-23,1.7440928885880485,-0.0063375821202058535
2023-05-24,1.7311760623985635,-0.013696688293253434
2023-05-25,1.7383691847273932,-0.009598549156205172
2023-05-26,1.7376767854075206,-0.009993029970171374
2023-05-29,1.7611528232991227,0.0
2023-05-30,1.766495098268488,0.0
2023-05-31,1.7589039730161717,-0.004297280677289739
2023-06-01,1.763604784706625,-0.0016361854412707544
2023-06-02,1.7745235345717782,0.0
2023-06-05,1.7897422287773297,0.0
2023-06-06,1.7932947412675297,0.0
2023-06-07,1.7897080357438957,-0.0020000647083251444
2023-06-08,1.776358704950169,-0.009444089656667431
2023-06-09,1.7929807174119876,-0.00017511000747161276
2023-06-12,1.8034652303748622,0.0
2023-06-13,1.8253030652071827,0.0
2023-06-14,1.8305093020399879,0.0
2023-06-15,1.8254744988437848,-0.0027504930953325957
2023-06-16,1.8321271030967505,0.0
2023-06-19,1.8260080359590443,-0.0033398704311308203
2023-06-20,1.8273701326191734,-0.0025964194675885954
2023-06-21,1.8356011165530244,0.0
2023-06-22,1.8356011245363235,0.0
2023-06-23,1.8356011325202313,0.0
2023-06-26,1.816195370303374,-0.010571883985609487
2023-06-27,1.8053654001761925,-0.016471842280095905
2023-06-28,1.8123610090089046,-0.01266076986966036
2023-06-29,1.815651091507934,-0.0108683965480596
2023-06-30,1.8211704691777946,-0.007861546327672886
2023-07-03,1.8606868144915143,0.0
2023-07-04,1.8500048842175847,-0.005740853426130621
2023-07-05,1.8505926890517714,-0.005424945972168582
2023-07-06,1.8501520621160263,-0.005661754731339341
2023-07-07,1.8445226798526009,-0.008687187178961553
2023-07-10,1.8389219556079335,-0.01169721777682875
2023-07-11,1.8444392467977264,-0.008732027102706263
2023-07-12,1.8510385043172486,-0.005185348818039781
2023-07-13,1.8524309776740948,-0.004436983566025621
2023-07-14,1.8511877374998245,-0.00510514553965169
2023-07-17,1.85592057892761,-0.002561546374587942
2023-07-18,1.8581943000821888,-0.001339566868488129
2023-07-19,1.8710956226718258,0.0
2023-07-20,1.872849746845564,0.0
2023-07-21,1.8688305623368353,-0.002146026137707202
2023-07-24,1.8686065080674776,-0.002265658943133797
2023-07-25,1.8743167837628365,0.0
2023-07-26,1.8789556779146164,0.0
2023-07-27,1.8845087891092158,0.0
2023-07-28,1.8799910757403957,-0.002397289625247989
2023-07-31,1.8796310429806193,-0.0025883382220266427
2023-08-01,1.883540382591636,-0.0005138774216265629
2023-08-02,1.8844593819412323,-2.621753120446435e-05
2023-08-03,1.879571535140655,-0.0026199155966232235
2023-08-04,1.8848398197287033,0.0
2023-08-07,1.8806717973923,-0.0022113403445622737
2023-08-08,1.8792763983304863,-0.0029516680091244973
2023-08-09,1.8859233497252155,0.0
2023-08-10,1.8859372050334324,0.0
2023-08-11,1.887944519436,0.0
2023-08-14,1.8883323001861225,0.0
2023-08-15,1.8907046587583165,0.0
2023-08-16,1.8871135778714498,-0.001899334658235441
2023-08-17,1.8960315035867081,0.0
2023-08-18,1.8963875355217532,0.0
2023-08-21,1.8993000669258484,0.0
2023-08-22,1.8902572734249032,-0.004761118929238806
2023-08-23,1.8845545708790783,-0.007763647410720553
2023-08-24,1.8896435023987463,-0.005084275357675305
2023-08-25,1.8941016701559585,-0.002737006574376588
2023-08-28,1.9033527760307485,0.0
2023-08-29,1.907860624002419,0.0
2023-08-30,1.9091038229082993,0.0
2023-08-31,1.910089584058599,0.0
2023-09-01,1.9068990936664163,-0.0016703354747390486
2023-09-04,1.9013170002168556,-0.004592760420745967
2023-09-05,1.9056998303769206,-0.0022981925655816138
2023-09-06,1.9101855542783024,0.0
2023-09-07,1.9064580630748327,-0.001951376501157731
2023-09-08,1.9019389217908185,-0.004317189222279194
2023-09-11,1.9055195473020494,-0.0024426982843642753
2023-09-12,1.9014664274596749,-0.0045645444229744925
2023-09-13,1.8955888073708873,-0.00764153350166541
2023-09-14,1.8962301931565702,-0.007305762045198172
2023-09-15,1.899936385212388,-0.005365535847006497
2023-09-18,1.8954777169947723,-0.00769969035237883
2023-09-19,1.8894760388320377,-0.010841624992860455
2023-09-20,1.8960033421968572,-0.007424520643913857
2023-09-21,1.8906283541090458,-0.010238377169931812
2023-09-22,1.8925248382144004,-0.009245550006567016
2023-09-25,1.8919147290343736,-0.009564947867502727
2023-09-26,1.894131117529423,-0.008404647764674755
2023-09-27,1.8898842488208336,-0.010627923246513515
2023-09-28,1.8866401000752102,-0.012326265451205298
2023-09-29,1.8866403876463589,-0.012326114905019891
2023-10-02,1.8866406752394107,-0.01232596434736788
2023-10-03,1.8866409628543683,-0.012325813778248151
2023-10-04,1.8866412504912322,-0.012325663197660153
2023-10-05,1.8866415381500046,-0.012325512605602884
2023-10-06,1.8866418258306872,-0.012325362002075457
2023-10-09,1.8836206551087833,-0.013906973126260325
2023-10-10,1.875375586218666,-0.0182233437906969
2023-10-11,1.8715690182373923,-0.020216117724489946
2023-10-12,1.87810923102197,-0.016792255173582404
2023-10-13,1.8758823279992247,-0.017958059729981546
2023-10-16,1.879255473355164,-0.016192186593529168
2023-10-17,1.882535311306919,-0.014475160755694327
2023-10-18,1.8782139918482785,-0.016737411901381005
2023-10-19,1.8709380284200128,-0.020546446794336704
2023-10-20,1.8718589926139966,-0.020064313426758296
2023-10-23,1.8635575752464755,-0.024410183046035927
2023-10-24,1.8678560848297057,-0.02215987308342371
2023-10-25,1.8680026069679423,-0.022083167373913803
2023-10-26,1.8657977499737075,-0.023237430628232913
2023-10-27,1.8687975094327092,-0.021667028500396257
2023-10-30,1.8691306900754099,-0.021492605318336966
2023-10-31,1.8693738509655582,-0.02136530831852268
2023-11-01,1.8707485117630274,-0.020645660536457666
2023-11-02,1.8765656286666408,-0.01760034544097666
2023-11-03,1.883254148744753,-0.014098842635067776
2023-11-06,1.8844622963314737,-0.013466366075911118
2023-11-07,1.8817747032602357,-0.014873346180654612
2023-11-08,1.8840564842805891,-0.013678812479337998
2023-11-09,1.8825909995458932,-0.014446007441845099
2023-11-10,1.8740072603999673,-0.01893967515213657
2023-11-13,1.8810370054118786,-0.01525953790255552
2023-11-14,1.8875248681408923,-0.011863081095266459
2023-11-15,1.8981571166344027,-0.006296999585699514
2023-11-16,1.896989398157859,-0.006908311127621913
2023-11-17,1.8895948508087719,-0.010779425812017518
2023-11-20,1.8767563220421137,-0.01750051567572386
2023-11-21,1.8782928472520575,-0.016696130360118078
2023-11-22,1.8702472574242828,-0.02090807187006971
2023-11-23,1.8728591189883987,-0.019540737917477458
2023-11-24,1.8756553531232039,-0.01807688320004308
2023-11-27,1.8769775667732276,-0.017384691990104284
2023-11-28,1.8745807400100214,-0.01863945321360838
2023-11-29,1.876625834777816,-0.017568826978783036
2023-11-30,1.8841825469465263,-0.01361281749489529
2023-12-01,1.8834668515073094,-0.013987490749864717
2023-12-04,1.8850671565062311,-0.013149716118317833
2023-12-05,1.8760149024243629,-0.01788865577870513
2023-12-06,1.8860894905629408,-0.012614514679682665
2023-12-07,1.881318929452385,-0.015111948031050648
2023-12-08,1.8886193022010969,-0.01129013463058759
2023-12-11,1.9037576735427173,-0.0033650556728316294
2023-12-12,1.904293743250158,-0.0030844181681450866
2023-12-13,1.9099922238699776,-0.00010121027660991988
2023-12-14,1.924037300595461,0.0
2023-12-15,1.91883138721645,-0.002705723728640752
2023-12-18,1.9176709092677109,-0.0033088710524373788
2023-12-19,1.9203362177973349,-0.0019236024150782738
2023-12-20,1.9265385572600808,0.0
2023-12-21,1.9121826961710764,-0.007451634453359279
2023-12-22,1.9189221140257235,-0.003953434103695974
2023-12-25,1.9256803595116372,-0.000445460977258727
2023-12-26,1.9308307952450143,0.0
2023-12-27,1.9333053057212384,0.0
2023-12-28,1.932681261855867,-0.000322785989116392
2023-12-29,1.9252113246024307,-0.004186602651353066
2024-01-02,1.9304657436889499,-0.0014687602748957307
2024-01-03,1.9167446329609599,-0.008565989402330998
2024-01-04,1.9080492867045546,-0.013063647496307729
2024-01-05,1.905681468813889,-0.014288398643298561
2024-01-08,1.906916339663978,-0.01364966308175286
2024-01-09,1.9204678863177418,-0.006640140781441373
2024-01-10,1.9237121898288239,-0.0049620284308047324
2024-01-11,1.9412656569752613,0.0
2024-01-12,1.9413447349453996,0.0
2024-01-15,1.9512602570411417,0.0
2024-01-16,1.9379828090007338,-0.006804550029908096
2024-01-17,1.9273283142843567,-0.012264864551218335
2024-01-18,1.925674316525265,-0.013112520702222907
2024-01-19,1.936922714616119,-0.007347837057248285
2024-01-22,1.9534580881926449,0.0
2024-01-23,1.9518424416544164,-0.0008270699781040003
2024-01-24,1.9511490130429174,-0.0011820448893602453
2024-01-25,1.9458866610708083,-0.0038759096842675422
2024-01-26,1.93674315098449,-0.008556588600075798
2024-01-29,1.946784023015609,-0.003416538710185879
2024-01-30,1.9602969902513943,0.0
2024-01-31,1.9508802684143882,-0.00480372202979229
2024-02-01,1.9412186224032058,-0.009732386440965746
2024-02-02,1.961913208270627,0.0
2024-02-05,1.9643705498121398,0.0
2024-02-06,1.9612020429884258,-0.0016129883559987679
2024-02-07,1.9579129010458116,-0.0032873883020418937
2024-02-08,1.9798489703073754,0.0
2024-02-09,1.9798489889993927,0.0
2024-02-12,1.9798490076928323,0.0
2024-02-13,1.979849026387696,0.0
2024-02-14,1.979849045083984,0.0
2024-02-15,1.9798490637816957,0.0
2024-02-16,1.9798490824808317,0.0
2024-02-19,1.9740372922842182,-0.0029354713185163472
2024-02-20,1.9718818330778305,-0.004024170060991539
2024-02-21,1.9638488924182416,-0.008081520053306868
2024-02-22,1.976106630019988,-0.0018902715838088335
2024-02-23,1.9872593973510915,0.0
2024-02-26,1.982626457759348,-0.002331321013209875
2024-02-27,1.9832012086548534,-0.002042103160587616
2024-02-28,1.9890566211476755,0.0
2024-02-29,1.9842393424500395,-0.0024218911852074143
2024-03-01,1.9928615911753147,0.0
2024-03-04,2.0003203637259954,0.0
2024-03-05,2.003187860748621,0.0
2024-03-06,2.0047737193685857,0.0
2024-03-07,2.0098211210065657,0.0
2024-03-08,2.014896297680724,0.0
2024-03-11,2.015827922141987,0.0
2024-03-12,2.011618003015681,-0.00208843179522622
2024-03-13,2.009754878713206,-0.0030126794862171957
2024-03-14,2.0099330676059806,-0.002924284593569193
2024-03-15,2.0114538073636616,-0.0021698850037147333
2024-03-18,2.00890670044401,-0.003433438748393969
2024-03-19,2.0096289481813634,-0.0030751503600747743
2024-03-20,2.015779385751353,-2.4077645765618882e-05
2024-03-21,2.038573091201938,0.0
2024-03-22,2.0255613547619755,-0.006382766698980968
2024-03-25,2.012670900040925,-0.01270603996138353
2024-03-26,2.015535857849763,-0.011300665868493431
2024-03-27,2.0217479649307655,-0.008253383871192121
2024-03-28,2.0186067770547056,-0.009794259638471026
2024-03-29,2.031436983564239,-0.0035005404851543576
2024-04-01,2.0377157212078676,-0.00042057358540170675
2024-04-02,2.0302754263866114,-0.004070329806244111
2024-04-03,2.0207134847052464,-0.00876083696668517
2024-04-04,2.0207136134417767,-0.008760773816371303
2024-04-05,2.020713742188112,-0.00876071066124784
2024-04-08,2.031545790597251,-0.0034471663709361167
2024-04-09,2.0387223431602544,0.0
2024-04-10,2.036721907268571,-0.0009812203699021138
2024-04-11,2.025161711960014,-0.006651534107003476
2024-04-12,2.043062361565572,0.0
2024-04-15,2.0276074215753415,-0.007564595325610934
2024-04-16,2.0119289619193426,-0.015238594881838208
2024-04-17,2.009802966624498,-0.016279187344819035
2024-04-18,2.0120845510869123,-0.015162440002527311
2024-04-19,2.0042984622144417,-0.018973429338410397
2024-04-22,1.9857930361795102,-0.02803111958960325
2024-04-23,1.9639615489597997,-0.03871678813815471
2024-04-24,1.9716052081059903,-0.03497551264408061
2024-04-25,1.9752029555812138,-0.03321455441641952
2024-04-26,1.9832199587327244,-0.029290541472748344
2024-04-29,1.9788107881067472,-0.03144865994672319
2024-04-30,1.9816285097386452,-0.03006949419784266
2024-05-01,1.9816296484824099,-0.030068936826816772
2024-05-02,1.9816307873129093,-0.0300683794133374
2024-05-03,1.981631926230149,-0.030067821957402097
2024-05-06,1.9865069542576033,-0.027681684304844745
2024-05-07,1.99343421114901,-0.024291060003930887
2024-05-08,1.9915115962579213,-0.025232105626060264
2024-05-09,1.9990381406152942,-0.021548153291093275
2024-05-10,2.00268023742404,-0.019765487780112334
2024-05-13,2.0037373139345096,-0.0192480897161299
2024-05-14,2.002238473856081,-0.01998171395914139
2024-05-15,2.007698147381853,-0.01730941494934113
2024-05-16,2.0103276339536995,-0.016022382981392802
2024-05-17,2.0154403459507404,-0.013519908219377763
2024-05-20,2.0262963040759163,-0.00820633662734016
2024-05-21,2.0205123443243496,-0.011037361201222784
2024-05-22,2.025447330248609,-0.008621876477360457
2024-05-23,2.014462562733017,-0.013998495283638501
2024-05-24,2.0043883544022227,-0.018929430589536222
2024-05-27,2.0186262259231813,-0.01196054320322637
2024-05-28,2.022446550860896,-0.01009064191700848
2024-05-29,2.0060775639742996,-0.01810262784290717
2024-05-30,1.9865311078036447,-0.027669862078320673
2024-05-31,1.9892694241401934,-0.026329562150103847
2024-06-03,1.9934875734847985,-0.0242649412046263
2024-06-04,1.9947755397685945,-0.02363453152745476
2024-06-05,2.0010431283893415,-0.020566789328952173
2024-06-06,2.01965410480817,-0.011457436247547692
2024-06-07,2.021491715076685,-0.010557997100175354
2024-06-10,2.021491812817428,-0.01055794925986242
2024-06-11,2.01221943482911,-0.015096419628046642
2024-06-12,2.017713084439529,-0.012407490639012364
2024-06-13,2.0284489797447103,-0.007152685153312577
2024-06-14,2.027498971691566,-0.007617677348859764
2024-06-17,2.025857281026393,-0.008421221428598469
2024-06-18,2.0337974034323687,-0.00453483863610693
2024-06-19,2.0332187301974507,-0.004818076801423987
2024-06-20,2.0366575445800565,-0.0031349101750411945
2024-06-21,2.0270322160855097,-0.007846136163841222
2024-06-24,2.0181154791108353,-0.012210534012099594
2024-06-25,2.015603376240112,-0.013440111198768534
2024-06-26,2.033141475618332,-0.004855889929682777
2024-06-27,2.0324203205269695,-0.005208867452507815
2024-06-28,2.044526593912417,0.0
2024-07-01,2.042879104095856,-0.0008058050315735699
2024-07-02,2.047883874980398,0.0
2024-07-03,2.067859178228113,0.0
2024-07-04,2.071786775898097,0.0
2024-07-05,2.082388118267205,0.0
2024-07-08,2.089780976704736,0.0
2024-07-09,2.107097830430935,0.0
2024-07-10,2.097598029465656,-0.004508476458986221
2024-07-11,2.105119324494711,-0.0009389720342598551
2024-07-12,2.072412025149657,-0.016461411890963062
2024-07-15,2.101915236089484,-0.002459588855630579
2024-07-16,2.101423211804662,-0.002693096895796554
2024-07-17,2.0997712218203217,-0.003477108895848069
2024-07-18,2.0837003957349514,-0.011104104592618125
2024-07-19,2.0608394249368023,-0.02195361070856028
2024-07-22,2.0518912149512056,-0.026200309583366166
2024-07-23,2.062890326493202,-0.02098028069664515
2024-07-24,2.0514294698420827,-0.026419447538165497
2024-07-25,2.018285913220715,-0.042148929170534255
2024-07-26,2.0187393193194745,-0.041933748796746606
2024-07-29,2.027540680451225,-0.03775674239265858
2024-07-30,2.0213224844636044,-0.04070781371825927
2024-07-31,2.033163150557787,-0.03508839447574541
2024-08-01,2.0342971170736055,-0.03455022937517849
2024-08-02,2.02137237976081,-0.04068413408816096
2024-08-05,1.9939751163723576,-0.05368650303030409
2024-08-06,1.9972184591046496,-0.05214725663867892
2024-08-07,2.0009461228338945,-0.050378158082641566
2024-08-08,2.0014753738789994,-0.05012698272786609
2024-08-09,2.0075202259531673,-0.04725817806826871
2024-08-12,2.006852822326468,-0.04757491876111197
2024-08-13,1.9963290230019863,-0.052569370927734727
2024-08-14,1.9914824152058204,-0.05486950513421085
2024-08-15,1.9935524834649323,-0.05388707886561728
2024-08-16,1.9887876169777392,-0.05614841975752005
2024-08-19,1.9931977991895033,-0.054055407203441264
2024-08-20,1.992577181907142,-0.05434994373297408
2024-08-21,1.9958469903028602,-0.0527981370970908
2024-08-22,1.9912926089362715,-0.05495958461073436
2024-08-23,1.9898596442506025,-0.05563965018005623
2024-08-26,1.9976844907110618,-0.05192608437050905
2024-08-27,1.9971180189835611,-0.05219492415541116
2024-08-28,1.9988953196826695,-0.05135144139279779
2024-08-29,1.998105863268162,-0.05172610668033506
2024-08-30,2.004063002926429,-0.04889892914152638
2024-09-02,1.9965354599479483,-0.052471398758155874
2024-09-03,2.000470731144396,-0.05060377251906345
2024-09-04,1.9799287608141234,-0.060352712522514285
2024-09-05,1.98318203020439,-0.05880875507389338
2024-09-06,1.981096435987225,-0.05979854975121912
2024-09-09,1.9685016428031654,-0.0657758674638399
2024-09-10,1.9705524089788033,-0.06480260170179475
2024-09-11,1.967584974573537,-0.06621090575033506
2024-09-12,1.9731503204193075,-0.06356966823141452
2024-09-13,1.9803427739051163,-0.06015622753495764
2024-09-16,1.9803444953422513,-0.06015541056428353
2024-09-17,1.980346216910502,-0.06015459353138364
2024-09-18,1.9885259035467633,-0.05627262539581368
2024-09-19,1.9920986142373545,-0.05457706544648744
2024-09-20,1.9982993005559404,-0.05163430397189661
2024-09-23,1.995547677111273,-0.05294018707088155
2024-09-24,1.9970152767472211,-0.052243684224761666
2024-09-25,1.9975743016195169,-0.051978378616155174
2024-09-26,2.0056665245432965,-0.04813791957011049
2024-09-27,2.002970226622393,-0.04941754592725589
2024-09-30,2.0100958698007148,-0.04603581249494326
2024-10-01,2.010095997222673,-0.04603575202221333
2024-10-02,2.0100961246543365,-0.0460356915448773
2024-10-03,2.010096252095706,-0.046035631062934845
2024-10-04,2.0100963795467823,-0.04603557057638574
2024-10-07,2.0100965070075665,-0.04603551008522966
2024-10-08,1.9971235148654192,-0.05219231588455697
2024-10-09,1.97242831240897,-0.06391232342279185
2024-10-10,1.9794336011925773,-0.06058770855088802
2024-10-11,1.9737745350690865,-0.06327342444018458
2024-10-14,1.9891451498947703,-0.05597873949309784
2024-10-15,1.9892098567501182,-0.05594803049875807
2024-10-16,1.999947639636926,-0.050852024640970384
2024-10-17,1.9952196251540064,-0.05309587607237387
2024-10-18,2.005475625099835,-0.048228517852119346
2024-10-21,2.0114043225791156,-0.04541483858499773
2024-10-22,2.0086927400477683,-0.04670171881057916
2024-10-23,2.0058696186887044,-0.04804153384825427
2024-10-24,1.996760184011776,-0.05236474777091549
2024-10-25,1.9987333946624783,-0.051428288807214284
2024-10-28,2.008125135356811,-0.046971096284543545
2024-10-29,2.015314879389925,-0.04355894145752082
2024-10-30,2.0280814039987236,-0.03750012234413025
2024-10-31,2.013228878230952,-0.044548929263899084
2024-11-01,1.9986477298061105,-0.05146894418406989
2024-11-04,1.9998430203625366,-0.05090167552707481
2024-11-05,1.9989668446626065,-0.051317496609169844
2024-11-06,2.021020209222619,-0.04085126944044737
2024-11-07,2.0219386232955276,-0.040415402600453065
2024-11-08,2.032022626717061,-0.03562967159361563
2024-11-11,2.040428895495368,-0.03164017065212987
2024-11-12,2.0399825769884052,-0.03185198735115391
2024-11-13,2.033234764814551,-0.03505440732254839
2024-11-14,2.031393985103149,-0.03592801636187137
2024-11-15,2.0201185673451003,-0.04127917642440282
2024-11-18,2.024503787424016,-0.03919801055939931
2024-11-19,2.0335840497684488,-0.034888641429359546
2024-11-20,2.039832898789412,-0.03192302259063429
2024-11-21,2.040072314044515,-0.03180939936363192
2024-11-22,2.044399065786348,-0.029755981776966034
2024-11-25,2.057986825851778,-0.023307415474445703
2024-11-26,2.0586429250220992,-0.022996039722999573
2024-11-27,2.062822012442314,-0.021012701616975216
2024-11-28,2.060946611695539,-0.021902741329270725
2024-11-29,2.065209527568437,-0.019879619378627367
2024-12-02,2.075210195823403,-0.015133438109520836
2024-12-03,2.086656408985937,-0.009701220868713722
2024-12-04,2.087037707843556,-0.009520261611809855
2024-12-05,2.095206125463093,-0.00564364159845876
2024-12-06,2.0952327244941507,-0.005631018059734649
2024-12-09,2.1032126406382123,-0.0018438582853688157
2024-12-10,2.094819823742918,-0.005826975145955204
2024-12-11,2.0964154641415456,-0.005069705893629539
2024-12-12,2.1063890879051694,-0.00033635957264543936
2024-12-13,2.1134184164408585,0.0
2024-12-16,2.1266593658749193,0.0
2024-12-17,2.1235003784824964,-0.0014854223685809576
2024-12-18,2.119861550102745,-0.0031964760700534667
2024-12-19,2.0858031691284635,-0.019211443732855216
2024-12-20,2.0721417463345744,-0.025635332303401648
2024-12-23,2.10090975430725,-0.012108009388271612
2024-12-24,2.099702232013227,-0.012675811789257474
2024-12-25,2.1066969135459455,-0.009386765294573385
2024-12-26,2.1092192648182784,-0.008200702630844714
2024-12-27,2.1059393384546072,-0.009742993049471127
2024-12-30,2.098874326895901,-0.01306511020282164
2024-12-31,2.089646063159397,-0.017404434066616403
2025-01-02,2.0952219561521654,-0.014782531808905874
2025-01-03,2.0926804094304137,-0.01597762057701535
2025-01-06,2.103050429179894,-0.011101419001962487
2025-01-07,2.109446796501286,-0.00809371244395407
2025-01-08,2.1089873376296966,-0.008309759676981554
2025-01-09,2.1066043303346844,-0.009430299869384151
2025-01-10,2.1008201733027274,-0.01215013226227768
2025-01-13,2.085217349849942,-0.01948690828910804
2025-01-14,2.088639762544728,-0.01787761779825503
2025-01-15,2.0898154776467983,-0.017324771808466588
2025-01-16,2.1031063263851486,-0.011075134959415922
2025-01-17,2.1045476441897515,-0.010397396987961383
2025-01-20,2.1114215577131703,-0.007165138153415573
2025-01-21,2.112308234593125,-0.006748204019918491
2025-01-22,2.1295309609498037,0.0
2025-01-23,2.121146839276432,-0.003937074326278878
2025-01-24,2.1244523832634075,-0.0023848339279983755
2025-01-27,2.1233471918414546,-0.0029038174235281877
2025-01-28,2.1233795757756866,-0.002888610349845777
2025-01-29,2.1234119621765015,-0.002873402117888446
2025-01-30,2.1234443510440864,-0.002858192727567821
2025-01-31,2.123476742378629,-0.002842982178795972
2025-02-03,2.1235091361803167,-0.0028277704714848584
2025-02-04,2.123541532449339,-0.0028125576055455515
2025-02-05,2.1411214520886954,0.0
2025-02-06,2.1425120546287615,0.0
2025-02-07,2.146896456162375,0.0
2025-02-10,2.1531035395303695,0.0
2025-02-11,2.156555828207665,0.0
2025-02-12,2.155125745051746,-0.0006631329164837885
2025-02-13,2.15686267957858,0.0
2025-02-14,2.158243196646652,0.0
2025-02-17,2.149581132703297,-0.004013479091148464
2025-02-18,2.150814803685843,-0.0034418702083021113
2025-02-19,2.1647963831262995,0.0
2025-02-20,2.169653006834042,0.0
2025-02-21,2.1719449451514103,0.0
2025-02-24,2.1622982816417533,-0.004441486203962897
2025-02-25,2.164719843171161,-0.0033265585282804544
2025-02-26,2.1614393492102315,-0.004836953148665724
2025-02-27,2.1664554128666547,-0.0025274730360962394
2025-02-28,2.15626163165756,-0.007220861435213277
2025-03-03,2.167447977853331,-0.0020704794143692196
2025-03-04,2.1675876063061623,-0.002006192125161954
2025-03-05,2.158667885897165,-0.006112981493331504
2025-03-06,2.163806503518166,-0.0037470754732583655
2025-03-07,2.1615677745161057,-0.004777823976832574
2025-03-10,2.1686675245749756,-0.0015089795824480001
2025-03-11,2.151431637489122,-0.00944467202452881
2025-03-12,2.151836922324464,-0.009258072066621437
2025-03-13,2.158869038860885,-0.006020367284039874
2025-03-14,2.1708463646953065,-0.0005058049277704146
2025-03-17,2.1698752057431228,-0.0009529428510183235
2025-03-18,2.1763493007847377,0.0
2025-03-19,2.1780271513417313,0.0
2025-03-20,2.1780737686077694,0.0
2025-03-21,2.16896686729539,-0.004181172118059462
2025-03-24,2.1737449588445883,-0.001987448646400991
2025-03-25,2.1811074963371184,0.0
2025-03-26,2.181365151615655,0.0
2025-03-27,2.179007567193266,-0.00108078393965505
2025-03-28,2.180641087978434,-0.00033193142224952066
2025-03-31,2.1775687347858392,-0.0017403857520159605
2025-04-01,2.187035798922296,0.0
2025-04-02,2.183843303668462,-0.0014597361668280406
2025-04-03,2.186391636290343,-0.0002945368485832711
2025-04-04,2.1863916456029817,-0.0002945325904734064
2025-04-07,2.1162962195288872,-0.032344957237676386
2025-04-08,2.1405317919115676,-0.021263486877372673
2025-04-09,2.154324403816494,-0.014956954578393966
2025-04-10,2.176263391873763,-0.004925574173885061
2025-04-11,2.182346003067849,-0.0021443617231863277
2025-04-14,2.1936058713538094,0.0
2025-04-15,2.189415844824494,-0.0019101090966398004
2025-04-16,2.197597344017112,0.0
2025-04-17,2.199755052525721,0.0
2025-04-18,2.2009308156840657,0.0
2025-04-21,2.2155168992222687,0.0
2025-04-22,2.2327242715895794,0.0
2025-04-23,2.2061959999491276,-0.011881570858530255
2025-04-24,2.210813159335648,-0.009813622099576036
2025-04-25,2.2047609012962,-0.012524327633824162
2025-04-28,2.191934574006168,-0.018269025917101445
2025-04-29,2.194371589659316,-0.017177527211167276
2025-04-30,2.19123209275468,-0.01858365556502839
2025-05-01,2.191232211867803,-0.01858360221624522
2025-05-02,2.191232330989999,-0.018583548863398525
2025-05-05,2.1912324501212677,-0.01858349550648808
2025-05-06,2.2027826784454914,-0.01341034068786795
2025-05-07,2.2071255705519826,-0.011465231673847498
2025-05-08,2.204304122468095,-0.012728911260167064
2025-05-09,2.199342649635215,-0.01495107227485759
2025-05-12,2.200934124737403,-0.014238277093455931
2025-05-13,2.185292430175584,-0.021243931468629795
2025-05-14,2.183361152003142,-0.02210891878346155
2025-05-15,2.1607481961199477,-0.03223688495059396
2025-05-16,2.1772648107877366,-0.02483936843771517
2025-05-19,2.176575369077588,-0.025148157892338485
2025-05-20,2.1858968648710544,-0.020973215239509457
2025-05-21,2.201512501438,-0.013979231806065529
2025-05-22,2.1985231319746017,-0.015318120580392502
2025-05-23,2.1981177885184304,-0.015499667160652764
2025-05-26,2.1940427954578063,-0.017324788655714296
2025-05-27,2.198834272365514,-0.015178765983467235
2025-05-28,2.2004317109870457,-0.014463299841114385
2025-05-29,2.2180797719614405,-0.006559027379459237
2025-05-30,2.198307973279215,-0.015414486575121344
2025-06-02,2.1983081467658767,-0.015414408873336005
2025-06-03,2.2011672762720673,-0.014133852405808
2025-06-04,2.2078828510115427,-0.011126058373679637
2025-06-05,2.2058266955806745,-0.01204697613187844
2025-06-06,2.2036945387680706,-0.013001933642635355
2025-06-09,2.211296213837479,-0.009597270036772132
2025-06-10,2.2110157349094544,-0.009722891875345585
2025-06-11,2.2149445694968137,-0.007963232325193248
2025-06-12,2.212622656030349,-0.009003178679523827
2025-06-13,2.2033066810771897,-0.013175648639966786
2025-06-16,2.2108830747180055,-0.009782308164735576
2025-06-17,2.2180948335633803,-0.006552281538904081
2025-06-18,2.2133612347333735,-0.008672381584503008
2025-06-19,2.2116287316907415,-0.009448340830647717
2025-06-20,2.210969054022054,-0.00974379946702375
2025-06-23,2.205393135330257,-0.012241160544138374
2025-06-24,2.222566115584299,-0.004549668821420827
2025-06-25,2.2171567985062,-0.006972411811645873
2025-06-26,2.212821371908867,-0.008914177148503288
2025-06-27,2.222654328436791,-0.004510159754576248
2025-06-30,2.2287330875097107,-0.0017875848489913304
2025-07-01,2.2274915687504206,-0.0023436404153182044
2025-07-02,2.2301344840276633,-0.0011599226984139177
2025-07-03,2.234284449760364,0.0
2025-07-04,2.2396802381522867,0.0
2025-07-07,2.238204543023494,-0.0006588865248060571
2025-07-08,2.2410185030706997,0.0
2025-07-09,2.2375876080526798,-0.0015309534541186887
2025-07-10,2.243304541879793,0.0
2025-07-11,2.241826837737983,-0.0006587175812390322
2025-07-14,2.2327597733734463,-0.004700551489772442
2025-07-15,2.2450227770908326,0.0
2025-07-16,2.2395443598199654,-0.0024402501955753664
2025-07-17,2.2494867563856062,0.0
2025-07-18,2.2565728719374585,0.0
2025-07-21,2.2592006529523427,0.0
2025-07-22,2.260309155409714,0.0
2025-07-23,2.2606636726562823,0.0
2025-07-24,2.2649331124476766,0.0
2025-07-25,2.268884257202188,0.0
2025-07-28,2.274568251719488,0.0
2025-07-29,2.2782444219405154,0.0
2025-07-30,2.278403340336498,0.0
2025-07-31,2.2646862339679985,-0.006020490808477108
2025-08-01,2.2560807909310077,-0.009797452896199266
2025-08-04,2.258754365273159,-0.008624010821734918
2025-08-05,2.274386452021211,-0.0017630277502549419
2025-08-06,2.2796168624157067,0.0
2025-08-07,2.280688098946466,0.0
2025-08-08,2.2834987564521523,0.0
2025-08-11,2.28818428373156,0.0
2025-08-12,2.2865916906455928,-0.0006960073527687571
2025-08-13,2.297574247103602,0.0
2025-08-14,2.291021763602395,-0.002851913712676568
2025-08-15,2.3054498277600253,0.0
2025-08-18,2.3064642566430917,0.0
2025-08-19,2.3037610458565867,-0.0011720150350127412
2025-08-20,2.309489353733283,0.0
2025-08-21,2.3122695094720993,0.0
2025-08-22,2.319467826880718,0.0
2025-08-25,2.3453943495403804,0.0
2025-08-26,2.3365666566057044,-0.003763841648380395
2025-08-27,2.318459714098896,-0.011484054034138325
2025-08-28,2.319283223116943,-0.011132936526667359
2025-08-29,2.3195170584649376,-0.011033236726486484
2025-09-01,2.3288846749202743,-0.007039189219220865
2025-09-02,2.3248657393576466,-0.008752732855673795
2025-09-03,2.337659285151428,-0.003297980312124582
2025-09-04,2.3298562166553993,-0.0066249553675381545
2025-09-05,2.342841510147396,-0.0010884478311653512
2025-09-08,2.3514966567921745,0.0
2025-09-09,2.355867418206299,0.0
2025-09-10,2.348448046832033,-0.0031493161783761048
2025-09-11,2.352752123985878,-0.0013223554926501402
2025-09-12,2.358371032368747,0.0
2025-09-15,2.3543171796091187,-0.0017189206888945652
2025-09-16,2.3624676538158127,0.0
2025-09-17,2.356166887230567,-0.0026670276628204537
2025-09-18,2.3490297194790486,-0.005688092412634349
2025-09-19,2.355389263311186,-0.0029961851512312343
2025-09-22,2.3666476015957882,0.0
2025-09-23,2.3653297973075684,-0.0005568231989128147
2025-09-24,2.3678176480149853,0.0
2025-09-25,2.3641837962776298,-0.0015346839484881025
2025-09-26,2.3605418396032776,-0.003072790853555496
2025-09-29,2.37472092902401,0.0
2025-09-30,2.384805100365972,0.0
2025-10-01,2.3848053614149767,0.0
2025-10-02,2.384805622483864,0.0
2025-10-03,2.384805883572637,0.0
2025-10-06,2.384806144681296,0.0
2025-10-07,2.3848064058098433,0.0
2025-10-08,2.3848066669582786,0.0
2025-10-09,2.4253680540484774,0.0
2025-10-10,2.4216116401617103,-0.001548801585184778
2025-10-13,2.4214731507828717,-0.0016059019409875308
2025-10-14,2.416973203195063,-0.0034612688327452235
2025-10-15,2.4386123046244816,0.0
2025-10-16,2.44522950032946,0.0
2025-10-17,2.452110518749129,0.0
2025-10-20,2.4600517782974713,0.0
2025-10-21,2.475015902378484,0.0
2025-10-22,2.465265930525303,-0.003939357255769882
2025-10-23,2.4590648644757023,-0.006444822389808702
2025-10-24,2.461233803886458,-0.005568488864569177
2025-10-27,2.481956542241743,0.0
2025-10-28,2.4636365980149115,-0.007381251007031908
2025-10-29,2.486688690723118,0.0
2025-10-30,2.482986929696508,-0.0014886306598891341
2025-10-31,2.4980596132796875,0.0
2025-11-03,2.5073268640986393,0.0
2025-11-04,2.467015558771394,-0.016077403351133057
2025-11-05,2.447247290202717,-0.023961604191370833
2025-11-06,2.465758312970502,-0.01657883211133737
2025-11-07,2.451186858405601,-0.02239038176349617
2025-11-10,2.4688944605407865,-0.015328038840148994
2025-11-11,2.4729192006695504,-0.013722847197051968
2025-11-12,2.4757963196859705,-0.0125753625760332
2025-11-13,2.476991850338829,-0.012098547737897425
2025-11-14,2.457903376187644,-0.01971162540419813
2025-11-17,2.4355065941973972,-0.02864415921577934
2025-11-18,2.4100665548343216,-0.03879043879637212
2025-11-19,2.4057891473208093,-0.04049640205738869
2025-11-20,2.431085394175608,-0.030407471404985564
2025-11-21,2.408979006785559,-0.03922418681077511
2025-11-24,2.4140409145274497,-0.03720534043921908
2025-11-25,2.4195015785352,-0.035027457656587435
2025-11-26,2.4099022182673107,-0.038855981334668166
2025-11-27,2.4158934970771306,-0.03646647285230531
2025-11-28,2.4218646802876025,-0.03408497912048647
2025-12-01,2.4203689949166765,-0.0346815050032272
2025-12-02,2.4119312131445074,-0.03804675502028165
2025-12-03,2.4141049326617967,-0.0371798080145227
2025-12-04,2.409619490220815,-0.03896874208020329
2025-12-05,2.4171566500250607,-0.035962688137987864
2025-12-08,2.4118741202386933,-0.0380695254482748
2025-12-09,2.4001523825567896,-0.04274451930318157
2025-12-10,2.4065243795263083,-0.04020316856795969
2025-12-11,2.404075829801162,-0.04117972641536516
2025-12-12,2.419293497582946,-0.03511044681736797
2025-12-15,2.42071628104367,-0.0345429964856635
2025-12-16,2.409175781096814,-0.03914570709037146
2025-12-17,2.4188741958251816,-0.035277677410143204
2025-12-18,2.4136452312147796,-0.03736315126090972
2025-12-19,2.4217583303522257,-0.03412739478511306
2025-12-22,2.434955458590883,-0.02886396925108259
2025-12-23,2.4407368915184104,-0.026558153838537324
2025-12-24,2.444189724162498,-0.025181056702329285
2025-12-25,2.4394315749950475,-0.027078754699180196
2025-12-26,2.4425978519627893,-0.02581594488643557
2025-12-29,2.4326978552689136,-0.02976437172923374
2025-12-30,2.4194009533754053,-0.03506759010251459
2025-12-31,2.417853376899769,-0.035684811773049385
2026-01-02,2.417853453186469,-0.03568478134753894
2026-01-05,2.4386720789807526,-0.027381665350826756
2026-01-06,2.4462052538884373,-0.024377200709399527
2026-01-07,2.4426162399128746,-0.02580861119957245
2026-01-08,2.439905601510794,-0.026889698169481613
2026-01-09,2.458276560517024,-0.019562787877378862
2026-01-12,2.466831935747163,-0.016150637928906142
2026-01-13,2.458718464380896,-0.01938654286114294
2026-01-14,2.4637094641604245,-0.017395976792158208
2026-01-15,2.4716232007016283,-0.01423973232538478
2026-01-16,2.4679424860391888,-0.015707715903889086
2026-01-19,2.4790010630470687,-0.01129721116825888
2026-01-20,2.479348629670911,-0.011158590779821065
2026-01-21,2.489711894824869,-0.007025398054793519
2026-01-22,2.5032408385109224,-0.0016296341917854118
2026-01-23,2.516851531384164,0.0
2026-01-26,2.5348664408930563,0.0
2026-01-27,2.528692478595584,-0.002435616408767216
2026-01-28,2.5654105166567565,0.0
2026-01-29,2.572531539516164,0.0
2026-01-30,2.5238125056148766,-0.01893816777478663
2026-02-02,2.461933484974203,-0.042991913935003456
2026-02-03,2.4998890317844036,-0.028237752041486264
2026-02-04,2.510421178961314,-0.02414367310984722
2026-02-05,2.4906962304144056,-0.03181119758677475
2026-02-06,2.4964563463594014,-0.02957211291219808
2026-02-09,2.512529983534279,-0.023323934054923168
2026-02-10,2.5285583673296332,-0.017093346188789993
2026-02-11,2.546563909691118,-0.010094192987009976
2026-02-12,2.5435378317906174,-0.011270496505166094
2026-02-13,2.5499585942278475,-0.008774603903422551
2026-02-16,2.5499591692416725,-0.00877438038281042
2026-02-20,2.5499597442992945,-0.008774156845173131
2026-02-23,2.549960319400717,-0.008773933290509683
2026-02-24,2.55211044683529,-0.00793813112383246
2026-02-25,2.5614590919899936,-0.004304105646943057
2026-02-26,2.5530670697374576,-0.00756627060920978
2026-02-27,2.55473980324554,-0.0069160420377082366
2026-03-02,2.550180520320689,-0.008688336314694456
2026-03-03,2.524621157164681,-0.01862382700291154
2026-03-04,2.5198924691956823,-0.020461972773473502
2026-03-05,2.5353002945125365,-0.014472609735478703
2026-03-06,2.5496630446223536,-0.008889490582537851
2026-03-09,2.536925366017215,-0.013840908440580613
2026-03-10,2.534250960834301,-0.014880508982627605
2026-03-11,2.552547495136749,-0.0077682407669036335
2026-03-12,2.546442883072189,-0.01014123871495154
2026-03-13,2.5545866921166436,-0.00697555972545838
2026-03-16,2.538742509895942,-0.01313454435881356
2026-03-17,2.518613922076809,-0.020958972362879358
2026-03-18,2.5385481529224423,-0.013210095220101081
2026-03-19,2.511973541554596,-0.023540235379566066
2026-03-20,2.4956473364402707,-0.02988659299016927
2026-03-23,2.460280516211023,-0.04363445951230316
2026-03-24,2.482401082448762,-0.03503570536762157
2026-03-25,2.47215102210419,-0.039020130898318794
2026-03-26,2.469391933714257,-0.040092649678963865
2026-03-27,2.4565180028612246,-0.04509703180422775
2026-03-30,2.4443102032905775,-0.04984247394288588
2026-03-31,2.425783276340225,-0.057044300884854904
2026-04-01,2.4573016493096365,-0.0447924110692145
2026-04-02,2.4501395418742464,-0.04757648089513289
2026-04-03,2.4475370818817117,-0.048588114747841415
2026-04-07,2.4483924736795912,-0.04825560500607917
2026-04-08,2.4889671258217763,-0.03248333884765686
2026-04-09,2.487132093570088,-0.03319665653628401
2026-04-10,2.4866701018315758,-0.03337624295977992
2026-04-13,2.49264905074368,-0.031052093062971076
2026-04-14,2.501838281200902,-0.027480035610586873
2026-04-15,2.5088473812141467,-0.02475544315930711
2026-04-16,2.5330059847392064,-0.015364458771374823
2026-04-17,2.527002183106012,-0.01769826947144648
2026-04-20,2.5244907825506306,-0.01867450650364766
2026-04-21,2.531177626375599,-0.016075182171854996
2026-04-22,2.5390212995239216,-0.013026172654250434
2026-04-23,2.531775372529478,-0.015842824999669824
2026-04-24,2.533024801020446,-0.015357144466010442
2026-04-27,2.5518907471022527,-0.008023533277183303
2026-04-28,2.550511459704266,-0.008559692844830824
2026-04-29,2.5533001123892887,-0.007475681767731501
2026-04-30,2.548377629611982,-0.009389159873516961
2026-05-04,2.5483778592121906,-0.009389070622829454
2026-05-05,2.5483780888298866,-0.009388981365344051
2026-05-06,2.5915051607391857,0.0
2026-05-07,2.6223584053756905,0.0
2026-05-08,2.619811883878077,-0.0009710806472500444
2026-05-11,2.6293272580197438,0.0
2026-05-12,2.6161936873416285,-0.004995030815603707
2026-05-13,2.6264903026182336,-0.0010789662613723827
2026-05-14,2.6221918581524273,-0.002713773968437194
2026-05-15,2.6109937374287573,-0.006972703962607518
2026-05-18,2.5854582063617833,-0.016684515601530725
2026-05-19,2.5797889146557957,-0.0188406913642456
2026-05-20,2.5771083582290655,-0.0198601751194738
2026-05-21,2.602302523184681,-0.01027819369104177
2026-05-22,2.637019312693759,0.0
2026-05-25,2.694132783714135,0.0
2026-05-26,2.676426341301041,-0.00657222335889629
2026-05-27,2.6846917091923213,-0.0035043092823355826
2026-05-28,2.6840122083057882,-0.0037565243515557123
2026-05-29,2.701135985612385,0.0
2026-06-01,2.7397545493945934,0.0
2026-06-02,2.734748360732626,-0.0018272398390847266
2026-06-03,2.7207679757334247,-0.0069300272410769415
2026-06-04,2.6960207659981763,-0.015962664759907486
2026-06-05,2.686127654968459,-0.01957361269387603
2026-06-08,2.647360892344871,-0.03372333374540404
2026-06-09,2.678945045389622,-0.022195237897646325
2026-06-10,2.647115896989993,-0.03381275611900025
2026-06-11,2.6412179713840356,-0.035965476554216114
2026-06-12,2.6627920897568806,-0.028091005325538876
2026-06-15,2.7275813886809366,-0.004443157404865672
2026-06-16,2.7277320943119148,-0.004388150422210413
2026-06-17,2.733187229089197,-0.002397046956942872
2026-06-18,2.741801135874391,0.0
2026-06-22,2.7593411917334993,0.0
2026-06-23,2.6981459700445702,-0.02217747550475424
2026-06-24,2.714141651212056,-0.016380555132816887
2026-06-25,2.743956869457642,-0.005575360641136395
2026-06-26,2.720094434943829,-0.014223234483378366
2026-06-29,2.7156620850211883,-0.01582954179177465
2026-06-30,2.7219545229873217,-0.01354912863192903
2026-07-01,2.713756358088102,-0.01652018742080963
2026-07-02,2.6861739004821876,-0.026516217519786278
2026-07-03,2.7157599253240203,-0.01579408394295012
2026-07-06,2.727246072874745,-0.011631442662801361
2026-07-07,2.7149489123378827,-0.01608799938500105
2026-07-08,2.692766669186291,-0.024126962894858273
2026-07-09,2.693755252977457,-0.0237686948437279
2026-07-10,2.6931325914820006,-0.02399435069858269
2026-07-13,2.662696117318806,-0.035024691656191376
2026-07-14,2.6624785355004623,-0.03510354447040487
2026-07-15,2.669627313624159,-0.03251278905925348
2026-07-16,2.6479490707192848,-0.04036910018519113
2026-07-17,2.6325904970837923,-0.04593512938140076
2026-07-18,2.63259290082474,-0.04593425825283037
