date,100%策略,100%纳指100,50%策略+50%纳指100
2017-01-03,0.0,0.0,0.0
2017-01-04,0.0,0.0,0.0
2017-01-05,-0.0008231044419739764,0.0,0.0
2017-01-06,-0.0010924202520374848,0.0,0.0
2017-01-09,0.0,0.0,0.0
2017-01-10,0.0,0.0,0.0
2017-01-11,0.0,0.0,0.0
2017-01-12,0.0,-0.0017385415655982728,-0.0002440319828540538
2017-01-13,-0.002566456971829667,0.0,0.0
2017-01-17,-0.005621918035615514,-0.0029370433105184723,-0.003000183130423384
2017-01-18,-0.00524237830466856,-0.0007233902097240064,-0.0017031564660953125
2017-01-19,-0.007480850341006984,-0.0016483809696988816,-0.0032884164990865106
2017-01-20,-0.005328588853587446,0.0,-0.0010208428156855964
2017-01-23,-0.003058325709273002,0.0,0.0
2017-01-24,-0.004165184785743126,0.0,0.0
2017-01-25,-0.003135588745079354,0.0,0.0
2017-01-26,0.0,0.0,0.0
2017-01-27,0.0,0.0,0.0
2017-01-30,0.0,-0.007494108040541292,-0.003747013545486899
2017-01-31,0.0,-0.009924420382116272,-0.004966717075691962
2017-02-01,0.0,-0.002974036679140979,-0.0014740832726812814
2017-02-02,0.0,-0.003939582744782455,-0.001957542178244953
2017-02-03,-0.00289601969698583,-0.001249985487784544,-0.0020552428701753334
2017-02-06,-0.0015387263590855849,-1.934962055383238e-05,-0.0007612021294149951
2017-02-07,-0.003398588426353877,0.0,0.0
2017-02-08,-0.002186021325654486,0.0,0.0
2017-02-09,-0.0012233645274811744,0.0,0.0
2017-02-10,0.0,0.0,0.0
2017-02-13,0.0,0.0,0.0
2017-02-14,-0.00017087099443646725,0.0,0.0
2017-02-15,0.0,0.0,0.0
2017-02-16,0.0,-0.00033003984995449986,0.0
2017-02-17,-0.00029897143618495825,0.0,0.0
2017-02-21,0.0,0.0,0.0
2017-02-22,0.0,0.0,0.0
2017-02-23,0.0,-0.0036919880496176782,-0.0012809127182134006
2017-02-24,0.0,-0.0016479420342928597,0.0
2017-02-27,-0.0020907449587022064,-0.000855734072229164,-0.0006486146644384405
2017-02-28,-0.0009754619791079167,-0.0040768815406203585,-0.0017010748990481384
2017-03-01,0.0,0.0,0.0
2017-03-02,0.0,-0.005143767656775378,0.0
2017-03-03,-0.001800041159269794,-0.003248011960697239,0.0
2017-03-06,0.0,-0.00569097698196408,0.0
2017-03-07,-0.009099998035883572,-0.007365994001101717,-0.005392301048981141
2017-03-08,-0.014962575764732589,-0.005783724325216344,-0.007541850172125941
2017-03-09,-0.021208324290805103,-0.005010211482492033,-0.01030217793843946
2017-03-10,-0.01717453939735203,-0.0009441679543087389,-0.006240603443423032
2017-03-13,-0.012411330078635707,0.0,-0.003032646951534934
2017-03-14,-0.010097778152820647,-0.002298607674012798,-0.0030107040144942143
2017-03-15,-0.012823202407467926,0.0,-0.0012266949669048621
2017-03-16,-0.003609220408971048,-0.0007699053773366771,0.0
2017-03-17,-0.008654049392415541,-0.0013828756058157365,-0.002838272679356546
2017-03-20,-0.007149475725383492,-0.0005428109854602736,-0.0016621523706157326
2017-03-21,-0.004394015210570035,-0.015457189014539519,-0.007725644963050504
2017-03-22,-0.014446896734993553,-0.008989614585737105,-0.009476083664321289
2017-03-23,-0.015314137723187238,-0.011282714054927201,-0.011057878114875908
2017-03-24,-0.015265375355111632,-0.009646895915070286,-0.010215296480486358
2017-03-27,-0.01810924875317177,-0.007750750057696654,-0.010696996596046393
2017-03-28,-0.014942624565706386,-0.0016690514654973398,-0.006069911923338167
2017-03-29,-0.015086231750533807,0.0,-0.0040229672582929865
2017-03-30,-0.017720624527705287,0.0,-0.004486503223828375
2017-03-31,-0.015718194627133752,-0.0006452514274579713,-0.003792977288144872
2017-04-03,-0.015718194516815776,-0.0013860956589836215,-0.004162232607966443
2017-04-04,-0.01571819440648925,0.0,-0.003409698765633795
2017-04-05,-0.012472208745609947,-0.004023593810025372,-0.0037713476082524844
2017-04-06,-0.012743507935176757,-0.0035898029744082516,-0.0036912420279142655
2017-04-07,-0.010512597406172275,-0.00405116526144178,-0.002796216687665165
2017-04-10,-0.011209567576517365,-0.003442755233521,-0.002842831057119355
2017-04-11,-0.012064828058484967,-0.007721844493337904,-0.00541491235742253
2017-04-12,-0.010773440247247468,-0.011649857271786579,-0.006733444682343714
2017-04-13,-0.007897388874353428,-0.01595835607978091,-0.007454511530266106
2017-04-17,-0.010326273544602027,-0.007574796752450763,-0.004441492008840364
2017-04-18,-0.01165801706210523,-0.008960721710312258,-0.005806473477184215
2017-04-19,-0.02026893778090677,-0.007493920494962669,-0.009401689745496489
2017-04-20,-0.019141222897163468,0.0,-0.004805628092910852
2017-04-21,-0.020131063451278797,-0.0002718823998398845,-0.005443069720350802
2017-04-24,-0.017441048283691973,0.0,0.0
2017-04-25,-0.008364707400400073,0.0,0.0
2017-04-26,-0.011954116432882356,-0.001279696621781179,-0.002449691636994933
2017-04-27,-0.011509752097317083,0.0,0.0
2017-04-28,-0.009871794641078235,0.0,0.0
2017-05-01,-0.0098715624567004,0.0,0.0
2017-05-02,-0.015203865187947141,0.0,-0.0014102329304678252
2017-05-03,-0.015883999940575766,-0.0033504191124489324,-0.0034279106104507795
2017-05-04,-0.020200311692049056,-0.0031448936671586436,-0.00551062782439371
2017-05-05,-0.017769347325750307,0.0,-0.0025296831741163928
2017-05-08,-0.012185011703032211,0.0,0.0
2017-05-09,-0.011600630012327584,0.0,0.0
2017-05-10,-0.010732373602434286,0.0,0.0
2017-05-11,-0.007583772838996028,-0.0013129919319637695,0.0
2017-05-12,-0.01431499750490639,0.0,-0.0022819278368431117
2017-05-15,-0.01090019485342919,0.0,0.0
2017-05-16,-0.010893967627697898,0.0,0.0
2017-05-17,-0.015087577081321024,-0.025136083180188673,-0.014687940426200363
2017-05-18,-0.02387948072379098,-0.017142288153950358,-0.015045941521566242
2017-05-19,-0.022738563186239902,-0.012731376344236267,-0.012260160363461892
2017-05-22,-0.01530801981472818,-0.004374226998623665,-0.004324483677228597
2017-05-23,-0.012713115726093238,-0.0036842031709654055,-0.0026675303302471365
2017-05-24,-0.01471052935901973,0.0,-0.001320054845708074
2017-05-25,-0.012660758216430312,0.0,0.0
2017-05-26,-0.009049705383589957,0.0,0.0
2017-05-30,-0.009049620161654337,0.0,0.0
2017-05-31,-0.011694961807879767,-0.0010061039272566408,-0.0018378017654584466
2017-06-01,-0.01261682487458482,0.0,0.0
2017-06-02,-0.004280359755881813,0.0,0.0
2017-06-05,0.0,-0.0005678862051259337,0.0
2017-06-06,-0.005195458918449525,-0.004197937246873784,-0.004413786293722799
2017-06-07,-0.008571087172341896,-0.0006579998843824209,-0.00433334160440213
2017-06-08,-0.009245496854990987,0.0,-0.0040189488777329085
2017-06-09,-0.009618679160215526,-0.024358996142932465,-0.01633707364992043
2017-06-12,-0.01255718186207666,-0.030095322243555933,-0.02068810380367947
2017-06-13,-0.014248639517864925,-0.0226802372011623,-0.017783366220285313
2017-06-14,-0.012696237899383456,-0.026885630299220198,-0.019123180859508815
2017-06-15,-0.017610715266431876,-0.03133400166516587,-0.02380635174644552
2017-06-16,-0.018645155994440166,-0.034632049343279125,-0.02598214880835248
2017-06-19,-0.015238022794044959,-0.019213973799126594,-0.016513206361500554
2017-06-20,-0.01196032751164422,-0.02701476560243299,-0.018787617219756303
2017-06-21,-0.012681695286362316,-0.01748593954428823,-0.014341109930277818
2017-06-22,-0.012552442196736013,-0.017914125023363314,-0.014491370012456817
2017-06-23,-0.01188841048179956,-0.013965303383005168,-0.012178714077889286
2017-06-26,-0.008828005842325792,-0.018301530933002574,-0.012821003491076066
2017-06-27,-0.007075662079276457,-0.03631080828504929,-0.021003270188981626
2017-06-28,-0.00930824343944714,-0.022474640205257468,-0.015075929785814624
2017-06-29,-0.009669867507879015,-0.039467826618864055,-0.023816591519139618
2017-06-30,-0.01030698730595736,-0.04050430734202182,-0.02465728558044389
2017-07-03,-0.009666487231308918,-0.04899325437955615,-0.028656254290786998
2017-07-05,-0.0059841089650845,-0.04018146908398912,-0.02235025881731656
2017-07-06,0.0,-0.04883183525053969,-0.022836579836430948
2017-07-07,0.0,-0.03888162030822584,-0.015243684689852821
2017-07-10,-0.004738926098893592,-0.0324792279068189,-0.014297101338166085
2017-07-11,-0.008554873808409913,-0.029820060149864935,-0.01483218153721444
2017-07-12,-0.00967063558156711,-0.018070446706200283,-0.009420966216875937
2017-07-13,-0.0011526400854294794,-0.01562197339133109,-0.003925874205885749
2017-07-14,-0.002578684351592808,-0.008023380286476645,-0.0007924779684801431
2017-07-17,-0.004088715665230946,-0.007741321597879658,-0.0014067883638378964
2017-07-18,0.0,-0.0008835573377740102,0.0
2017-07-19,0.0,0.0,0.0
2017-07-20,-0.00129129420990437,0.0,-0.00021800485051670648
2017-07-21,-0.0004822975902269988,0.0,0.0
2017-07-24,0.0,0.0,0.0
2017-07-25,-0.008622010531683766,-0.0018042976619871975,-0.005213154096835315
2017-07-26,-0.004490982248039566,0.0,-0.0014564625878713544
2017-07-27,-0.008924434931918745,-0.005663170737035483,-0.006507407245612051
2017-07-28,-0.005729532091598211,-0.007026028739330892,-0.005586910410260493
2017-07-31,-0.00120785045868943,-0.011830481302293916,-0.005731453121602392
2017-08-01,-0.0039236539963777295,-0.00933666961868529,-0.005828603051472259
2017-08-02,-0.0005121933432788994,-0.006133701243376755,-0.0025189796041386048
2017-08-03,0.0,-0.01000381465803335,-0.0037125668965785064
2017-08-04,0.0,-0.008540128690093352,-0.002667396652010434
2017-08-07,0.0,-0.0026887457505213597,0.0
2017-08-08,-0.0002719434125945108,-0.004096976337356839,-0.0008419852907400882
2017-08-09,-0.002371610250163081,-0.005266580738833682,-0.0024779336551711273
2017-08-10,-0.002040896601069986,-0.027314295893109075,-0.013367356439705547
2017-08-11,-0.005992486921874818,-0.020031155841384263,-0.011626942071705892
2017-08-14,-0.004112179589997544,-0.007152063696386768,-0.004197345968586785
2017-08-15,-0.0014417090014294809,-0.007226004204526126,-0.002899305138643782
2017-08-16,-0.004055543392467831,-0.005597632559366517,-0.0033865804261380417
2017-08-17,-0.002153027519521733,-0.02594807695862511,-0.012632530332580938
2017-08-18,-0.005227741327653357,-0.026857209115520142,-0.014614521855544904
2017-08-21,-0.007253056239261091,-0.027591572798631114,-0.015989424961136645
2017-08-22,-0.00932146085380181,-0.013006807568146872,-0.009635135480638879
2017-08-23,-0.00901959401395036,-0.01662821200088027,-0.011301137614890489
2017-08-24,-0.008162150564707593,-0.01954214020800782,-0.012338259639847138
2017-08-25,-0.008048534174176725,-0.02154357532605211,-0.013289760931139316
2017-08-28,-0.006537953711292621,-0.018930450549764055,-0.011220877511334604
2017-08-29,-0.0072298734431031075,-0.014887249127417457,-0.009527719485169728
2017-08-30,-0.008616552305699576,-0.0029962710457368535,-0.004241618509641665
2017-08-31,-0.006366856994114767,0.0,0.0
2017-09-01,0.0,-0.0001168887553020248,0.0
2017-09-05,-0.0017299674555406597,-0.009329392512440693,-0.005471774088330772
2017-09-06,-0.0008606287646857336,-0.006256888087366241,-0.00349649971353605
2017-09-07,-0.002837835062649008,-0.004056039808970624,-0.003379013924837748
2017-09-08,-0.002452461848125531,-0.012562201516214344,-0.00744240391841855
2017-09-11,-0.0015057772002892156,-0.00134756036469319,-0.0013350352018351996
2017-09-12,0.0,0.0,0.0
2017-09-13,0.0,0.0,0.0
2017-09-14,-0.0007684301245658443,-0.005922343356016713,-0.0033453867402912785
2017-09-15,-0.0024602172111455323,-0.0027280085537556564,-0.0025877910234668455
2017-09-18,-0.00394440918001171,-0.0038738387643686423,-0.0039027877601934824
2017-09-19,-0.006624581279310315,-0.002215049680399872,-0.004413559368530606
2017-09-20,-0.006047157848760754,-0.005126257831782666,-0.00557660186011899
2017-09-21,-0.006293014789746421,-0.011569887315592942,-0.008919944867999519
2017-09-22,-0.005598805527944117,-0.012001239095460359,-0.008790011939679876
2017-09-25,-0.0057106034191010124,-0.02282167351166986,-0.014273533175791497
2017-09-26,-0.009884899412755943,-0.02049170772003117,-0.015167532515191873
2017-09-27,-0.007531190193704407,-0.011090237459987717,-0.009270670610049492
2017-09-28,-0.004082724418686179,-0.011876330278896674,-0.007943229355426684
2017-09-29,-0.000354767957336799,-0.004176950825897308,-0.002221463593094497
2017-10-02,-0.0003546306530690657,-0.00374060269336729,-0.0020027925767780452
2017-10-03,-0.0003544933383428095,-0.0015522002271676216,-0.000906614146026774
2017-10-04,-0.00035435601315803034,-0.0009226597916854873,-0.0005915717764305439
2017-10-05,-0.000354218677513396,0.0,0.0
2017-10-06,-0.0003540813314087954,0.0,0.0
2017-10-09,0.0,-0.0009959485998183304,0.0
2017-10-10,0.0,-0.00017313675990215938,0.0
2017-10-11,0.0,0.0,0.0
2017-10-12,0.0,-0.0018515930113053303,-0.00024734621832256387
2017-10-13,-0.0017461281908649484,0.0,0.0
2017-10-16,-0.0006501151354021406,0.0,0.0
2017-10-17,0.0,0.0,0.0
2017-10-18,-0.001833958359264587,-0.0013490978520596109,-0.001591528105662099
2017-10-19,-0.00014890263218714228,-0.004898237843011244,-0.002522934817440814
2017-10-20,0.0,-0.0022523074309811486,-0.0007135420119231961
2017-10-23,0.0,-0.008947164689568576,-0.003590761846634649
2017-10-24,-0.002237299680298288,-0.006923517911478716,-0.003688102829869755
2017-10-25,-0.0012559351028652577,-0.011036143082770122,-0.005261146014701734
2017-10-26,-0.0027638541797931904,-0.013840502661446541,-0.007422449725665525
2017-10-27,0.0,0.0,0.0
2017-10-30,0.0,0.0,0.0
2017-10-31,0.0,0.0,0.0
2017-11-01,0.0,0.0,0.0
2017-11-02,0.0,-0.0019620237971400556,-0.0003279732962823134
2017-11-03,0.0,0.0,0.0
2017-11-06,0.0,0.0,0.0
2017-11-07,-0.0014551357157212008,0.0,-0.00015974691231601668
2017-11-08,-0.0027809833331862155,0.0,0.0
2017-11-09,-0.0013103867267579838,-0.005294832338188726,-0.0019100673109950783
2017-11-10,-0.0044404181952060195,-0.005789647026936073,-0.003722392521923523
2017-11-13,-0.003948432980861227,-0.0046692226839442075,-0.0029148454812653046
2017-11-14,-0.006512080237884188,-0.008221172710812352,-0.0059771045983746385
2017-11-15,-0.011793351280312003,-0.013780746665910448,-0.011405238772929427
2017-11-16,-0.011929988646207756,-0.001051087252848748,-0.005093423605623704
2017-11-17,-0.0058038331837139134,-0.004932388457896009,-0.0039419496886273775
2017-11-20,-0.009331892230022065,-0.005862135802994661,-0.00617461918645501
2017-11-21,-0.00745971192463013,0.0,0.0
2017-11-22,-0.004667245338939696,0.0,0.0
2017-11-24,-0.0022355607295059254,0.0,0.0
2017-11-27,0.0,-0.0005179980933924799,0.0
2017-11-28,0.0,0.0,0.0
2017-11-29,0.0,-0.017310854238808293,-0.006600659365220585
2017-11-30,-0.003391049925802525,-0.00887496574574631,-0.004021077700224973
2017-12-01,0.0,-0.013186330684337721,-0.003946013396281978
2017-12-04,0.0,-0.024734685234548137,-0.006010301823737851
2017-12-05,-0.008762863768182805,-0.024515146608206084,-0.010253523175785761
2017-12-06,-0.01564717182393227,-0.02016485638125587,-0.011483554951139952
2017-12-07,-0.014391701079090602,-0.016547918586980792,-0.009028672521288028
2017-12-08,-0.011544164518105915,-0.012143132956328961,-0.005377925236415337
2017-12-11,-0.009472508748515462,-0.004463952068956667,-0.0004697502200030623
2017-12-12,-0.007915652681643404,-0.006058331880122503,-0.0004846354893311977
2017-12-13,-0.008693819993202734,-0.004342505169278255,-1.390925148814226e-05
2017-12-14,-0.00814821770111085,-0.0050836426596247986,-0.00011089923277085578
2017-12-15,-0.012770940719384338,0.0,0.0
2017-12-18,-0.0063512182542734275,0.0,0.0
2017-12-19,-0.0018234776398219354,-0.0050051663757222364,-0.00022424264257470128
2017-12-20,-0.0033431341414450477,-0.006262599278089365,-0.0016170256741755429
2017-12-21,-0.006108674038620365,-0.00623035740879796,-0.002985994142272519
2017-12-22,-0.0039371162123338355,-0.0073849233948540816,-0.002475971500999874
2017-12-26,-0.004262057292239052,-0.012299505471138339,-0.005108123878947435
2017-12-27,-0.00792092111160525,-0.011993975376423993,-0.006782124022775782
2017-12-28,-0.010621287335525587,-0.01103132527900752,-0.007649992899066538
2017-12-29,-0.010617252017354861,-0.0179402972700351,-0.011114266233040793
2018-01-02,-0.01242532820905573,-0.00029631813205988067,-0.0031345413580182724
2018-01-03,-0.007058886320639779,0.0,0.0
2018-01-04,-0.0040098987425887245,0.0,0.0
2018-01-05,-0.004062128604644277,0.0,0.0
2018-01-08,0.0,0.0,0.0
2018-01-09,0.0,0.0,0.0
2018-01-10,0.0,-0.0022881307708664256,-0.0002870640356260612
2018-01-11,-0.0017027284111369445,0.0,0.0
2018-01-12,0.0,0.0,0.0
2018-01-16,0.0,-0.0031663643331251157,0.0
2018-01-17,-0.003997140872228577,0.0,0.0
2018-01-18,-0.00529323495532763,0.0,-0.0005698875099268141
2018-01-19,-0.0063555874935669054,0.0,0.0
2018-01-22,-0.0065931356079109715,0.0,0.0
2018-01-23,-0.0012131018233988433,0.0,0.0
2018-01-24,0.0,-0.0063344946334149554,-0.002055808241834045
2018-01-25,0.0,-0.006772495282517554,-0.0008784372994662393
2018-01-26,-0.0006150121280777965,0.0,0.0
2018-01-29,0.0,-0.004933810054720489,-0.0011240999377423178
2018-01-30,-0.0034967077397650703,-0.01313404442849686,-0.006986303377471081
2018-01-31,-0.006046186109658014,-0.010391614943535354,-0.00687682182154381
2018-02-01,-0.006080772485028252,-0.017296101222132543,-0.010358605032329438
2018-02-02,-0.008500998096880208,-0.03740297908149981,-0.021687921692187695
2018-02-05,-0.021427856579983362,-0.07504659709496131,-0.047194475374266576
2018-02-06,-0.04266893961734686,-0.050831770604174764,-0.04506337850816222
2018-02-07,-0.035876677460314976,-0.06278682665595903,-0.04768959703209841
2018-02-08,-0.03401303520719412,-0.10207504802099399,-0.06672974363235873
2018-02-09,-0.044865479449386236,-0.0868991324183358,-0.0640855417560926
2018-02-12,-0.03665615729634064,-0.07106964717206532,-0.05195098786838548
2018-02-13,-0.0314190247456696,-0.06679652625598576,-0.04719346228219112
2018-02-14,-0.026432416879415332,-0.04954314200402388,-0.03593285843198013
2018-02-15,-0.026432415785429986,-0.032472016824790506,-0.027275068367087818
2018-02-16,-0.02643241469136115,-0.0359263958125976,-0.02901153468411144
2018-02-20,-0.02643241359720916,-0.03463919111145253,-0.028363315521211296
2018-02-21,-0.02643241250297368,-0.037549640679085616,-0.029828000273255717
2018-02-22,-0.02356930738906482,-0.03718085083661149,-0.02821556635129019
2018-02-23,-0.019952856228673932,-0.017993811734920873,-0.016733095504213646
2018-02-26,-0.01043537541365036,-0.004822745932276051,-0.005364733628973384
2018-02-27,-0.006886779361335638,-0.01745984960778668,-0.009896454562244528
2018-02-28,-0.012528741006651356,-0.023999817740926965,-0.016004042014548192
2018-03-01,-0.014645257599154804,-0.038791280612048396,-0.02451489604616497
2018-03-02,-0.01991382964524635,-0.030176691627615826,-0.022751527463276244
2018-03-05,-0.017464581515323374,-0.02017522501163982,-0.016491429182698636
2018-03-06,-0.012536047921651527,-0.015655769567575306,-0.011756498150635508
2018-03-07,-0.013914917635963087,-0.01332484689525859,-0.011276399214921962
2018-03-08,-0.011392427714711051,-0.008050724978177937,-0.007369243685227067
2018-03-09,-0.009777649959673451,0.0,0.0
2018-03-12,-0.0019869352444896737,0.0,0.0
2018-03-13,-0.003180533137584707,-0.011864896397760782,-0.0065304353070888554
2018-03-14,-0.006714929339483255,-0.012640370657063804,-0.008681524912577121
2018-03-15,-0.0070530593433739686,-0.014044077227700513,-0.009554922569827928
2018-03-16,-0.008835949530538567,-0.01558941652924073,-0.01122030923969941
2018-03-19,-0.009950967591709103,-0.03733494878784793,-0.022697499820741873
2018-03-20,-0.01443516695734326,-0.0343845006114043,-0.023413078195750003
2018-03-21,-0.013574950273778086,-0.03893778256430935,-0.02528939629083171
2018-03-22,-0.011158353208517657,-0.06294382930030595,-0.036268929668451744
2018-03-23,-0.020954886175422738,-0.08736776270768098,-0.05360241104316876
2018-03-26,-0.024027925255893923,-0.05290753766589218,-0.03722010520440788
2018-03-27,-0.014643239158751875,-0.08431775092832494,-0.0485564309740274
2018-03-28,-0.0265710926985131,-0.09399785727908039,-0.05934417427328387
2018-03-29,-0.029496436917365587,-0.07712533234611063,-0.051998660488081994
2018-04-02,-0.03066147812873854,-0.10380978023087484,-0.06627316105412229
2018-04-03,-0.03652269859617119,-0.09427551352382191,-0.06412930305851183
2018-04-04,-0.035694640679208245,-0.08007998743535327,-0.056393131720042344
2018-04-05,-0.035694474286344646,-0.0752027731969166,-0.05389165193203338
2018-04-06,-0.03569430788080752,-0.09786821705426307,-0.06548544462370165
2018-04-09,-0.03376339632183145,-0.09238100045995523,-0.061707723107359946
2018-04-10,-0.027427580298892695,-0.07225372732473956,-0.04822769308401764
2018-04-11,-0.027229315337331417,-0.076801400060579,-0.05046340309128883
2018-04-12,-0.027194571338367557,-0.06658982039286876,-0.0451949927457731
2018-04-13,-0.026414789542149486,-0.07050505390457518,-0.046814803808736816
2018-04-16,-0.028292630369070593,-0.06393666072089577,-0.04436614889576407
2018-04-17,-0.034273045893222887,-0.04413752678401073,-0.037200354364699484
2018-04-18,-0.028767625148659715,-0.04177604639944277,-0.033266678584470966
2018-04-19,-0.023552440183957968,-0.04995428488091547,-0.03479659735627094
2018-04-20,-0.028302027887471604,-0.06497857279080899,-0.0447760424766841
2018-04-23,-0.033115473959877684,-0.06763593937558121,-0.048499353782579524
2018-04-24,-0.029470964977878822,-0.0872331414981089,-0.056705808153801995
2018-04-25,-0.0338709747959165,-0.08654741471185368,-0.05848974644694804
2018-04-26,-0.039273746904888385,-0.06751674351293968,-0.05131468688163188
2018-04-27,-0.03500526272568927,-0.0665771996544714,-0.04872925930166039
2018-04-30,-0.035005197721116876,-0.07369810071910088,-0.05235775702737866
2018-05-01,-0.035005132711593445,-0.06298589842829638,-0.046878228943980416
2018-05-02,-0.035909052057313984,-0.06824173481865314,-0.04999772102157052
2018-05-03,-0.03492299225809736,-0.06838196524529017,-0.04958338405976859
2018-05-04,-0.0348974392954301,-0.05076341444261112,-0.04058376899309468
2018-05-07,-0.0313979833730178,-0.043366259437506716,-0.03510610915649859
2018-05-08,-0.031143451700140434,-0.04426233186371753,-0.03543123536223247
2018-05-09,-0.03245590957837219,-0.03336222080121953,-0.03058414558323641
2018-05-10,-0.029838918758072652,-0.023498412591569484,-0.024327040637000308
2018-05-11,-0.02857429132963263,-0.02503954498031058,-0.024461046808935127
2018-05-14,-0.027545731881973623,-0.023383423641727075,-0.023116037500349074
2018-05-15,-0.031537824038181506,-0.03401709689361465,-0.0304394682207344
2018-05-16,-0.036335071429350996,-0.028207350318041557,-0.029925180432302523
2018-05-17,-0.03540941225327299,-0.03218148060893544,-0.03144282492409178
2018-05-18,-0.03537740055614025,-0.03714283310335431,-0.03390932279815573
2018-05-21,-0.030946887373522025,-0.03163458194505098,-0.028927320157352443
2018-05-22,-0.031440994584823856,-0.03330472632629822,-0.030012295442328307
2018-05-23,-0.03340860063223883,-0.024889498423808942,-0.02677560514675914
2018-05-24,-0.028727561214296204,-0.025440604000492528,-0.024694043998141346
2018-05-25,-0.026638958650801015,-0.02386721861362473,-0.02285811058533338
2018-05-29,-0.02777084636615168,-0.028688340681406466,-0.025839305778729615
2018-05-30,-0.03131712918472995,-0.02170065852208236,-0.024111880756511828
2018-05-31,-0.02661751817703506,-0.02291224940822645,-0.022348899284172385
2018-06-01,-0.028551883199784744,-0.006617473833001153,-0.015168237976486032
2018-06-04,-0.023413111864090674,0.0,-0.008417777227075707
2018-06-05,-0.019885191756148668,0.0,-0.0050179510917602865
2018-06-06,-0.019396423578983968,0.0,-0.0017620410727455793
2018-06-07,-0.01740648576840298,-0.007940272507378499,-0.004712320161025851
2018-06-08,-0.020750492743712323,-0.007969398397798533,-0.006420534659748345
2018-06-11,-0.01606212977329413,-0.005769700197501226,-0.002940483028847196
2018-06-12,-0.01465197491733039,-0.00012482524465740052,0.0
2018-06-13,-0.013121006428302606,-0.0006685085324987794,0.0
2018-06-14,-0.015006105334411934,0.0,0.0
2018-06-15,-0.010312526142906786,-0.0032735360095829114,0.0
2018-06-18,-0.01031248305837762,-0.003871097135965007,-0.000299740077648325
2018-06-19,-0.019065172947155817,-0.007081442773562818,-0.006331288574649596
2018-06-20,-0.016905693630999252,0.0,-0.0016171504642531476
2018-06-21,-0.011583962437127338,-0.00868321908165548,-0.0032494930506816733
2018-06-22,-0.012991437613957713,-0.01142745693757885,-0.005338804610941272
2018-06-25,-0.012285519266851952,-0.03331268516394692,-0.01599311886797694
2018-06-26,-0.017316800903696472,-0.029188087425539466,-0.016400068823999803
2018-06-27,-0.02290970927889857,-0.04272110824356412,-0.02605477404469614
2018-06-28,-0.026885179632291534,-0.03421506968413779,-0.023709046257826993
2018-06-29,-0.016635758106862353,-0.0329514566573863,-0.017928929591127685
2018-07-02,-0.016354806728543725,-0.025119802876367836,-0.013811981689427877
2018-07-03,-0.00785754683932316,-0.03655687426088927,-0.01533723467244108
2018-07-05,-0.004546925259588774,-0.024676164824584346,-0.007623213320034017
2018-07-06,0.0,-0.010078687380763784,0.0
2018-07-09,0.0,-0.0006469149299999088,0.0
2018-07-10,0.0,0.0,0.0
2018-07-11,-0.004052581423107049,-0.005303051108120793,-0.004677816265614032
2018-07-12,-0.0015408373170044953,0.0,0.0
2018-07-13,0.0,0.0,0.0
2018-07-16,0.0,-0.002429560374304085,-0.0010389785397237894
2018-07-17,-0.003459269518145902,0.0,0.0
2018-07-18,-0.00024082140947312425,-0.001858482500415315,0.0
2018-07-19,0.0,-0.006959854887093275,-0.00026219386403703027
2018-07-20,0.0,-0.007247541495079002,0.0
2018-07-23,-0.0003991930127337229,-0.00433690938141984,0.0
2018-07-24,0.0,0.0,0.0
2018-07-25,0.0,0.0,0.0
2018-07-26,0.0,-0.014362217140634792,-0.005092925665837744
2018-07-27,0.0,-0.028209024597161236,-0.011258223442002002
2018-07-30,-0.0028283640752592154,-0.0420172096225786,-0.01968100384331739
2018-07-31,-0.00955660261283009,-0.03683914023804713,-0.020338867716772957
2018-08-01,-0.004908652678425662,-0.031390713835753314,-0.015269309514383878
2018-08-02,-0.010550300420863135,-0.018171187932754296,-0.011340988663311125
2018-08-03,-0.0041847739578303456,-0.015062748132472104,-0.0065957368384954584
2018-08-06,-0.004014717165088277,-0.009268051658167242,-0.0035886590179144973
2018-08-07,-0.0017738949710780494,-0.00611832581083771,-0.0008838777764990091
2018-08-08,-0.005383692757450209,-0.005199378312039649,-0.002228492268784632
2018-08-09,-0.007099337602555211,-0.005544316576081232,-0.003262020139620736
2018-08-10,-0.007966665915753235,-0.013356702123833886,-0.007612517869167612
2018-08-13,-0.013608301949037616,-0.014306281205925142,-0.010911896635746987
2018-08-14,-0.01377799629594656,-0.008179964547271545,-0.007923268972125475
2018-08-15,-0.013384642712994776,-0.020500520071011774,-0.013887296724512832
2018-08-16,-0.020562315739886317,-0.01788484921936051,-0.01615763936843473
2018-08-17,-0.020034394266988054,-0.017453343437316304,-0.01567635923373878
2018-08-20,-0.020336803124740732,-0.018268409914510952,-0.016236506371064885
2018-08-21,-0.020662980068177905,-0.014831013545818728,-0.014678022037759142
2018-08-22,-0.021117303773685703,-0.011185855133919786,-0.013083709887015016
2018-08-23,-0.017855219419964596,-0.012618880508856956,-0.012154419375082548
2018-08-24,-0.017545560724360088,-0.0030884626807428095,-0.007231240875566702
2018-08-27,-0.014988039967637645,0.0,-0.0010497481774296435
2018-08-28,-0.010242372483538653,0.0,0.0
2018-08-29,-0.009524215539017722,0.0,0.0
2018-08-30,-0.005380984965046465,-0.002285847068867808,0.0
2018-08-31,-0.006135980333672242,-0.0007349696743418344,0.0
2018-09-04,-0.0056865210079825035,-0.004942442605787467,-0.0018791666724575773
2018-09-05,-0.008316152835245005,-0.01787425360761763,-0.009684827919609229
2018-09-06,-0.011400763354594945,-0.027024169144850396,-0.015838110477531253
2018-09-07,-0.012800259756390764,-0.030014960483957354,-0.01804730570271129
2018-09-10,-0.01116820766308757,-0.027740862486260176,-0.016084539014864174
2018-09-11,-0.009287370578839771,-0.019883344777799183,-0.011172935725192512
2018-09-12,-0.005882121834066112,-0.022469445887694617,-0.010778093901184449
2018-09-13,-0.007647025961632581,-0.012857400217749726,-0.00679269664682014
2018-09-14,-0.003957536171288911,-0.014970927576114623,-0.006009619700738877
2018-09-17,-0.005958431943631104,-0.02943142328248194,-0.014304031503420633
2018-09-18,-0.009624820309378834,-0.02164178909633996,-0.012166312723163264
2018-09-19,-0.006649631192045313,-0.022174413656076086,-0.01095142715236297
2018-09-20,-0.006183860023599608,-0.011897892738813032,-0.005522315292745716
2018-09-21,-0.0018628343351598797,-0.016854695320475677,-0.0058547570746096955
2018-09-24,-0.001862772724153916,-0.014546655561618604,-0.004687794741500162
2018-09-25,-0.00261631265279072,-0.012661582364905333,-0.0041115322327113235
2018-09-26,0.0,-0.012674636888428181,-0.0026124643539473524
2018-09-27,-0.0027510246773412295,-0.0039959896503738435,0.0
2018-09-28,-0.0007333057830957168,-0.004246636502014511,0.0
2018-10-01,-0.0007332441732366135,-0.001922931314930043,0.0
2018-10-02,-0.0007331825586847085,-0.004164393003819877,-0.0011228592550708294
2018-10-03,-0.0007331209394398908,-0.0029699041014701333,-0.0005237598707161784
2018-10-04,-0.0007330593155016052,-0.0222161881313494,-0.010170480779132851
2018-10-05,-0.0007329976868696297,-0.03409449908487794,-0.01618277254915612
2018-10-08,-0.005165273440925877,-0.040124383500126704,-0.021435497697186445
2018-10-09,-0.0049146121903482776,-0.03767013307781297,-0.020061199340258185
2018-10-10,-0.00460228371343685,-0.08037409042607369,-0.04165009424115362
2018-10-11,-0.025588572256321496,-0.09087906550498837,-0.05722635459400005
2018-10-12,-0.017164010602833457,-0.06566033696336138,-0.04007471858633638
2018-10-15,-0.017281809086098776,-0.07721881209057768,-0.046069738947124184
2018-10-16,-0.016325753570175072,-0.050096734019305034,-0.03158691398365865
2018-10-17,-0.006410524587677102,-0.04980953450180037,-0.026559816187472274
2018-10-18,-0.008800165768851786,-0.07102835703599664,-0.03859941411767409
2018-10-19,-0.010613036892348271,-0.07218498782012972,-0.04007710224375949
2018-10-22,-0.01284353101516178,-0.06774906072703268,-0.03886441891057879
2018-10-23,-0.0173305155937864,-0.07069155032910468,-0.04256560350890637
2018-10-24,-0.015820702586686997,-0.11370881624191609,-0.06398968471468536
2018-10-25,-0.025347889179098693,-0.08404371698837365,-0.05285550656551108
2018-10-26,-0.02380262705260172,-0.10545183011365267,-0.06317320998550224
2018-10-29,-0.025530875877878723,-0.12353234519293277,-0.07347000686806571
2018-10-30,-0.028599580269032865,-0.11097128265915424,-0.06828961190820193
2018-10-31,-0.024334547009396745,-0.09047829163283361,-0.055505803986619195
2018-11-01,-0.020576831389802264,-0.07715353947296266,-0.04676841873456117
2018-11-02,-0.016016159647420758,-0.09071457850859899,-0.051552834332351805
2018-11-05,-0.021124424336080305,-0.0943959541420698,-0.055934687786404536
2018-11-06,-0.018989755240808925,-0.08763893276659285,-0.051383312218060806
2018-11-07,-0.015056337015353805,-0.05966569976162439,-0.03493912505308516
2018-11-08,-0.006526636749916936,-0.06548018453874449,-0.03374405810667236
2018-11-09,-0.009447712812687636,-0.08107250743455108,-0.0432255006088792
2018-11-12,-0.00993956494319348,-0.10849353409449891,-0.0577382360205414
2018-11-13,-0.016118210884506046,-0.10825724721873364,-0.06055354140547842
2018-11-14,-0.015416485057385798,-0.11622572837713996,-0.06441590181652446
2018-11-15,-0.014710930927161026,-0.10048458391317172,-0.055748709577878364
2018-11-16,-0.013926164798749863,-0.1035432587745978,-0.05697806589826049
2018-11-19,-0.013813422405076436,-0.13279844598951973,-0.07231155938260381
2018-11-20,-0.01793085871328004,-0.14793647146672784,-0.08234510718773569
2018-11-21,-0.021233570071515606,-0.1415789185110531,-0.08046467300964166
2018-11-23,-0.02457545765224911,-0.14788555882498822,-0.0854123147925705
2018-11-26,-0.023921093948867433,-0.12817453375769217,-0.07452746423359624
2018-11-27,-0.023007179544085488,-0.12521115691798357,-0.07252133579821751
2018-11-28,-0.02323894170176144,-0.09749770893112153,-0.05794000910597352
2018-11-29,-0.02126744085487875,-0.10023002070447418,-0.058415315162020365
2018-11-30,-0.017946848825673323,-0.0928398549381344,-0.052951232599737
2018-12-03,-0.01765898712366587,-0.07807257792897804,-0.04510412850604617
2018-12-04,-0.02138771911201698,-0.11291771211642543,-0.06496201112886169
2018-12-06,-0.02314445619727057,-0.10722071805101185,-0.06279878200711608
2018-12-07,-0.022627751304424182,-0.13666780676172097,-0.07800705946889386
2018-12-10,-0.023125929668993073,-0.12760013472268283,-0.07340013877430107
2018-12-11,-0.024451402929675625,-0.12479341216524953,-0.07253821951750294
2018-12-12,-0.02213240835510677,-0.11699725071734612,-0.06730505624662586
2018-12-13,-0.02268024270244484,-0.11647376432407597,-0.06728984664608417
2018-12-14,-0.029947293821845578,-0.13905939547112478,-0.08267898172158927
2018-12-17,-0.03219230892239611,-0.1581934105987065,-0.09393399234582511
2018-12-18,-0.03513651275817853,-0.15256299460325984,-0.09228207365032959
2018-12-19,-0.03546257465628189,-0.1719554892965961,-0.1028214214540526
2018-12-20,-0.02741949144157474,-0.1849799874154393,-0.10613668747231442
2018-12-21,-0.026570518451703662,-0.21065040247096012,-0.11982341556335685
2018-12-24,-0.026020131247144085,-0.2298679665490888,-0.13028900737477556
2018-12-26,-0.027494555877103588,-0.18242521716199855,-0.10415872206293741
2018-12-27,-0.031100199005846596,-0.17909239730659043,-0.10399348883302417
2018-12-28,-0.030978082430928144,-0.17948794936933565,-0.10415289327918975
2018-12-31,-0.03097808169215055,-0.17365388280693117,-0.10096803316243064
2019-01-02,-0.037546422693739645,-0.16961872958598856,-0.10181995277052347
2019-01-03,-0.03312655997661018,-0.19752146816393312,-0.11484807009262532
2019-01-04,-0.03239259895497382,-0.16155103404880777,-0.09467400701193085
2019-01-07,-0.027226455117074,-0.15298987752245996,-0.08763518902218315
2019-01-08,-0.027505695476770398,-0.14468720056186635,-0.08329448610586476
2019-01-09,-0.02918813674264009,-0.13831137127325965,-0.08067071163446426
2019-01-10,-0.025567328709142134,-0.1356678302598633,-0.07754612685420681
2019-01-11,-0.02670744631484523,-0.13821868415624683,-0.07944696979412913
2019-01-14,-0.028997712000508047,-0.14609839455469698,-0.0847385968786909
2019-01-15,-0.03392043444987258,-0.12931027730418843,-0.07806142217058831
2019-01-16,-0.03473643961626449,-0.1294512661582362,-0.07852542650637007
2019-01-17,-0.029331466458089817,-0.12293836437263861,-0.07249858913433793
2019-01-18,-0.02652355499286163,-0.1143014916098577,-0.06659028000902667
2019-01-22,-0.025993715301769527,-0.1322906250244772,-0.07581535397132055
2019-01-23,-0.028587686754282915,-0.13073060946348514,-0.07621522230464906
2019-01-24,-0.028870993057614758,-0.12501403361278696,-0.07331238763866244
2019-01-25,-0.025785816804155814,-0.11394118676062415,-0.065976829745096
2019-01-28,-0.027106835694224563,-0.12572681059713975,-0.07282189308899445
2019-01-29,-0.03035608025534131,-0.13412086922239397,-0.07882118062238241
2019-01-30,-0.03057692766947584,-0.1112597876290109,-0.06676552860949092
2019-01-31,-0.02205662400342434,-0.09834494750776046,-0.0558837013900213
2019-02-01,-0.01589448384022918,-0.10243362427514713,-0.055049817087985176
2019-02-04,-0.01589420945867348,-0.09141038461237161,-0.04924709926440496
2019-02-05,-0.015893935056218944,-0.08311292946118698,-0.044905716593116374
2019-02-06,-0.015893660632864237,-0.08649405105362995,-0.04666659086579272
2019-02-07,-0.015893386188607583,-0.09858776164528704,-0.052976946859552454
2019-02-08,-0.015893111723447206,-0.097523817978167,-0.05241792557023495
2019-02-11,-0.016963024435050045,-0.09803816620497108,-0.053203054904647495
2019-02-12,-0.01409776619827885,-0.08426825479296773,-0.04459604412132678
2019-02-13,-0.007472210821076741,-0.08411029505834022,-0.04130334365960486
2019-02-14,-0.008157422114726476,-0.08325652921993953,-0.04118743668989422
2019-02-15,-0.011905846370580786,-0.07897986731382245,-0.04076277608178569
2019-02-19,-0.012035935332608605,-0.07748773527514985,-0.040048897451382404
2019-02-20,-0.015200071492005751,-0.07804516342957968,-0.041876132494491514
2019-02-21,-0.01547143770502446,-0.08159338292311635,-0.04385184974579137
2019-02-22,-0.01834010200135794,-0.07435203872493823,-0.04147537317049721
2019-02-25,-0.018740058859347375,-0.07111451689124748,-0.03999438341264627
2019-02-26,-0.02193642112704719,-0.07009756950881008,-0.041032438649804104
2019-02-27,-0.02143683427407128,-0.07090956087193723,-0.04120620779432982
2019-02-28,-0.023459031677275477,-0.07345127660185491,-0.043508367469542564
2019-03-01,-0.020240937606443077,-0.06639661209005487,-0.03829103207539264
2019-03-04,-0.02150708717616523,-0.06649321556412457,-0.038962199560219846
2019-03-05,-0.0252115745208632,-0.06571516596215699,-0.04038090354468704
2019-03-06,-0.024112642415856533,-0.07150093078752662,-0.04281131451328768
2019-03-07,-0.028001881743088264,-0.082674297470816,-0.050477979738545176
2019-03-08,-0.0393573957833151,-0.0841350986530337,-0.056780482770105056
2019-03-11,-0.03745649419415342,-0.06477132391144791,-0.04587620885136856
2019-03-12,-0.02820971572973452,-0.05990720844679831,-0.03881206768031864
2019-03-13,-0.030352656972832404,-0.0526358388445175,-0.036154580951142545
2019-03-14,-0.026823628580502468,-0.054459555780672964,-0.03532834683161834
2019-03-15,-0.025234287355796692,-0.04610727163069217,-0.030279982600552646
2019-03-18,-0.01668798220808554,-0.04358905404311597,-0.024748948890205624
2019-03-19,-0.01512833574237571,-0.04058651363283827,-0.022444675110095846
2019-03-20,-0.017543208327476467,-0.03647825508016722,-0.02155017026678996
2019-03-21,-0.01845040414822363,-0.02178930521214828,-0.014543653440574178
2019-03-22,-0.01282348201775052,-0.043617773994866105,-0.022714070904159223
2019-03-25,-0.025799807791660134,-0.0448057356354542,-0.02974419193882316
2019-03-26,-0.022732578537004056,-0.04034239404295903,-0.025949926801090206
2019-03-27,-0.0205055488231789,-0.045950617348416656,-0.02768624416859078
2019-03-28,-0.021881932098637646,-0.044347521859798955,-0.027552498040457007
2019-03-29,-0.01812498646436178,-0.03673673464592153,-0.021812644392324665
2019-04-01,-0.013707741191572698,-0.02372790195530583,-0.01300712577467622
2019-04-02,-0.011850629138751123,-0.020957732063736634,-0.01067761511095533
2019-04-03,-0.008683752702673853,-0.015040116550785187,-0.006102421461225305
2019-04-04,-0.00677967019979786,-0.015614515585794853,-0.0054377067636415255
2019-04-05,-0.0067795906608629775,-0.010618549433563329,-0.0029138591273604186
2019-04-08,-0.00419376183124065,-0.007890154017267559,-0.0002410913009761595
2019-04-09,-0.005193226136190554,-0.011969692618188255,-0.0027983027562696883
2019-04-10,-0.008832823534511647,-0.006356247503321533,-0.0017897065301547554
2019-04-11,-0.005724719272620971,-0.008523298408130375,-0.001313116555579641
2019-04-12,-0.00556495948068958,-0.004181363884398603,0.0
2019-04-15,-0.0024263326150543163,-0.004054735006225996,0.0
2019-04-16,-0.000163451990211394,-0.0007114715319995746,0.0
2019-04-17,0.0,0.0,0.0
2019-04-18,0.0,0.0,0.0
2019-04-22,-0.0012062076867196403,0.0,0.0
2019-04-23,0.0,0.0,0.0
2019-04-24,0.0,-0.003367171486331033,0.0
2019-04-25,0.0,0.0,0.0
2019-04-26,0.0,0.0,0.0
2019-04-29,0.0,0.0,0.0
2019-04-30,0.0,-0.007345287178021742,-0.002471196371138795
2019-05-01,0.0,-0.011122535412499412,-0.004369070501559769
2019-05-02,0.0,-0.014667612360697135,-0.006153691009439632
2019-05-03,0.0,0.0,0.0
2019-05-06,-0.011956677305763441,-0.006581924180414034,-0.009269300743088627
2019-05-07,-0.005941697029775428,-0.026202788013352518,-0.016037523454153768
2019-05-08,-0.015887925032148975,-0.029083335776275643,-0.022415438255558362
2019-05-09,-0.015852603381857677,-0.033518869499715054,-0.024630892239320024
2019-05-10,-0.015152716928221621,-0.033037078767686245,-0.02404095970347231
2019-05-13,-0.014311076487379615,-0.06648202270534398,-0.04050198651657744
2019-05-14,-0.022169283904258874,-0.05657217365369427,-0.03923386803331319
2019-05-15,-0.019728919549167778,-0.0436517698161929,-0.031456052394854384
2019-05-16,-0.01753761560935463,-0.03385153452897305,-0.025410902064113783
2019-05-17,-0.013108084848766799,-0.04359696293397808,-0.028129169483642524
2019-05-20,-0.014769866483675176,-0.0597815627099072,-0.037170589345437155
2019-05-21,-0.017060553435333747,-0.050308894137320426,-0.03343965499759605
2019-05-22,-0.01646659298247133,-0.05417851493742454,-0.03511680165257769
2019-05-23,-0.018146473027765397,-0.06854684012832457,-0.043269763725522825
2019-05-24,-0.019561685039584886,-0.0694352214516687,-0.04441550855519916
2019-05-28,-0.01817307481554109,-0.07231322005727969,-0.04521649295985675
2019-05-29,-0.02198510705278378,-0.08015442794998073,-0.05110513036012332
2019-05-30,-0.024818362171458497,-0.07651678046529808,-0.05060331503806248
2019-05-31,-0.02546254688018379,-0.09148543220324978,-0.05861123120875111
2019-06-03,-0.02657581742333881,-0.11059646457372385,-0.06905021099547626
2019-06-04,-0.024284244345234796,-0.08654134159600235,-0.05536502087730344
2019-06-05,-0.014868452368038909,-0.07963949817289218,-0.047238390203032776
2019-06-06,-0.012887497312200624,-0.07262549182803946,-0.04264999175390072
2019-06-07,-0.012887395378805788,-0.05460804794455121,-0.03335003171689732
2019-06-10,-0.005917374907943529,-0.043820014198806656,-0.02442195865663266
2019-06-11,-0.0065815339001358275,-0.04230071644066302,-0.02397279667976626
2019-06-12,-0.00555436056737868,-0.04759786533566701,-0.026167462511208717
2019-06-13,-0.005052575918030766,-0.04270475787466588,-0.023420166071691062
2019-06-14,-0.00031179566188488383,-0.04672860269216528,-0.02314598772763743
2019-06-17,-0.003983367622739209,-0.04068582528330722,-0.02184370826512394
2019-06-18,-0.0025747807434470804,-0.026808212875029214,-0.014076951112111491
2019-06-19,0.0,-0.022686225501005408,-0.010540020286165519
2019-06-20,0.0,-0.01372338839088294,-0.002608672804768619
2019-06-21,0.0,-0.014906197383800168,-0.00048183827973447
2019-06-24,0.0,-0.01564035468974867,0.0
2019-06-25,0.0,-0.03239851486095002,-0.006884179432725901
2019-06-26,-0.003648476539821921,-0.02787248605292325,-0.006373172302436059
2019-06-27,-0.00717220942711283,-0.024048750084440962,-0.0061760702687264635
2019-06-28,-0.007917511628269924,-0.022260516229847482,-0.0056386042952342175
2019-07-01,-0.0058478914777917446,-0.00988945579315148,0.0
2019-07-02,-0.005132434466198377,-0.005851590610434276,0.0
2019-07-03,0.0,0.0,0.0
2019-07-05,0.0,-0.0020858547486601875,-0.0009249003076681195
2019-07-08,-0.004391433774540543,-0.009150271899247664,-0.006654904255652183
2019-07-09,-0.007582627485447246,-0.003923544960414582,-0.005626928599919645
2019-07-10,-0.008029974269990303,0.0,-0.0009889834735845593
2019-07-11,-0.0016786557228598564,-0.0008376141913605251,0.0
2019-07-12,-0.002984302198925204,0.0,0.0
2019-07-15,-0.0010918162193359615,0.0,0.0
2019-07-16,-0.002927205748633699,-0.005001926714556348,-0.0034196611711008185
2019-07-17,-0.004829654787433024,-0.009811809567800922,-0.006779181691465186
2019-07-18,-0.010149456309742622,-0.00788258463423197,-0.008466304974126704
2019-07-19,-0.005151830551839209,-0.016572255561427385,-0.010305522234207776
2019-07-22,-0.009764858675293642,-0.007758320959265652,-0.00816503769301069
2019-07-23,-0.005638947872980138,-0.0015526683427621313,-0.0029971949176370583
2019-07-24,-0.0019493883407672996,0.0,0.0
2019-07-25,0.0,-0.010079132550454895,-0.0035992877171049376
2019-07-26,-0.0038477691430697236,0.0,-4.537778476132459e-05
2019-07-29,-0.00039101726170265305,-0.003476384410530109,-4.851782722292697e-05
2019-07-30,-0.0004408023166334596,-0.008042958980659765,-0.002364560276848171
2019-07-31,-0.004734345909036208,-0.020976805393572495,-0.011011143103707544
2019-08-01,-0.012834241444166672,-0.02691796755624032,-0.018036368435680905
2019-08-02,-0.008111013806102574,-0.040433082406651,-0.02250643534774599
2019-08-05,-0.003041972601456999,-0.07499859672319287,-0.03761433254216673
2019-08-06,-0.009917822523479836,-0.06182276302084977,-0.0340788677819156
2019-08-07,-0.0037475551626559023,-0.05800834481941408,-0.029105411508361434
2019-08-08,0.0,-0.036437797416723594,-0.015515269371074614
2019-08-09,0.0,-0.046237035281497474,-0.01696144974166902
2019-08-12,-0.00039907269818217905,-0.05678842951496532,-0.022595235371788203
2019-08-13,-0.002077243735108203,-0.036023674838935316,-0.012656930924470733
2019-08-14,-0.002807327336068144,-0.06571327000916838,-0.028222737486422345
2019-08-15,-0.009695184014678837,-0.06636688516206302,-0.03191881208765557
2019-08-16,-0.008562355862307136,-0.05149589307654434,-0.02365526697953113
2019-08-19,-0.005582752561854032,-0.03712509121299279,-0.014791837132660635
2019-08-20,-0.004703620298066258,-0.04396684524663386,-0.017856563751321053
2019-08-21,-0.005170211546066783,-0.03539126475779475,-0.013681881996879475
2019-08-22,-0.0027216342652710557,-0.0386081988786261,-0.014112735306305968
2019-08-23,-0.0011281190335049596,-0.06884787855730701,-0.028830159190115334
2019-08-26,0.0,-0.05512445506084018,-0.02042870019001064
2019-08-27,0.0,-0.056245829149489834,-0.018954827099844973
2019-08-28,-0.00018708649938570243,-0.05351785903616757,-0.017628716414233248
2019-08-29,0.0,-0.03924684574557691,-0.008584014279788721
2019-08-30,-0.0004206661789124544,-0.04065760669581364,-0.009520434849658255
2019-09-03,0.0,-0.050822320209057525,-0.014379503117961434
2019-09-04,0.0,-0.03713382271312715,-0.006042224398936091
2019-09-05,0.0,-0.01926044193864307,0.0
2019-09-06,-0.005184091553101622,-0.020507799100656143,-0.0032279725890058675
2019-09-09,-0.003131167994472439,-0.02301997642495035,-0.003477740562617293
2019-09-10,-0.00773848823097778,-0.025222809173065297,-0.006904047460330576
2019-09-11,-0.0050428620347299224,-0.01613705960496281,-0.0009268529444326212
2019-09-12,-0.0030162772068730304,-0.012424924690812023,0.0
2019-09-13,-0.0030160399612061406,-0.01546598145179967,-0.0015395395399601108
2019-09-16,-0.003429083164735558,-0.02052401474376231,-0.0043111571147190775
2019-09-17,-0.004880106734384104,-0.015986129388359083,-0.002729527202590565
2019-09-18,-0.003949438356595558,-0.01601481860308529,-0.0022777252252921265
2019-09-19,-0.0037541740037009275,-0.014364565077742086,-0.001343283102766435
2019-09-20,0.0,-0.02412388751333172,-0.004356780327418264
2019-09-23,-0.0014375684123726362,-0.024740081951366233,-0.005386770909435512
2019-09-24,-0.0008380861806720485,-0.03828263865934112,-0.011993864595922998
2019-09-25,-0.0064301789894603,-0.026619849194519873,-0.008767895460639608
2019-09-26,-0.010414197720091667,-0.030555261040670745,-0.01275901191202744
2019-09-27,-0.01136627669931467,-0.04183261714243025,-0.018976111578849597
2019-09-30,-0.008359189501945363,-0.03336680408384807,-0.013150261279637587
2019-10-01,-0.008359107261841636,-0.041513293708954735,-0.017308654597835704
2019-10-02,-0.008359025015474031,-0.05814680146439788,-0.025835390486334764
2019-10-03,-0.008358942762841659,-0.0472187053680021,-0.020183851272142284
2019-10-04,-0.008358860503944743,-0.0327867830035119,-0.01276309893908556
2019-10-07,-0.008358778238782283,-0.03640037670186358,-0.014607259961289865
2019-10-08,-0.014075144648614368,-0.051475935361952385,-0.02515568978733418
2019-10-09,-0.014725213600925713,-0.040716232482428394,-0.01994793632851799
2019-10-10,-0.013480423757115667,-0.03450065174411776,-0.01615376719271655
2019-10-11,-0.00871708449316777,-0.021588010402959323,-0.007199544792908186
2019-10-14,-0.006837273565212465,-0.021781350763071194,-0.006356292247863271
2019-10-15,-0.0030385741491901763,-0.009242916570516568,0.0
2019-10-16,0.0,-0.012066933185314044,0.0
2019-10-17,-0.0008701199064342635,-0.009331478929019421,0.0
2019-10-18,-0.000897038030280739,-0.018518264427245246,-0.004650130423972332
2019-10-21,-0.0020347934597826356,-0.009557250575343956,-0.0006730556086839146
2019-10-22,0.0,-0.017753634486931347,-0.0028870470377805324
2019-10-23,-0.0032478471674838305,-0.01590130910134213,-0.0035661018403776445
2019-10-24,-0.001077059689206239,-0.0062654750247918,0.0
2019-10-25,-0.0005959035528485535,0.0,0.0
2019-10-28,0.0,0.0,0.0
2019-10-29,0.0,-0.007787272814699597,-0.0033364928336551136
2019-10-30,-0.0011328043541121158,-0.0033979930141406767,-0.0016965207923199666
2019-10-31,-7.71764499221117e-05,-0.0033092210631181507,-0.0011245429605478696
2019-11-01,0.0,0.0,0.0
2019-11-04,0.0,0.0,0.0
2019-11-05,0.0,-5.8460586603192866e-05,0.0
2019-11-06,-0.003886547549142416,-0.0017818299625120826,-0.0028050088400630724
2019-11-07,-0.002219850072139651,0.0,-0.0005338556107526982
2019-11-08,-0.00406156585002837,0.0,0.0
2019-11-11,-0.004890582058533877,-0.0016933365149002233,-0.0012628667794064574
2019-11-12,0.0,0.0,0.0
2019-11-13,0.0,-0.00048161920861988783,-7.843524180051187e-05
2019-11-14,-3.6508149200309425e-05,-0.0007212187144155502,-0.00021653596214943338
2019-11-15,0.0,0.0,0.0
2019-11-18,0.0,0.0,0.0
2019-11-19,0.0,0.0,0.0
2019-11-20,-0.005322648117836115,-0.006594521474467374,-0.005958584796151856
2019-11-21,-0.010345586290807729,-0.008768710860393658,-0.009556238806411765
2019-11-22,-0.007650142433833551,-0.007997611149886064,-0.007822198398146907
2019-11-25,-0.0024125563587190646,0.0,0.0
2019-11-26,0.0,0.0,0.0
2019-11-27,0.0,0.0,0.0
2019-11-29,-0.0012019253204672564,-0.0048574788240211,-0.003029702072244067
2019-12-02,0.0,-0.016039627174882165,-0.005857808053024827
2019-12-03,-0.010304554072107952,-0.022495739936599257,-0.014241363682079178
2019-12-04,-0.014893764408009158,-0.0175470797694649,-0.014031617208931868
2019-12-05,-0.009516476235615023,-0.016141466077579825,-0.010635298405128668
2019-12-06,-0.009065116725939792,-0.0056058763415201,-0.005112597471612523
2019-12-09,-0.004971782205290598,-0.009706668435031873,-0.005109179882144543
2019-12-10,-0.008487669334434012,-0.010707294862700834,-0.007369516646563268
2019-12-11,-0.009724825287837469,-0.004985369539036721,-0.0051181769347203865
2019-12-12,-0.00552009874793602,0.0,0.0
2019-12-13,-0.003093384507492747,0.0,0.0
2019-12-16,0.0,0.0,0.0
2019-12-17,0.0,0.0,0.0
2019-12-18,-0.003945961690438371,0.0,-0.0016861237956489195
2019-12-19,-0.0058136850976872045,0.0,0.0
2019-12-20,-0.0015656747974642782,0.0,0.0
2019-12-23,0.0,0.0,0.0
2019-12-24,0.0,0.0,0.0
2019-12-26,0.0,0.0,0.0
2019-12-27,0.0,-0.0008350126618904552,0.0
2019-12-30,0.0,-0.007812437701562147,-0.002841276992235464
2019-12-31,-0.0004330500236591206,-0.005153611572158989,-0.0017211129690409832
2020-01-02,0.0,0.0,0.0
2020-01-03,0.0,-0.008827553870395466,-0.002629282845654113
2020-01-06,-0.00016818589087153057,-0.002671259278962723,0.0
2020-01-07,0.0,-0.0029045717982645325,0.0
2020-01-08,-0.006859132312669769,0.0,0.0
2020-01-09,-0.0008855805555950669,0.0,0.0
2020-01-10,0.0,-0.0025573911273322203,-5.4427861876149564e-05
2020-01-13,-0.0017679281902325261,0.0,0.0
2020-01-14,0.0,-0.004104446759603753,0.0
2020-01-15,0.0,-0.003856393973970862,0.0
2020-01-16,0.0,0.0,0.0
2020-01-17,0.0,0.0,0.0
2020-01-21,-0.00041968326114993904,-0.0007739490915908975,-0.0005968161763704183
2020-01-22,-0.004609421052189533,0.0,-0.0014947508840650325
2020-01-23,-0.006609432474401378,0.0,-0.0009547991210567819
2020-01-24,-0.006609383453274886,-0.008192488211974047,-0.00504710748668824
2020-01-27,-0.006609334428414937,-0.028729583876714426,-0.015348196051205187
2020-01-28,-0.006609285399820419,-0.013675846101434463,-0.007717603678756291
2020-01-29,-0.006609236367491889,-0.012517115150515568,-0.007134713850935559
2020-01-30,-0.006609187331428679,-0.008776193503728713,-0.005254033337407815
2020-01-31,-0.006609138291630345,-0.024462459504088985,-0.013125011141746246
2020-02-03,-0.03288094637081618,-0.009845958220588424,-0.018781568582860952
2020-02-04,-0.019915328488715467,0.0,-0.0010316927197704384
2020-02-05,-0.011199358971383355,0.0,0.0
2020-02-06,-0.002803820308635463,0.0,0.0
2020-02-07,0.0,-0.004744905737080085,-0.0007596855057429019
2020-02-10,0.0,0.0,0.0
2020-02-11,0.0,0.0,0.0
2020-02-12,0.0,0.0,0.0
2020-02-13,0.0,-0.0018204135979694724,0.0
2020-02-14,-0.01878047801730942,0.0,-0.007937504971533893
2020-02-18,-0.028331751291674312,0.0,-0.012445315373995736
2020-02-19,-0.02934816248467509,0.0,-0.008401857882929686
2020-02-20,-0.02971751043464188,-0.00935307390986262,-0.013227762409461774
2020-02-21,-0.03217837108356325,-0.027991311621991533,-0.02376177289762349
2020-02-24,-0.037660254672368,-0.06575962085581133,-0.04549287707894467
2020-02-25,-0.037759537680371213,-0.09094398136381998,-0.05840746056571189
2020-02-26,-0.04108114167102106,-0.08694242972075561,-0.05796023810104223
2020-02-27,-0.04474546529732615,-0.1319164129469591,-0.0829609214939393
2020-02-28,-0.05698117374745426,-0.1293275973301038,-0.08746662195403665
2020-03-02,-0.05273840525874174,-0.08650821660854857,-0.06297477195390455
2020-03-03,-0.054302939597560496,-0.11567766570323479,-0.07870904305936322
2020-03-04,-0.04997834372278542,-0.07917186710609292,-0.057586596686525326
2020-03-05,-0.04985457241682134,-0.10773732781958134,-0.07214274062703563
2020-03-06,-0.04843690188657712,-0.12227832237339642,-0.07901106854115447
2020-03-09,-0.05817518166108071,-0.1821945871528481,-0.11515867797833224
2020-03-10,-0.05912678663178017,-0.13854279314272544,-0.0919907164057161
2020-03-11,-0.06039878627509654,-0.17621746874334399,-0.11245978539691182
2020-03-12,-0.06776144695113939,-0.25261325296617976,-0.15709140818100453
2020-03-13,-0.07626238099616489,-0.17733489869561148,-0.11848482539982308
2020-03-16,-0.08629578090745338,-0.27764430126158457,-0.17701478275803206
2020-03-17,-0.09758340394889486,-0.23097462322752027,-0.15551268129610507
2020-03-18,-0.09297287032073853,-0.2617162942071648,-0.17023452286338214
2020-03-19,-0.09887452698019694,-0.2500542766390257,-0.16638045884147346
2020-03-20,-0.09024540093458056,-0.2803288083936891,-0.17921529082997423
2020-03-23,-0.0849606003332175,-0.2790292558801406,-0.17609023577777339
2020-03-24,-0.07331305514051878,-0.22275544232631195,-0.13869221000985876
2020-03-25,-0.06135301698011941,-0.23142015469099342,-0.1379350143518966
2020-03-26,-0.0668240481356972,-0.18743189696596152,-0.11577799152282686
2020-03-27,-0.06353764791250838,-0.21920148002876916,-0.13150653757326136
2020-03-30,-0.06495772505221098,-0.18826739707760176,-0.11496082774371896
2020-03-31,-0.06355492922847139,-0.1960369307512403,-0.11853253370751549
2020-04-01,-0.07128996834002876,-0.22970491000367355,-0.1406298312561728
2020-04-02,-0.06837208204234069,-0.21433561792538758,-0.13070653643263752
2020-04-03,-0.07041755323086085,-0.2254018786405222,-0.13778293926496188
2020-04-06,-0.07041755237503866,-0.16844484824663342,-0.10608306639210885
2020-04-07,-0.058677829024766814,-0.17177347245987928,-0.10222754091443631
2020-04-08,-0.06186975909832049,-0.15322886838095118,-0.09369877513225444
2020-04-09,-0.05837714704638175,-0.15230385040020678,-0.0915166935151508
2020-04-13,-0.060254814710785976,-0.14261019701133826,-0.08722809980502744
2020-04-14,-0.05477779046683273,-0.10562799871999762,-0.06488268036218059
2020-04-15,-0.054950729301845525,-0.11593798778235476,-0.07035806837716485
2020-04-16,-0.05834070374385769,-0.09887094301415977,-0.06305193343737459
2020-04-17,-0.05970585046080257,-0.09119710085577071,-0.05974165681703014
2020-04-20,-0.06324290441823599,-0.10209358630191423,-0.06714693349929912
2020-04-21,-0.0645686432937096,-0.13538085737539818,-0.08509844869978123
2020-04-22,-0.06191027264024629,-0.10845964441856126,-0.0695550192931137
2020-04-23,-0.054514235108309994,-0.11084061394853073,-0.06712957126903896
2020-04-24,-0.05628108517879238,-0.09591067968757261,-0.06016926438627623
2020-04-27,-0.05099169013642546,-0.09065690681807215,-0.05480472789154878
2020-04-28,-0.04792094737875485,-0.1071261368512143,-0.06183480224397253
2020-04-29,-0.038736677564543465,-0.07572697255711414,-0.0408138287587152
2020-04-30,-0.031125291919865572,-0.07390060223918171,-0.03606868001510222
2020-05-01,-0.031125215056983402,-0.10295069417506209,-0.05118704782403316
2020-05-04,-0.031125138188247026,-0.09102218088165848,-0.04487858999081651
2020-05-05,-0.031125061313655777,-0.0810918710572266,-0.03966134474719252
2020-05-06,-0.03916458637532805,-0.07551089494203467,-0.040729389186803244
2020-05-07,-0.04507835217667455,-0.06347022707699479,-0.03743462316181312
2020-05-08,-0.036896680629719736,-0.051280362763447496,-0.027046670275161055
2020-05-11,-0.03580002310082242,-0.04319597313640777,-0.022347286626269836
2020-05-12,-0.04160415081668345,-0.06238263641442865,-0.03509221033761689
2020-05-13,-0.04201656925154407,-0.07394484670322155,-0.04124919149304218
2020-05-14,-0.044666324934076185,-0.06423678814001421,-0.037549723122837886
2020-05-15,-0.04051480596002288,-0.05824732243821995,-0.032378360859530386
2020-05-18,-0.0354456558465186,-0.03979943881556558,-0.020344978727638963
2020-05-19,-0.034059986008986076,-0.04323404395430297,-0.021393393606767397
2020-05-20,-0.03537728274628016,-0.024047380676282093,-0.012248354808281237
2020-05-21,-0.037692735325098425,-0.035060136458158975,-0.019006788742032987
2020-05-22,-0.044492620646547576,-0.03135594877108461,-0.020589844565268467
2020-05-26,-0.039102605196456364,-0.03382643617015835,-0.01907639203704048
2020-05-27,-0.04412723340573188,-0.02846874025721502,-0.018921321208367314
2020-05-28,-0.04028142260182754,-0.031076076812505682,-0.01826418937073626
2020-05-29,-0.04037979424623983,-0.01679334645576147,-0.011078709558513866
2020-06-01,-0.03827125765824191,-0.012330829233861085,-0.00774802296077215
2020-06-02,-0.03797802928613825,-0.006319755770558766,-0.004577273063810727
2020-06-03,-0.03671130394923816,-0.0014446331979591776,-0.0014800847612232992
2020-06-04,-0.036017816743077025,-0.009164777702436622,-0.004980594602833954
2020-06-05,-0.037103766111463155,0.0,0.0
2020-06-08,-0.03963136506631415,0.0,0.0
2020-06-09,-0.037353176687331846,0.0,0.0
2020-06-10,-0.035259379050783246,0.0,0.0
2020-06-11,-0.03797313972787786,-0.05010570363751288,-0.026459323474539054
2020-06-12,-0.050802568243496826,-0.04264700929042853,-0.0291286264819276
2020-06-15,-0.06794109899663847,-0.03144064052243567,-0.0322112575548994
2020-06-16,-0.04094971560629879,-0.014353702004901825,-0.009661545935805926
2020-06-17,-0.0378750284020577,-0.011073620057339695,-0.00642619948757861
2020-06-18,-0.0417888766694382,-0.008144232464787127,-0.006975512228188152
2020-06-19,-0.03965274595673973,-0.008482048213539373,-0.006037749226264766
2020-06-22,-0.04228085256448111,0.0,-0.001355255727594984
2020-06-23,-0.0396904346832998,0.0,0.0
2020-06-24,-0.03633681953226009,-0.020286351767220046,-0.008397064383651287
2020-06-25,-0.0363367701625934,-0.010577071877858613,-0.003483485692130084
2020-06-26,-0.03633672078916639,-0.03530522575324524,-0.015936180332680627
2020-06-29,-0.05319615579252024,-0.0243549837313487,-0.01895930316239003
2020-06-30,-0.05065550643511674,-0.005188142396241768,-0.008006622416602327
2020-07-01,-0.03892390089934239,0.0,0.0
2020-07-02,-0.033323090313599146,0.0,0.0
2020-07-06,-0.01769631791092907,0.0,0.0
2020-07-07,-0.017133356433832847,-0.007548995384786483,-0.0034879460447913013
2020-07-08,-0.009588010479529063,0.0,0.0
2020-07-09,-0.000728284494017295,0.0,0.0
2020-07-10,-0.010315324526937952,0.0,-0.0009967757551568868
2020-07-13,-0.002839750839007893,-0.02160510061985943,-0.008015577716568245
2020-07-14,-0.009077637919830073,-0.013547944737747786,-0.007033798857474238
2020-07-15,-0.01408175376060794,-0.01242579360355378,-0.00897623673607284
2020-07-16,-0.022811987422295954,-0.019367258103066276,-0.01684681343356753
2020-07-17,-0.018201469569165796,-0.01763604467564206,-0.013659650703715553
2020-07-20,-0.0036683213680095417,0.0,0.0
2020-07-21,-0.0018255945053139433,-0.010866429025354063,-0.004508458780115188
2020-07-22,0.0,-0.007425986661894313,0.0
2020-07-23,0.0,-0.03391958422509689,-0.011151004715313828
2020-07-24,-0.003567033105884243,-0.04281835048684823,-0.017468879442093188
2020-07-27,0.0,-0.025355914127727308,-0.002791386726366696
2020-07-28,-0.004809860269014088,-0.03831053096763348,-0.011816871961161213
2020-07-29,-0.001458325843982089,-0.026396812295016114,-0.004031938296187865
2020-07-30,-0.0027140337235090906,-0.0216004631083776,-0.002204910382170633
2020-07-31,-0.0029489936564027763,-0.004218376783223121,0.0
2020-08-03,-0.004708917149047087,0.0,0.0
2020-08-04,0.0,0.0,0.0
2020-08-05,0.0,0.0,0.0
2020-08-06,0.0,0.0,0.0
2020-08-07,0.0,-0.011333016185204992,-0.004203148028087966
2020-08-10,0.0,-0.016145265676643872,-0.006227468708563166
2020-08-11,-0.003071323766532519,-0.03470286888883378,-0.01712590433631811
2020-08-12,-0.018472927592849797,-0.009706152792028133,-0.011992202315182943
2020-08-13,-0.009681261062369662,-0.0078733797931676,-0.0066530736356729125
2020-08-14,-0.009213039168663562,-0.009108837427266314,-0.007036735444070685
2020-08-17,-0.011914170592109419,0.0,-0.002870667550929462
2020-08-18,-0.011778403920666869,0.0,0.0
2020-08-19,-0.010989702422096514,-0.007052354454721299,-0.0031271262950092193
2020-08-20,-0.014553200443027325,0.0,0.0
2020-08-21,-0.013125754962555414,0.0,0.0
2020-08-24,-0.011284737846580128,0.0,0.0
2020-08-25,0.0,0.0,0.0
2020-08-26,-0.006275881646485737,0.0,0.0
2020-08-27,-0.0010717772574652118,-0.003823941650225482,0.0
2020-08-28,-0.0017682063141529758,0.0,0.0
2020-08-31,-0.000529472743417525,0.0,0.0
2020-09-01,-0.005773004100147472,0.0,0.0
2020-09-02,0.0,0.0,0.0
2020-09-03,0.0,-0.05226584351405028,-0.016418900096760836
2020-09-04,-0.03543973727175842,-0.06428142415708205,-0.04008285599051953
2020-09-08,-0.018995107854052895,-0.10887449337951505,-0.054773265268906246
2020-09-09,-0.03947498220900636,-0.08249963367132196,-0.05065168895070582
2020-09-10,-0.02591724153897834,-0.10196175045529432,-0.05402053722866751
2020-09-11,-0.032148262588805765,-0.10733349757740007,-0.059875419300661314
2020-09-14,-0.025178960962363384,-0.09200727182554069,-0.048420079600601684
2020-09-15,-0.02239688892952796,-0.07903601614744604,-0.04026524458926806
2020-09-16,-0.025230029687082878,-0.0944355076349338,-0.04967981318062409
2020-09-17,-0.026514259577609,-0.10785279867058917,-0.05734602896269958
2020-09-18,-0.02056204218604385,-0.11944408214135627,-0.06058792620522779
2020-09-21,-0.023972206822996944,-0.11596275202205386,-0.06036631761579592
2020-09-22,-0.030919464415201214,-0.09936524498934807,-0.05488976593646655
2020-09-23,-0.03052224286056182,-0.12778912994121017,-0.06960982969924334
2020-09-24,-0.03439893238128999,-0.12270561505377375,-0.06875872298296926
2020-09-25,-0.034645577709775166,-0.10220248072950122,-0.057995697250767475
2020-09-28,-0.03125773258820319,-0.0850277041094829,-0.047332523531233295
2020-09-29,-0.030464570322748408,-0.08836894370132031,-0.04868196932134483
2020-09-30,-0.032281581030156214,-0.0807114666512081,-0.0455779850748701
2020-10-01,-0.032281569365825935,-0.06741574842961706,-0.03867605151965936
2020-10-02,-0.032281557700607144,-0.09378416719401861,-0.052266556394783836
2020-10-05,-0.03228154603449951,-0.07338489308838392,-0.04159962477155266
2020-10-06,-0.032281534367503584,-0.09091955744275149,-0.05066769309067609
2020-10-07,-0.032281522699618925,-0.07385749733908464,-0.041758924115956386
2020-10-08,-0.03228151103084553,-0.07001305901353683,-0.03977007822681555
2020-10-09,-0.01888102731865049,-0.05593074053140967,-0.025851549078615532
2020-10-12,-0.015841727319962473,-0.026764536807578065,-0.009294958511889329
2020-10-13,-0.01875034770859274,-0.02716226508670272,-0.010961376747508633
2020-10-14,-0.019580213790173384,-0.03503712398977776,-0.015382603807795325
2020-10-15,-0.02065913808668618,-0.04202474288557456,-0.01948934755642162
2020-10-16,-0.018108912888155193,-0.04576049028464091,-0.020124525408925176
2020-10-19,-0.017564648078879697,-0.06329756999293057,-0.028857061255872285
2020-10-20,-0.01742364394107976,-0.059796111924279916,-0.026972270030561796
2020-10-21,-0.01740369866030078,-0.06080009403777897,-0.02748191057530769
2020-10-22,-0.017117472691619784,-0.0609981530593674,-0.027442808050039846
2020-10-23,-0.02011063795571344,-0.05861017314867112,-0.027687011515055815
2020-10-26,-0.020232323819236897,-0.07375041664855109,-0.03556617225149428
2020-10-27,-0.018728638114517415,-0.0661476876206667,-0.03086802196514926
2020-10-28,-0.01822983378443599,-0.10287636447368609,-0.049679823238551246
2020-10-29,-0.02088345335243813,-0.08613152085175013,-0.042095250596549394
2020-10-30,-0.024897194027501457,-0.11010712899761188,-0.05662409997094653
2020-11-02,-0.025937981014198308,-0.10754604872251916,-0.05577006015619501
2020-11-03,-0.021923881203146034,-0.09183417146114414,-0.04551277579035018
2020-11-04,-0.018629241482061354,-0.05181095185877582,-0.022872874688744105
2020-11-05,-0.011056664626804102,-0.02757287525341101,-0.006614055879171632
2020-11-06,-0.00911664918868238,-0.026503678584023027,-0.005093570029189642
2020-11-09,-0.005764373495134589,-0.047514842349849706,-0.014147258093833659
2020-11-10,-0.0077308888861499225,-0.06410751867471154,-0.023709202027882847
2020-11-11,0.0,-0.0424788294228754,-0.008069202060857261
2020-11-12,-0.0012397514861937076,-0.04777570057340519,-0.011427686062847275
2020-11-13,-0.005033697497550671,-0.03886304460192569,-0.00867887526851463
2020-11-16,0.0,-0.032781183426807914,-0.00023635016569589773
2020-11-17,0.0,-0.0356707518352668,-0.0012667829333745662
2020-11-18,-0.0029849267638220045,-0.04233551842351502,-0.006208627019148705
2020-11-19,-0.002452864276853095,-0.035031488163961066,-0.002153672365551418
2020-11-20,0.0,-0.04139111504008719,-0.003849596262648358
2020-11-23,0.0,-0.04143137093878391,0.0
2020-11-24,-0.0004889850799743023,-0.027432784725946235,0.0
2020-11-25,-0.001341452910791019,-0.021603730594644377,0.0
2020-11-27,0.0,-0.01306948007091513,0.0
2020-11-30,0.0,-0.012255505799264932,0.0
2020-12-01,-0.0002879756650323584,0.0,0.0
2020-12-02,-0.004668353670049807,0.0,-0.0021474649721386907
2020-12-03,-0.011074867914043662,0.0,-0.004929458534120079
2020-12-04,-0.008900483491576572,0.0,-0.001387168992207699
2020-12-07,-0.0127466398112972,0.0,-0.000615171818273863
2020-12-08,-0.01570590968524388,0.0,-0.0005559709171486515
2020-12-09,-0.017877688578127215,-0.021453466838454838,-0.01237934369288718
2020-12-10,-0.02109390786258336,-0.01851734606338229,-0.01251478242420656
2020-12-11,-0.0211998739997884,-0.020601121265745204,-0.013616489426150569
2020-12-14,-0.023306039666159517,-0.013731706622179263,-0.011218529051132076
2020-12-15,-0.023199115056182218,-0.0031498007236628878,-0.005859969911921392
2020-12-16,-0.01564645224415151,0.0,0.0
2020-12-17,-0.0097974860757446,0.0,0.0
2020-12-18,-0.008597455976340651,-0.0010884515913506254,0.0
2020-12-21,-0.01292352295417698,-0.004846275817397272,-0.004062750790273295
2020-12-22,-0.02286192139227161,-0.002705445237867532,-0.008005299365261731
2020-12-23,-0.02045833409714426,-0.007757178055937675,-0.009297676753268758
2020-12-24,-0.015033155587377611,-0.0032190877395497086,-0.004288658551944269
2020-12-28,-0.012048393017946246,0.0,0.0
2020-12-29,0.0,0.0,0.0
2020-12-30,-0.004772674913120389,0.0,-0.0023135379293288683
2020-12-31,-0.004968231369535503,0.0,-0.0007447806928556622
2021-01-04,-0.008915946325901092,-0.015022175185517517,-0.010232509764886877
2021-01-05,-0.014610820449654893,-0.006664970034791384,-0.008877242345715408
2021-01-06,-0.013778038203279275,-0.020555884881458097,-0.015388417496427165
2021-01-07,-0.003212938056801895,0.0,0.0
2021-01-08,0.0,0.0,0.0
2021-01-11,-0.005192827666481659,-0.015467905869425924,-0.010330366767953847
2021-01-12,-0.000870197795045824,-0.01626148399108751,-0.008579073240700952
2021-01-13,0.0,-0.01003952629490601,-0.0017056761128789732
2021-01-14,-0.00364670384722543,-0.015757867106186874,-0.006409157938942589
2021-01-15,-0.0030022308844469547,-0.02298858468394238,-0.009737513731978953
2021-01-19,-0.004361465690938537,-0.00829136525959151,-0.002964262044700905
2021-01-20,-0.00895896019597231,0.0,0.0
2021-01-21,-0.0044241501342277,0.0,0.0
2021-01-22,-0.010423400346349365,-0.002878778723445441,-0.004452344232479533
2021-01-25,-0.014150977429479461,0.0,-0.0019743156725609
2021-01-26,-0.016635363484708066,0.0,-0.0029764844853399364
2021-01-27,-0.014860738810162144,-0.027986262610089296,-0.016028328396867297
2021-01-28,-0.026662774369119235,-0.021397771269344723,-0.018587580044562402
2021-01-29,-0.03238491691390266,-0.04186820200456787,-0.0317369951065164
2021-02-01,-0.032019058070428374,-0.017886330733666633,-0.019436216390451455
2021-02-02,-0.02719631598476291,-0.0025255389286586993,-0.009325224417104372
2021-02-03,-0.024786272214018412,-0.00650991572394477,-0.0100766732724894
2021-02-04,-0.028868471375193216,0.0,-0.006294272520203648
2021-02-05,-0.02349757553315035,0.0,-0.0019683735127667967
2021-02-08,-0.018909963078843073,0.0,0.0
2021-02-09,-0.013258772615150072,-0.0005797727933218866,0.0
2021-02-10,-0.012197104602229225,-0.002902514928784239,-0.0006240780039378224
2021-02-11,-0.012196935854151825,0.0,0.0
2021-02-12,-0.012196767093221705,0.0,0.0
2021-02-16,-0.012196598319437424,-0.0024573245363094243,-0.001228576839306661
2021-02-17,-0.012196429532798092,-0.007820998428413217,-0.003913631873525003
2021-02-18,-0.009879146520029747,-0.012325731294857145,-0.005006511710469841
2021-02-19,-0.011457309220521239,-0.01643430839314286,-0.007868988307367486
2021-02-22,-0.012677657843076728,-0.0422923441268277,-0.02152298690379295
2021-02-23,-0.015211069844150105,-0.04439479420902814,-0.02385236706909244
2021-02-24,-0.02326212846589737,-0.036610731693185516,-0.02386687591648251
2021-02-25,-0.014201538770201583,-0.07093071257341899,-0.03672637133412204
2021-02-26,-0.03421769031830857,-0.06505500554038668,-0.043459756634054436
2021-03-01,-0.026112632696979277,-0.03800415710074789,-0.02560817568150786
2021-03-02,-0.02140192590101464,-0.05415456593060375,-0.03143086125654293
2021-03-03,-0.022243844186179307,-0.08143065101356484,-0.045813199467098054
2021-03-04,-0.037992251772471786,-0.09731526611962871,-0.0617478610839417
2021-03-05,-0.04120034620650581,-0.08250396517884917,-0.05561485186622883
2021-03-08,-0.037476563301785615,-0.10925932631792379,-0.06755069300380379
2021-03-09,-0.022802595407618753,-0.07338007054035045,-0.04166330881928226
2021-03-10,-0.02015117609674333,-0.0764522693859222,-0.04195186417168373
2021-03-11,-0.003978460956546304,-0.054665150604372825,-0.022744916835127915
2021-03-12,-0.016299578435681306,-0.06303801502060424,-0.03311719345800779
2021-03-15,-0.016420381143039786,-0.0525185222738036,-0.027748851746792536
2021-03-16,-0.015827114206496185,-0.047467717288179556,-0.02486421159238017
2021-03-17,-0.01673194034640635,-0.04383930705331085,-0.02345521436929343
2021-03-18,-0.00946363320137622,-0.07376753550555115,-0.035129039509352866
2021-03-19,-0.016302072803648038,-0.06812937708669786,-0.03552298596732251
2021-03-22,-0.020221329623124062,-0.052231001542617395,-0.029216992439693557
2021-03-23,-0.01944627219950834,-0.05720793470310026,-0.031381914020422785
2021-03-24,-0.022979630907837723,-0.07306213199881217,-0.041271335387808805
2021-03-25,-0.023405940564906635,-0.07439254908493065,-0.042168522466646596
2021-03-26,-0.016927412031290445,-0.06000854595624161,-0.03154910844306691
2021-03-29,-0.015517797055629723,-0.06097757048603303,-0.03135396537553781
2021-03-30,-0.011126273912758555,-0.06598999109192671,-0.031778798776400885
2021-03-31,-0.00841098086856662,-0.05187395438776887,-0.02313296504402451
2021-04-01,-0.004809073284502863,-0.03463212555313322,-0.012476505524405268
2021-04-05,-0.004809039095562184,-0.015175590431425912,-0.002524952954146009
2021-04-06,0.0,-0.016602330583659675,0.0
2021-04-07,-0.0007114802743498627,-0.013832861374450167,0.0
2021-04-08,0.0,-0.0035632292126853704,0.0
2021-04-09,0.0,0.0,0.0
2021-04-12,0.0,-0.0018562590962113434,0.0
2021-04-13,-0.004005637180914734,0.0,0.0
2021-04-14,0.0,-0.013054025706234929,-0.004359503600435688
2021-04-15,-0.0031015212720637564,0.0,0.0
2021-04-16,0.0,0.0,0.0
2021-04-19,0.0,-0.009559953026333279,-0.00378725581361139
2021-04-20,-0.005912187329155105,-0.016565410261139668,-0.010255297974300137
2021-04-21,-0.010417916121864046,-0.00760295429895208,-0.007988338395743755
2021-04-22,-0.0063194288607467675,-0.019908260343500017,-0.012084327275670992
2021-04-23,-0.010611605742966379,-0.007155009539300261,-0.007790435957405695
2021-04-26,-0.005113989630789684,-0.001121642283706259,-0.0020190369398304098
2021-04-27,-0.0012055703332043421,-0.005813311721838077,-0.0024024752309331765
2021-04-28,-0.004264201105503296,-0.00999080609404246,-0.006025871182224307
2021-04-29,-0.002291455831178957,-0.005106142967729932,-0.0025891306766920863
2021-04-30,-0.005248870964562613,-0.012900666647200798,-0.007974518699625177
2021-05-03,-0.005248768530184966,-0.017247653631165427,-0.01015880799727531
2021-05-04,-0.005248666088005116,-0.0354111370889002,-0.01930600769859947
2021-05-05,-0.005248563638022619,-0.038352332410619194,-0.020801108496199316
2021-05-06,-0.012208545302617835,-0.030493002732534302,-0.02022530511168974
2021-05-07,-0.011344282833052555,-0.022951293663041494,-0.015985890695946803
2021-05-10,-0.007739924695807532,-0.04862800003703183,-0.02712205072541296
2021-05-11,-0.019288834061719218,-0.049184192178983954,-0.03306809366793839
2021-05-12,-0.01488457292581169,-0.07408393872343555,-0.04355779925566505
2021-05-13,-0.025336119817866543,-0.06642686073333315,-0.04467670842071225
2021-05-14,-0.023229507280109973,-0.04620382839656412,-0.033297211538047655
2021-05-17,-0.017226413183103695,-0.05191601427441139,-0.03322134296749557
2021-05-18,-0.014734966116462855,-0.058697855206307326,-0.035453677843911735
2021-05-19,-0.015327124485668975,-0.057257168006346726,-0.0350053994012276
2021-05-20,-0.02123177972993817,-0.03901321116571743,-0.02856143948813683
2021-05-21,-0.019099994780701235,-0.044877797963382426,-0.030467714380956967
2021-05-24,-0.01885943661580336,-0.028497547698283054,-0.022035138342450966
2021-05-25,-0.016844764838137793,-0.027359525876465396,-0.020458266986060236
2021-05-26,-0.011835123012763571,-0.024154121483473068,-0.01634857834023773
2021-05-27,-0.014081333486054226,-0.027350980030494076,-0.019077768482772872
2021-05-28,-0.015120164000278047,-0.025309947151063827,-0.01856535464455733
2021-06-01,-0.012618519670050787,-0.02758314217937552,-0.018463370420885084
2021-06-02,-0.014765566229262062,-0.026073376057815123,-0.018768576228625378
2021-06-03,-0.014169726363085444,-0.03647865568145603,-0.023713528225860703
2021-06-04,-0.017914588204829385,-0.01930933897169218,-0.01686944073979535
2021-06-07,-0.017229086048080045,-0.01702190086676214,-0.015379760346137195
2021-06-08,-0.015123022171401268,-0.01645431426351507,-0.014040479468498956
2021-06-09,-0.014512868205086238,-0.016163755500497756,-0.013589431226601612
2021-06-10,-0.015685053417603623,-0.005808326645021511,-0.008984810490850204
2021-06-11,-0.014139521185932091,-0.003105702856662229,-0.006859789751021972
2021-06-14,-0.014139415678830036,0.0,-0.002251715872865545
2021-06-15,-0.008466037455143738,-0.006921617757393084,-0.0028338375291347973
2021-06-16,-0.011582252923566405,-0.010276609900765843,-0.0060851968672350765
2021-06-17,-0.015786590441807302,0.0,-0.0017734089214098692
2021-06-18,-0.011722905507802084,-0.008064920385122298,-0.0037379461742098608
2021-06-21,-0.02074038885747742,-0.0018766137077521616,-0.005175466509708682
2021-06-22,-0.012510357999971244,0.0,0.0
2021-06-23,-0.005955751193127079,0.0,0.0
2021-06-24,-0.007831636680932452,0.0,0.0
2021-06-25,-0.00491119115192129,-0.0014464748614083645,0.0
2021-06-28,-0.006050215119568492,0.0,0.0
2021-06-29,-0.0051518987043605025,0.0,0.0
2021-06-30,-0.0026492808260818457,-0.0012317510421849809,0.0
2021-07-01,-0.003355289601275957,-0.0008714895953064739,-0.00017358920628307573
2021-07-02,-0.0024448112968985525,0.0,0.0
2021-07-06,-0.0016151411166485108,0.0,0.0
2021-07-07,0.0,0.0,0.0
2021-07-08,-0.0004409475587455747,-0.005968722274812599,-0.0032048349167791423
2021-07-09,0.0,0.0,0.0
2021-07-12,0.0,0.0,0.0
2021-07-13,0.0,-0.0002251663374308599,0.0
2021-07-14,-0.001101093090092764,0.0,0.0
2021-07-15,-5.930375460483361e-06,-0.007097105857276742,-0.0030003679686507745
2021-07-16,-0.0018613355989887115,-0.01470157928222271,-0.007743217436197658
2021-07-19,-0.005178053947510142,-0.023579840595311485,-0.013862284775944977
2021-07-20,-0.005667706149777851,-0.011558719071383394,-0.008034594452549837
2021-07-21,-0.00134869656474923,-0.0038797512019782543,-0.0020270571187610553
2021-07-22,0.0,0.0,0.0
2021-07-23,-0.00024166979318052118,0.0,0.0
2021-07-26,0.0,0.0,0.0
2021-07-27,-0.0014394618580153562,-0.011171529722100337,-0.00630549579005768
2021-07-28,-0.005631204878341123,-0.0071301306694786515,-0.006360510609570547
2021-07-29,0.0,-0.005129595165923484,-0.0015186118247588754
2021-07-30,-0.0018081352972613152,-0.010977822880546384,-0.0053560337715907735
2021-08-02,0.0,-0.0107318879144781,-0.0021373937976467694
2021-08-03,-0.008873981917963958,-0.0042661783226839445,-0.003303960194632638
2021-08-04,-3.106618361692348e-05,-0.0028137075687808544,0.0
2021-08-05,-0.0009638117438752758,0.0,0.0
2021-08-06,0.0,-0.004761013961601002,0.0
2021-08-09,-0.001056243462330242,-0.0031966243436148956,0.0
2021-08-10,-0.0015830915873062956,-0.008435188820180128,-0.0028913845470042165
2021-08-11,0.0,-0.010135927343817963,-0.00148887821734478
2021-08-12,0.0,-0.006103424926424239,0.0
2021-08-13,0.0,-0.0029614718831429965,0.0
2021-08-16,-0.0018498613809423414,-0.0026920675236666858,-0.0007898284091255592
2021-08-17,-0.004581983867751438,-0.01177804242492897,-0.006708993032477295
2021-08-18,-0.0036160160039039324,-0.02132312451092233,-0.011024062763170028
2021-08-19,-0.011362639656699036,-0.016315760352636488,-0.01233854731706674
2021-08-20,-0.011002887155442176,-0.0058669550852213925,-0.0069133227895114
2021-08-23,-0.005647721168411612,0.0,0.0
2021-08-24,-0.0029661420478857004,0.0,0.0
2021-08-25,-0.00445240443453232,0.0,-0.00037940129456259797
2021-08-26,-0.005478508216642086,-0.005882000817233668,-0.0038344367824659775
2021-08-27,-0.004485111494983873,0.0,0.0
2021-08-30,-0.0026280644024574418,0.0,0.0
2021-08-31,0.0,-0.0014469637791258982,0.0
2021-09-01,0.0,0.0,0.0
2021-09-02,0.0,-0.00046888301432845836,0.0
2021-09-03,0.0,0.0,0.0
2021-09-07,0.0,0.0,0.0
2021-09-08,-0.0018566230425155483,-0.0035028604673711383,-0.0026797417549432323
2021-09-09,-0.005616239902714426,-0.007317667532547145,-0.006466979072460632
2021-09-10,-0.004864831425502314,-0.014991936595099675,-0.009932019065200914
2021-09-13,-0.007370523523702377,-0.015390641346894829,-0.011378862108491594
2021-09-14,-0.009502995559342198,-0.01868234777771538,-0.014093351781998331
2021-09-15,-0.010258749931846611,-0.01098702710426791,-0.010603824348374147
2021-09-16,-0.014766516769564086,-0.010197272731912066,-0.012461891762997945
2021-09-17,-0.01546259809713546,-0.021835623918712632,-0.018616608163090853
2021-09-20,-0.01546252228811884,-0.04233096194379071,-0.0288979631805113
2021-09-21,-0.015462446473328173,-0.041337070738516,-0.0283940096484806
2021-09-22,-0.01623629368054036,-0.03184853557339484,-0.02396753044744515
2021-09-23,-0.015454052334190949,-0.022913083639963916,-0.019075389107217067
2021-09-24,-0.016896734059886787,-0.022077398480201182,-0.019374593012839614
2021-09-27,-0.018526211042733,-0.030041924602060566,-0.02418054733283781
2021-09-28,-0.020998752045072844,-0.05776179272966653,-0.039353384107845724
2021-09-29,-0.02686292718736616,-0.05887242468626719,-0.04279666508088453
2021-09-30,-0.02506532546429807,-0.06290859262963944,-0.043965136442201125
2021-10-01,-0.025065323661565442,-0.056385782890271074,-0.040637800855341744
2021-10-04,-0.02506532185869581,-0.0767835179921098,-0.051006876466966555
2021-10-05,-0.025065320055688622,-0.06389546663128265,-0.04438292965936663
2021-10-06,-0.0250653182525441,-0.05798825702868604,-0.04136775785558644
2021-10-07,-0.025065316449262354,-0.04967095694243828,-0.03713573327623998
2021-10-08,-0.04050615962490933,-0.05454344797317623,-0.04722895087715073
2021-10-11,-0.04109051572579758,-0.061370549179114664,-0.05095904119019912
2021-10-12,-0.04876473710392504,-0.06466353146514092,-0.05642141704715453
2021-10-13,-0.05234801981692383,-0.057487483860431454,-0.05457899593208149
2021-10-14,-0.04816989568165675,-0.03976457919743581,-0.04360605418520047
2021-10-15,-0.04486433429515413,-0.03373616335029339,-0.03894319930995549
2021-10-18,-0.047408449427233434,-0.023913992048870125,-0.035338522069842115
2021-10-19,-0.045563465348668064,-0.016907633186524773,-0.030942164768790525
2021-10-20,-0.045350595670293425,-0.018311711840446443,-0.03152611650366555
2021-10-21,-0.047008308509421615,-0.011876298182671663,-0.029192582158107716
2021-10-22,-0.04771301200627753,-0.020457700296508508,-0.03376703001120851
2021-10-25,-0.04762663064050743,-0.010306996279605962,-0.028716815106656024
2021-10-26,-0.04629611476810169,-0.007417184238594832,-0.026620319628865685
2021-10-27,-0.047899506518520485,-0.004935645863421989,-0.026221790751509544
2021-10-28,-0.04732929064360181,0.0,-0.020318839554891888
2021-10-29,-0.04640130230119244,0.0,-0.017596791265643952
2021-11-01,-0.04229496485788242,0.0,-0.01378305782103173
2021-11-02,-0.040498965143474064,0.0,-0.010774624272979372
2021-11-03,-0.03918729060044834,0.0,-0.004771915976102603
2021-11-04,-0.037268309143839495,0.0,0.0
2021-11-05,-0.03356519726040452,0.0,0.0
2021-11-08,-0.03123916175664143,-0.0014273157051184482,0.0
2021-11-09,-0.030046450224520793,-0.008523550403499391,-0.002937602709727871
2021-11-10,-0.03304175114633845,-0.022849887954188963,-0.011680636257052734
2021-11-11,-0.03342280760706973,-0.019983031141767027,-0.010425560336787876
2021-11-12,-0.03391043003387806,-0.00974975824267188,-0.005508636727118654
2021-11-15,-0.029843237943400158,-0.010407484880233908,-0.0037455273688601354
2021-11-16,-0.03095059884458029,-0.0030325110120311694,-0.0006017909320437109
2021-11-17,-0.029250435565980837,-0.0031364269306051185,0.0
2021-11-18,-0.02867450015350015,0.0,0.0
2021-11-19,-0.023727172435245025,0.0,0.0
2021-11-22,-0.027298403246240777,-0.011606592274098104,-0.007632308842392854
2021-11-23,-0.03893369980404138,-0.01608728234622603,-0.015816931773205645
2021-11-24,-0.04029072118244348,-0.012401241994673406,-0.014668236265603762
2021-11-26,-0.047966160867396246,-0.03305067053472621,-0.02890943051137873
2021-11-29,-0.04883931365734906,-0.010504822805783132,-0.018033542376349132
2021-11-30,-0.05119619800783548,-0.026392990187855903,-0.027133791377148664
2021-12-01,-0.05097895039439293,-0.04197222768615139,-0.034806104545046956
2021-12-02,-0.05790105592376482,-0.03515163509588304,-0.03489033363852856
2021-12-03,-0.05508319873589196,-0.051969005644004196,-0.04185795455498853
2021-12-06,-0.06053980038265461,-0.043876490797871814,-0.04053502918015239
2021-12-07,-0.05481477258439815,-0.014944483127722008,-0.023095001554253147
2021-12-08,-0.046000313477163046,-0.01080047835861686,-0.016485010104103304
2021-12-09,-0.043215210606253995,-0.025569378290676514,-0.022391389741782786
2021-12-10,-0.04053262936025992,-0.014563147802434506,-0.01549984377544722
2021-12-13,-0.037845831888606685,-0.029613222199025735,-0.0216392797303121
2021-12-14,-0.04640825110413693,-0.03972886575669132,-0.031091985484579032
2021-12-15,-0.04377659907323439,-0.017120870023785262,-0.018349356722692445
2021-12-16,-0.03544810629280226,-0.04280368350616115,-0.026899733973411055
2021-12-17,-0.03632953128630845,-0.04657359349412982,-0.029260626081500263
2021-12-20,-0.04430099244381058,-0.057061521696894046,-0.03861478115589889
2021-12-21,-0.04252240967806875,-0.035421948744188025,-0.02668874431153112
2021-12-22,-0.039905286222423175,-0.023724849668202097,-0.019457041303209355
2021-12-23,-0.03329799045969284,-0.015997378923017447,-0.012202406043977154
2021-12-27,-0.03599620497897138,-0.00035237314868341585,-0.005728282124396689
2021-12-28,-0.032938511656580016,-0.005109410655908864,-0.00651716007288583
2021-12-29,-0.036820511650871746,-0.004967616666284536,-0.00844039398511276
2021-12-30,-0.035729014777726276,-0.008703134069535934,-0.009739805060772655
2021-12-31,-0.03580625113151126,-0.015281168430745007,-0.013065041698822166
2022-01-03,-0.03580621247216309,-0.004318381207409239,-0.0075712923306148205
2022-01-04,-0.03193201150752556,-0.017715801401528286,-0.012254292145530088
2022-01-05,-0.030421691055313116,-0.04836442141415076,-0.026893295244557303
2022-01-06,-0.03564112105426198,-0.0487517905262308,-0.029710561799988322
2022-01-07,-0.036884216347209065,-0.0592004991148436,-0.03566486251146617
2022-01-10,-0.035080693399312635,-0.05785858493218643,-0.0340742171821905
2022-01-11,-0.03459874182497391,-0.0439995800484394,-0.026728552253099114
2022-01-12,-0.031243955105723087,-0.04032017686235856,-0.023164546872214475
2022-01-13,-0.03227075249141287,-0.06502732702038339,-0.036256639953181846
2022-01-14,-0.03462985614187908,-0.058029944477094086,-0.03382498152850455
2022-01-18,-0.03431053577127341,-0.08221517207756568,-0.046068535120339704
2022-01-19,-0.03260811926202678,-0.09204541751994477,-0.050336394093696946
2022-01-20,-0.02532712494643652,-0.10419625736272853,-0.05311712071280916
2022-01-21,-0.02417530723501693,-0.12881772774829958,-0.06557033115303312
2022-01-24,-0.02399518721000915,-0.12452287830938147,-0.06318076485767932
2022-01-25,-0.02657903410653506,-0.1462722661817113,-0.07605747076002534
2022-01-26,-0.0263856389065944,-0.14484587898395873,-0.07519383807303115
2022-01-27,-0.025330483475880072,-0.15508219827747483,-0.08022774050275217
2022-01-28,-0.023883537330524618,-0.12783965090923155,-0.0647169825634144
2022-01-31,-0.023883537142132094,-0.09915261498285832,-0.04933535135996869
2022-02-01,-0.02388353695372547,-0.0937445318807194,-0.04648177500901263
2022-02-02,-0.023883536765304414,-0.08650036745761569,-0.04267079498623827
2022-02-03,-0.023883536576869036,-0.125033940050708,-0.06286199864627429
2022-02-04,-0.023883536388419002,-0.11337425045283578,-0.056617905952501046
2022-02-07,-0.00224970214591258,-0.12080184199443211,-0.05011526772164698
2022-02-08,0.0,-0.11019565157053435,-0.041748122993848
2022-02-09,0.0,-0.0914951361644668,-0.02828729141443742
2022-02-10,0.0,-0.11269303592396007,-0.03706609354379797
2022-02-11,-0.00744302433258226,-0.13995368465258073,-0.055441727889080195
2022-02-14,-0.011225671938019599,-0.13906370110068356,-0.056752871211537936
2022-02-15,-0.0149741034070211,-0.11781089388137833,-0.04689843696113272
2022-02-16,-0.016037049659800462,-0.11884749845233389,-0.047972649890402286
2022-02-17,-0.01012557103978795,-0.14490742360924247,-0.05919086031572274
2022-02-18,-0.006232855401722692,-0.15469422578671532,-0.06272490551208953
2022-02-22,-0.0017854230263133486,-0.1630817928070022,-0.06527766692131431
2022-02-23,0.0,-0.1848697969148042,-0.07650904388576496
2022-02-24,0.0,-0.15679820724126836,-0.05538608322890093
2022-02-25,-0.009337778475893899,-0.14385633794998498,-0.05254718514789147
2022-02-28,-0.012030491178677605,-0.1409209006754224,-0.052210564608553334
2022-03-01,-0.008845497443161321,-0.1549084252178501,-0.058398786593619856
2022-03-02,-0.006013375379422925,-0.14056611401202201,-0.04906341916883117
2022-03-03,-0.0076802910907380895,-0.15314535271707486,-0.05682004567584287
2022-03-04,-0.00835983883320679,-0.1650548410881575,-0.06377505925039473
2022-03-07,0.0,-0.19633700871399518,-0.07414337733910392
2022-03-08,-0.0011404333524127619,-0.19946070013648454,-0.0764706341121083
2022-03-09,0.0,-0.1708249513978477,-0.05868634867767675
2022-03-10,-0.009767251800984145,-0.1799480370281431,-0.06846182360280162
2022-03-11,-0.005969834134127661,-0.19739593829608315,-0.07658563121690065
2022-03-14,-0.010477574103870735,-0.21279355881192352,-0.08753704417766706
2022-03-15,-0.0336918336764187,-0.18793918425616118,-0.08383572217397561
2022-03-16,-0.027999102853496938,-0.15787704831977167,-0.06417906075280144
2022-03-17,-0.02353862132266593,-0.1481137779107896,-0.056607048754789724
2022-03-18,-0.013864601193475767,-0.12992311748869,-0.04186152708487978
2022-03-21,-0.011965517883906762,-0.13257738029872113,-0.04240039550575336
2022-03-22,-0.004534349098844648,-0.11578897192720394,-0.029532400924250135
2022-03-23,-0.0030888568696971763,-0.12826623963546302,-0.03567502953320878
2022-03-24,-0.004418794742416243,-0.10906974695504978,-0.02570053836629016
2022-03-25,-0.001474884883260752,-0.10975639189203912,-0.024635497267200157
2022-03-28,-0.006338961277156718,-0.0956922382573463,-0.019306673937808827
2022-03-29,-0.009729028846506949,-0.08049192256962134,-0.012737454639941248
2022-03-30,-0.014602068804038248,-0.09061480667143795,-0.020600969758461818
2022-03-31,-0.014639904020466665,-0.10467715017009294,-0.028192275956832158
2022-04-01,-0.026122010922504768,-0.10330627381083168,-0.03311037533074601
2022-04-04,-0.026121957962642717,-0.0853032641579794,-0.023404179176042095
2022-04-05,-0.02612190499874678,-0.1057541811125583,-0.0343215852769696
2022-04-06,-0.025253244060258973,-0.12516849349618164,-0.044373478135522726
2022-04-07,-0.030656024813022764,-0.12318156750540377,-0.04593666492675175
2022-04-08,-0.026390632611788867,-0.1355236783895103,-0.05055229414192208
2022-04-11,-0.03091148077205741,-0.15586055677371058,-0.06392454089427435
2022-04-12,-0.03681612673509749,-0.1588756400339344,-0.06844801916333976
2022-04-13,-0.03319716389836225,-0.14215903372524819,-0.05744107502926843
2022-04-14,-0.02875421876518891,-0.16171332996245813,-0.06601802068391616
2022-04-18,-0.03001502205745954,-0.16065440038037027,-0.06603432941744969
2022-04-19,-0.027221217423916255,-0.14258320893676268,-0.0546351141724738
2022-04-20,-0.024738252781250747,-0.15535854571257235,-0.06047149088747861
2022-04-21,-0.019923261566955897,-0.17213730002522143,-0.06748404517195761
2022-04-22,-0.02155314756696991,-0.19407494204547804,-0.08061487209206941
2022-04-25,-0.04294494258939463,-0.18343435903686311,-0.084595841063838
2022-04-26,-0.047814559671711554,-0.2150218362744024,-0.10463012715432163
2022-04-27,-0.04404927471854647,-0.21540498173572753,-0.10307833296925561
2022-04-28,-0.03936438973409395,-0.18809002892597404,-0.08526778329104612
2022-04-29,-0.027870787038707046,-0.22436877539470046,-0.10023217678595664
2022-05-02,-0.027870207760605448,-0.21103108968982742,-0.09249574488745271
2022-05-03,-0.027869628438382255,-0.210183342645478,-0.09200791785008922
2022-05-04,-0.027869049072033802,-0.1832841177457295,-0.07654565176589612
2022-05-05,-0.02724889943065456,-0.22462521133338287,-0.09962313084648167
2022-05-06,-0.03661115032138851,-0.23409885997632374,-0.10945644476371408
2022-05-09,-0.03645211522482139,-0.2646189603302658,-0.1271264038650638
2022-05-10,-0.041842193527847904,-0.25507712989656917,-0.12390490481650929
2022-05-11,-0.041346780322245924,-0.27790294533268534,-0.1371010009705912
2022-05-12,-0.039095100270676086,-0.2792339986991159,-0.1368829124223352
2022-05-13,-0.03359855033485648,-0.25257069486295514,-0.11844966995477824
2022-05-16,-0.031338629333250156,-0.2612484870279622,-0.12253640224737405
2022-05-17,-0.03054871974451867,-0.24190899360056606,-0.11069323972368084
2022-05-18,-0.0326680675190939,-0.2802712066487507,-0.13416641851187416
2022-05-19,-0.032153734636802156,-0.2834498055310519,-0.1358481624193808
2022-05-20,-0.02731765198965408,-0.2858639236267405,-0.1351448887373684
2022-05-23,-0.025579064320606193,-0.2738772027847135,-0.1271136966416767
2022-05-24,-0.031752830812299404,-0.28983294857886255,-0.13946928254849544
2022-05-25,-0.02917906172353446,-0.27932872915175855,-0.13196142364432573
2022-05-26,-0.02710846452824467,-0.2592446664341651,-0.11894024590571095
2022-05-27,-0.024762413447906195,-0.2348301549355778,-0.10335854458467042
2022-05-31,-0.02677887321505501,-0.23720263990239798,-0.10567558229391294
2022-06-01,-0.028599302409052174,-0.24285871164170947,-0.10982767431216744
2022-06-02,-0.02956078692860986,-0.22207050600542866,-0.09804785227282231
2022-06-03,-0.02956072156508205,-0.2428786231381248,-0.11011056414014841
2022-06-06,-0.02712583713407335,-0.2397651891531829,-0.10716447252078132
2022-06-07,-0.029548220556728122,-0.23300433105216034,-0.1043059731642233
2022-06-08,-0.027400830612757887,-0.23882995220034176,-0.1067165560159482
2022-06-09,-0.02803097232631402,-0.25966763488832134,-0.11923313285058568
2022-06-10,-0.030270064452137757,-0.28603286965693164,-0.1359308725623527
2022-06-13,-0.03445293838135555,-0.3188868387422217,-0.15767496598620379
2022-06-14,-0.03434338212514265,-0.3174767427688088,-0.1567552536159218
2022-06-15,-0.03749179347656506,-0.3004566369844588,-0.14761589291499566
2022-06-16,-0.039864114099433134,-0.3285861510112029,-0.16580405607253346
2022-06-17,-0.03452252974439263,-0.32023418333299203,-0.15829515121197046
2022-06-21,-0.038051650298644324,-0.30329312015562415,-0.1493450511070531
2022-06-22,-0.04347441831354992,-0.30444255653959984,-0.15244445031470122
2022-06-23,-0.04755454058001829,-0.29418692912834765,-0.14800372242397775
2022-06-24,-0.048682683562085716,-0.2695588215773048,-0.1336438474884315
2022-06-27,-0.042480586869484416,-0.27544840086548694,-0.13431248440260457
2022-06-28,-0.036199996421603986,-0.29780177079574843,-0.14482716176966848
2022-06-29,-0.04136065991285298,-0.2965654478819604,-0.14636384307297923
2022-06-30,-0.0382657183698627,-0.3058900619911261,-0.15064370337648525
2022-07-01,-0.03726594538899686,-0.3009447703359738,-0.14717654432062488
2022-07-05,-0.03463528862396781,-0.2892259496275348,-0.13886310039319338
2022-07-06,-0.04844385870537771,-0.2848399900080494,-0.1423650481229648
2022-07-07,-0.04837997559552476,-0.269365740399944,-0.13305773620618644
2022-07-08,-0.04860575885438667,-0.26836171827766797,-0.13256491558161354
2022-07-11,-0.054443554510151926,-0.28437599180370443,-0.144719538120747
2022-07-12,-0.055925536913776,-0.2913323445968047,-0.1495467383089394
2022-07-13,-0.057309451278493295,-0.292325505902854,-0.1507660093234363
2022-07-14,-0.0603931690426619,-0.28991983510867514,-0.15071156694678456
2022-07-15,-0.05734747740846513,-0.27693391917380616,-0.1415692271437834
2022-07-18,-0.047320232593152434,-0.283336973718032,-0.14080443221645655
2022-07-19,-0.05175608293321976,-0.2608961138792789,-0.1293527279545189
2022-07-20,-0.03888496637307515,-0.24941623112782374,-0.11668228583661067
2022-07-21,-0.03777958684774674,-0.2385717061256214,-0.10979319292557654
2022-07-22,-0.036358326822908626,-0.25202343040087305,-0.11699913804715212
2022-07-25,-0.04127889712539612,-0.2561300256918645,-0.12167749590702948
2022-07-26,-0.04045506834422785,-0.27070222417448786,-0.12990316716560713
2022-07-27,-0.03911020056569636,-0.23965416747620016,-0.11077230219122536
2022-07-28,-0.03360691257059267,-0.23263083964970277,-0.10411896682732125
2022-07-29,-0.02372639805408905,-0.21874709624010658,-0.09143473924051893
2022-08-01,-0.020251437130073602,-0.21918092551048896,-0.09007002262556763
2022-08-02,-0.021712758634022555,-0.22154496317579953,-0.09212608460652194
2022-08-03,-0.025290919907990816,-0.2003265485412118,-0.08141339618486987
2022-08-04,-0.018976851210943835,-0.19684022653249167,-0.07643576697888477
2022-08-05,-0.014891603103438511,-0.20307614518256467,-0.07809816361950894
2022-08-08,-0.0164617189101538,-0.20600434191297634,-0.08052655693192445
2022-08-09,-0.019714668580220418,-0.21511475659100743,-0.08732216986651398
2022-08-10,-0.024338647314777972,-0.19278069477848192,-0.0764894955538834
2022-08-11,-0.011182236796618672,-0.19798966291646747,-0.07324260348170775
2022-08-12,-0.011794945633840204,-0.18146432764910425,-0.06398186303584685
2022-08-15,-0.0033365357105581417,-0.17535149824959884,-0.05648090698726704
2022-08-16,-3.8828553511338626e-05,-0.17728049988716865,-0.05602350474507023
2022-08-17,0.0,-0.18719702848068076,-0.06167824119194065
2022-08-18,-0.006022574409894177,-0.1850773591804673,-0.06328029568084981
2022-08-19,-0.00573026738422433,-0.20095164885291705,-0.07226597938103674
2022-08-22,-0.013012918310924548,-0.22221229999505243,-0.08800595564483249
2022-08-23,-0.024251764684301458,-0.2227402563393982,-0.09350793233608601
2022-08-24,-0.023940212799141936,-0.22056386944333506,-0.09209408932250762
2022-08-25,-0.016400375448466287,-0.2069444058952512,-0.08065526815895474
2022-08-26,-0.015083760124148471,-0.23943091736487643,-0.09886985778491686
2022-08-29,-0.03657230186699889,-0.24672274870364097,-0.11301984018458033
2022-08-30,-0.036302614236810915,-0.2552677975592126,-0.11792657210339852
2022-08-31,-0.038074687936514695,-0.2595318746854889,-0.12126278531196766
2022-09-01,-0.04366306256949548,-0.25937499622888327,-0.12372224265419596
2022-09-02,-0.03866604420367081,-0.2700059251786302,-0.1277219387588221
2022-09-06,-0.04077585404554973,-0.27526316361095593,-0.13182008599074457
2022-09-07,-0.04184337314384112,-0.2602945453360639,-0.1233375477803863
2022-09-08,-0.03706104855223147,-0.2565656650982844,-0.11894011865921739
2022-09-09,-0.03566602323177104,-0.24044942057545426,-0.10875206326695053
2022-09-12,-0.035665296444282624,-0.23131245723553617,-0.10339112343018741
2022-09-13,-0.020225519396605773,-0.27391702577754395,-0.12106071683671227
2022-09-14,-0.03152813608616445,-0.26783617544803906,-0.12244990993569327
2022-09-15,-0.036140104653237026,-0.28032068370044916,-0.13202118726823364
2022-09-16,-0.0387129573441255,-0.2843096201489864,-0.13558509979144584
2022-09-19,-0.03836107575776426,-0.27876517346533647,-0.13207858206989131
2022-09-20,-0.0353411917040527,-0.2849033447693705,-0.13440907716418093
2022-09-21,-0.03138457179608367,-0.2978005640383893,-0.14043967352290743
2022-09-22,-0.03212593515278683,-0.30601496137773077,-0.14579623082757664
2022-09-23,-0.0336260228066233,-0.3175038948093746,-0.15352886559564927
2022-09-26,-0.039137466790474695,-0.32095099720394327,-0.15808031926319854
2022-09-27,-0.03682229250954916,-0.3198866372137421,-0.15640620306523834
2022-09-28,-0.03705180448194334,-0.3064868035049062,-0.1481963199684292
2022-09-29,-0.03323227734178902,-0.32634097894570446,-0.15869987297797872
2022-09-30,-0.034634432883247745,-0.3380199766613129,-0.1666026318517858
2022-10-03,-0.03463436007099385,-0.32242203442396067,-0.15678411379838486
2022-10-04,-0.034634287253194174,-0.3011342312412587,-0.1435382160311789
2022-10-05,-0.03463421442984793,-0.30169899368503894,-0.14388424263555155
2022-10-06,-0.034634141600955126,-0.30698941794472345,-0.14712723557829266
2022-10-07,-0.0346340687665152,-0.33390191717541573,-0.16368751158091321
2022-10-10,-0.03307295668562349,-0.34068992731700454,-0.1672726105661888
2022-10-11,-0.03430217778840561,-0.34887294896502485,-0.1729696140526914
2022-10-12,-0.030719936207920018,-0.3492186849482364,-0.17165525429061212
2022-10-13,-0.029882930846527045,-0.33425730721749536,-0.16177583381642835
2022-10-14,-0.024430023139779378,-0.3548638958713214,-0.17239274186397946
2022-10-17,-0.031055691261539953,-0.3325105259410598,-0.16086521169479395
2022-10-18,-0.03338114316674501,-0.3273691362151506,-0.1586404166178137
2022-10-19,-0.035192331512874264,-0.33004572403631416,-0.16110266287958308
2022-10-20,-0.03659970085675168,-0.333465071011637,-0.16385531817978605
2022-10-21,-0.03671014176907139,-0.31755880226918676,-0.153926316543323
2022-10-24,-0.03437554484622718,-0.3103224817689134,-0.14841535326625055
2022-10-25,-0.03475911739617088,-0.2958576846911971,-0.13965422966833596
2022-10-26,-0.03135283645223874,-0.3117923122315722,-0.14787091700469412
2022-10-27,-0.03280707496874746,-0.32472090719191204,-0.15651457370656208
2022-10-28,-0.036497485266895,-0.3033263059829826,-0.14476186232345445
2022-10-31,-0.03536071451285061,-0.31181222372798745,-0.14946600932905074
2022-11-01,-0.02785780352498579,-0.3188488258854282,-0.15050658836847874
2022-11-02,-0.027033121968950247,-0.3419346975323021,-0.16454196987779612
2022-11-03,-0.027884338435985367,-0.354951989158492,-0.1731705894625033
2022-11-04,-0.026175712376617977,-0.34490995779969524,-0.16600796527304695
2022-11-07,-0.02584123897220414,-0.33767122378470504,-0.1612569432094928
2022-11-08,-0.021106755377122588,-0.33269334968087316,-0.1560668898279608
2022-11-09,-0.009940412178386482,-0.34849885418388826,-0.16124796775527728
2022-11-10,-0.013062753106393155,-0.2997211183744496,-0.1311719670972148
2022-11-11,0.0,-0.286986811348829,-0.1157500017951103
2022-11-14,-0.0031580942103083265,-0.2939902276789108,-0.12148895044270736
2022-11-15,-0.0017040072127297856,-0.2837201191793568,-0.11445849523700358
2022-11-16,0.0,-0.29410185273457246,-0.11874174667169102
2022-11-17,0.0,-0.2954431635385505,-0.1181844570517
2022-11-18,-0.0011984349842641961,-0.2954335094796824,-0.11870681489322388
2022-11-21,-0.001998027266224889,-0.30288945981920357,-0.12372263994055444
2022-11-22,-0.003712209401374511,-0.2925481526354977,-0.11797561169100512
2022-11-23,0.0,-0.2856768762361722,-0.11050455181136709
2022-11-25,0.0,-0.2906662145349098,-0.11222436141219494
2022-11-28,-0.0016267677321182283,-0.30081987094936824,-0.11930043211685892
2022-11-29,-0.006946103489523958,-0.30590635321546544,-0.12485012835599008
2022-11-30,-0.009890837180840606,-0.27413182858735796,-0.10611618484883079
2022-12-01,-0.00047325413232068847,-0.27341742823112325,-0.10142514400356095
2022-12-02,-0.004736029984454659,-0.27629192425908133,-0.1051187271879026
2022-12-05,-0.008799598985388846,-0.28880961833885055,-0.11468478993049813
2022-12-06,-0.018496687597765238,-0.30311633020260276,-0.12792014064877355
2022-12-07,-0.024755025530780794,-0.30627200069509264,-0.13267495464025925
2022-12-08,-0.023420337335455232,-0.2978180620200881,-0.12679674105660654
2022-12-09,-0.020548390729917654,-0.3022933216841027,-0.12829539376051846
2022-12-12,-0.022519258347326487,-0.2936583694053224,-0.1237782303999384
2022-12-13,-0.020386313609869755,-0.2859490000205154,-0.11804047228366876
2022-12-14,-0.012786909088270626,-0.2915779197192604,-0.11809582650658912
2022-12-15,-0.01662511177188697,-0.31545361405727557,-0.13467146111238915
2022-12-16,-0.026489450692120053,-0.3215779076516868,-0.14288239325756324
2022-12-19,-0.028510213972990806,-0.3311794725746292,-0.1498372760896205
2022-12-20,-0.03257687020123612,-0.3319131810486001,-0.15208298877049653
2022-12-21,-0.025779239619895034,-0.3220509565362206,-0.14284560125893953
2022-12-22,-0.01971290600660236,-0.33892987170962563,-0.15084721002366008
2022-12-23,-0.02157283194746762,-0.337161368800737,-0.15051693863956273
2022-12-27,-0.01897957494880187,-0.34699282100047457,-0.15569110260938013
2022-12-28,-0.02145187246513025,-0.3556307901726511,-0.16233923877735956
2022-12-29,-0.019841796635799325,-0.3392369914573651,-0.15099438215819816
2022-12-30,-0.015500248440349917,-0.3399182059862409,-0.14955171581574223
2023-01-03,-0.013940227071822964,-0.34457146236063496,-0.15187553683782817
2023-01-04,-0.016168673212101137,-0.3414242391696547,-0.15079764318178035
2023-01-05,-0.016352528913388675,-0.3518976862841168,-0.15762949932382653
2023-01-06,-0.020552777717651294,-0.3338488198516415,-0.14769849170545768
2023-01-09,-0.017999610268625732,-0.3297398110459332,-0.14395900776968995
2023-01-10,-0.021383631870175557,-0.3238671263607702,-0.1416837581138115
2023-01-11,-0.01775402354772082,-0.3119956508464804,-0.1325569289075682
2023-01-12,-0.014269129671958258,-0.3085515653453079,-0.12884696612178947
2023-01-13,-0.009566559382327089,-0.3036117040982691,-0.12365713055024241
2023-01-17,-0.008928928225116262,-0.30266379619316375,-0.12277861116849242
2023-01-18,-0.004298557612362308,-0.31152742899138064,-0.12630443359842602
2023-01-19,-0.008078225772817582,-0.318443355412971,-0.1323509766397255
2023-01-20,-0.007971432904044673,-0.29893250244066716,-0.1198852196513086
2023-01-23,-0.007971368728406758,-0.283636249542941,-0.11028379167045232
2023-01-24,-0.007971304547880642,-0.28519839694352533,-0.11125384817204576
2023-01-25,-0.007971240362466103,-0.2871267952024157,-0.11245265314203867
2023-01-26,-0.007971176172162808,-0.2728393914563997,-0.10355851310210418
2023-01-27,-0.007971111976970313,-0.26589329610084655,-0.0992769210041341
2023-01-30,-0.006265659991852246,-0.2812317855061205,-0.10791257268515952
2023-01-31,-0.008972497764121679,-0.26979534601957156,-0.1020304782937933
2023-02-01,-0.0014739650767545687,-0.25403690505353804,-0.08894379479491377
2023-02-02,0.0,-0.22748582965171826,-0.07064241723233255
2023-02-03,-0.00535044073676294,-0.24135026494357836,-0.0814683181092557
2023-02-06,-0.011872638398836677,-0.24791743848856085,-0.08845544134805494
2023-02-07,-0.013141336607765064,-0.23200332582328032,-0.07939645741103041
2023-02-08,-0.014850415422751673,-0.24605541188438818,-0.08861579729268754
2023-02-09,-0.012191706798754032,-0.2529465997801291,-0.09155108851267946
2023-02-10,-0.015377455201360801,-0.2575473622094283,-0.09581335505576039
2023-02-13,-0.01417042266872981,-0.24563727045966655,-0.08800686328511453
2023-02-14,-0.009261563587674937,-0.24029254211884932,-0.0825054880185303
2023-02-15,-0.01345348972969218,-0.23443976893010166,-0.08091231846432623
2023-02-16,-0.008463508803712383,-0.2492472850976334,-0.08747645944830806
2023-02-17,-0.01547719915098611,-0.25433316398505124,-0.09379474069535576
2023-02-21,-0.017563912850328656,-0.2723072114612992,-0.10567698582949792
2023-02-22,-0.02341547636516339,-0.27194699438978565,-0.10811900848144018
2023-02-23,-0.022214861790917473,-0.2650763213691393,-0.10336240552020881
2023-02-24,-0.017627629137312084,-0.27777683918872187,-0.10900672031813308
2023-02-27,-0.023598250661828746,-0.27245865950979165,-0.10843387140551386
2023-02-28,-0.021077687736763107,-0.27340415390018,-0.10786241916579464
2023-03-01,-0.022382216541476763,-0.2796521401238381,-0.11229259664627766
2023-03-02,-0.028310717222212012,-0.27323822476338566,-0.11103219313398804
2023-03-03,-0.02276857643054775,-0.25839872952585363,-0.09942126661569495
2023-03-06,-0.011803890793746774,-0.25769458660716604,-0.09394140602813761
2023-03-07,-0.007550659966355733,-0.26676397153500797,-0.09752660131820734
2023-03-08,-0.01675226328854096,-0.26295303179685015,-0.09936502286301607
2023-03-09,-0.01400586421305039,-0.2761941769130427,-0.10619721248695668
2023-03-10,-0.024383198819611374,-0.28618612784146147,-0.11707009205912866
2023-03-13,-0.019956064519740857,-0.2805813432898864,-0.11160048914742027
2023-03-14,-0.04036370340049944,-0.26389068226440815,-0.1105446182326536
2023-03-15,-0.027371055032971325,-0.26078147193022105,-0.10264492856685559
2023-03-16,-0.037797202313530676,-0.24086575186413905,-0.09536646634819046
2023-03-17,-0.035954924312334935,-0.2445771341202202,-0.0967118014637417
2023-03-20,-0.03088819883012761,-0.24199889702377475,-0.09279664981721858
2023-03-21,-0.03025496581025955,-0.231208676102705,-0.08604319443105368
2023-03-22,-0.031016397011361607,-0.2417249631033942,-0.09265300984901614
2023-03-23,-0.029512300515085133,-0.23194540147007237,-0.08609771904822916
2023-03-24,-0.027707079654528233,-0.22966342330514,-0.08389008220756844
2023-03-27,-0.027253942746124915,-0.23533397613275342,-0.08704841094913118
2023-03-28,-0.028551687513317714,-0.23910509287808057,-0.0899086069266698
2023-03-29,-0.02626370720669735,-0.22489793849640483,-0.08034042288790999
2023-03-30,-0.02576210682663127,-0.21783177078368066,-0.07591154248832876
2023-03-31,-0.02295843619143645,-0.2046654446237154,-0.06680422472343861
2023-04-03,-0.024733921823023697,-0.20665659426524807,-0.06882027429445692
2023-04-04,-0.022337697890645436,-0.20956910314999921,-0.06938558792825478
2023-04-05,-0.022337663268574337,-0.2175867990399043,-0.07410539159931628
2023-04-06,-0.022124109259213154,-0.211830566439837,-0.07059835412231397
2023-04-10,-0.024980843487640292,-0.21251660799814687,-0.07236040243988517
2023-04-11,-0.02318321948958446,-0.21777022615839692,-0.07459959509482195
2023-04-12,-0.022668708653640124,-0.22475795464281834,-0.07848922300762828
2023-04-13,-0.023945359057886084,-0.20900735759961542,-0.06972992026288949
2023-04-14,-0.01982064948105089,-0.21080964971454208,-0.06882412520132519
2023-04-17,-0.01957349037654843,-0.21031548257623456,-0.06841518684368375
2023-04-18,-0.019486071831684937,-0.2100693040750995,-0.06822844757488378
2023-04-19,-0.021614142503247002,-0.21025454132963017,-0.06934883793173885
2023-04-20,-0.020937033117264803,-0.2164536538802686,-0.0726793774943778
2023-04-21,-0.023877320076330477,-0.21556125681365423,-0.0735437533178116
2023-04-24,-0.019614295555053896,-0.21743233409801577,-0.0726256070584449
2023-04-25,-0.015310465148766106,-0.2321939934859244,-0.07933663223627929
2023-04-26,-0.01726093580363619,-0.22728369779416902,-0.07730452931938281
2023-04-27,-0.018104067722702455,-0.20595184796788157,-0.0649642273402159
2023-04-28,-0.014718866856172519,-0.20076520484102856,-0.06029862475939485
2023-05-01,-0.014718758740616233,-0.20164131068330304,-0.0608136145080167
2023-05-02,-0.01471865061682509,-0.20874971490357486,-0.0649947139764897
2023-05-03,-0.014718542484798536,-0.21378490998193567,-0.06796965939480981
2023-05-04,-0.018433846411118893,-0.21666483641800705,-0.07143393733385806
2023-05-05,-0.020680632362690132,-0.19997236525649098,-0.06260303859634919
2023-05-08,-0.01488144630562227,-0.1980107811702415,-0.05867837081211191
2023-05-09,-0.017141307035358544,-0.2034731683535128,-0.06296375960133527
2023-05-10,-0.01646261529492299,-0.1946203963715225,-0.057433022566790615
2023-05-11,-0.01780623087765354,-0.19208922281205887,-0.056595680134540416
2023-05-12,-0.01954532890861127,-0.1950819810611505,-0.05917822303578013
2023-05-15,-0.01787515967825115,-0.19065740520619312,-0.055791080556469974
2023-05-16,-0.020880127126982173,-0.18990318185712773,-0.056795606992660064
2023-05-17,-0.02035959631059092,-0.1800530249183332,-0.05081056692405139
2023-05-18,-0.01641797172181203,-0.16524852564419767,-0.04033200097975098
2023-05-19,-0.011982706747750593,-0.16712684347271034,-0.039247985748775305
2023-05-22,-0.011500396065480811,-0.1643362170811682,-0.03740393655072061
2023-05-23,-0.012949552401095521,-0.17502808727751973,-0.044267477560564594
2023-05-24,-0.02025969004073136,-0.17913468256851117,-0.05018532713464752
2023-05-25,-0.016188820501177648,-0.15897881778808653,-0.036550993459996906
2023-05-26,-0.016580676384008952,-0.13726442587915344,-0.024305183477563275
2023-05-30,-0.013597575560820752,-0.13385050931194364,-0.02089489596099925
2023-05-31,-0.01783642363939497,-0.13993860018559978,-0.026439663804801228
2023-06-01,-0.01521151284692246,-0.12863007697905238,-0.018738272458148186
2023-06-02,-0.009114535080389619,-0.12228675692407265,-0.012129050688350573
2023-06-05,-0.0006164889347370917,-0.12169182554632985,-0.0075581549577897755
2023-06-06,0.0,-0.12159588833632862,-0.006518989325130398
2023-06-07,-0.0020000647083251444,-0.1369699770836782,-0.016206601825873634
2023-06-08,-0.009444089656667431,-0.12603373852222954,-0.01364236084561865
2023-06-09,-0.00017511000747161276,-0.12338973314974577,-0.007535502172510422
2023-06-12,0.0,-0.10794685923296155,0.0
2023-06-13,0.0,-0.1009144807262754,0.0
2023-06-14,0.0,-0.09458865865299393,0.0
2023-06-15,-0.0027504930953325957,-0.08374051337871613,0.0
2023-06-16,0.0,-0.08986842724520283,-0.001521826315888708
2023-06-20,0.0,-0.09069927968653324,-0.0016051744589609118
2023-06-21,0.0,-0.10292976551497823,-0.006071070237419929
2023-06-22,0.0,-0.09237848255089265,-0.00022580369151781188
2023-06-23,0.0,-0.1014798465487351,-0.0052385236163597915
2023-06-26,-0.010571883985609487,-0.11369585128887782,-0.017259011218558884
2023-06-27,-0.016471842280095794,-0.09819565639756467,-0.011595683892147823
2023-06-28,-0.012660769869660249,-0.09706914840340053,-0.00906335728404939
2023-06-29,-0.010868396548059489,-0.098555270090399,-0.008979389943609806
2023-06-30,-0.007861546327672775,-0.08411883181060753,0.0
2023-07-03,0.0,-0.08234007146417166,0.0
2023-07-05,0.0,-0.08263633039568441,-2.5551199055451335e-06
2023-07-06,-0.00023810044120020635,-0.08953475883557638,-0.0038815156596347933
2023-07-07,-0.003280035220651789,-0.09270853068844376,-0.007133114570007537
2023-07-10,-0.00630648414039614,-0.0921781608293809,-0.008350292188601394
2023-07-11,-0.0033251197253990616,-0.08774815456631013,-0.004443140440335114
2023-07-12,0.0,-0.07639437795881865,0.0
2023-07-13,0.0,-0.06041992742561286,0.0
2023-07-14,-0.0006711398099332744,-0.06080488302297593,-0.0005404250357848861
2023-07-17,0.0,-0.05189418668777723,0.0
2023-07-18,0.0,-0.04416671594259247,0.0
2023-07-19,0.0,-0.045071783961471046,0.0
2023-07-20,0.0,-0.06680910426021591,-0.010912908961190237
2023-07-21,-0.002146026137707202,-0.06924796088175389,-0.013266681868479457
2023-07-24,-0.002265658943133908,-0.06789940953362472,-0.012611000790882065
2023-07-25,0.0,-0.0610570953109032,-0.007478233277452562
2023-07-26,0.0,-0.06480709380245642,-0.008231990406224243
2023-07-27,0.0,-0.06687909618700905,-0.00786511754667174
2023-07-28,-0.0023972896252481,-0.04962246596039199,0.0
2023-07-31,-0.0025883382220267537,-0.04925621510208589,0.0
2023-08-01,-0.0005138774216266739,-0.05160878857249063,-0.00019730582846932965
2023-08-02,-2.6217531204575373e-05,-0.07256231996688678,-0.010998100928746868
2023-08-03,-0.0026199155966234455,-0.07360013129520071,-0.012834071840993277
2023-08-04,0.0,-0.07834389447148271,-0.01397806158760384
2023-08-07,-0.0022113403445622737,-0.0703231816881813,-0.010777848393804357
2023-08-08,-0.0029516680091244973,-0.07845672628450295,-0.01547208120828325
2023-08-09,0.0,-0.08879501657481259,-0.019253396776990228
2023-08-10,0.0,-0.08715805021800105,-0.018368845725505456
2023-08-11,0.0,-0.09323829716882681,-0.021115660344291243
2023-08-14,0.0,-0.08252711885473929,-0.015233564018472978
2023-08-15,0.0,-0.09266026039410302,-0.020053157525188103
2023-08-16,-0.001899334658235441,-0.10238551794629225,-0.026235526879335724
2023-08-17,0.0,-0.11207939980716031,-0.02919280512242639
2023-08-18,0.0,-0.11334468489755245,-0.02979335644082215
2023-08-21,0.0,-0.0987519715398344,-0.021064412392029164
2023-08-22,-0.004761118929238806,-0.10042514061740127,-0.024303524876983063
2023-08-23,-0.007763647410720553,-0.08599835639647768,-0.01795152437872638
2023-08-24,-0.005084275357675305,-0.10600760015784383,-0.027375053218060996
2023-08-25,-0.002737006574376588,-0.09844183489869873,-0.022112101553067753
2023-08-28,0.0,-0.09176665657013006,-0.01610385482384169
2023-08-29,0.0,-0.07221175695424087,-0.004346752291496947
2023-08-30,0.0,-0.06702994085682168,-0.0012419334111318792
2023-08-31,0.0,-0.06469848564019054,0.0
2023-09-01,-0.0016703354747390486,-0.06531453527170716,-0.001164499841540434
2023-09-05,0.0,-0.06426586312716664,0.0
2023-09-06,0.0,-0.07252008345933858,-0.003233635521643463
2023-09-07,-0.001951376501157731,-0.07933343550545602,-0.007867337057573143
2023-09-08,-0.004317189222279305,-0.07802350039279915,-0.008337422753264323
2023-09-11,-0.0024426982843643863,-0.06706373006285948,-0.0015098882933050062
2023-09-12,-0.0045645444229747145,-0.07744968726883017,-0.008129672652505193
2023-09-13,-0.007641533501665632,-0.07390242401350555,-0.007755755601908332
2023-09-14,-0.007305762045198394,-0.0663384688903983,-0.0035357832800378963
2023-09-15,-0.005365535847006719,-0.08271959665342021,-0.011303487617623786
2023-09-18,-0.007699690352379052,-0.08133363582717745,-0.011716664095448581
2023-09-19,-0.010841624992860566,-0.08339357063814501,-0.014389290737813587
2023-09-20,-0.007424520643913968,-0.09674694418867846,-0.019866189772044907
2023-09-21,-0.010238377169931923,-0.113380887618307,-0.030280356738667025
2023-09-22,-0.009245550006567238,-0.11296696984433996,-0.02956763857269651
2023-09-25,-0.009564947867502949,-0.10887606239900904,-0.027486293399847317
2023-09-26,-0.008404647764674977,-0.12233563059709107,-0.03426108193282129
2023-09-27,-0.010627923246513737,-0.12026423159121791,-0.03420410001885932
2023-09-28,-0.01232626545120552,-0.1128662056049049,-0.030972166999088002
2023-09-29,-0.012326114905020003,-0.11211379239187724,-0.0305611577560444
2023-10-02,-0.01232596434736799,-0.10473266100858336,-0.026531538525915943
2023-10-03,-0.012325813778248151,-0.12114154419085077,-0.03545255949331383
2023-10-04,-0.012325663197660264,-0.10843257906975878,-0.028478439293258995
2023-10-05,-0.012325512605602995,-0.11163229620583393,-0.03022169619436299
2023-10-06,-0.012325362002075568,-0.09654662246716694,-0.02198755486153281
2023-10-09,-0.013906973126260436,-0.0920864472701336,-0.020356494683665405
2023-10-10,-0.01822334379069701,-0.08699634473196083,-0.019754440724277345
2023-10-11,-0.020216117724489946,-0.08038331440735524,-0.01719923675753432
2023-10-12,-0.016792255173582404,-0.08382377963645204,-0.01732045881306421
2023-10-13,-0.017958059729981435,-0.09522642991696273,-0.0240182203817072
2023-10-16,-0.016192186593529057,-0.08450982119476202,-0.017360714501827745
2023-10-17,-0.014475160755694216,-0.08757015785592992,-0.01814562396163477
2023-10-18,-0.016737411901381005,-0.10040703925702343,-0.02617934080595319
2023-10-19,-0.020546446794336592,-0.10801745453843326,-0.0321847548144506
2023-10-20,-0.020064313426758185,-0.1214275456848165,-0.039221633656945754
2023-10-23,-0.024410183046035816,-0.11877448963214399,-0.039901440463659066
2023-10-24,-0.02215987308342371,-0.11026624687600661,-0.034159270173836465
2023-10-25,-0.022083167373913692,-0.13224250513173552,-0.04604943117361948
2023-10-26,-0.023237430628232802,-0.14865862885815406,-0.05563577532638264
2023-10-27,-0.021667028500396146,-0.14438369091565117,-0.05250559655654574
2023-10-30,-0.021492605318336855,-0.13502589097912654,-0.04723980274343753
2023-10-31,-0.02136530831852257,-0.13054459752831937,-0.0447097793948803
2023-11-01,-0.020645660536457555,-0.11515059728455446,-0.03590167150692425
2023-11-02,-0.01760034544097655,-0.09978616259607287,-0.026032480869444763
2023-11-03,-0.014098842635067665,-0.08892896664160621,-0.018423398564517246
2023-11-06,-0.013466366075910896,-0.08558383524383129,-0.01630654594796277
2023-11-07,-0.014873346180654501,-0.07707076545825997,-0.012428995495637696
2023-11-08,-0.013678812479337887,-0.07603174737258755,-0.011274351326261756
2023-11-09,-0.014446007441844988,-0.08359449573833633,-0.015705280161081414
2023-11-10,-0.01893967515213657,-0.0630060084448879,-0.006892380654968222
2023-11-13,-0.01525953790255552,-0.06580146186586411,-0.006511148398351652
2023-11-14,-0.01186308109526657,-0.04590927356827312,0.0
2023-11-15,-0.006296999585699625,-0.045625082210345114,0.0
2023-11-16,-0.006908311127622024,-0.04466027970222053,0.0
2023-11-17,-0.010779425812017629,-0.04436945117882085,-0.0017968096946217038
2023-11-20,-0.01750051567572397,-0.03296137049019687,0.0
2023-11-21,-0.0166961303601183,-0.03859934086913075,-0.0025057132784862546
2023-11-22,-0.020908071870069933,-0.03451024355983767,-0.002520769426156866
2023-11-24,-0.01944625862272431,-0.0356795914402287,-0.0023801822914433224
2023-11-27,-0.01875503273238588,-0.036888158934771265,-0.0026537046739461
2023-11-28,-0.020008044084488197,-0.03396478923379376,-0.0017768493166437915
2023-11-29,-0.01893891092913913,-0.03534230275852679,-0.0019440438621173284
2023-11-30,-0.014988418437433704,-0.037739526251196365,-0.001174690467871109
2023-12-01,-0.015362569178635876,-0.034740130836633076,0.0
2023-12-04,-0.01452596289517094,-0.04426808356070677,-0.0045106043682912045
2023-12-05,-0.01925829370055787,-0.04197283106483085,-0.005705450739231788
2023-12-06,-0.013991507840528383,-0.047382724303007384,-0.0058430129600683944
2023-12-07,-0.01648545830836634,-0.03323711454661549,0.0
2023-12-08,-0.012668974752217066,-0.029484099161666055,0.0
2023-12-11,-0.004754947992094305,-0.021214794362512723,0.0
2023-12-12,-0.004474701860311736,-0.013219423483739834,0.0
2023-12-13,-0.0014956543062790706,-0.0006619064111402784,0.0
2023-12-14,0.0,-0.0021425976900253385,0.0
2023-12-15,-0.002705723728640752,0.0,0.0
2023-12-18,-0.0033088710524373788,0.0,0.0
2023-12-19,-0.0019236024150782738,0.0,0.0
2023-12-20,0.0,-0.01532846454824155,-0.006049322498097309
2023-12-21,-0.007451634453359279,-0.0032387850005889396,-0.003650797181872334
2023-12-22,-0.003953434103695974,-0.0020497434549181515,-0.0013007240240686668
2023-12-26,-0.0012894022461966692,0.0,0.0
2023-12-27,-9.476608515801566e-06,0.0,0.0
2023-12-28,-0.0003322595387157401,-0.0004927011616626675,-0.00040774357538952977
2023-12-29,-0.004196039585074529,-0.004783282466226613,-0.004484960724084108
2024-01-02,-0.0014782229645452505,-0.02146237017058228,-0.011468490362331774
2024-01-03,-0.008575384834318633,-0.0318398514207302,-0.020223301173071584
2024-01-04,-0.013073000305750426,-0.036954953036647975,-0.025033926213071767
2024-01-05,-0.014297739846253932,-0.03553718030614916,-0.02492121315642537
2024-01-08,-0.013659010337755073,-0.015196843873471089,-0.014323177802703202
2024-01-09,-0.006649554463942109,-0.013491612842170042,-0.00996743791506649
2024-01-10,-0.004971458016119423,-0.00672806208152954,-0.005737335850790948
2024-01-11,0.0,-0.005080795892777101,-0.00037666290015003767
2024-01-12,0.0,-0.004369839354579685,0.0
2024-01-16,-0.006804550029908096,-0.004500555989306543,-0.00346792019119202
2024-01-17,-0.012264864551218335,-0.010085882603450003,-0.009002809535490597
2024-01-18,-0.013112520702222907,0.0,-0.0021446022158367883
2024-01-19,-0.007347837057248396,0.0,0.0
2024-01-22,0.0,0.0,0.0
2024-01-23,-0.0008270699781040003,0.0,0.0
2024-01-24,-0.0011820448893602453,0.0,0.0
2024-01-25,-0.0038759096842675422,0.0,-0.0008430776268321116
2024-01-26,-0.008556588600075798,-0.005479251857767986,-0.005927858770521377
2024-01-29,-0.003416538710185879,0.0,0.0
2024-01-30,0.0,-0.006794621814737001,0.0
2024-01-31,-0.00480372202979229,-0.026086778618423012,-0.012113929247418165
2024-02-01,-0.009732386440965746,-0.014296211640308032,-0.008580295892458123
2024-02-02,0.0,0.0,0.0
2024-02-05,0.0,-0.0016828461354903013,-0.00021516153610523503
2024-02-06,-0.0016129883559987679,-0.003967639928741162,-0.002165558588883232
2024-02-07,-0.0032873883020417827,0.0,0.0
2024-02-08,0.0,0.0,0.0
2024-02-09,0.0,0.0,0.0
2024-02-12,0.0,-0.004439827395098961,-0.00221990897662383
2024-02-13,0.0,-0.020152640987484483,-0.010093829422659573
2024-02-14,0.0,-0.008616883814588139,-0.00426673489498508
2024-02-15,0.0,-0.006496344310145341,-0.0032018080202214083
2024-02-16,0.0,-0.015389360336391267,-0.007663056296517756
2024-02-20,-0.0010919039953360965,-0.023176734079669692,-0.012129065520290028
2024-02-21,-0.005161199287267326,-0.026917323454926034,-0.016032679216813617
2024-02-22,0.0,0.0,0.0
2024-02-23,0.0,-0.003726249257138381,0.0
2024-02-26,-0.002331321013209875,-0.003963964964703526,-0.0012849629108828697
2024-02-27,-0.002042103160587727,-0.0018689564391519697,-8.988062120918183e-05
2024-02-28,0.0,-0.007231445122662494,-0.0012997839641200049
2024-02-29,-0.0024218911852074143,0.0,0.0
2024-03-01,0.0,0.0,0.0
2024-03-04,0.0,-0.004175838705429924,-0.00021654690424466327
2024-03-05,0.0,-0.022129814330071107,-0.008512622041237816
2024-03-06,0.0,-0.015589324320558817,-0.0048043735637421925
2024-03-07,0.0,-0.00026880971386511465,0.0
2024-03-08,0.0,-0.015541790895546082,-0.006375949781938117
2024-03-11,0.0,-0.01918929831376559,-0.007986973427690613
2024-03-12,-0.00208843179522622,-0.004577960553813543,-0.0016337386574288848
2024-03-13,-0.0030126794862170847,-0.012808892137916805,-0.006223711429310663
2024-03-14,-0.002924284593569193,-0.015740666374909673,-0.007655321831556372
2024-03-15,-0.0021698850037147333,-0.027026303467590607,-0.012969084134465514
2024-03-18,-0.0034334387483938578,-0.017368822771898218,-0.008695519009388919
2024-03-19,-0.0030751503600745522,-0.014789997874654959,-0.007216527142594353
2024-03-20,-2.407764576550786e-05,-0.0034311483802301757,0.0
2024-03-21,0.0,0.0,0.0
2024-03-22,-0.006382766698980968,0.0,-0.002671197632818645
2024-03-25,-0.012706039961383642,-0.003401412474971832,-0.007540807592308463
2024-03-26,-0.011300665868493431,-0.007028567938824559,-0.008640489288547992
2024-03-27,-0.008253383871192232,-0.0031952993112110972,-0.005199225827103526
2024-03-28,-0.009794259638471137,-0.004621187997016274,-0.006683547407066337
2024-04-01,-0.006733745279794534,-0.002521341982088754,-0.004100735318249726
2024-04-02,-0.010360450268232735,-0.011868410376761784,-0.01058502894700708
2024-04-03,-0.015021332992380731,-0.009774017091034315,-0.011866384724798062
2024-04-04,-0.015021270240913487,-0.025118542332808302,-0.019522404222553358
2024-04-05,-0.015021207484666843,-0.012594713906204147,-0.013224513340849398
2024-04-08,-0.00974122262597621,-0.013045654611045676,-0.010805031856559566
2024-04-09,-0.006243076436167172,-0.009244011812792219,-0.007152701026378883
2024-04-10,-0.007218170972299265,-0.017872955771822685,-0.011963381090687397
2024-04-11,-0.01285308450732281,-0.0017154286063257862,-0.006639996769886247
2024-04-12,-0.004127573384391181,-0.018318443747464164,-0.010510338072132863
2024-04-15,-0.011660945287672364,-0.034494510192241146,-0.022405246385803212
2024-04-16,-0.019303269847579574,-0.03412208878787992,-0.02599632627158066
2024-04-17,-0.02033956718880614,-0.04612027411960218,-0.03256050066935923
2024-04-18,-0.01922742930312149,-0.05153537948814113,-0.03475741010386857
2024-04-19,-0.02302268850085365,-0.07098308345292959,-0.04652085494090441
2024-04-22,-0.032042992470841636,-0.06153677538681657,-0.04607500832821754
2024-04-23,-0.04268455513829761,-0.04732805363740644,-0.04409724715442165
2024-04-24,-0.03895872203337647,-0.0443110585710359,-0.04072346635525892
2024-04-25,-0.03720503229002692,-0.04956203679065441,-0.04248357663933944
2024-04-26,-0.03329721599774205,-0.03386908215299922,-0.0326354662723104
2024-04-29,-0.03544642667934328,-0.030356434002346666,-0.0319522405679451
2024-04-30,-0.03407295353830053,-0.049006403685172506,-0.040572654326498814
2024-05-01,-0.03407239846786447,-0.055666367130076,-0.0439318918432231
2024-05-02,-0.03407184335515012,-0.043507326286953085,-0.03777655138299485
2024-05-03,-0.03407128820015515,-0.024463124282966264,-0.028197122707192324
2024-05-06,-0.03169499950586396,-0.013406625284087315,-0.021494663438131556
2024-05-07,-0.028318370255571157,-0.013522223143127676,-0.019845888835572256
2024-05-08,-0.02925553164283723,-0.013873378903609068,-0.020493007636957494
2024-05-09,-0.025586785091477382,-0.012322077446203505,-0.017871632230145873
2024-05-10,-0.0238114776632129,-0.00972003507195418,-0.015683239280178007
2024-05-13,-0.023296215197708414,-0.007679078532386918,-0.01440912966037311
2024-05-14,-0.024026811352820365,-0.0009089699576431132,-0.011415655203200314
2024-05-15,-0.021365542453287922,0.0,-0.0026793838844239026
2024-05-16,-0.020083822804235485,-0.0020804822373923226,-0.003063741322316793
2024-05-17,-0.0175916771904433,-0.002711241003083953,-0.0021110942185731396
2024-05-20,-0.012300037755085036,0.0,0.0
2024-05-21,-0.015119377067286055,0.0,-0.00036666987078826097
2024-05-22,-0.012713862433880285,-0.0004595539120861858,0.0
2024-05-23,-0.018068288851475378,-0.0048311940920603424,-0.004898514306918456
2024-05-24,-0.022978871360044395,0.0,-0.002445262842286855
2024-05-28,-0.021129822668174536,0.0,0.0
2024-05-29,-0.02905246126132044,-0.00703147523190939,-0.007562565671714427
2024-05-30,-0.03851300448795514,-0.017529931995862058,-0.017643952791987716
2024-05-31,-0.03718765119404133,-0.017636453440059596,-0.01702014730554713
2024-06-03,-0.035146054299820206,-0.014227767225736265,-0.014272554389309078
2024-06-04,-0.03452267476769855,-0.01137288652975399,-0.012526746081156004
2024-06-05,-0.031489143136406716,0.0,-0.0009124274267899857
2024-06-06,-0.022481374906555218,-0.0007281304750971218,0.0
2024-06-07,-0.021591966042502797,-0.001791432121270864,-7.710628908652595e-05
2024-06-10,-0.021591918735690996,0.0,0.0
2024-06-11,-0.02607977740461298,0.0,0.0
2024-06-12,-0.023420834568244953,0.0,0.0
2024-06-13,-0.01822462914233347,0.0,0.0
2024-06-14,-0.01868443588039137,0.0,0.0
2024-06-17,-0.019479019070665404,0.0,0.0
2024-06-18,-0.015635976086777914,0.0,0.0
2024-06-20,-0.013971105941289919,-0.007863835498366112,-0.003086259991969653
2024-06-21,-0.018631119616974612,-0.010469208181683953,-0.006750947301720767
2024-06-24,-0.02294807526872289,-0.021811394524849925,-0.01462795791688587
2024-06-25,-0.02416428661558012,-0.010434047956538128,-0.009510793246009674
2024-06-26,-0.01567337817600556,-0.00792662161469837,-0.0039467049155336165
2024-06-27,-0.01602251873676075,-0.006018928256063205,-0.0031656816795115894
2024-06-28,-0.010161378561677314,-0.011351227543918041,-0.002870623096025149
2024-07-01,-0.01095899550327828,-0.004854120225869618,0.0
2024-07-02,-0.008535982015598798,0.0,0.0
2024-07-03,0.0,0.0,0.0
2024-07-05,0.0,0.0,0.0
2024-07-08,0.0,0.0,0.0
2024-07-09,0.0,0.0,0.0
2024-07-10,-0.004508476458986221,0.0,0.0
2024-07-11,-0.0009389720342597441,-0.02244311833688184,-0.009428724000930089
2024-07-12,-0.01646141189096284,-0.01663282609557848,-0.014180168304722907
2024-07-15,-0.002459588855630357,-0.013953794319620738,-0.005820161869343643
2024-07-16,-0.002693096895796554,-0.013385969205886639,-0.005650268085683585
2024-07-17,-0.003477108895847847,-0.042380841367849253,-0.02065221721521815
2024-07-18,-0.011104104592618014,-0.04692972994934086,-0.026726041303962944
2024-07-19,-0.021953610708560167,-0.05575520256459643,-0.03657137745780481
2024-07-22,-0.026200309583366055,-0.041233099464193956,-0.0312544202772993
2024-07-23,-0.02098028069664515,-0.04454766974053215,-0.03033248592463955
2024-07-24,-0.026419447538165497,-0.07946601223290728,-0.050745018332208014
2024-07-25,-0.042148929170534366,-0.08922689691797703,-0.06344596717359596
2024-07-26,-0.04193374879674683,-0.0798882535653519,-0.05853927466538511
2024-07-29,-0.037756742392658804,-0.07815527453425297,-0.05560037578228627
2024-07-30,-0.04070781371825938,-0.09088635855785976,-0.06356983801044336
2024-07-31,-0.03508839447574552,-0.06350306499808,-0.04672404443704481
2024-08-01,-0.0345502293751786,-0.08633408430703604,-0.058078245655841076
2024-08-02,-0.040684134088161183,-0.10807685275917578,-0.07227804671910731
2024-08-05,-0.0536865030303042,-0.13447007987277637,-0.09229140390907231
2024-08-06,-0.05214725663867903,-0.12563058091314427,-0.08691804648946999
2024-08-07,-0.050378158082641566,-0.13581419059770627,-0.09138318929536038
2024-08-08,-0.05012698272786609,-0.10938420478849731,-0.07736859978258326
2024-08-09,-0.04725817806826871,-0.1045823583411769,-0.07348810405905815
2024-08-12,-0.04757491876111197,-0.10318310957283505,-0.07291819478709483
2024-08-13,-0.052569370927734727,-0.08072161188814897,-0.06373921830078755
2024-08-14,-0.05486950513421085,-0.07993565293600402,-0.06447548732256014
2024-08-15,-0.05388707886561728,-0.057325669467743645,-0.052494313214011656
2024-08-16,-0.05614841975752016,-0.05643717310153418,-0.05318012308546771
2024-08-19,-0.054055407203441264,-0.043960014277851234,-0.045870211539442374
2024-08-20,-0.05434994373297419,-0.04621728838841177,-0.0471451361104831
2024-08-21,-0.052798137097090914,-0.0411378170558413,-0.04382605627694769
2024-08-22,-0.05495958461073447,-0.05724392973672077,-0.052947495876738415
2024-08-23,-0.055639650180056344,-0.04616650334842709,-0.047724297786287506
2024-08-26,-0.05192608437050905,-0.05605410879993511,-0.050787680410450564
2024-08-27,-0.05219492415541116,-0.05290640365497523,-0.04933962835499839
2024-08-28,-0.0513514413927979,-0.06406653710838706,-0.05451769784373517
2024-08-29,-0.05172610668033506,-0.0652916657396383,-0.055323219225514864
2024-08-30,-0.04889892914152649,-0.053239166583637476,-0.047824474534839956
2024-09-03,-0.04702426138623539,-0.08302822003755206,-0.06186579290541383
2024-09-04,-0.05680995784422593,-0.08483423279281954,-0.06760628699718363
2024-09-05,-0.055260179208711846,-0.08440231811942533,-0.06662024481390494
2024-09-06,-0.05625370571155375,-0.10902193816993955,-0.07965991693037433
2024-09-09,-0.062253559721115126,-0.09743956338408333,-0.07660340667478094
2024-09-10,-0.06127662445256721,-0.08929654497281347,-0.07195691133477378
2024-09-11,-0.06269023823362407,-0.06955519076312056,-0.06259706349757976
2024-09-12,-0.060039042449829716,-0.060570108022198754,-0.05674519597761063
2024-09-13,-0.0566127320487958,-0.05614407087076545,-0.05280400853873801
2024-09-16,-0.05661191199789506,-0.06057059168924617,-0.055024689424033935
2024-09-17,-0.05661109188453384,-0.0601188466669057,-0.05479707273253287
2024-09-18,-0.05271448755413144,-0.06437076368124828,-0.05498302028701274
2024-09-19,-0.05101253483059842,-0.04041280015167825,-0.04203490756549155
2024-09-20,-0.04805867825455823,-0.04275084665916695,-0.04171105432650246
2024-09-23,-0.04936948492808002,-0.039814504013953256,-0.04090106185353182
2024-09-24,-0.048670356055418806,-0.035333812486155636,-0.03831057286049655
2024-09-25,-0.04840405016436744,-0.03399066909532056,-0.03750647054287759
2024-09-26,-0.044549111425321475,-0.027077615985776737,-0.032112981502157356
2024-09-27,-0.04583356236113967,-0.032248984057367425,-0.0353358679769632
2024-09-30,-0.042439078770232674,-0.029730529741170963,-0.032364742668779645
2024-10-01,-0.04243901806950223,-0.04363063701852199,-0.03929589673413536
2024-10-02,-0.04243895736414838,-0.042214459903518464,-0.03858456831579227
2024-10-03,-0.042438896654170555,-0.04266136825538436,-0.03880883887890574
2024-10-04,-0.042438835939568986,-0.030972103052036126,-0.03294065579004246
2024-10-07,-0.042438775220342784,-0.042303454640253535,-0.03859479126342502
2024-10-08,-0.04861879404102354,-0.027452941614616422,-0.03424319435598877
2024-10-09,-0.06038298955499044,-0.01966203281390755,-0.0363459154086202
2024-10-10,-0.057045839878753224,-0.020972770512561856,-0.03527887091270454
2024-10-11,-0.05974168172984218,-0.01951161236214327,-0.03593800354067345
2024-10-14,-0.05241949361261122,-0.01143050333295026,-0.028211362845568688
2024-10-15,-0.052388668836068075,-0.02493545463251523,-0.03483340982350358
2024-10-16,-0.04727344949378065,-0.02424768009100753,-0.031888021939757705
2024-10-17,-0.049525760924230444,-0.023455917134292847,-0.03263958211741591
2024-10-18,-0.04464005129027471,-0.01699315804594692,-0.026952336562191204
2024-10-21,-0.04181576360069539,-0.015182792287252167,-0.02461803585724065
2024-10-22,-0.04310749575422934,-0.01411001877595508,-0.024744246306004136
2024-10-23,-0.044452362300120396,-0.02942727050240468,-0.03300560058842217
2024-10-24,-0.04879187604778379,-0.021402750517765967,-0.03120388206344138
2024-10-25,-0.04785188635034998,-0.015639857647114952,-0.02787260959734328
2024-10-28,-0.04337788886280347,-0.01568580601662506,-0.025611359761884445
2024-10-29,-0.039952869179320616,-0.006032779083141815,-0.019089200699169973
2024-10-30,-0.03387120648404052,-0.01391413362172833,-0.019871200092793417
2024-10-31,-0.04094658953937014,-0.03796592855850833,-0.03541340323764586
2024-11-01,-0.047892695010281705,-0.031063032456961404,-0.03544588785333036
2024-11-04,-0.04732328757875359,-0.03442645310509462,-0.036831565568034574
2024-11-05,-0.04774067643218538,-0.021664414390449305,-0.030677433217692562
2024-11-06,-0.03723498841920769,0.0,-0.012059429346124473
2024-11-07,-0.036797478229301905,0.0,-0.00422287889730244
2024-11-08,-0.03199370356806397,0.0,-0.0013714462634001334
2024-11-11,-0.027989161000520513,-0.0005014874145127246,0.0
2024-11-12,-0.028201776312610893,-0.002196789533450816,-0.0009574451560000474
2024-11-13,-0.0314162703765789,-0.00383668652727287,-0.0034307182382874446
2024-11-14,-0.032293173186396684,-0.010442208666119002,-0.0071859449882252235
2024-11-15,-0.03766450874200766,-0.03423989377369496,-0.021879289806915003
2024-11-18,-0.035575496251783356,-0.027370605355449884,-0.017339046840807004
2024-11-19,-0.031249879495799826,-0.02048521630255551,-0.011657139612230027
2024-11-20,-0.0282730793764443,-0.021313451890830115,-0.010556487131909709
2024-11-21,-0.02815902775548562,-0.01782434965274704,-0.008734695748749965
2024-11-22,-0.026097868163006965,-0.016145621716535885,-0.006836385643377629
2024-11-25,-0.01962498881372865,-0.014788432925229689,-0.0028509215808099064
2024-11-26,-0.01931243908145497,-0.009200092057746412,0.0
2024-11-27,-0.017321623190470925,-0.017648663315840585,-0.0032485000469588687
2024-11-29,-0.01528902553525624,-0.008846351643543637,0.0
2024-12-02,-0.010520614557489094,0.0,0.0
2024-12-03,-0.00506295441852922,0.0,0.0
2024-12-04,-0.004881147602012081,0.0,0.0
2024-12-05,-0.0009863706476174183,-0.003123900772181387,0.0
2024-12-06,-0.0009736879839732371,0.0,0.0
2024-12-09,0.0,-0.008390893639653507,-0.0022911437677665125
2024-12-10,-0.003990474730480864,-0.011750396004115982,-0.005971893702758968
2024-12-11,-0.0032318066016399083,0.0,0.0
2024-12-12,0.0,-0.006832849506386185,-0.0010376921178404386
2024-12-13,0.0,0.0,0.0
2024-12-16,0.0,0.0,0.0
2024-12-17,-0.0014854223685811796,-0.004325540602063804,-0.0029054814853225475
2024-12-18,-0.0031964760700537997,-0.04015765278553407,-0.02170140010844268
2024-12-19,-0.01921144373285555,-0.04462891676841674,-0.03183885055831437
2024-12-20,-0.02563533230340198,-0.03654443703256505,-0.030913086360223607
2024-12-23,-0.012108009388271834,-0.026858810336041983,-0.019314941667919028
2024-12-24,-0.012675811789257696,-0.013531909347385684,-0.012881665636585438
2024-12-26,-0.011493687105670891,-0.014859711829751765,-0.012955065389963494
2024-12-27,-0.013030856792292655,-0.02822372249923777,-0.020417438142810718
2024-12-30,-0.016341943810575965,-0.04071067754131197,-0.028354222800829887
2024-12-31,-0.02066686019681696,-0.049079363125468234,-0.03472851404410726
2025-01-02,-0.01805366321188895,-0.05073345926488482,-0.03428020570328827
2025-01-03,-0.01924478403127139,-0.03486952326731774,-0.026796474953879712
2025-01-06,-0.014384772481887409,-0.024309556285882383,-0.019061030830046954
2025-01-07,-0.011387052148941534,-0.041799077326618805,-0.026361083171661748
2025-01-08,-0.011602382059234473,-0.04144065211665504,-0.026285017401376454
2025-01-10,-0.014316250510873485,-0.05652800015930026,-0.03528474027810391
2025-01-13,-0.021636938744450385,-0.05937277398484675,-0.040321631191653884
2025-01-14,-0.020031177042347137,-0.06060870737930557,-0.04016456647289668
2025-01-15,-0.01947954331145163,-0.03886605486983141,-0.028786495370625165
2025-01-16,-0.013243610419720553,-0.04550054171082896,-0.02905015605369099
2025-01-17,-0.012567358565373277,-0.02966556936659237,-0.02066350583665133
2025-01-21,-0.012152693056974972,-0.02399231377049793,-0.01759492905657034
2025-01-22,-0.0040982701413067035,-0.011027005891388497,-0.007064758821424655
2025-01-23,-0.008019209273429917,-0.00885789979119056,-0.00793049051268968
2025-01-24,-0.006473330375625919,-0.014601754292278168,-0.01003209644116343
2025-01-27,-0.0069901869365919245,-0.043869978539743615,-0.02499157498349336
2025-01-28,-0.006975042185605629,-0.02867492191127563,-0.017236601419101105
2025-01-29,-0.006959896281091282,-0.031009211346873622,-0.018409995732619033
2025-01-30,-0.006944749222961066,-0.02663479457981477,-0.016186862165091243
2025-01-31,-0.006929601011127051,-0.027995633729260838,-0.01686708162926509
2025-02-03,-0.006914451645501751,-0.03616293141135374,-0.020989985592955396
2025-02-04,-0.006899301125996682,-0.023973758930083022,-0.014791989076093914
2025-02-05,0.0,-0.01984462810216603,-0.0086299374188189
2025-02-06,0.0,-0.01459903894977821,-0.005655198988498311
2025-02-07,0.0,-0.027395543036821235,-0.011094118333365599
2025-02-10,0.0,-0.015383772932199169,-0.0035580142110744895
2025-02-11,0.0,-0.018244386255660716,-0.004206651498337655
2025-02-12,-0.0006631329164838995,-0.017079504323278205,-0.003946054113114106
2025-02-13,0.0,-0.002984613964282623,0.0
2025-02-14,0.0,0.0,0.0
2025-02-18,0.0,0.0,0.0
2025-02-19,0.0,0.0,0.0
2025-02-20,0.0,-0.004849474196864878,-0.0013030094972599215
2025-02-21,0.0,-0.025321524558523656,-0.011048020661681646
2025-02-24,-0.004441486203963008,-0.037136311982539305,-0.01923813242633743
2025-02-25,-0.0033265585282805654,-0.04907871714857781,-0.024771152190295354
2025-02-26,-0.004836953148665835,-0.04701924637890309,-0.024454042942532395
2025-02-27,-0.0025274730360963504,-0.0732629556810187,-0.03675462678438546
2025-02-28,-0.007220861435213277,-0.058225707534407256,-0.031205980399007904
2025-03-03,-0.0020704794143692196,-0.07891646674723574,-0.039335195894428576
2025-03-04,-0.002006192125162065,-0.0822106278973288,-0.04102211231949393
2025-03-05,-0.006112981493331615,-0.06976767257706673,-0.0364945459796594
2025-03-06,-0.0037470754732585876,-0.09573450098306246,-0.04879556699585008
2025-03-07,-0.004777823976832796,-0.0890271289164668,-0.045759866736163946
2025-03-10,-0.0015089795824481111,-0.12376891718826111,-0.0623886843658088
2025-03-11,-0.009444672024528922,-0.12620357510056113,-0.06741720740889257
2025-03-12,-0.009258072066621548,-0.1163251501650463,-0.062057860167454515
2025-03-13,-0.006020367284039985,-0.1330345063944155,-0.06939302819482263
2025-03-14,-0.0005058049277705257,-0.11142697379101352,-0.05521470146306451
2025-03-17,-0.0009529428510184346,-0.10657479391763891,-0.05284646551776795
2025-03-18,0.0,-0.12140550875737255,-0.059294788017073
2025-03-19,0.0,-0.10998304442720785,-0.05281719309542887
2025-03-20,0.0,-0.11264588105846007,-0.054223992019052036
2025-03-21,-0.004181172118059351,-0.10920245675426987,-0.054366151398463125
2025-03-24,-0.001987448646400991,-0.08997095907213282,-0.04311688529017499
2025-03-25,0.0,-0.08512824906654093,-0.038950368065218455
2025-03-26,0.0,-0.10185113367845677,-0.047677087070345237
2025-03-27,-0.00108078393965505,-0.10718898248525355,-0.051021621834720476
2025-03-28,-0.0003319314222497427,-0.13051281588773178,-0.06306149094206792
2025-03-31,-0.0017403857520162935,-0.1306458449827732,-0.06379320205794747
2025-04-01,0.0,-0.12352224967982772,-0.05792240740308863
2025-04-02,-0.0014597361668280406,-0.1169672973899234,-0.05508722142761657
2025-04-03,-0.0002945368485831601,-0.1647811107703956,-0.0801181361900577
2025-04-04,-0.00029453259047318436,-0.2154575298977247,-0.10802478210450683
2025-04-07,-0.03234495723767605,-0.21397030970977027,-0.12147764798254612
2025-04-08,-0.02126348687737245,-0.22931510308627423,-0.12502249424068312
2025-04-09,-0.014956954578393633,-0.13666101480906856,-0.06960728412234096
2025-04-10,-0.004925574173884728,-0.1728038925666039,-0.08434487481764763
2025-04-11,-0.0021443617231858836,-0.15717951261747065,-0.0744176432719994
2025-04-14,0.0,-0.15240083695593265,-0.06940589870795633
2025-04-15,-0.0019101090966398004,-0.15085815039953732,-0.06944779541943691
2025-04-16,0.0,-0.17667887227403012,-0.08185725730671833
2025-04-17,0.0,-0.17665857970021026,-0.08139520375989395
2025-04-21,0.0,-0.1969416836523018,-0.08966626299356217
2025-04-22,0.0,-0.1758324464726989,-0.07416655184983767
2025-04-23,-0.011881570858530255,-0.15703475892422214,-0.06910848350861343
2025-04-24,-0.009813622099576147,-0.13353415465646823,-0.05515846343728348
2025-04-25,-0.012524327633824273,-0.12369631486859345,-0.05108789075655962
2025-04-28,-0.018269025917101556,-0.12393396345532848,-0.053976736780182
2025-04-29,-0.017177527211167498,-0.11862813182055865,-0.050586076228348875
2025-04-30,-0.0185836555650285,-0.11745251537726054,-0.05063205441299712
2025-05-01,-0.018583602216245443,-0.10772605927235246,-0.045400590182243294
2025-05-02,-0.018583548863398747,-0.0934806724508006,-0.03778034961691967
2025-05-05,-0.0185834955064883,-0.09955356337596177,-0.04100334077788248
2025-05-06,-0.013410340687868283,-0.10751682028896536,-0.042716380177011515
2025-05-07,-0.01146523167384772,-0.10406167138656808,-0.039919706521237
2025-05-08,-0.012728911260167286,-0.09524116596619614,-0.03580736785809313
2025-05-09,-0.014951072274857924,-0.09533676653619205,-0.03694341603468787
2025-05-12,-0.014238277093456375,-0.05895894586843087,-0.01723202443755323
2025-05-13,-0.02124393146863024,-0.044098017641009624,-0.012964273517599323
2025-05-14,-0.022108918783461995,-0.038618571763558984,-0.010571470035805941
2025-05-15,-0.03223688495059429,-0.03786955031656314,-0.01530976288653707
2025-05-16,-0.024839368437715503,-0.03371543498259244,-0.009420549754569074
2025-05-19,-0.02514815789233893,-0.03285367701437514,-0.009135673311961523
2025-05-20,-0.0209732152395099,-0.0364468154187475,-0.008854541827654883
2025-05-21,-0.013979231806066084,-0.049389419001063195,-0.011970877099276578
2025-05-22,-0.015318120580393058,-0.04794143112249405,-0.011889192777567614
2025-05-23,-0.015499667160653319,-0.05681695196522207,-0.016586090226959782
2025-05-27,-0.013349658683063259,-0.03429941016251992,-0.00377326580622106
2025-05-28,-0.012632863706299458,-0.03866547015638733,-0.005663426088074908
2025-05-29,-0.004713910648852404,-0.03660103897977873,-0.0006083502293879883
2025-05-30,-0.013585817078290208,-0.03763641119067718,-0.005599628688744307
2025-06-02,-0.013585739232189531,-0.03083794801493467,-0.002087198507622512
2025-06-03,-0.0123028043886656,-0.023134436046825524,0.0
2025-06-04,-0.0092894239842779,-0.020458521979111577,0.0
2025-06-05,-0.010212052161927887,-0.02832708021428887,-0.00448208935554284
2025-06-06,-0.01116878331412774,-0.01866059993867064,-1.1375694534798697e-05
2025-06-09,-0.00775779623062034,-0.017033586464401673,0.0
2025-06-10,-0.007883651386484392,-0.010537708111617583,0.0
2025-06-11,-0.006120723622753621,-0.01419578275221356,-0.0009600481911939962
2025-06-12,-0.007162601468204577,-0.011827413914391793,-0.0002836083949967483
2025-06-13,-0.011342820952116028,-0.024556719998556353,-0.008827204460540972
2025-06-16,-0.007943178029677478,-0.01073386965854295,-0.00010018244943310606
2025-06-17,-0.004707152279255777,-0.020586590667218907,-0.0034486921797921566
2025-06-18,-0.006831189984134456,-0.02055908295604114,-0.004498059339207439
2025-06-20,-0.007127429256041373,-0.024766409928028255,-0.0067846866197436295
2025-06-23,-0.009631388646930472,-0.014397355652157384,-0.0027569771053720382
2025-06-24,-0.0019195751228341384,0.0,0.0
2025-06-25,-0.00434871927730851,0.0,-0.00015294016706191016
2025-06-26,-0.006295614980409758,0.0,0.0
2025-06-27,-0.0018799616685133413,0.0,0.0
2025-06-30,0.0,0.0,0.0
2025-07-01,-0.0005570513428675428,-0.008857088558980264,-0.004707069950923848
2025-07-02,0.0,-0.0016367557490385432,-0.0004913306474584322
2025-07-03,0.0,0.0,0.0
2025-07-07,-0.0006588865248060571,-0.007932839374871326,-0.004295862949838636
2025-07-08,0.0,-0.007203402986928231,-0.003303888194642002
2025-07-09,-0.0015309534541184666,-9.008626853490576e-05,-0.0004962076404787519
2025-07-10,0.0,-0.0016491034885689482,0.0
2025-07-11,-0.0006587175812390322,-0.0037770635987190992,-0.0013950963572335606
2025-07-14,-0.004700551489772442,-0.000495911788925274,-0.0017700256513013546
2025-07-15,0.0,0.0,0.0
2025-07-16,-0.0024402501955754774,0.0,-0.0007093010017475976
2025-07-17,0.0,0.0,0.0
2025-07-18,0.0,-0.0006750126185766092,0.0
2025-07-21,0.0,0.0,0.0
2025-07-22,0.0,-0.005025008563394606,-0.002267173603361372
2025-07-23,0.0,-0.0007614302982822396,-5.1231161893983135e-05
2025-07-24,0.0,0.0,0.0
2025-07-25,0.0,0.0,0.0
2025-07-28,0.0,0.0,0.0
2025-07-29,0.0,-0.0020538382198871385,-0.00021881624948894007
2025-07-30,0.0,-0.00046497150443980395,0.0
2025-07-31,-0.00602049080847733,-0.005914899939074347,-0.005736477241674809
2025-08-01,-0.009797452896199266,-0.02538761540263068,-0.017363603143862316
2025-08-04,-0.008624010821734918,-0.007178372231525176,-0.007601785048258924
2025-08-05,-0.0017630277502549419,-0.014459072446071364,-0.007806553862288124
2025-08-06,0.0,-0.0017652647447560232,-0.0002759331767280271
2025-08-07,0.0,0.0,0.0
2025-08-08,0.0,0.0,0.0
2025-08-11,0.0,-0.0035847288180602677,-0.0007664108659926061
2025-08-12,-0.0006960073527688682,0.0,0.0
2025-08-13,0.0,0.0,0.0
2025-08-14,-0.002851913712676679,-0.0006960447883856968,-0.0017739792505311325
2025-08-15,0.0,-0.005743208112360176,-0.0011515973272460123
2025-08-18,0.0,-0.0056723457212536355,-0.0008962491505632997
2025-08-19,-0.0011720150350126302,-0.019467030958059683,-0.008412204378680399
2025-08-20,0.0,-0.025136022246598055,-0.010045864162009144
2025-08-21,0.0,-0.029622156698969948,-0.011727800597474358
2025-08-22,0.0,-0.01471421910483639,-0.0025980828827836255
2025-08-25,0.0,-0.017755012361084788,0.0
2025-08-26,-0.003763841648380395,-0.01357496989396667,0.0
2025-08-27,-0.011484054034138325,-0.01187427250740547,-0.003012638902359366
2025-08-28,-0.011132936526667359,-0.006104648237413746,0.0
2025-08-29,-0.011033236726486484,-0.01818186392408294,-0.0060252867175201175
2025-09-02,-0.012739887870692579,-0.02591005759561016,-0.010794874298955426
2025-09-03,-0.007307076314705618,-0.018206183561267575,-0.0041614084637177085
2025-09-04,-0.010620669073172051,-0.0090582262430694,-0.001184044513515392
2025-09-05,-0.005106431372511322,-0.008243518397386906,0.0
2025-09-08,-0.0014310014746194977,-0.003637043671360307,0.0
2025-09-09,0.0,-0.0003874369785961118,0.0
2025-09-10,-0.0031493161783761048,0.0,-0.001376040651122179
2025-09-11,-0.0013223554926501402,0.0,0.0
2025-09-12,0.0,0.0,0.0
2025-09-15,-0.0017189206888946762,0.0,0.0
2025-09-16,0.0,-0.0008039094780638578,0.0
2025-09-17,-0.0026670276628205647,-0.002885100630696469,-0.002374946625420371
2025-09-18,-0.00568809241263446,0.0,0.0
2025-09-19,-0.0029961851512313453,0.0,0.0
2025-09-22,0.0,0.0,0.0
2025-09-23,-0.0005568231989127037,-0.00730582321361728,-0.003931323206264992
2025-09-24,0.0,-0.010399389040942064,-0.004959532304192771
2025-09-25,-0.0015346839484879915,-0.01469080294187608,-0.00788057057078917
2025-09-26,-0.003072790853555496,-0.010388080967421942,-0.006478505492500286
2025-09-29,0.0,-0.006046588455184132,-0.00131528588542984
2025-09-30,0.0,-0.0032744950036488474,0.0
2025-10-01,0.0,0.0,0.0
2025-10-02,0.0,0.0,0.0
2025-10-03,0.0,-0.004308079939709164,-0.0021539852298015916
2025-10-06,0.0,0.0,0.0
2025-10-07,0.0,-0.0055379493453586726,-0.0027689199242990625
2025-10-08,0.0,0.0,0.0
2025-10-09,0.0,-0.0015292429928923656,0.0
2025-10-10,-0.001548801585184778,-0.036395903665648044,-0.018234431758981207
2025-10-13,-0.0016059019409874198,-0.015370801643180276,-0.0075518191179959615
2025-10-14,-0.0034612688327451124,-0.02217084078925491,-0.011900997036357608
2025-10-15,0.0,-0.015565338537957607,-0.004140345123087474
2025-10-16,0.0,-0.019070980903558188,-0.004562371997135162
2025-10-17,0.0,-0.012677519889308875,0.0
2025-10-20,0.0,0.0,0.0
2025-10-21,0.0,-0.000552483550786631,0.0
2025-10-22,-0.003939357255769993,-0.010422011517432495,-0.006907170494246273
2025-10-23,-0.006444822389808813,-0.0017342176252198582,-0.003796844627457885
2025-10-24,-0.005568488864569399,0.0,0.0
2025-10-27,0.0,0.0,0.0
2025-10-28,-0.007381251007031797,0.0,0.0
2025-10-29,0.0,0.0,0.0
2025-10-30,-0.0014886306598892451,-0.014741279142108321,-0.008114954900998672
2025-10-31,0.0,-0.010019965658301988,-0.0027278601973937944
2025-11-03,0.0,-0.005624458027132739,0.0
2025-11-04,-0.016077403351133168,-0.026192723158823594,-0.018381004087230313
2025-11-05,-0.023961604191370833,-0.01913563822150599,-0.018757027250895675
2025-11-06,-0.01657883211133737,-0.03789493431240987,-0.024429226017857242
2025-11-07,-0.02239038176349606,-0.040583694010494,-0.0286750007129849
2025-11-10,-0.015328038840148994,-0.019453021361148792,-0.01447005170414739
2025-11-11,-0.013722847197051857,-0.022448827232928292,-0.015172271565033424
2025-11-12,-0.012575362576033089,-0.023067513787407012,-0.014911018343760407
2025-11-13,-0.012098547737897314,-0.04312390767940866,-0.024785098100256198
2025-11-14,-0.01971162540419802,-0.04255805450643868,-0.0282544047132125
2025-11-17,-0.02864415921577923,-0.05053359801070856,-0.03672909692237236
2025-11-18,-0.038790438796371896,-0.0618973692421666,-0.047524506980396675
2025-11-19,-0.04049640205738836,-0.05663623642555382,-0.04569886810579826
2025-11-20,-0.03040747140498523,-0.07907664094548794,-0.0520320434581274
2025-11-21,-0.039224186810774775,-0.071986630857375,-0.05269297210042867
2025-11-24,-0.03720534043921864,-0.04770318359408687,-0.03930354619240217
2025-11-25,-0.0350274576565871,-0.04217060970870845,-0.035426291220892914
2025-11-26,-0.03885598133466772,-0.033802261498439456,-0.03312612594378839
2025-11-28,-0.03648039357219235,-0.026223734056666226,-0.028139335625207096
2025-12-01,-0.0370754401045873,-0.02974749089294204,-0.030197846980781207
2025-12-02,-0.040432344492522865,-0.021592390461660727,-0.027812629788548038
2025-12-03,-0.039567547466152986,-0.019652103668283294,-0.026410568906829468
2025-12-04,-0.041352045076843646,-0.020603104535439787,-0.02778726300130263
2025-12-05,-0.03835344597786006,-0.01637834826769713,-0.02416986526692322
2025-12-08,-0.040455058451146386,-0.018832420553717255,-0.026453486602126652
2025-12-09,-0.0451184585865233,-0.01727268724743891,-0.02804540141429268
2025-12-10,-0.04258341025694434,-0.013147472133263283,-0.02471521708317692
2025-12-11,-0.04355754629629216,-0.01658393903487254,-0.026909467779063778
2025-12-12,-0.03750331816736441,-0.03534170372341405,-0.03311007032516211
2025-12-15,-0.03693727508028888,-0.04029847032046574,-0.03530987372205763
2025-12-16,-0.04152857122382647,-0.03778390764112405,-0.03634558424554146
2025-12-17,-0.037670134037756986,-0.05636479535678851,-0.04371026453699478
2025-12-18,-0.039750436031690595,-0.04213194179905366,-0.03753202600541039
2025-12-19,-0.036522704048376986,-0.029620001646257887,-0.02962841882188938
2025-12-22,-0.031272331511056684,-0.025197311623152974,-0.02477312186644065
2025-12-23,-0.028972234389916807,-0.020368417123376004,-0.02119985970399385
2025-12-24,-0.02759855237647857,-0.017752781888104696,-0.019200813398207006
2025-12-26,-0.026336417238699505,-0.01820301418270065,-0.018789080158288174
2025-12-29,-0.030282734575603043,-0.02275242775130837,-0.023050882672545625
2025-12-30,-0.035583119625419934,-0.025164386472357747,-0.026926450564980886
2025-12-31,-0.036200011536077326,-0.03330800138591983,-0.031302112612697774
2026-01-02,-0.03619998112682221,-0.034980292765847465,-0.03213997802556057
2026-01-05,-0.027901301193594463,-0.027508963489454086,-0.024226499271167268
2026-01-06,-0.024898441732185472,-0.018382188259121635,-0.01814060323203348
2026-01-07,-0.02632908746996787,-0.01783892327099945,-0.01858918422534228
2026-01-08,-0.027409596853049112,-0.023459169941635105,-0.021941710224731348
2026-01-09,-0.020086601071982124,-0.013537214034537781,-0.01329094057278779
2026-01-12,-0.016676274115479672,-0.012717913770562306,-0.011164199451143886
2026-01-13,-0.019910450217273223,-0.014467923820390194,-0.013666734222703258
2026-01-14,-0.017920947637881657,-0.025034982972720665,-0.017953470642052327
2026-01-15,-0.01476638944176012,-0.021928533280245355,-0.014811737315725937
2026-01-16,-0.0162335887281565,-0.022610773032770926,-0.015888905178985335
2026-01-20,-0.016095660441109105,-0.04334940667729792,-0.0262605473284675
2026-01-21,-0.01198310384662482,-0.03037038880391807,-0.017620080341992916
2026-01-22,-0.006614279856703709,-0.023028463027162327,-0.011231749006157532
2026-01-23,-0.0012130145315591978,-0.019693068681482462,-0.00685583521613331
2026-01-26,0.0,-0.015568236417897507,-0.0012120893617206807
2026-01-27,-0.002435616408767105,-0.006895521988067088,0.0
2026-01-28,0.0,-0.003715947832779176,0.0
2026-01-29,0.0,-0.009018045662590679,-0.0012730453252473017
2026-01-30,-0.01893816777478685,-0.0217252396166141,-0.01713332803121914
2026-02-02,-0.04299191393500368,-0.014595795917664689,-0.025600872455618595
2026-02-03,-0.028237752041486375,-0.02990943669278412,-0.0256610413315842
2026-02-04,-0.024143673109847552,-0.047037406416959304,-0.03221006377298685
2026-02-05,-0.031811197586775086,-0.060151953399426805,-0.042671435750537
2026-02-06,-0.02957211291219841,-0.03997266446782899,-0.031287146583826586
2026-02-09,-0.0233239340549235,-0.032607767655634556,-0.024452814252645783
2026-02-10,-0.017093346188790215,-0.03798681845416518,-0.02405331874240746
2026-02-11,-0.010094192987010309,-0.035168272405853296,-0.01914883818462909
2026-02-12,-0.011270496505166205,-0.05483339299421797,-0.029727423820187338
2026-02-13,-0.008774603903422662,-0.05310597112923776,-0.027616120091891183
2026-02-20,-0.008774380365835666,-0.04488543834082992,-0.023395098009713955
2026-02-23,-0.008774156811222844,-0.05648155222592699,-0.02932350269958639
2026-02-24,-0.007938354833018302,-0.04624407154694088,-0.023648188163113426
2026-02-25,-0.004304330175598836,-0.032802843650621694,-0.014980114012524193
2026-02-26,-0.007566494402249879,-0.044054907923940956,-0.02232341189243281
2026-02-27,-0.006916265977374381,-0.046893221757842385,-0.02345455054760104
2026-03-02,-0.00868855985470951,-0.045649908177433085,-0.023688995581054417
2026-03-03,-0.01862404830248099,-0.056056167911253674,-0.033904429410638426
2026-03-04,-0.020462193658542516,-0.04179013739402415,-0.027508784488286087
2026-03-05,-0.014472831971144462,-0.04458797480301069,-0.025955415225241363
2026-03-06,-0.008889714077192745,-0.05899910948503018,-0.030542472492727235
2026-03-09,-0.013841130818694536,-0.046617905697807216,-0.02658628337172564
2026-03-10,-0.014880731126312274,-0.04702954330213183,-0.027309508894734047
2026-03-11,-0.007768464514399276,-0.046703440784420236,-0.023631816303039566
2026-03-12,-0.010141461927337891,-0.0631777275779114,-0.033235844034286366
2026-03-13,-0.006975783651702816,-0.06901435168004899,-0.03470151866001148
2026-03-16,-0.013134766896211847,-0.0585282846555939,-0.032258756174794234
2026-03-17,-0.020959193135875354,-0.05375206651561781,-0.03364041281567176
2026-03-18,-0.013210317740462885,-0.06732045148266053,-0.036744543966904075
2026-03-19,-0.023540455570489116,-0.06998616773107547,-0.04316298272437913
2026-03-20,-0.029886811749993414,-0.08744181690222397,-0.055251943871040154
2026-03-23,-0.04363467517199404,-0.07635127647549989,-0.056205269975643235
2026-03-24,-0.03503592296632496,-0.08345908943180913,-0.055593827354892156
2026-03-25,-0.03902034759853745,-0.07732920217557038,-0.05438547093883328
2026-03-26,-0.04009286613733043,-0.09932355688011818,-0.0661837962536207
2026-03-27,-0.04509724713411001,-0.11666808680928309,-0.0776093304055262
2026-03-30,-0.04984268820267457,-0.12351814894655766,-0.08347774314508682
2026-03-31,-0.05704451352063711,-0.0934735679206975,-0.07124263016937815
2026-04-01,-0.04479262646778848,-0.08278931915538468,-0.05973579478889102
2026-04-02,-0.04757669566590128,-0.08181406642677125,-0.060606169986320735
2026-04-07,-0.04724383244243158,-0.08142693718113314,-0.06024397971345785
2026-04-08,-0.03145479923368599,-0.05482888077494397,-0.0388514686557383
2026-04-09,-0.03216887523018486,-0.04803817836028157,-0.03575303291087628
2026-04-10,-0.03234865256693131,-0.04673825907958529,-0.03518424127273723
2026-04-13,-0.03002203193206332,-0.03659015930520326,-0.028888789943562698
2026-04-14,-0.026446177126371873,-0.019196670021772277,-0.018332508419546145
2026-04-15,-0.023718688237872376,-0.005435363954768624,-0.010070683022400106
2026-04-16,-0.014317720559889557,-0.0005613308444905041,-0.002878829910923919
2026-04-17,-0.016654012268147333,0.0,0.0
2026-04-20,-0.017631287110342564,-0.0030777098299630268,-0.002035767931553245
2026-04-21,-0.015029199510326996,-0.007234436457420612,-0.0027946050434616287
2026-04-22,-0.01197694867688981,0.0,0.0
2026-04-23,-0.014796595325800133,-0.005741116304659011,-0.004297471545258169
2026-04-24,-0.014310398478894037,0.0,0.0
2026-04-27,-0.0069689911353088,0.0,0.0
2026-04-28,-0.007505720679037542,-0.010132324117180014,-0.005336410187267493
2026-04-29,-0.006420557220403578,-0.004346714676213725,-0.0018858221543733844
2026-04-30,-0.008336069490675668,0.0,0.0
2026-05-04,-0.008335980145108168,-0.002112567285304068,-0.0010562385943425623
2026-05-05,-0.008335890792735667,0.0,0.0
2026-05-06,0.0,0.0,0.0
2026-05-07,0.0,-0.0012315042709279966,0.0
2026-05-08,-0.0009710806472499334,0.0,0.0
2026-05-11,0.0,0.0,0.0
2026-05-12,-0.004995030815603596,-0.008726270145351434,-0.00686065048047757
2026-05-13,-0.0010789662613723827,0.0,0.0
2026-05-14,-0.002713773968437194,0.0,0.0
2026-05-15,-0.006972703962607407,-0.015385239500613546,-0.009827879359334712
2026-05-18,-0.016684515601530614,-0.019808115536353643,-0.016893743175111164
2026-05-19,-0.018840691364245377,-0.025742132432733933,-0.020947431820480755
2026-05-20,-0.01986017511947369,-0.009553655642437486,-0.01332200590302135
2026-05-21,-0.01027819369104166,-0.0075398153500808585,-0.007495967051013075
2026-05-22,0.0,-0.0033353279040441164,0.0
2026-05-26,-0.006572223358896401,0.0,0.0
2026-05-27,-0.0035043092823355826,-0.0009249593017907065,0.0
2026-05-28,-0.0037565243515558233,0.0,0.0
2026-05-29,0.0,0.0,0.0
2026-06-01,0.0,0.0,0.0
2026-06-02,-0.0018272398390846156,0.0,0.0
2026-06-03,-0.0069300272410768304,-0.002914489605552295,-0.0040133090461890175
2026-06-04,-0.015962664759907375,-0.008244783207112527,-0.01120510228540006
2026-06-05,-0.019573612693875808,-0.05554359666803643,-0.036598120171977166
2026-06-08,-0.033723333745403816,-0.04064956328317115,-0.03595372871850022
2026-06-09,-0.022195237897646103,-0.051404734414851494,-0.03560689338541223
2026-06-10,-0.03381275611900003,-0.07020638865514683,-0.050893366904533166
2026-06-11,-0.03596547655421589,-0.039608487766057965,-0.036333969304146674
2026-06-12,-0.028091005325538654,-0.03341911117199259,-0.02929299881781633
2026-06-15,-0.004443157404865339,-0.0038055354428810917,-0.0026137032640161095
2026-06-16,-0.004388150422209969,-0.022585011382686537,-0.011987120943921847
2026-06-17,-0.002397046956942428,-0.032277580999719446,-0.0158979997054437
2026-06-18,0.0,-0.008297619746514995,-0.00215433092523587
2026-06-22,0.0,-0.010225501131745363,0.0
2026-06-23,-0.02217747550475435,-0.042834452032901926,-0.027561657057957767
2026-06-24,-0.016380555132817,-0.04698342498189845,-0.026786744202986323
2026-06-25,-0.005575360641136395,-0.039799612532044226,-0.017773276430084306
2026-06-26,-0.014223234483378366,-0.05030429932878,-0.027417003164116993
2026-06-29,-0.01582954179177476,-0.028892128660234828,-0.017245309484637206
2026-06-30,-0.013549128631929142,-0.012532370534170778,-0.007828760067553064
2026-07-01,-0.01652018742080974,-0.02777081987958474,-0.016978421327707327
2026-07-02,-0.02651621751978639,-0.0434234816017951,-0.029887316049699297
2026-07-06,-0.022398924875639548,-0.03139958122150255,-0.021738775554144274
2026-07-07,-0.02680693098897924,-0.04851764153343374,-0.03258866470942001
2026-07-08,-0.03475831644310057,-0.045923432679073506,-0.035221918332158264
2026-07-09,-0.03440395143485764,-0.030446240451915685,-0.027219423922269836
2026-07-10,-0.034627148950274744,-0.027249629818072663,-0.025728228321231117
2026-07-13,-0.04553732319559689,-0.04554705387370106,-0.040396621880165684
2026-07-14,-0.045615316971683195,-0.03503877941070954,-0.035153339125612915
2026-07-15,-0.04305278576151461,-0.03776834112835381,-0.03522264710229828
2026-07-16,-0.05082350868285079,-0.05332022204392617,-0.046936312799092716
2026-07-17,-0.05632890045800798,-0.06744616869859033,-0.056810884194194
