datetime,recon,actual
2017-01-04,0.00104897167672151,0.0010303687588675
2017-01-05,-0.0008218664246506377,-0.0008231044419737
2017-01-06,-0.00026918722453729945,-0.0002695376677152
2017-01-09,0.002411625762750618,0.0024057269031234
2017-01-10,0.002316937369266131,0.0023079258077245
2017-01-11,0.0012024909093320145,0.0011966694185816
2017-01-12,0.0012537666536341693,0.0012504775998901
2017-01-13,-0.002560131011914827,-0.0025664569718297
2017-01-16,0.003230151189442936,0.0032131144647604
2017-01-17,-0.0030323817765228423,-0.0030633229503288
2017-01-19,-0.0022366283349356,-0.0022502687966578
2017-01-20,0.002175339387314078,0.0021684835886128
2017-01-23,0.002288315814984025,0.0022824252500611
2017-01-24,-0.0011053181147511963,-0.001110254596647
2017-01-25,0.0010868185779171465,0.0010339024353578
2017-01-26,0.009483622476375554,0.0093187828368777
2017-01-27,0.0,8.094340914616129e-08
2017-01-30,0.0,8.094956760768016e-08
2017-01-31,0.0,8.095572680143654e-08
2017-02-01,0.0,8.096188654399668e-08
2017-02-02,0.0,8.09680464684936e-08
2017-02-03,-0.002820369166090896,-0.0028960196969855
2017-02-06,0.0013846483199030225,0.0013612355027281
2017-02-07,-0.0018026882758037668,-0.0018627282963979
2017-02-08,0.0012348267072523152,0.0012167021706148
2017-02-10,0.001974798095107199,0.0019087739621138
2017-02-13,0.002249278363846634,0.0022449569072236
2017-02-14,-0.00017080131544860693,-0.0001708709944369
2017-02-15,0.0013917957848199694,0.0013698049310664
2017-02-16,0.0021961314061199723,0.0021859044355916
2017-02-17,-0.0002917808140607659,-0.0002989714361849
2017-02-20,0.00177329072160486,0.0017649922741348
2017-02-21,0.0005211400097626397,0.0005201546204244
2017-02-22,0.004898703114085751,0.0048679162188017
2017-02-23,0.0011315585949067467,0.0011301626131907
2017-02-27,-0.00207243668864933,-0.0020907449587022
2017-02-28,0.0011352595992513415,0.0011176196372163
2017-03-01,0.0011611583844343136,0.0011069792975753
2017-03-02,0.015465939949193578,0.0150267259238547
2017-03-03,-0.0017816414604624653,-0.0018000411592695
2017-03-06,0.009390232138475826,0.0091930063212973
2017-03-07,-0.008946860644024246,-0.0090999980358837
2017-03-08,-0.005845552531278811,-0.0059164171129565
2017-03-09,-0.006251130783074684,-0.0063406205413173
2017-03-10,0.0042253827854336875,0.0041211883933627
2017-03-14,0.0023498858179287997,0.0023426270433005
2017-03-15,-0.0027402429470367116,-0.0027532257171435
2017-03-16,0.009395559414668419,0.0093336695321115
2017-03-17,-0.004941033714152995,-0.0050631028375385
2017-03-20,-0.0024213676194027806,0.0015177079869141
2017-03-21,0.002805506197303384,0.002775302472471
2017-03-22,-0.009944485758566867,-0.0100972489900708
2017-03-23,-0.0008246278577155495,-0.0008799535867937
2017-03-24,0.00011140080713412201,4.952073543818568e-05
2017-03-27,-0.0028737152016995813,-0.0028879591789368
2017-03-29,-0.00010613977697891425,-0.0001457856043806
2017-03-30,-0.0026572920002906624,-0.00267474459399
2017-03-31,0.0020893095382120324,0.0020385543569097
2017-04-03,0.0,1.1207962783688604e-10
2017-04-04,0.0,1.120882380745988e-10
2017-04-05,0.0033171101469919783,0.0032978214597005
2017-04-06,-0.00027293242359969805,-0.0002747256249083
2017-04-07,0.0022739734448870333,0.0022597071246788
2017-04-10,-0.0007005114970704639,-0.0007043749809427
2017-04-11,-0.0008599091545030668,-0.000864956267701
2017-04-12,0.0013765451474810615,0.0013071584532206
2017-04-13,0.0029124033219153555,0.0029073737907046
2017-04-17,-0.002443464787942335,-0.0024482192093948
2017-04-18,-0.0013385725668127492,-0.0013456389534285
2017-04-19,-0.008464156327101308,-0.0087124910885652
2017-04-20,0.0011658604246407886,0.0011510453503318
2017-04-21,-0.0010058329672566126,-0.0010091570542284
2017-04-24,0.0029577897540605403,0.0027452805852398
2017-04-25,0.009361239467995818,0.0092374517248429
2017-04-26,-0.0035553526046562907,-0.0036196866522088
2017-04-27,0.0004542788292116796,0.0004497405869054
2017-04-28,0.0016598505688355668,0.0016570294544782
2017-05-01,0.0,2.3449930675303e-07
2017-05-03,-0.0006806090271012932,-0.0006906350752063
2017-05-04,-0.004351728332141331,-0.0043859786358647
2017-05-05,0.0025256061155130875,0.0024810830165673
2017-05-08,0.005841342505460181,0.0056853607729653
2017-05-09,0.0006057911334186567,0.0005915902245139
2017-05-10,0.0009182384846400684,0.0008784469479214
2017-05-11,0.0032418691718763847,0.0031827593256072
2017-05-12,-0.0066774993829965025,-0.0067826628401333
2017-05-15,0.003476151571580858,0.0034643954638991
2017-05-16,2.236984715384095e-05,6.295851741709907e-06
2017-05-18,-0.008843770351677457,-0.0089265841691955
2017-05-19,0.001180324027440906,0.0011688285565361
2017-05-22,0.007661764004624249,0.0076034345484236
2017-05-23,0.002648505317061175,0.0026352444630924
2017-05-24,-0.001999998467594276,-0.0020231339692062
2017-05-25,0.002102570830783829,0.0020803745535372
2017-05-26,0.003690547031594822,0.0036573577550881
2017-05-29,0.0,8.599366939991194e-08
2017-05-30,0.0,8.60002118303573e-08
2017-05-31,-0.002650622208742498,-0.00266949960366
2017-06-01,-0.000903811757484424,-0.0009327717972495
2017-06-02,0.00848052743702721,0.0084429888301916
2017-06-06,-0.005074029755724232,-0.0051954589184493
2017-06-07,-0.003373281417395888,-0.0033932577853155
2017-06-08,-0.0006706945806053688,-0.0006802400796699
2017-06-09,-0.0003565385457569069,-0.0003766647580606
2017-06-12,-0.0029424844141308537,-0.002967041724262
2017-06-13,-0.0016931436494304454,-0.0017129677027553
2017-06-14,0.0015761783790313548,0.0015748409596127
2017-06-15,-0.004935391655340116,-0.0049776751144877
2017-06-16,-0.00104263836856814,-0.001052984538903
2017-06-19,-0.0005736067369924271,0.0034718666965443
2017-06-21,-0.0007147286003874905,-0.0007301000099536
2017-06-22,0.00013938527974342017,0.0001309132921058
2017-06-23,0.0006731974499833915,0.0006724728920427
2017-06-26,0.003125688192059613,0.0030972257303104
2017-06-27,0.0017826279858897743,0.0017679512469869
2017-06-28,-0.002238848352384472,-0.0022484909221238
2017-06-29,-0.00036119652835302565,-0.0003650217800211
2017-06-30,-0.0005901367995919419,-0.0006433408185562
2017-07-03,0.0006517739653036257,0.0006471704522849
2017-07-04,-0.00014889810298336997,-0.0001620968578618
2017-07-06,0.00821306466047588,0.0080176239111412
2017-07-07,0.0052715288361365326,0.0050796393499306
2017-07-10,-0.004706528761018149,-0.0047389260988932
2017-07-11,-0.003730749379416897,-0.0038341173080941
2017-07-12,-0.0011178006651224033,-0.0011253893369199
2017-07-13,0.00875782133884437,0.0086011743185461
2017-07-14,-0.0014248224709913519,-0.0014276898787472
2017-07-17,-0.0014343742448573982,-0.0015139352748409
2017-07-18,0.010780733963303077,0.0104186106963149
2017-07-19,0.007614800431281248,0.007457514719667
2017-07-21,0.0008185540612290264,0.0008100426230261
2017-07-24,0.003657637232038774,0.0033671780504085
2017-07-25,-0.008378800056541014,-0.0086220105316839
2017-07-26,0.004204471781844336,0.0041669558206148
2017-07-27,-0.004421783968644786,-0.0044534530625256
2017-07-28,0.003320934820018718,0.0032236722939495
2017-07-31,0.004587556070966969,0.004547738043976
2017-08-01,-0.0026989578573637318,-0.0027190877891215
2017-08-02,0.0034399516422562123,0.0034248987708484
2017-08-03,0.0015476750384978825,0.001500795020785
2017-08-07,0.0010438997757782017,0.0010120546028967
2017-08-08,-0.0002699452905292553,-0.0002719434125946
2017-08-09,-0.0020846826478750323,-0.0021002379834528
2017-08-10,0.00034935773140322294,0.0003314998375054
2017-08-11,-0.003895918558139112,-0.003959671601117
2017-08-14,0.0018984813262199604,0.0018916429776818
2017-08-15,0.0027328526672153845,0.002681497387395
2017-08-16,-0.0026141159499120364,-0.0026176082203715
2017-08-17,0.0019262081685306528,0.0019102630275452
2017-08-18,-0.0030608687561487174,-0.0030813480352488
2017-08-22,-0.0020683609726016156,-0.0020835164767218
2017-08-23,0.0003107168070680146,0.0003047071556749
2017-08-24,0.0008877709339236569,0.0008652476316014
2017-08-25,0.00011504418741679513,0.0001145513761103
2017-08-28,0.0015271129847195526,0.0015228370690762
2017-08-29,-0.0006519549084417584,-0.0006964732416255
2017-08-30,-0.0013629374495921303,-0.0013967773863276
2017-08-31,0.002290376833831066,0.0022692484091973
2017-09-01,0.010043546624665469,0.0098535486490674
2017-09-04,0.001216064891393258,0.0012052831981496
2017-09-06,0.0008957087220534624,0.0008708452247527
2017-09-07,-0.0019726057894016557,-0.0019789094043196
2017-09-08,0.0004037401234536773,0.0003864699525054
2017-09-11,0.0009826831947164086,0.0009490120637159
2017-09-12,0.0021348146173610296,0.0021156067719845
2017-09-13,0.0014369215032864818,0.001429591723748
2017-09-14,-0.0007499451160751602,-0.0007684301245658
2017-09-15,-0.0016791467727536179,-0.0016930881064843
2017-09-18,-0.005420191001834026,-0.0014878524089703
2017-09-19,-0.0026592629594024953,-0.0026907856589531
2017-09-21,-0.00024526084406120414,-0.0002473527219396
2017-09-22,0.0007105929647519131,0.0006986055971573
2017-09-25,-0.00010741879136796093,-0.0001124273500256
2017-09-26,-0.0041592930936490665,-0.0041982706523967
2017-09-27,0.00238554914704651,0.0023772076778301
2017-09-28,0.003486225464771559,0.0034746339038014
2017-09-29,0.0037535303771536804,0.0037432390749253
2017-10-02,0.0,1.3735299635033686e-07
2017-10-03,0.0,1.37363439249201e-07
2017-10-04,0.0,1.3737388282741177e-07
2017-10-05,0.0,1.3738432742679465e-07
2017-10-06,0.0,1.373947725346095e-07
2017-10-09,0.0065908664026437455,0.0065620341140757
2017-10-10,0.0008222845285200534,0.000820066308236
2017-10-11,0.0021737805893613793,0.0021694384608654
2017-10-13,-0.0017390630867127723,-0.001746128190865
2017-10-16,0.0011015090840221626,0.0010979301823057
2017-10-17,0.002221832667048484,0.0022171869647056
2017-10-18,-0.0018308293402281184,-0.0018339583592646
2017-10-19,0.0016958687280433423,0.0016881517270488
2017-10-20,0.0009733960255712893,0.0009689840597109
2017-10-23,0.0009546824507788075,0.0009514215384703
2017-10-24,-0.0022337209895969294,-0.0022372996802983
2017-10-25,0.0009874020966473788,0.0009835651073331
2017-10-26,-0.0014999082493522145,-0.0015098153069708
2017-10-30,0.004947541295123699,0.0048774259432375
2017-10-31,0.00038370920934886136,0.000382600448387
2017-11-01,0.001572529901361394,0.0015668428434058
2017-11-02,0.00132737365455299,0.0013060772045754
2017-11-03,0.001698684391365002,0.0016918028796884
2017-11-06,0.002424929860794704,0.0024222282893476
2017-11-07,-0.001444338148554766,-0.0014551357157213
2017-11-08,-0.0013179921405048949,-0.0013277797171539
2017-11-09,0.0014771784393809275,0.0014746977161986
2017-11-10,-0.0031261457698609782,-0.0031341384018096
2017-11-14,-0.002542695328624577,-0.0025738097724148
2017-11-15,-0.005292267773131918,-0.0053158885351042
2017-11-16,-0.00013370866038881548,-0.0001382680090975
2017-11-17,0.006226600606014145,0.0062001228577926
2017-11-20,-0.0035410206323242726,-0.0035486548470674
2017-11-21,0.0018941732763824858,0.0018898158633635
2017-11-22,0.002841562392469514,0.002813454143111
2017-11-23,-0.0037231737020058495,-0.0037491516075176
2017-11-24,0.0024553910946736343,0.0024430870962966
2017-11-27,0.0037262800356733902,0.0037179943255003
2017-11-29,0.004127959481848904,0.004109535508367
2017-11-30,-0.0033479686029719968,-0.0033910499258025
2017-12-01,0.004543428147778514,0.0045007055041842
2017-12-04,0.007667912965688584,0.0075577370090771
2017-12-05,-0.008624144255875191,-0.0087628637681827
2017-12-06,-0.006932423756736129,-0.0069451676133929
2017-12-07,0.001297862322841284,0.0012754275793243
2017-12-08,0.002924363967205337,0.0028891158527197
2017-12-11,0.0021005297480483267,0.0020958506138829
2017-12-12,0.0015806756138497502,0.0015717444297329
2017-12-14,0.0005517263403891711,0.0005503872598556
2017-12-15,-0.004642539334042205,-0.0046606994117196
2017-12-18,0.002567219446467866,0.0065027689417783
2017-12-19,0.004585053613847836,0.0045566810905726
2017-12-20,-0.0015077100466251723,-0.00152243262347
2017-12-21,-0.0027675306772803263,-0.0027748164808889
2017-12-22,0.00218794104310257,0.0021849046968852
2017-12-25,-0.002255358341966475,-0.0022704037715943
2017-12-26,-0.00032391184820117257,-0.0003262254674821
2017-12-27,-0.0036556538029014554,-0.0036745248548194
2017-12-29,1.7768775514267858e-05,4.078638562822987e-06
2018-01-02,-0.0018213085689051866,-0.0018274789967657
2018-01-03,0.00545404790820626,0.005433960632753
2018-01-04,0.003077153208843328,0.003070663039375
2018-01-05,-4.606760731664305e-05,-5.2440141713728107e-05
2018-01-08,0.004524298213824746,0.0045150110828482
2018-01-09,0.0006365455995564454,0.0006355124957518
2018-01-10,0.0017177576217657924,0.0017140026996142
2018-01-11,-0.001696201237441427,-0.0017027284111368
2018-01-12,0.005449715747434454,0.0054220626501937
2018-01-16,0.0037857545682084843,0.0037223884787404
2018-01-17,-0.003977842896240334,-0.0039971408722285
2018-01-18,-0.001276491494932474,-0.0013012955447076
2018-01-19,-0.001052317665094388,-0.0010680057435735
2018-01-22,-0.00022730310121796884,-0.0002390675289408
2018-01-23,0.0054446269121713395,0.0054157404960195
2018-01-24,0.0022273381520313664,0.0022228781497468
2018-01-25,0.0028374609144576194,0.0028003856040085
2018-01-26,-0.0006070417909415372,-0.0006150121280777
2018-01-29,0.002714162469115752,0.0026856101792357
2018-01-31,-0.002541362376739514,-0.0025584244324075
2018-02-01,-3.191014635233846e-05,-3.479676307573911e-05
2018-02-02,-0.002422339489055658,-0.0024350324904198
2018-02-05,-0.012871829799520671,-0.0130376918769365
2018-02-06,-0.0208090957763785,-0.021706200386134
2018-02-07,0.007337061902344788,0.0070949982071165
2018-02-08,0.00196126855508727,0.0019329915681448
2018-02-09,-0.010919915545036848,-0.0112345659286611
2018-02-12,0.008642666761081674,0.0085949381751096
2018-02-13,0.005503875903670979,0.0054364104679101
2018-02-15,0.0,1.1236870696803396e-09
2018-02-16,0.0,1.1237729391122323e-09
2018-02-20,0.0,1.1238583083261976e-09
2018-02-21,0.0,1.1239440110182995e-09
2018-02-22,0.0030274468062508643,0.0029408385721527
2018-02-23,0.0037135554753361753,0.003703745885661
2018-02-26,0.009789125365462158,0.0097112479491542
2018-02-27,0.003623407307307396,0.0035860174910739
2018-02-28,-0.005646699309797591,-0.0056810860313462
2018-03-01,-0.0021124432936697997,-0.0021433703241763
2018-03-02,-0.0052704795983473385,-0.0053468784584672
2018-03-05,0.0025052190733199503,0.0024990130500836
2018-03-06,0.005049973217458059,0.0050161383507911
2018-03-07,-0.0013839900501068946,-0.0013963747349047
2018-03-09,0.0016559605600747576,0.0016333859868225
2018-03-12,0.007964137279834754,0.0078676417623442
2018-03-13,-0.0011901526266871391,-0.0011959742164171
2018-03-14,-0.0035192570292467583,-0.0035456733334305
2018-03-15,-0.00034065249440621637,-0.0003404158724199
2018-03-16,-0.001789751439089573,-0.0017955543384682
2018-03-19,-0.0011229762315135717,-0.0011249581344705
2018-03-20,-0.00446719938907621,-0.0045292699844638
2018-03-21,0.0008730943883265935,0.0008728159271974
2018-03-22,-0.0014858551840529755,0.0024498537075177
2018-03-26,-0.003109923250468603,-0.0031388125399723
2018-03-27,0.00984099530867084,0.0096157321915206
2018-03-28,-0.011902124895078034,-0.0121051115837251
2018-03-29,-0.0029835610827068206,-0.0030051955483448
2018-03-30,0.001911677946670687,0.0019103719572035
2018-04-02,-0.0011895326216359654,-0.0012004502154248
2018-04-03,-0.005914491349745648,-0.0060466187355454
2018-04-04,0.0008627253871268065,0.0008594472498277
2018-04-05,0.0,1.725520468237691e-07
2018-04-06,0.0,1.725651598901419e-07
2018-04-09,0.0020096761315880427,0.002002385316976
2018-04-10,0.006612909293592843,0.0065572096925536
2018-04-12,4.7386738530410475e-05,3.5716535779337144e-05
2018-04-13,0.0008306743282867183,0.0008015804324724
2018-04-16,-0.0018573804767175956,-0.0019287893928032
2018-04-17,-0.005966239210292502,-0.006154543755723
2018-04-18,0.0057375532273585194,0.0057008046851661
2018-04-19,0.005513958488099119,0.0053696572516952
2018-04-20,-0.004849318569652516,-0.0048641503128016
2018-04-23,-0.004937746263939464,-0.0049536442501175
2018-04-24,0.003838553558465968,0.0037693322044619
2018-04-25,-0.004499602500531202,-0.0045336199734996
2018-04-27,0.00449795419332343,0.0044429765143274
2018-04-30,0.0,6.736261849403187e-08
2018-05-01,0.0,6.736774480424764e-08
2018-05-02,-0.0009299568166907887,-0.0009367089674378
2018-05-03,0.0010325119232797424,0.0010227871149715
2018-05-04,3.179193912649988e-05,2.647764112314769e-05
2018-05-07,0.0036445456789092135,0.0036259938216903
2018-05-08,0.0002674277107797666,0.0002627825138787
2018-05-09,-0.001354053357309789,-0.0013546462379129
2018-05-10,0.0027197111560301555,0.0027047768119374
2018-05-11,0.0013087380009973923,0.0013035231498061
2018-05-14,0.0010681786445731049,0.0010588143163999
2018-05-16,-0.004937390348861082,-0.0049534690256799
2018-05-17,0.0009805178819178553,0.0009605612372455
2018-05-18,3.344726715925569e-05,3.318682303073457e-05
2018-05-21,0.004643490619193599,0.0045930016414425
2018-05-22,-0.0005043305995824809,-0.0005098866149479
2018-05-23,-0.0020125681599617576,-0.002031477727649
2018-05-24,0.004855636838829828,0.0048428316463444
2018-05-25,0.002152320047525966,0.0021503776696333
2018-05-28,0.0004322081583396591,0.000421000868116
2018-05-29,-0.0011538114599176311,-0.0011628652342417
2018-05-31,0.004886581275647476,0.004851547549034
2018-06-01,-0.001983540761455972,-0.0019872609779529
2018-06-04,0.005373349053036462,0.0052898052369695
2018-06-05,0.003639921553867463,0.0036124999739408
2018-06-06,0.0005007546746059427,0.0004986846163872
2018-06-07,0.002052649842954887,0.002029298952635
2018-06-08,-0.0033726164862740516,-0.0034032455200201
2018-06-11,0.004804992578652292,0.0047877103186443
2018-06-12,0.0014422873239054914,0.0014331746938845
2018-06-13,0.0015580809145402347,0.0015537337570645
2018-06-15,0.004799155771820836,0.004765084552223
2018-06-18,0.0,4.353346932384804e-08
2018-06-19,-0.008783759831696271,-0.0088438923791079
2018-06-20,0.0022267787182730907,0.0022014503477715
2018-06-21,0.0054867366669532625,0.0054132458701012
2018-06-22,-0.00140661100852072,-0.001423970396414
2018-06-25,0.0007395766054570355,0.0007152099525854
2018-06-26,-0.008941536036644184,-0.0050938623812721
2018-06-27,-0.005656318086882912,-0.0056914663650964
2018-06-28,-0.0040662370129798415,-0.0040686826909918
2018-06-29,0.010596579599405447,0.0105325921575795
2018-07-03,0.00877069901655586,0.0086385415669647
2018-07-04,-0.003893459824471893,-0.0039694119500892
2018-07-05,0.003351323460792979,0.0033368409639038
2018-07-06,0.004894131501360462,0.0048554620145707
2018-07-09,0.008290864143263722,0.0081472980997555
2018-07-10,0.0018124473720648067,0.0017779483239363
2018-07-11,-0.0039850050123144826,-0.0040525814231073
2018-07-12,0.0025455037335011437,0.0025219645728804
2018-07-13,0.002197969654883077,0.0021822952705033
2018-07-16,0.0003714675879670111,0.0003516032948568
2018-07-18,0.0032978213002998464,0.0032296202355083
2018-07-19,0.004590506378173188,0.0045864831226418
2018-07-20,0.0009361035822280591,0.0009356648344652
2018-07-23,-0.00038937413583126405,-0.0003991930127336
2018-07-24,0.005912529257531835,0.0058652873137395
2018-07-25,0.0012372730436683997,0.0012357530884294
2018-07-26,0.004185093361744968,0.0041763658089593
2018-07-27,0.0016845679753606894,0.0016548603320696
2018-07-30,-0.00280432886609011,-0.0028283640752592
2018-07-31,-0.006622342690123438,-0.0067473224219133
2018-08-02,-0.005631053783570803,-0.0056694772370624
2018-08-03,0.006480855757400223,0.0064334007739252
2018-08-06,0.00021767056557095302,0.0001707714325858
2018-08-07,0.0023176005340156134,0.0022498547243911
2018-08-08,-0.0035858290452459953,-0.0036162125676603
2018-08-09,-0.0017032682166704066,-0.0017249313454967
2018-08-10,-0.0008729108745769412,-0.0008735297961265
2018-08-13,-0.005616140948995853,-0.005686942000283
2018-08-14,-0.0001508962702872472,-0.0001720354573583
2018-08-15,0.0004467544493021152,0.0003988489219206
2018-08-17,0.0005801705455596859,0.0005390046568373
2018-08-20,-0.0002940627280891532,-0.0003085912974734
2018-08-21,-0.0003188848598823594,-0.0003329480422226
2018-08-22,-0.00046430819941459457,-0.000463909457379
2018-08-23,0.003346337456448187,0.0033324568574936
2018-08-24,0.0003157578208073271,0.000315288236243
2018-08-27,0.0026075314107244646,0.0026031952775419
2018-08-28,0.0048317026688210005,0.0048178780326107
2018-08-29,0.000732462579308907,0.0007255886941964
2018-08-30,0.004211037479428973,0.0041830710442115
2018-09-03,-0.0016008309801198368,-0.0016060933682801
2018-09-04,0.00046005967949889787,0.0004522342260065
2018-09-05,-0.002629557177693146,-0.0026446708033446
2018-09-06,-0.003062411334141856,-0.0031104777275228
2018-09-07,-0.0014002080678584318,-0.0014156357297468
2018-09-10,0.0016656039777276062,0.0016532136575524
2018-09-11,0.0019073589097965613,0.0019020799076481
2018-09-12,0.003453534995340472,0.0034371710258336
2018-09-13,-0.0017539789425811175,-0.0017753469345333
2018-09-14,0.0037320687953752143,0.0037179208274343
2018-09-18,-0.003654440645996475,-0.0036883652390075
2018-09-19,0.003014607435555664,0.0030041030695688
2018-09-20,0.00047173045649807357,0.0004688891080846
2018-09-21,0.004364680996131827,0.0043479125711747
2018-09-24,0.0,6.172599120124653e-08
2018-09-25,-0.004706639048902896,-0.000754946221867
2018-09-26,0.0030289955970464115,0.0030237355152846
2018-09-27,-0.0027415428137290317,-0.002751024677341
2018-09-28,0.002061102368830094,0.002023285001213
2018-10-01,0.0,6.165507117316949e-08
2018-10-02,0.0,6.165976350254283e-08
2018-10-03,0.0,6.166445614758416e-08
2018-10-04,0.0,6.16691491082933e-08
2018-10-05,0.0,6.167384238467011e-08
2018-10-08,-0.00424749421416879,-0.0044355269850761
2018-10-09,0.0002552866015997636,0.0002519627068553
2018-10-11,-0.020180276816009042,-0.0210833199629754
2018-10-12,0.008707809382139388,0.0086457952089043
2018-10-15,-8.23234516960312e-05,-0.0001198556875573
2018-10-16,0.0009754408151298658,0.0009728684426149
2018-10-17,0.01028616874536346,0.0100797891359711
2018-10-18,-0.002382785482135814,-0.0024050588701969
2018-10-19,-0.0018094815623618727,-0.0018289663303896
2018-10-22,-0.002252455488072832,-0.0022544203693642
2018-10-23,-0.004464416195141116,-0.0045453630904519
2018-10-24,0.0015419013006129699,0.0015364403098481
2018-10-26,0.001590276059978588,0.0015854499357676
2018-10-29,-0.0017644736012092518,-0.0017703887279053
2018-10-30,-0.00312045946714786,-0.0031491037685965
2018-10-31,0.004476395114511785,0.0043906026526294
2018-11-01,0.0038697502321822837,0.0038514386340895
2018-11-02,0.004691889863205824,0.004656487500549
2018-11-05,-0.005138859597631981,-0.0051914111585704
2018-11-06,0.0022015090690500685,0.002180735885481
2018-11-07,0.004026481711189006,0.0040095587650265
2018-11-08,0.008781386631228134,0.0086600894914025
2018-11-12,-0.00048185321188184006,-0.00049654332928
2018-11-13,-0.006182537566771466,-0.0062406755411429
2018-11-14,0.000713657404293715,0.0007132216846408
2018-11-15,0.0007405958215903042,0.0007166016082099
2018-11-16,0.000802603616300963,0.0007964831368218
2018-11-19,0.00012216106202120108,0.0001143346366656
2018-11-20,-0.004128939613565761,-0.0041751088503405
2018-11-21,-0.0033318651749469283,-0.0033630130704528
2018-11-22,0.0007653890356052091,0.0007634169980417
2018-11-23,-0.0033955703675984127,-0.0034143872108257
2018-11-27,0.0009429688781364034,0.0009363120123959
2018-11-28,-0.00023205938930090744,-0.0002372199189425
2018-11-29,0.002026588696152727,0.0020184064773401
2018-11-30,0.0034320888955118784,0.0033927470770012
2018-12-03,0.00030142973260058683,0.0002931223240446
2018-12-04,-0.003757983398878449,-0.0037957612880614
2018-12-05,-0.00290782584633556,-0.0029428255074386
2018-12-06,-0.0017434225524890358,-0.0017951308394163
2018-12-07,0.0005781832739605902,0.0005289470854973
2018-12-10,-0.00044083225440551916,-0.0005097120009634
2018-12-12,0.0024113591722278874,0.0023771184557419
2018-12-13,-0.0005566427150826357,-0.0005602336676448
2018-12-14,-0.007333505810609289,-0.007435694474749
2018-12-17,-0.002296730394243867,-0.0023143228056088
2018-12-18,-0.0029645462829916763,-0.003042137258182
2018-12-19,-0.0002861974061076685,-0.0003379357830562
2018-12-20,0.008597066233883142,0.0083387984782875
2018-12-21,0.0008850770406005189,0.0008729076743776
2018-12-24,0.0005679471578681273,0.0005654104534453
2018-12-25,-0.0008456758963348173,-0.0008897613138236
2018-12-27,-0.003506612990393617,-0.0037075814336392
2018-12-28,0.00019440666076342536,0.0001260363298592
2018-12-31,0.0,7.62394970273587e-10
2019-01-02,-0.00654294615583275,-0.0067783203635463
2019-01-03,0.004608414767564474,0.0045922866529312
2019-01-04,0.0007791625998391841,0.0007591076466209
2019-01-07,0.005380665671582834,0.0053390908671434
2019-01-08,-0.0002808362293308161,-0.0002870558735537
2019-01-09,-0.00166012745152533,-0.0017300268577867
2019-01-10,0.0038408301101242543,0.0037296701560168
2019-01-11,-0.001162016860862967,-0.001170032203654
2019-01-15,-0.004913871719730752,-0.0050697331100078
2019-01-16,-0.0008384317403327639,-0.0008446562741728
2019-01-17,0.005677505956210503,0.0055994791267433
2019-01-18,0.002917195821414367,0.0028927603689615
2019-01-21,0.001529257486071215,0.0014956989928441
2019-01-22,0.0005841073178884065,0.0005442758207551
2019-01-23,-0.002622970596507037,-0.0026631978594645
2019-01-24,-0.0002913831376394661,-0.0002916437227209
2019-01-25,0.003203043836458009,0.0031768964075874
2019-01-28,-0.0013040795208976537,-0.0013559840462754
2019-01-30,-0.00022530430971881067,-0.0002277613561407
2019-01-31,0.008864734924798588,0.0087890456800956
2019-02-01,0.006334748141520284,0.0063011216338733
2019-02-04,0.0,2.788131467005413e-07
2019-02-05,0.0,2.78834305273395e-07
2019-02-06,0.0,2.7885546527717137e-07
2019-02-07,0.0,2.788766271947484e-07
2019-02-08,0.0,2.788977905432419e-07
2019-02-11,-0.001031733231060373,-0.0010871915686682
2019-02-12,0.0029282882713110884,0.0029147003703744
2019-02-13,0.006743554546055366,0.0067202965467005
2019-02-14,-0.0006869135637817786,-0.0006903698829596
2019-02-15,-0.003760808022754205,-0.0037792532196454
2019-02-18,0.009850793623835908,0.0097786662706842
2019-02-19,-0.0001315603427068674,-0.0001316564434167
2019-02-21,-0.0002645612269729027,-0.0002755546636055
2019-02-22,-0.0029051977498282047,-0.0029137441067697
2019-02-25,-0.00039587391285997233,-0.0004074291501618
2019-02-26,-0.0032547979447433775,-0.0032574062526024
2019-02-27,0.0005127977522285383,0.0005107917969416
2019-02-28,-0.0020584218549974742,-0.0020664965472145
2019-03-01,0.003323124379216955,0.0032954009869751
2019-03-04,-0.0012407596990315225,-0.0012923070766285
2019-03-05,-0.0037768336673656413,-0.0037859112683884
2019-03-06,0.0011321714571127341,0.0011273544866587
2019-03-08,-0.011436616418464558,-0.0116826502304249
2019-03-11,0.001986550032883439,0.0019787812666414
2019-03-12,0.009667748932256087,0.0096066083336953
2019-03-13,-0.0021782594797880874,-0.0022051478367138
2019-03-14,0.0036696813310602813,0.003639496789949
2019-03-15,0.0016356970902986372,0.0016331481850383
2019-03-18,0.008950253931193504,0.0087675479726589
2019-03-19,-0.00038038833065517756,0.0015861155335131
2019-03-20,-0.0024455331034477744,-0.0024519667614977
2019-03-21,-0.0009054949669922858,-0.0009233951339508
2019-03-25,-0.01298031742699305,-0.0131448890219073
2019-03-26,0.0031577462315821375,0.0031484588888277
2019-03-27,0.002296626811661902,0.0022788334747629
2019-03-28,-0.0013583592971703447,-0.0014051976239427
2019-03-29,0.003852193367486366,0.0038409940042682
2019-04-01,0.0045305190386578835,0.0044987857027577
2019-04-02,0.001889330120527887,0.0018829226694582
2019-04-03,0.0032186316949178928,0.003204855995928
2019-04-04,0.0019338998809311663,0.0019207619244284
2019-04-05,0.0,8.008186378260714e-08
2019-04-08,0.0026307039181240176,0.002603479353936
2019-04-10,-0.0036495584678178893,-0.0036585973215532
2019-04-11,0.003138716840333197,0.0031358022498023
2019-04-12,0.0001628652769414388,0.0001606796377503
2019-04-15,0.0031751802112709475,0.0031561909403314
2019-04-16,0.0022759106055123264,0.0022683844800904
2019-04-17,0.0007529983922790487,0.0007469448690625
2019-04-18,0.00036843655546993414,0.0003259047900712
2019-04-19,0.0026011651866757832,0.0025975840167869
2019-04-22,-0.001197746386921378,-0.0012062076867199
2019-04-23,0.0022492820904837897,0.0022397657036063
2019-04-25,0.0010044981456747506,0.0009947984451435
2019-04-26,0.0002844993447335101,0.0002663350147688
2019-04-29,0.0033715093617178137,0.0033350494795756
2019-04-30,0.002416418367918756,0.0024028944357437
2019-05-01,0.0,4.69727924132252e-08
2019-05-02,0.0,4.697636770744468e-08
2019-05-03,0.0,4.697994377170825e-08
2019-05-06,-0.011835466707559186,-0.0119566773057633
2019-05-07,0.006112437776721107,0.0060877697746957
2019-05-08,-0.009934282382180224,-0.0100056787138686
2019-05-09,5.006967914167196e-05,3.589189807740866e-05
2019-05-10,0.0007112615447775,0.0007111601941347
2019-05-13,0.0008624941104660006,0.000854589798143
2019-05-15,0.0025238527009314123,0.0024956920609272
2019-05-16,0.002241993737485029,0.0022354060866566
2019-05-17,0.004540341674636415,0.0045086008695745
2019-05-20,-0.001678053993243125,-0.0016838537325071
2019-05-21,-0.0023197097819080293,-0.0023250272943672
2019-05-22,0.0006048414218506197,0.0006042696271253
2019-05-23,-0.0016947336102078252,-0.0017080050695869
2019-05-24,-0.0014195016978453888,-0.0014413677528702
2019-05-27,0.0017253448676265405,0.0017117066474704
2019-05-28,0.0014189004473938228,0.0014163157465954
2019-05-30,-0.002884075843244194,-0.0028969447593347
2019-05-31,-0.0006135997821497836,-0.0006605792026188
2019-06-03,-0.0010779841358169455,-0.001142357884339
2019-06-04,0.0023742221306247936,0.0023541361711789
2019-06-05,0.009738677846183057,0.0096501382934803
2019-06-06,0.002019089602871451,0.0020108533328366
2019-06-07,0.0,1.0326421186119035e-07
2019-06-10,0.007168615956057468,0.0070610186094596
2019-06-11,-0.0006604022333518336,-0.0006681124641231
2019-06-12,0.0010693078987778402,0.001033978497289
2019-06-13,0.0005049978458763844,0.0005045873092008
2019-06-17,-0.0036433128658889123,-0.0036727170981129
2019-06-18,0.0014233596608813869,0.0014142202384012
2019-06-19,0.002973929812183841,0.0029393273470108
2019-06-20,0.004947288599934522,0.006860779091674
2019-06-21,0.005558187910960631,0.0054640615032463
2019-06-24,0.004124446648260196,0.0040990179447032
2019-06-25,0.003340408382297839,0.0032560694022465
2019-06-26,-0.0035917757539378936,-0.003648476539822
2019-06-27,-0.0034652739884487456,-0.0035366362215752
2019-06-28,-0.0007350445370420896,-0.0007506862803739
2019-07-02,0.000747896959532696,0.0007196655375575
2019-07-03,0.006893929168300536,0.0067775715020284
2019-07-04,0.0006377272148830107,0.0005926615346389
2019-07-05,0.00023732233767117785,0.000236054133324
2019-07-08,-0.004373483138595824,-0.0043914337745406
2019-07-09,-0.003192953171996545,-0.0032052694393793
2019-07-10,-0.00044437007434394195,-0.0004507647658461
2019-07-11,0.006443847298316525,0.0064027323229414
2019-07-12,-0.0012923343547700937,-0.0013078418923426
2019-07-15,0.0019019139920820908,0.0018981506347022
2019-07-17,-0.0018977531330162133,-0.0019080342476176
2019-07-18,-0.00532224896630565,-0.0053456190167857
2019-07-19,0.005074160082954296,0.0050488690335733
2019-07-22,-0.0046183548784179945,-0.0046369167327447
2019-07-23,0.004181559983980854,0.0041665970335025
2019-07-24,0.0037231445034156376,0.0037104827510295
2019-07-25,0.0028907662640843892,0.0028805571162452
2019-07-26,-0.003827976425529482,-0.0038477691430698
2019-07-29,0.003478762660420862,0.003470104040618
2019-07-30,-4.899213518841448e-05,-4.980452936167919e-05
2019-08-01,-0.008086406606542269,-0.0081384256573473
2019-08-02,0.004868556183623433,0.0047846347962615
2019-08-05,0.005322855582873979,0.0051104924797044
2019-08-06,-0.006780479169652968,-0.0068968298895838
2019-08-07,0.006298260044945495,0.0062320759843898
2019-08-08,0.005112112509791342,0.0050962198445858
2019-08-09,0.007254530327853045,0.0072318593599681
2019-08-12,-0.00038983574861638584,-0.0003990726981825
2019-08-13,-0.0014513632940975464,-0.0016788410165402
2019-08-14,-0.0005092597944938073,-0.0007316033193716
2019-08-16,0.0011450858068904595,0.0011439186542222
2019-08-19,0.0030627853170354684,0.0030053360572612
2019-08-20,0.0008931185482705196,0.0008840677955381
2019-08-21,-0.0004583997331401616,-0.0004687962877352
2019-08-22,0.002473037821523462,0.002461302736623
2019-08-23,0.0016057763389895547,0.0015978640332702
2019-08-26,0.002897475309557165,0.0025636184338685
2019-08-27,0.00422346538548529,0.0041960161931435
2019-08-28,-0.00018548454953336505,-0.0001870864993858
2019-08-29,0.003355945356286103,0.0033360667451845
2019-09-02,-0.0008114325037789859,-0.0008132176229785
2019-09-03,0.0007878068121065852,0.0007839545072051
2019-09-04,0.002500879191891553,0.0024963994660077
2019-09-05,0.004820576815956393,0.0047968455870261
2019-09-06,-0.005004086506649533,-0.0051840915531015
2019-09-09,0.002069654697545246,0.0020636215617361
2019-09-10,-0.004589815040210176,-0.0046217918432016
2019-09-11,0.0027262999275559246,0.002716648952192
2019-09-12,0.0020475545074408012,0.0020368564137357
2019-09-13,0.0,2.379634307576142e-07
2019-09-16,-0.0003996646968255324,-0.0004142927269494
2019-09-18,0.0009514226040908176,0.0009352324117796
2019-09-19,0.00023299384825339344,0.0001960385952422
2019-09-20,0.0038761183015114517,0.0038664526527975
2019-09-23,-0.003398148736526889,-0.0014375684123726
2019-09-24,0.0006093343131082125,0.0006003452690956
2019-09-25,-0.005570087865866208,-0.0055967833956081
2019-09-26,-0.003977818233392842,-0.0040098024782791
2019-09-27,-0.000953512499506526,-0.0009620984628412
2019-09-30,0.0030793909970283483,0.0030416595413413
2019-10-01,0.0,8.293335938474048e-08
2019-10-02,0.0,8.293966936277372e-08
2019-10-03,0.0,8.294597963510783e-08
2019-10-04,0.0,8.295229049761402e-08
2019-10-07,0.0,8.295860195029197e-08
2019-10-08,-0.0057123503521880024,-0.0057645510133992
2019-10-10,0.0012667635012915996,0.0012633935841993
2019-10-11,0.004850482260926246,0.0048284285265668
2019-10-14,0.0019087071274171028,0.0018963414970126
2019-10-15,0.003850361396495294,0.0038248509684399
2019-10-16,0.005260836527934057,0.0052445179434052
2019-10-17,-0.0008681830194742208,-0.0008701199064343
2019-10-18,-2.6292928433993773e-05,-2.694156623949964e-05
2019-10-21,-0.0011292362828227145,-0.0011387769557393
2019-10-22,0.0038552104922791102,0.0038445095527601
2019-10-23,-0.003221058080482655,-0.0032478471674838
2019-10-25,0.00048244127579738955,0.0004816749290073
2019-10-28,0.0016261981764656584,0.0016171081126313
2019-10-29,0.0011207996186413506,0.0011142871473898
2019-10-30,-0.0011294132783909638,-0.0011328043541123
2019-10-31,0.001059853083177934,0.0010568250802425
2019-11-01,0.0002491289575467874,0.0002478210461008
2019-11-04,0.002542584527586835,0.0025337525126424
2019-11-05,0.0035849066034389226,0.0035674331621513
2019-11-06,-0.0038667210433703148,-0.0038865475491424
2019-11-07,0.0016749942202651678,0.0016732004501114
2019-11-11,-0.0007999521246816255,-0.0008323970439128
2019-11-12,0.00501266097072277,0.0050007941910222
2019-11-13,0.0003461240243135605,0.0003247487250185
2019-11-14,-2.8688585987061196e-05,-3.6508149200466506e-05
2019-11-15,0.0035939111357387215,0.0035754246684264
2019-11-18,0.004618277273312135,0.0045949936736227
2019-11-19,0.0035365217637320897,0.0035145367846422
2019-11-20,-0.0053014038176659685,-0.0053226481178362
2019-11-21,-0.005039606897784321,-0.0050498165696312
2019-11-22,0.0027302760535791,0.0027236213163255
2019-11-26,0.005180402797675515,0.0051457991921592
2019-11-27,0.0005382403941614638,0.0005289404647852
2019-11-28,0.0012454466654823035,0.0012293618005055
2019-11-29,-0.00119439878285111,-0.0012019253204672
2019-12-02,0.005580779407957882,0.0055633298561246
2019-12-03,-0.010258130944354394,-0.010304554072108
2019-12-04,-0.004591954305956797,-0.0046369924755977
2019-12-05,0.005481233001618387,0.0054585870823995
2019-12-06,0.00045926655352655766,0.0004556961310774
2019-12-09,0.004150553913649862,0.0041307805283076
2019-12-11,-0.0012443532077915426,-0.0012477464123648
2019-12-12,0.004252506976470323,0.0042460183262935
2019-12-13,0.0025122382110203526,0.0024401842987354
2019-12-16,0.00331040616177649,0.0032913716284624
2019-12-17,0.0035629494433458983,0.0035462755961779
2019-12-18,-0.003930735252317437,-0.0039459616904383
2019-12-19,-0.0018730857899012657,-0.0018751225690709
2019-12-20,0.00428835238651367,0.0042728513122213
2019-12-23,0.003503286687871554,0.0034952854252178
2019-12-24,0.00305055992258949,0.0030472351327965
2019-12-26,0.003002851738659861,0.0029966233618804
2019-12-27,0.006699166873692021,0.006625748412663
2019-12-30,0.0013390210603386726,0.0013007021625048
2019-12-31,-0.0004268093406121741,-0.0004330500236593
2020-01-02,0.005168232921855265,0.0051106232389602
2020-01-03,0.003606870020692791,0.003568988179087
2020-01-06,-6.72962195766175e-05,-0.0001681858908713
2020-01-07,0.0030218902476738417,0.0029845870905808
2020-01-08,-0.006817716123214833,-0.0068591323126697
2020-01-09,0.006132328564242765,0.0060148081218176
2020-01-13,-0.0017559424833130098,-0.0017679281902325
2020-01-14,0.0053775313617207155,0.0053411780935053
2020-01-15,0.0005250319266188429,0.0004513534139417
2020-01-16,0.0009713364575286509,0.0009531521197344
2020-01-17,0.0005085235989301989,0.0004618125737689
2020-01-20,-0.003514621155217853,-0.0035612482954507
2020-01-21,-0.00037123732011652634,-0.0004196832611499
2020-01-22,-0.004086039679217901,-0.0041914968921243
2020-01-23,-0.0018751309746734381,-0.0020092730075123
2020-01-24,0.0,4.934728407098477e-08
2020-01-27,0.0,4.935104007923154e-08
2020-01-28,0.0,4.9354796778219066e-08
2020-01-29,0.0,4.935855333839087e-08
2020-01-30,0.0,4.9362310451043815e-08
2020-01-31,0.0,4.9366067839659014e-08
2020-02-03,-0.025282655488247662,-0.0264465972980718
2020-02-05,0.00920205051567337,0.0088930780887452
2020-02-06,0.008689357776851939,0.0084906282564851
2020-02-07,0.0032321913190084335,0.0032255347255941
2020-02-10,0.0029084985434553634,0.0029046978636239
2020-02-11,0.010716487587464274,0.0104941340825524
2020-02-12,0.00893127993746736,0.0088007120785218
2020-02-13,0.0224427643277997,0.0218739688991218
2020-02-14,-0.018285745512310783,-0.0187804780173092
2020-02-17,-7.435788349801362e-05,-0.0001008132699339
2020-02-18,-0.009510118184191053,-0.0097340840254228
2020-02-20,-0.00034669069518788727,-0.0003805153770812
2020-02-21,-0.0023085865838948574,-0.0025362311238078
2020-02-24,-0.0052071097235580135,-0.0056641465999703
2020-02-25,0.00026190903057388094,-0.0001031683545079
2020-02-26,-0.0033861963583789708,-0.0034519479493127
2020-02-27,-0.003785137436691833,-0.003821307292559
2020-02-28,-0.01244148138071351,-0.0128088462348275
2020-03-02,0.004944267492680325,0.0044991344505526
2020-03-03,-0.0015811428513210555,-0.001651639153856
2020-03-04,0.004653650242322236,0.0045729188086242
2020-03-06,0.0016008531398394787,0.0014920563622036
2020-03-09,-0.010028971493813363,-0.0102339821645152
2020-03-10,-0.0009490171063216435,-0.0010103842584841
2020-03-11,-0.0013053902771366526,-0.0013519352291503
2020-03-12,-0.007733661473101616,-0.007835942066161
2020-03-13,-0.008880071020871214,-0.0091188398261616
2020-03-16,-0.010680140459413533,-0.0108617422359702
2020-03-17,-0.01205112986653748,-0.0123536947795339
2020-03-18,0.00518066275040433,0.0051090966725699
2020-03-19,-0.006472497102264747,-0.0065065933160624
2020-03-23,0.004528424873608324,0.0058090397199332
2020-03-24,0.013314626727291414,0.0127290094797452
2020-03-25,0.013036158707002051,0.0129062335740718
2020-03-26,-0.005715931980359192,-0.0058286355302354
2020-03-27,0.00357603195659194,0.0035217369421309
2020-03-30,-0.0014706843739266413,-0.0015164273678884
2020-03-31,0.0015106633571105414,0.0015002485570164
2020-04-01,-0.008095380468161278,-0.008260003018847
2020-04-02,0.0032088126917907936,0.0031418701189999
2020-04-03,-0.002137528247885198,-0.0021955881195619
2020-04-06,0.0,9.206522122013993e-10
2020-04-08,-0.0033399674983401956,-0.0033909007691242
2020-04-09,0.003744385597083234,0.0037229500762939
2020-04-10,-0.0008795133347154798,-0.0009024978665721
2020-04-13,-0.001983746341897248,-0.0019940761404788
2020-04-14,0.005876422419402255,0.0058282014419343
2020-04-15,-0.0001742158227833447,-0.0001829610363243
2020-04-16,-0.0035239717130357085,-0.0035870875171489
2020-04-17,-0.0013728806906283804,-0.0014497246747018
2020-04-20,-0.0037486229683783645,-0.0037616462456634
2020-04-21,-0.0013529168007304882,-0.001415242950095
2020-04-23,0.007922458688380804,0.0078841472369091
2020-04-24,-0.0018173933043859163,-0.0018687220221499
2020-04-27,0.005719485544220958,0.0056048416104587
2020-04-28,0.003283522925737703,0.0032357385343783
2020-04-29,0.009719584522665522,0.0096465412078182
2020-04-30,0.008089091029645678,0.0079181067944979
2020-05-01,0.0,7.933211746788717e-08
2020-05-04,0.0,7.933815367080462e-08
2020-05-05,0.0,7.934419027959844e-08
2020-05-06,-0.008212952646449195,-0.0082977944218197
2020-05-07,-0.00612899682687364,-0.0061548166496456
2020-05-08,0.008628344784175321,0.0085678982831776
2020-05-11,0.0011670376570617163,0.0011386706979834
2020-05-13,-0.000426058327467944,-0.0004303215995895
2020-05-14,-0.002706861460291323,-0.0027659723513819
2020-05-15,0.004376081128098624,0.0043456219354633
2020-05-18,0.005410715289933798,0.0052831978492134
2020-05-19,0.001626692585425775,0.0014365907384396
2020-05-20,-0.0013185477442478693,-0.0013637459036936
2020-05-21,-0.0023875824472526074,-0.0024003711890699
2020-05-22,-0.006880730138904945,-0.0070662308922155
2020-05-25,0.004501900345216699,0.0043024671854219
2020-05-26,0.005728186973190576,0.0056409982450771
2020-05-28,0.004154832605446813,0.0040233501134329
2020-05-29,-9.596926429111471e-05,-0.000102500510805
2020-06-01,0.0022297044569785677,0.0021972615575988
2020-06-02,0.0003332703641868178,0.0003048971702663
2020-06-03,0.0013744202025513998,0.0013167322321757
2020-06-04,0.0007642575203649455,0.0007199162712114
2020-06-05,-0.0011230368133628413,-0.0011265243147101
2020-06-08,-0.002579704997949528,-0.0026249961998953
2020-06-09,0.002380176078423928,0.0023722019817313
2020-06-10,0.002193902934130658,0.0021750423788273
2020-06-12,-0.013047075967920577,-0.0133358319246823
2020-06-15,-0.01792122096175996,-0.0180558123945052
2020-06-16,0.029409772038582856,0.0289588816342866
2020-06-17,0.003234726464263128,0.0032059707966042
2020-06-18,-0.004046466638031002,-0.0040679208864936
2020-06-19,0.0022443915134093264,0.0022292902479296
2020-06-22,-0.004671622734833616,-0.0027366211510229
2020-06-23,0.002721231882856765,0.0027047782098933
2020-06-24,0.003523433176792945,0.0034922229999175
2020-06-25,0.0,5.1231247184280653e-08
2020-06-26,0.0,5.1235146705539305e-08
2020-06-29,-0.01733929680421356,-0.0174951514362571
2020-07-01,0.012443849290708848,0.0123575852762581
2020-07-02,0.005938480010107843,0.0058276452728191
2020-07-03,0.007542008136746153,0.0074699918752536
2020-07-06,0.016581554396293344,0.0161654553306123
2020-07-07,0.0006240733610435201,0.0005731032952038
2020-07-08,0.007754859550807637,0.0076768766176933
2020-07-09,0.009073114137754091,0.0089454954900147
2020-07-10,-0.00944401621557403,-0.0095940272141758
2020-07-13,0.007825452645948437,0.0075534903926412
2020-07-14,-0.0062368079673775605,-0.0062556515726241
2020-07-16,-0.008594705500914403,-0.0088549265570322
2020-07-17,0.004945176255377493,0.0047181481903039
2020-07-20,0.015163674821438686,0.0148025768532966
2020-07-21,0.001855419773767621,0.0018495114651235
2020-07-22,0.009080266553177868,0.0090270914294433
2020-07-23,0.004402171091794728,0.0043898011620177
2020-07-24,-0.003301443215784814,-0.0035670331058842
2020-07-27,0.011811771484843034,0.0116333043268542
2020-07-28,-0.00465672336011346,-0.0048098602690142
2020-07-29,0.0033855185166222763,0.003367732748978
2020-07-31,-0.0001758377168218254,-0.0002355993574951
2020-08-03,-0.0017586843678172434,-0.0017651288464151
2020-08-04,0.004785462701080667,0.0047585060606891
2020-08-05,0.00593219503021338,0.0058161855530451
2020-08-06,0.0018835289030064658,0.0018623184773724
2020-08-07,0.002948128742317597,0.0029267201290293
2020-08-10,0.0008203129200664177,0.0008016817229098
2020-08-11,-0.0029593698898436986,-0.0030713237665327
2020-08-12,-0.014884396956298227,-0.0154490528695658
2020-08-13,0.008995462807452422,0.0089571309621842
2020-08-17,-0.002709772901483519,-0.002726248457266
2020-08-18,0.0001379639904675775,0.0001374037228362
2020-08-19,0.0008046810724788836,0.0007981018647027
2020-08-20,-0.00358108751990461,-0.0036030949623657
2020-08-21,0.0014512349423228678,0.001448526172203
2020-08-24,0.001880073888909735,0.0018655032545766
2020-08-25,0.011710371581001827,0.0115941994357524
2020-08-26,-0.00625520479540385,-0.0062758816464856
2020-08-27,0.005273522460620705,0.0052369709991973
2020-08-28,-0.0006785200993154991,-0.000697176274363
2020-09-01,-0.0051934146250018215,-0.0052463091344201
2020-09-02,0.011908927779233469,0.0116643449408505
2020-09-03,0.01984058457762243,0.0194280433205284
2020-09-04,-0.034255860078995067,-0.0354397372717583
2020-09-07,-0.025587307195882012,-0.026439182408513
2020-09-08,0.017397226506975203,0.0170488356748101
2020-09-09,-0.020453593986674318,-0.0208764242858705
2020-09-10,0.014274495083771963,0.0141149271689019
2020-09-11,-0.006354114896822528,-0.0063968086856111
2020-09-14,0.0073088038815229284,0.0072007946641536
2020-09-16,-0.0028380942713532747,-0.0028980480171064
2020-09-17,-0.0013032873157986812,-0.0013174696899145
2020-09-18,0.0062532703203320135,0.0061143344421076
2020-09-21,-0.0034531787992646253,-0.0034817566643672
2020-09-22,-0.009072837275490332,-0.0071178891018979
2020-09-23,0.00043706452718145173,0.000409895297711
2020-09-24,-0.003969035595976301,-0.0039987400352196
2020-09-25,-0.00024838770365619774,-0.0002554319136094
2020-09-28,0.0035338647034691105,0.0035094313998527
2020-09-29,0.0008467403335029224,0.000818754680307
2020-10-01,0.0,1.2053434327333161e-08
2020-10-02,0.0,1.2054352347986664e-08
2020-10-05,0.0,1.2055270368606968e-08
2020-10-06,0.0,1.2056188389194071e-08
2020-10-07,0.0,1.2057106540206322e-08
2020-10-08,0.0,1.2058024691185362e-08
2020-10-09,0.014335147319237351,0.0138475020007828
2020-10-12,0.003130380502111301,0.0030977894458423
2020-10-13,-0.002896894087841109,-0.0029554396577996
2020-10-14,-0.0008451510808795114,-0.0008457236949259
2020-10-15,-0.0010967758942527768,-0.0011004717690202
2020-10-16,0.0026489343422639675,0.0026040220496351
2020-10-19,0.0005680519428653611,0.0005543026272664
2020-10-20,0.00015875583486820073,0.0001435251057734
2020-10-21,2.2331397653699628e-05,2.0298962676839013e-05
2020-10-22,0.0002928634926488379,0.0002912955893387
2020-10-26,-0.00010928903399044885,-0.0001241832682718
2020-10-27,0.001544952293253462,0.0015347370006948
2020-10-28,0.0005173553134717812,0.0005083245567492
2020-10-29,-0.0026896303489988616,-0.0027028928554948
2020-10-30,-0.004071311581807508,-0.0040993492437708
2020-11-02,-0.0010487368852364165,-0.0010673612877762
2020-11-03,0.004137430981694548,0.0041209899706714
2020-11-04,0.0033812226639079877,0.0033684900978234
2020-11-05,0.007775579635663095,0.0077163261586204
2020-11-06,0.0019973144278735235,0.0019617053563436
2020-11-10,-0.0019481241339200975,-0.0019779168424374
2020-11-11,0.00907828141321978,0.0089294054238998
2020-11-12,-0.0012151446814244638,-0.0012397514861936
2020-11-13,-0.0037932412852084907,-0.0037986554000347
2020-11-16,0.010944808892640743,0.0107050985260441
2020-11-17,0.0009466515083018293,0.0009261495318862
2020-11-18,-0.002969183160050455,-0.0029849267638218
2020-11-19,0.0005363454748170053,0.0005336554092826
2020-11-20,0.0033363283659892965,0.0031913334783704
2020-11-23,0.012439852544340886,0.0123730490843498
2020-11-25,-0.0008446232806443214,-0.0008528848787974
2020-11-26,-0.0028710178064190748,-0.002974915987842
2020-11-27,0.0017694717790929873,0.0017564976436311
2020-11-30,0.0026659186420781343,0.0026545463676236
2020-12-01,-0.00018610666163880484,-0.0002879756650324
2020-12-02,-0.004347658396597374,-0.0043816398106558
2020-12-03,-0.0063624173764909525,-0.0064365623936668
2020-12-04,0.0022093623313503828,0.0021987351235382
2020-12-07,-0.0038746016639009443,-0.0038806963939104
2020-12-08,-0.002988829413989235,-0.002997477641789
2020-12-10,-0.0032664527871099813,-0.003274764504433
2020-12-11,-0.00010606309488223882,-0.0001082495430932
2020-12-14,-0.0021227607379775406,-0.0021517831990661
2020-12-15,0.0001433885063117906,0.0001094760634546
2020-12-16,0.007761133389537426,0.0077320392809278
2020-12-17,0.005976228504532732,0.0059419363924084
2020-12-18,0.001221295968703801,0.0012119037091191
2020-12-21,-0.00431039836411224,-0.0043635826878948
2020-12-22,-0.010015790009829988,-0.0100685191767902
2020-12-23,0.002473821469555243,0.0024598235886498
2020-12-25,-1.2212826203479219e-05,-1.614632343195652e-05
2020-12-28,0.0030461732280265955,0.0030303178085262
2020-12-29,0.01412540406846368,0.013957688753943
2020-12-30,-0.004760882768350817,-0.0047726749131203
2020-12-31,-0.00019004974275683715,-0.0001964942596387
2021-01-04,-0.003960897459224247,-0.0039674260469081
2021-01-05,-0.005699767821803147,-0.0057461060973001
2021-01-06,0.0008461626323519662,0.0008451302933482
2021-01-07,0.010790934571046148,0.0107127001382421
2021-01-08,0.007922755907015305,0.0078716079100678
2021-01-12,0.004356678336294227,0.0043451937135677
2021-01-13,0.007888350753973261,0.007540941068627
2021-01-14,-0.003625315992921086,-0.0036467038472257
2021-01-15,0.0006563462437482411,0.0006468317666705
2021-01-18,-0.0034831290702648627,-0.003539937134918
2021-01-19,-0.001359257208213605,-0.0013633278314125
2021-01-20,-0.0044444200340321574,-0.0046176341579871
2021-01-21,0.004590173559462155,0.0045758045122341
2021-01-22,-0.005938463037608977,-0.0060259097415134
2021-01-25,-0.0037232772434640533,-0.00376684036833
2021-01-27,0.0018088579235478555,0.0018046456102331
2021-01-28,-0.011869587896124394,-0.011980068223758
2021-01-29,-0.005808816080903165,-0.0058788900641035
2021-02-01,0.00040880779230862536,0.0003781037003965
2021-02-02,0.005020558134242721,0.0049822696674706
2021-02-03,0.002517963678582401,0.0024774204809721
2021-02-04,-0.004157265975913309,-0.0041859533401385
2021-02-05,0.00559369166601454,0.0055305544962055
2021-02-08,0.0047538954611534325,0.0046980041619577
2021-02-09,0.005799669142989078,0.0057601140068932
2021-02-11,0.0,1.7083172978185704e-07
2021-02-12,0.0,1.708447121811858e-07
2021-02-16,0.0,1.7085769568987817e-07
2021-02-17,0.0,1.7087068030793284e-07
2021-02-18,0.002392809740674842,0.0023458945503427
2021-02-19,-0.0015802087668752057,-0.0015939091626489
2021-02-22,-0.0012107726489231758,-0.0012344925858418
2021-02-23,-0.0025229615252498217,-0.0025659421375382
2021-02-24,-0.008107142721427341,-0.0081754154369636
2021-02-25,0.009341707460754665,0.0092763779922496
2021-02-26,-0.020040968554170986,-0.0203045067884733
2021-03-01,0.008469114485990619,0.0083922200065983
2021-03-02,0.004895849174751443,0.0048370139649823
2021-03-03,-0.0008569696848666831,-0.000860331026034
2021-03-05,-0.0033192824472063178,-0.003334790639623
2021-03-08,0.003959650646835338,0.003883796672211
2021-03-09,0.015508890018210713,0.0152453097085131
2021-03-10,0.002727903819179738,0.0027132893501505
2021-03-11,0.016751920207896266,0.0165053166832128
2021-03-12,-0.01209860586607755,-0.0123703323634625
2021-03-15,-0.00010684074010920133,-0.0001228043667667
2021-03-16,0.0006119357157997349,0.0006031712381688
2021-03-17,-0.002861547799945575,-0.0009193772283013
2021-03-18,0.007480273286225497,0.0073919894719153
2021-03-22,-0.003958728608346291,-0.0039842076628609
2021-03-23,0.0007953161309665976,0.0007910535787817
2021-03-24,-0.003587372847748727,-0.0036034320284064
2021-03-25,-0.0004304658453872748,-0.0004363365089972
2021-03-26,0.006669362351224468,0.0066337988348646
2021-03-29,0.0014500759510154783,0.0014338869712293
2021-03-30,0.004468718576025811,0.0044607440639729
2021-03-31,0.002774524209427187,0.0027458440572953
2021-04-01,0.003646247464290563,0.0036324601367798
2021-04-02,0.004020302588298723,0.0040088155478121
2021-04-05,0.0,3.4354152303014814e-08
2021-04-07,-0.0007108036708853508,-0.0007114802743497
2021-04-08,0.004302185305221681,0.0042878973472388
2021-04-09,0.0008540192114494243,0.0008524000008924
2021-04-12,0.007349303563974417,0.0073026640003393
2021-04-13,-0.003951931563979579,-0.0040056371809147
2021-04-14,0.004357653717721205,0.0043350185053634
2021-04-15,-0.003087900287280142,-0.0031015212720637
2021-04-16,0.004207882982855715,0.0041950727923138
2021-04-19,0.002004401715161792,0.0019854413991103
2021-04-20,-0.005879392798298732,-0.0059121873291549
2021-04-22,0.00415475676568614,0.0041416344615451
2021-04-23,-0.004290308275813117,-0.0043194734876407
2021-04-26,0.005582180270853516,0.0055565803521528
2021-04-27,0.00394155404954058,0.0039285096552268
2021-04-28,-0.003050385327699611,-0.0030623226175975
2021-04-29,0.0019830724540600463,0.0019811934817595
2021-04-30,-0.002951146983676366,-0.0029642074839074
2021-05-03,0.0,1.0297487960579316e-07
2021-05-04,0.0,1.0298271212869295e-07
2021-05-05,0.0,1.029905454925187e-07
2021-05-06,-0.006923371038388914,-0.0069967043124356
2021-05-07,0.0008807924410411481,0.0008749442662774
2021-05-10,0.0036585390893068568,0.0036457161726365
2021-05-12,0.004518653423699511,0.0044908850728682
2021-05-13,-0.010336327342795167,-0.0106094642361821
2021-05-14,0.002168803079811818,0.0021613733519734
2021-05-17,0.0061930773801443136,0.006145859382269
2021-05-18,0.002542856683475228,0.0025351180577719
2021-05-19,-0.0005914473187183825,-0.0006010142944707
2021-05-20,-0.00586480684421677,-0.0059965653478419
2021-05-21,0.002181202034963788,0.0021780283677876
2021-05-24,0.00025459687271024435,0.000245242291383
2021-05-25,0.002077856355311003,0.0020533977014633
2021-05-27,-0.0022583374946144115,-0.0022731130458097
2021-05-28,-0.0010418686109877977,-0.0010536675584985
2021-05-31,0.002379174465554825,0.0023704312805618
2021-06-01,0.0025450394142817368,0.0025400503074448
2021-06-02,-0.002120205953878346,-0.0021744853453132
2021-06-03,0.0006208935280065448,0.0006047696322347
2021-06-04,-0.003772279080094987,-0.003798688214279
2021-06-07,0.0007063687719007753,0.0006980066586024
2021-06-08,0.002159629411534268,0.0021429855592793
2021-06-09,0.000620186663343977,0.0006195230267847
2021-06-11,0.0015975798701438264,0.0015701602795302
2021-06-14,0.0,1.0702031826487681e-07
2021-06-15,0.005814840188226872,0.0057547469834112
2021-06-16,-0.003128137500955941,-0.003142822723313
2021-06-17,-0.004238932736312846,-0.0042536038336792
2021-06-18,0.004202440109896334,0.0041288656449309
2021-06-21,-0.009029314501811193,-0.0091244483960326
2021-06-22,0.008445989898992668,0.0084043401401021
2021-06-23,0.006664352706982285,0.0066376461362861
2021-06-24,-0.001875684747830112,-0.0018871247331866
2021-06-25,0.0009766786474404167,0.0029434979354122
2021-06-29,0.0009187292471461268,0.0009037845058903
2021-06-30,0.002521405108220379,0.0025155778807029
2021-07-01,-0.000703287475074835,-0.000707884159124
2021-07-02,0.0009295983575541268,0.0009135435074081
2021-07-05,0.0036895152730470073,0.0036708274784172
2021-07-06,0.0008322015796496814,0.0008317035384568
2021-07-07,0.0028384493685633594,0.0028258671318912
2021-07-08,-0.00043814893513804043,-0.0004409475587457
2021-07-09,0.0013696262766492448,0.0013631013417299
2021-07-12,0.004209125383910666,0.0041977102234787
2021-07-14,-0.0010987513301206123,-0.0011010930900928
2021-07-15,0.001100885981316065,0.0010963699199754
2021-07-16,-0.0018410119230042393,-0.0018554162268432
2021-07-19,-0.0033107296031735967,-0.0033229033868874
2021-07-20,-0.0004873412974132163,-0.0004922008447949
2021-07-21,0.0043556669399043135,0.0043436279921118
2021-07-22,0.004013462097526918,0.0039986942713086
2021-07-23,-0.00024132678500037854,-0.0002416697931804
2021-07-26,0.004936517932613449,0.0048464777469028
2021-07-27,-0.0014038676136116169,-0.0014394618580152
2021-07-29,0.007971117269937968,0.0077308837250101
2021-07-30,-0.001717703402107845,-0.0018081352972612
2021-08-02,0.006244661716645239,0.0062232791341716
2021-08-03,-0.008674986905277439,-0.0088739819179639
2021-08-04,0.009094053026509384,0.0089220902014651
2021-08-05,-0.0009321617940469529,-0.0009327745380032
2021-08-06,0.00882230869758523,0.0087054467254245
2021-08-09,-0.0010502710998013863,-0.0010562434623302
2021-08-10,-0.000517410625656688,-0.0005274051932634
2021-08-11,0.004651203207038246,0.004528353163079
2021-08-13,0.0034814361382195804,0.0034744207282962
2021-08-16,-0.0018466362659622032,-0.0018498613809423
2021-08-17,-0.0027100282818873895,-0.0027371859013002
2021-08-18,0.0009725500292157307,0.0009704142864529
2021-08-19,-0.007680274951889693,-0.0077747372270341
2021-08-20,0.0003723741194307564,0.0003638872206203
2021-08-23,0.005443473509360779,0.0054147438020599
2021-08-24,0.0027031802123356997,0.0026968099511745
2021-08-25,-0.0014774697597759983,-0.0014906839670414
2021-08-26,-0.0010294481968842854,-0.0010306928434967
2021-08-30,0.0018693303942163223,0.0018654136808693
2021-08-31,0.003601781755291426,0.00359187612476
2021-09-01,0.00014092268398563606,0.0001388682322537
2021-09-02,0.0011509389434918547,0.0010932671940919
2021-09-03,0.0015614274523479132,0.0015505538089624
2021-09-06,0.000857147784509607,0.0008493141454447
2021-09-07,0.002791628139020968,0.0027655914307518
2021-09-08,-0.0018470168330348706,-0.0018566230425153
2021-09-09,-0.003710164001904233,-0.0037666100351822
2021-09-10,0.0007622155576114825,0.000755652402387
2021-09-14,-0.0021277532456892654,-0.0021483061768525
2021-09-15,-0.0007528801131193558,-0.0007630052076041
2021-09-16,-0.004502196909159898,-0.0045544902138884
2021-09-17,-0.0026727351116700485,-0.0007065140795755
2021-09-20,0.0,7.69996307886905e-08
2021-09-21,0.0,7.700548974417156e-08
2021-09-22,-0.0006603224852084325,-0.0007860007009791
2021-09-23,0.0008285432971503446,0.0007951516622585
2021-09-24,-0.001443273713610277,-0.0014653269653045
2021-09-27,-0.0016086310528762647,-0.0016574830328611
2021-09-28,-0.002491021130291796,-0.0025192124641113
2021-09-29,-0.005927441467329746,-0.0059899567590371
2021-10-01,0.0,1.8490803422909039e-09
2021-10-04,0.0,1.8492210991467106e-09
2021-10-05,0.0,1.849362089048549e-09
2021-10-06,0.0,1.8495028459027926e-09
2021-10-07,0.0,1.8496437192796622e-09
2021-10-08,-0.01547892280486236,-0.0158378232266914
2021-10-11,-0.0005888622172860947,-0.0006090253801521
2021-10-12,-0.00796258243822265,-0.0080030717225997
2021-10-13,-0.0037213081613346423,-0.0037669784255993
2021-10-14,0.004424208890734002,0.0044089224975396
2021-10-15,0.00350413255721785,0.003472848118068
2021-10-18,-0.002623667654188894,-0.0026636165137879
2021-10-19,0.0019488606044532977,0.001936805000481
2021-10-20,0.00023878208422770347,0.000223031779114
2021-10-21,-0.0016962181981357886,-0.0017364624453854
2021-10-25,9.394942221430645e-05,9.070938368262384e-05
2021-10-26,0.00141261972648817,0.0013970527896016
2021-10-27,-0.0016721023104071526,-0.0016812259814049
2021-10-28,0.0006212736547771995,0.0005989030347348
2021-10-29,0.000995105986263055,0.000974091397264
2021-11-01,0.004345986765592398,0.0043061483339052
2021-11-02,0.0018831997381823107,0.0018753161448523
2021-11-03,0.0013917941670409267,0.0013670381744004
2021-11-04,0.0020164780854556195,0.0019972482023143
2021-11-05,0.0038722048015492156,0.0038464630577828
2021-11-09,0.0012325854238238382,0.0012311723234842
2021-11-10,-0.0030754207756324555,-0.0030880869733516
2021-11-11,-0.0003318989945188017,-0.0003940774704419
2021-11-12,-0.0005036748074590276,-0.000504483688055
2021-11-15,0.004235070125255013,0.0042099534214209
2021-11-16,-0.0011302920777972179,-0.0011414247104072
2021-11-17,0.001776214016589044,0.001754465021672
2021-11-18,0.0005998038419734745,0.000593289385421
2021-11-19,0.005120715504443291,0.0050933777801952
2021-11-22,-0.00363026475000755,-0.0036580254106877
2021-11-24,-0.0013786762244421963,-0.0014119955908613
2021-11-25,0.0024730931910195305,0.002463871175116
2021-11-26,-0.007935832187569224,-0.0079976716432392
2021-11-29,-0.0009030021472142258,-0.0009171447001804
2021-11-30,-0.0024474422083779657,-0.0024779034545137
2021-12-01,0.00023668039414664877,0.0002289700072726
2021-12-02,-0.007206348862828591,-0.0072939430924622
2021-12-03,0.0030026586956236763,0.0029910416581945
2021-12-06,-0.005743960795735611,-0.0057746900462167
2021-12-07,0.006234498482089298,0.0060939545928485
2021-12-09,0.002980368694303414,0.0029193960021728
2021-12-10,0.0028174341715266945,0.0028037457072179
2021-12-13,0.002816933673795002,0.0028003010356274
2021-12-14,-0.008791156938730667,-0.0088992175051712
2021-12-15,0.0028135692644376173,0.0027597260923762
2021-12-16,0.008839503249764104,0.0087097772051596
2021-12-17,-0.0008937582915803173,-0.0009138181151856
2021-12-20,-0.008175278545638272,-0.0082719782501401
2021-12-21,0.001888234577605116,0.0018610281602045
2021-12-22,0.0027476797134396488,0.0027333521766979
2021-12-24,0.0014231337592104667,0.0014155147464955
2021-12-27,-0.0027733128257096734,-0.0027911543502031
2021-12-28,0.0011820493189421924,0.0031718685529912
2021-12-29,-0.003995012452233344,-0.0040142225092032
2021-12-30,0.0011448186831883127,0.0011332227132621
2021-12-31,-5.813633794623466e-06,-8.00981829471577e-05
2022-01-03,0.0,4.009499996903488e-08
2022-01-04,0.004091522938142343,0.0040180729379834
2022-01-05,0.0016147648939501755,0.0015601388230637
2022-01-06,-0.005287808792061185,-0.0053831959221837
2022-01-07,-0.0012817656390370145,-0.0012890380542833
2022-01-11,0.0005232028345677354,0.0004994734492738
2022-01-12,0.003483250805066104,0.0034750179687899
2022-01-13,-0.0010434100809052795,-0.0010599132682591
2022-01-14,-0.0023951531835276403,-0.0024377724002241
2022-01-17,0.0009510882767534993,0.0009067233764126
2022-01-18,0.00034045984865728614,0.0003307750634688
2022-01-19,0.001776501081432127,0.0017629026434563
2022-01-20,0.007596223734160117,0.0075264166058909
2022-01-21,0.0011941950072885468,0.0011817479904284
2022-01-24,0.00019343193539225268,0.0001845823602777
2022-01-26,0.00020621183207705906,0.0001986758111
2022-01-27,0.0013563820191500775,0.0010837508903723
2022-01-28,0.0014992159344617217,0.0014845505279734
2022-01-31,0.0,1.9300198265525735e-10
2022-02-01,0.0,1.930165768399181e-10
2022-02-02,0.0,1.9303140267888636e-10
2022-02-03,0.0,1.9304599686353004e-10
2022-02-04,0.0,1.9306070687532326e-10
2022-02-07,0.023316392156123935,0.0221631690981447
2022-02-08,0.005579472257916203,0.0055536979327245
2022-02-09,0.007122861900975209,0.007078123057594
2022-02-10,0.005297138293564604,0.0052640117859032
2022-02-11,-0.007403689104961409,-0.0074430243325821
2022-02-14,-0.0036402464286974124,-0.0038110130684377
2022-02-15,-0.003704564937723291,-0.0037909878549824
2022-02-17,0.00607756564669159,0.006007826430831
2022-02-18,0.003953210061003283,0.0039325347985344
2022-02-21,0.0008529698578837455,0.0008405726013503
2022-02-22,0.004594305607118591,0.0044753264379726
2022-02-23,0.00203486956486945,0.0020021398915924
2022-02-24,0.011664189807963223,0.0113077295597193
2022-02-25,-0.008990707751063982,-0.0093377784758939
2022-02-28,-0.0026867031093327533,-0.0027180936592504
2022-03-01,0.003255232069561316,0.0032237773606152
2022-03-02,0.0028863538743585386,0.002857397163038
2022-03-04,-0.0006790319641895023,-0.0006848072615785
2022-03-07,0.015691026087950873,0.0153169315972665
2022-03-08,-0.0005716322587515435,-0.0011404333524127
2022-03-09,0.0028441560559591826,0.0027431689780714
2022-03-10,-0.009484441237490917,-0.0097672518009841
2022-03-11,0.0038824008801195053,0.0038348738453289
2022-03-14,-0.004339081977727739,-0.0045348120454841
2022-03-15,-0.02289934422884709,-0.0234600641329827
2022-03-16,0.006076937534914905,0.0058912167166921
2022-03-17,0.004638734997187819,0.0045889685327716
2022-03-21,0.001968405608714995,0.0019257835302002
2022-03-22,0.007664688228606574,0.0075211634002355
2022-03-23,0.0015173588363809512,0.001452076450693
2022-03-24,-0.0012696114212459786,-0.0013340585887555
2022-03-25,0.003016849464883161,0.002956976129731
2022-03-28,-0.004824908717940091,-0.0048712609430233
2022-03-29,-0.003392426241237638,-0.0034116941665615
2022-03-30,-0.006088561966325456,-0.0049209156882131
2022-03-31,-3.3085157932377326e-05,-3.839587564634914e-05
2022-04-01,-0.011140834338022683,-0.0116527013311046
2022-04-04,0.0,5.4380387064143385e-08
2022-04-05,0.0,5.4384526133441195e-08
2022-04-07,-0.005453226341490107,-0.0055427532534386
2022-04-08,0.004408817489729997,0.004400287524778
2022-04-11,-0.004515530912673336,-0.0046433901641642
2022-04-12,-0.005982610509001014,-0.006092989284141
2022-04-13,0.003767784171746811,0.0037572917665948
2022-04-14,0.004624762508272763,0.0045955027925737
2022-04-15,-0.006415836460973129,-0.006534840101378
2022-04-18,-0.0012768052565260177,-0.0012981300064621
2022-04-19,0.002932417781060066,0.0028802555679464
2022-04-20,0.0026527218709080157,0.0025524453114512
2022-04-22,-0.0016284800943997453,-0.0016630187577146
2022-04-25,-0.021090203400734732,-0.0218630117407309
2022-04-26,-0.004747004334430164,-0.0050881263774857
2022-04-27,0.00451103038048373,0.0039543609823176
2022-04-28,0.004953623103461731,0.0049007599037838
2022-04-29,0.012062728748420588,0.0119645811299931
2022-05-02,0.0,5.958859106781997e-07
2022-05-03,0.0,5.95930942480258e-07
2022-05-04,0.0,5.959759773626526e-07
2022-05-05,0.0006461379756696785,0.0006379280906417
2022-05-06,-0.009490688013646355,-0.0096245081452534
2022-05-09,0.00017407484509448243,0.0001650788221394
2022-05-10,-0.005539009266631139,-0.0055939911115929
2022-05-12,0.002362752744705238,0.0023487951694636
2022-05-13,0.005918119845863977,0.0057201809849945
2022-05-16,0.0024672168555468182,0.0023384909060195
2022-05-17,0.0008273570260725308,0.0008154651487627
2022-05-18,-0.0021680418256023208,-0.0021861312865733
2022-05-19,0.0005418403859642955,0.0005317025780101
2022-05-20,0.005019888497902572,0.0049967467150718
2022-05-23,0.0017897618416517656,0.0017874156682335
2022-05-24,-0.006243003285296507,-0.0063358311235264
2022-05-25,0.002662861078198455,0.002658173626187
2022-05-27,0.0024252116833045176,0.0024114210010068
2022-05-30,0.00035379622336714637,0.0003211158747558
2022-05-31,-0.002055457649485945,-0.0020676600194192
2022-06-01,-0.0018645583708873992,-0.0018705196012452
2022-06-02,-0.0009657918003860297,-0.0009897918767633
2022-06-03,0.0,6.735458256629457e-08
2022-06-06,0.0025361899660729984,0.0025090538739687
2022-06-07,-0.002483033254583991,-0.0024899247149485
2022-06-08,0.00221716388992641,0.0022127734622757
2022-06-09,-0.0006404393051266667,-0.0006478945627243
2022-06-10,-0.0022683983604779166,-0.0023036661272869
2022-06-14,0.0001191029187971826,0.0001134654752396
2022-06-15,-0.003214209017593152,-0.0032603839637646
2022-06-16,-0.0024042525810270597,-0.0024647276841791
2022-06-17,0.005599610204772787,0.0055633628879837
2022-06-20,-0.007855615695099464,-0.0079734987950883
2022-06-21,-0.003629771851616132,-0.003655311141872
2022-06-22,-0.005594565204185934,-0.0056372756568365
2022-06-23,-0.0038247253162619456,-0.0042655652337857
2022-06-24,-0.001138238401620341,-0.001184469904192
2022-06-27,0.0045761426267032276,0.006519482601057
2022-06-29,-0.005285863547027016,-0.0053544962358251
2022-06-30,0.0032478273563621967,0.0032284733304485
2022-07-01,0.0010691882879362968,0.0010395521922863
2022-07-04,0.002411691765977358,0.0024025853204231
2022-07-05,0.0027718743026201743,0.0027324854173688
2022-07-06,-0.014037707458774664,-0.0143039930077069
2022-07-07,0.0001202426599762399,6.713540807579978e-05
2022-07-08,-0.00023624191360339535,-0.0002372619880536
2022-07-11,-0.0016032593448142703,-0.0061360426659044
2022-07-12,-0.0015532393320330591,-0.0015673124652609
2022-07-14,-0.003232091654545514,-0.0032711877384902
2022-07-15,0.00325964888668754,0.0032414532694419
2022-07-18,0.010755212399415605,0.0106372651374717
2022-07-19,-0.004603708007583382,-0.0046561819530829
2022-07-20,0.013784815526762459,0.0135736347246591
2022-07-21,0.0011609410883938708,0.0011501011706761
2022-07-22,0.001506358313140323,0.0014770628490221
2022-07-25,-0.00506894052871768,-0.0051062240659066
2022-07-26,0.0008825357497608265,0.0008592997261644
2022-07-27,0.0014048450448641216,0.0014015683207359
2022-07-29,0.010339929581066144,0.0102241154712579
2022-08-01,0.003594013339505681,0.0035594129730529
2022-08-02,-0.001485181804449144,-0.0014915270706478
2022-08-03,-0.003620605160394365,-0.003657577368557
2022-08-04,0.0065978052766379495,0.0064779007665045
2022-08-05,0.004201498287213005,0.0041642728946287
2022-08-08,-0.0015705869798207526,-0.0015938508002384
2022-08-09,-0.003286253813378201,-0.0033073950781683
2022-08-10,-0.004685851361390275,-0.0047169722797549
2022-08-11,0.013697762613080276,0.0134846076273802
2022-08-15,0.008604464020889553,0.0085593671939953
2022-08-16,0.003348757829485128,0.0033087469092668
2022-08-17,7.606451329291976e-05,7.268091099960827e-05
2022-08-18,-0.005990608700252992,-0.0060225744098941
2022-08-19,0.000297736400636462,0.0002940781331089
2022-08-22,-0.007279261970489933,-0.0073246229748347
2022-08-23,-0.011286627806495366,-0.0113870247968629
2022-08-24,0.0003219720678189266,0.0003192953611222
2022-08-25,0.0077734261666085845,0.0077247699880131
2022-08-26,0.0013505835404420186,0.0013385683477849
2022-08-30,0.000293521722052203,0.000279925136791
2022-08-31,-0.0018059851050060921,-0.0018388279618507
2022-09-01,-0.005766707642692551,-0.0058095722847679
2022-09-02,0.005268491350065785,0.00522516507545
2022-09-05,0.0037092840620681603,0.0036772919456763
2022-09-06,-0.0021461455410770277,-0.0021946690108655
2022-09-07,-0.001083902066002167,-0.0011128984844611
2022-09-08,0.005041162348193956,0.0049911720668269
2022-09-09,0.0014556208118098096,0.0014487162642689
2022-09-12,0.0,7.536678223373454e-07
2022-09-13,0.0164884700191902,0.0160108072339893
2022-09-15,-0.0047390638469958874,-0.0047621089872807
2022-09-16,-0.0026537288971751768,-0.0026693222773449
2022-09-19,0.00037278808196022255,0.0003660525636432
2022-09-20,0.0031436768340328655,0.0031403513081495
2022-09-21,0.002131482199053513,0.0041015744364147
2022-09-22,-0.0007556787625014061,-0.0007653846254316
2022-09-23,-0.0015305566390597489,-0.0015498789649593
2022-09-26,-0.005694939457983818,-0.0057032206101597
2022-09-27,0.0024256508325470327,0.0024094750298903
2022-09-28,-0.00019981884332313186,-0.0002382862171842
2022-09-30,-0.0014009441719002812,-0.0014503541115371
2022-10-03,0.0,7.542454015886693e-08
2022-10-04,0.0,7.543027922036866e-08
2022-10-05,0.0,7.543601896376519e-08
2022-10-06,0.0,7.544175893359368e-08
2022-10-07,0.0,7.544749935758521e-08
2022-10-10,0.0016314058477848638,0.0016171195091758
2022-10-11,-0.0012265952498316719,-0.0012712656154165
2022-10-12,0.0037289428544379924,0.0037094849942622
2022-10-13,0.0008641525245304553,0.0008635330413361
2022-10-14,0.005667910436689707,0.0056208759541834
2022-10-17,-0.006706665647028231,-0.0067915867430491
2022-10-18,-0.002369359238721264,-0.002399985101551
2022-10-19,-0.0018693498466442224,-0.0018737357887502
2022-10-20,-0.0014449751331070152,-0.0014587045582716
2022-10-24,0.002477280591044733,0.0024235663885547
2022-10-25,-0.00039489131387927465,-0.0003972274603201
2022-10-26,0.003561957917282264,0.0035289439199294
2022-10-27,-0.0014977008810423901,-0.0015013088059665
2022-10-28,-0.0037849682831712634,-0.0038155885993772
2022-10-31,0.0012452637212145466,0.0011798316420163
2022-11-01,0.007903582270135934,0.0077779446687949
2022-11-02,0.0008630087617720395,0.0008483137127735
2022-11-03,-0.0008732879873623017,-0.0008748668492783
2022-11-04,0.0017876978021716078,0.0017576365929735
2022-11-08,0.004895060505480339,0.0048600739268478
2022-11-09,0.011504324851771355,0.0114071102850831
2022-11-10,-0.0031440511227286364,-0.0031536899055506
2022-11-11,0.017732371834221484,0.0173159938903662
2022-11-14,-0.003144863715122427,-0.0031580942103083
2022-11-15,0.0014628523229389767,0.0014586936896746
2022-11-16,0.004839628374622568,0.004820217066268
2022-11-17,0.0031728827736695765,0.0031649067129732
2022-11-18,-0.0011964290391116967,-0.0011984349842642
2022-11-21,-0.0007959735949954788,-0.000800551691114
2022-11-23,0.007263661331992015,0.0072279979377995
2022-11-24,0.00902012687937891,0.0089652338161762
2022-11-25,0.0031323766457750433,0.0031177749190039
2022-11-28,-0.001615808288488165,-0.0016267677321182
2022-11-29,-0.005317055411572336,-0.0053280031810573
2022-11-30,-0.0029611450362102077,-0.0029653311886335
2022-12-01,0.009560954521794365,0.0095116613421746
2022-12-02,-0.004219950611663667,-0.0042647941836048
2022-12-05,-0.004071428646884466,-0.0040829057650613
2022-12-06,-0.009757867183933337,-0.0097831766436436
2022-12-08,0.00137432761374569,0.0013685671090507
2022-12-09,0.0029529961463079027,0.0029408216403992
2022-12-12,-0.002007108130682125,-0.0020122154058001
2022-12-13,0.002197894871600505,0.002182083642743
2022-12-14,0.007805997052795937,0.0077575524180381
2022-12-15,-0.0038807791726766403,-0.0038879171264549
2022-12-16,-0.011874439802711667,-0.0100311071986056
2022-12-19,-0.002036629317869407,-0.0020757487243536
2022-12-20,-0.004155489814713441,-0.0041859999834648
2022-12-21,0.00706150584700496,0.0070265330360202
2022-12-23,-0.0018836270687426046,-0.0018973277851578
2022-12-26,0.006253616901070871,0.0061766216810117
2022-12-27,0.0026596687680625966,0.0026504343740039
2022-12-28,-0.002492388992152017,-0.0025201284837665
2022-12-29,0.001681597838210122,0.0016453721426936
2022-12-30,0.004448918447208974,0.0044294361670879
2023-01-03,0.0015866803708496102,0.0015845827955321
2023-01-04,-0.002174104454513095,-0.0022599503614885
2023-01-05,-0.0001462023148701484,-0.0001868772586127
2023-01-06,-0.004261966002982598,-0.0042700753346344
2023-01-10,-0.003432963411323498,-0.003446049143092
2023-01-11,0.0037305242957661783,0.0037089184696461
2023-01-12,0.0035859430381995497,0.0035478830754282
2023-01-13,0.004801602967981482,0.0047706432163033
2023-01-16,0.0003305271887330038,-0.0009800158744423
2023-01-17,0.0006525274238390113,0.0006437900125961
2023-01-18,0.004719134471699213,0.0046720873453218
2023-01-19,-0.0037543611327584903,-0.0037959854224895
2023-01-20,0.00014033414163166184,0.0001076625914941
2023-01-23,0.0,6.469132050965561e-08
2023-01-24,0.0,6.469624370007234e-08
2023-01-25,0.0,6.470116731923375e-08
2023-01-26,0.0,6.47060911522894e-08
2023-01-27,0.0,6.471101541408941e-08
2023-01-30,0.0017770616039706833,0.0017191555666456
2023-02-01,0.007592015613839715,0.0075664223953922
2023-02-02,0.0046048939407367425,0.0045831620482737
2023-02-03,-0.005321767313285935,-0.0053504407367629
2023-02-06,-0.00650848433489655,-0.006557282010867
2023-02-07,-0.0012498048097338997,-0.0012839419878755
2023-02-08,-0.0017162923187719918,-0.0017318374741847
2023-02-09,0.002725354990606747,0.0026987867280465
2023-02-10,-0.0032098007902456706,-0.0032250674797258
2023-02-13,0.0012488950527169106,0.0012258835012534
2023-02-14,0.005042369296771901,0.0049794195608774
2023-02-16,0.005188371904431446,0.0050580290680998
2023-02-17,-0.007042303601278629,-0.0070735574631363
2023-02-20,0.00409458642572739,0.0040759113188256
2023-02-21,-0.002105804040926088,-0.0021195178999846
2023-02-22,-0.005929450092103265,-0.0059561772937432
2023-02-23,0.0012354201617258346,0.0012294015983144
2023-02-24,0.004742037285298491,0.0046914526252746
2023-02-27,-0.006043294607064462,-0.0060777579883212
2023-02-28,0.002612592774862038,0.0025814813695019
2023-03-01,-0.0013060252721178718,-0.0013326172959504
2023-03-03,0.005725760158085584,0.0057036142004374
2023-03-06,0.011290037707640912,0.0112201525374112
2023-03-07,0.004319904446055222,0.0043040351887314
2023-03-08,-0.009202542013352633,-0.0092716100973712
2023-03-09,0.0027982797517754694,0.002793191352442
2023-03-10,-0.010430229991884404,-0.0105247427240311
2023-03-13,0.004560928473568083,0.004537779889106
2023-03-14,-0.020471264268622547,-0.0208231877591876
2023-03-15,0.013675149424239873,0.0135391381230243
2023-03-16,-0.010595141115960091,-0.0107195527487749
2023-03-20,0.005422973987114598,0.0052556935458575
2023-03-21,0.0006870784574259072,0.0006534158588344
2023-03-22,-0.0007300018164867736,-0.0007851870071583
2023-03-23,0.0015601315940033057,0.0015522414328141
2023-03-24,0.001867141085258749,0.0018601171983066
2023-03-27,-0.0015113835542259779,0.0004660497869738
2023-03-28,-0.0013299725995198667,-0.0013341043713468
2023-03-29,0.002364531094939622,0.0023552259829075
2023-03-30,0.0005171048082122549,0.0005151295928667
2023-03-31,0.0028905645242294697,0.0028778090596152
2023-04-04,0.002478646363811568,0.0024569950560131
2023-04-05,0.0,3.5413118551985007e-08
2023-04-06,0.0003224089361927524,0.0002184332988373
2023-04-07,0.0026243533375958253,0.0026121574094447
2023-04-10,-0.0029047447978842447,-0.0029213668682055
2023-04-11,0.0018534457510426758,0.0018436806969884
2023-04-12,0.0005486671302768016,0.0005267219464386
2023-04-13,-0.0012987790318189588,-0.0013062616694563
2023-04-14,0.004236977229774318,0.0042259002762939
2023-04-17,0.00028016044905223236,0.0002521570204184
2023-04-18,9.683121191245047e-05,8.916379147787724e-05
2023-04-20,0.0006956560112936054,0.0006920678388734
2023-04-21,-0.0029881280009291843,-0.0030031643096738
2023-04-24,0.004436297976669223,0.0043673040376542
2023-04-25,0.004420312496419131,0.0043899359066281
2023-04-26,-0.001965762051561254,-0.0019807975872971
2023-04-27,-0.0008281507436637564,-0.0008579407797895
2023-04-28,0.0034574833560658573,0.0034476167537212
2023-05-01,0.0,1.0973066754279865e-07
2023-05-02,0.0,1.097390131993785e-07
2023-05-03,0.0,1.0974735971007967e-07
2023-05-04,-0.0037272196222481505,-0.0037708046751331
2023-05-05,-0.002279401101255148,-0.002288980669674
2023-05-08,0.005949387732865397,0.00592164951364
2023-05-10,0.0007063597728705858,0.0006905282980083
2023-05-11,-0.0013619919727258486,-0.0013661052478787
2023-05-12,-0.0017577575258967458,-0.0017706262100519
2023-05-15,0.0017079417368856221,0.0017034639944149
2023-05-16,-0.003054722904121965,-0.00305965934814
2023-05-17,0.0005389757764217636,0.0005316313464906
2023-05-18,0.004064803282333253,0.0040235422854492
2023-05-19,0.004545377799046475,0.0045092985094753
2023-05-22,0.0005018445744490192,0.000488160162341
2023-05-23,-0.0014595028159346908,-0.0014660161014193
2023-05-25,0.004199056444073581,0.004155049555655
2023-05-26,-0.0003928370884649625,-0.0003983039540482
2023-05-29,0.013690058698163816,0.0135100141112241
2023-05-30,0.003039171843872005,0.0030333965903979
2023-05-31,-0.004279111967816702,-0.0042972806772897
2023-06-01,0.002695713176524092,0.0026725800626808
2023-06-02,0.0062355932105991295,0.0061911545941794
2023-06-05,0.008638587252779686,0.0085762143522228
2023-06-06,0.002011385118803847,0.0019849296915941
2023-06-07,-0.0019293047810045266,-0.0020000647083251
2023-06-09,0.009435874316258084,0.0093573513139537
2023-06-12,0.005867643041862121,0.0058475324698461
2023-06-13,0.012207684940449735,0.0121088194352276
2023-06-14,0.00286289256961636,0.0028522588561008
2023-06-15,-0.002720885062660631,-0.0027504930953326
2023-06-16,0.00366669249252039,0.0036443150847515
2023-06-19,-0.0033140873166414013,-0.0033398704311306
2023-06-20,0.0007470534455478592,0.0007459423142205
2023-06-21,0.00456076707756409,0.0045042784638565
2023-06-22,0.0,4.349147080264503e-09
2023-06-23,0.0,4.349478437427321e-09
2023-06-26,-0.01033494247902071,-0.0105718839856092
2023-06-28,0.003916982295501288,0.0038748991378861
2023-06-29,0.001831835214516291,0.0018153571405889
2023-06-30,0.0030452899473824213,0.0030398889388363
2023-07-03,0.02254554249168533,0.0216983231292784
2023-07-04,-0.005692879357677484,-0.0057408534261306
2023-07-05,0.0003199964014643903,0.0003177315039551
2023-07-06,-0.0002369619475196681,-0.0002381004412002
2023-07-07,-0.0030324901903150243,-0.0030426592379585
2023-07-10,-0.003016612847368934,-0.0030364084463928
2023-07-11,0.0030057594422410825,0.0030002856689851
2023-07-13,0.000778687499871679,0.0007522660136991
2023-07-14,-0.0006673353447518278,-0.0006711398099331
2023-07-17,0.0025731615276359658,0.0025566512417467
2023-07-18,0.0012268178441272397,0.0012251177019077
2023-07-19,0.0070251981185118165,0.0069429351866306
2023-07-20,0.0009474994271291081,0.0009374850501939
2023-07-21,-0.0021327106118436755,-0.0021460261377074
2023-07-24,-0.00011672711752312389,-0.0001198900926989
2023-07-25,0.003128865066487957,0.0030559005712041
2023-07-26,0.002482914187592878,0.0024749787186278
2023-07-28,-0.002337760154176502,-0.0023972896252479
2023-07-31,-0.0001843257758000111,-0.0001915076961918
2023-08-01,0.0021025130195155063,0.0020798441404846
2023-08-02,0.0004887514349436542,0.0004879106166719
2023-08-03,-0.002569606860685581,-0.0025937660675616
2023-08-04,0.00281958852246214,0.0028029178403438
2023-08-07,-0.0021887961317590765,-0.0022113403445622
2023-08-08,-0.0007387913875064008,-0.0007419684092398
2023-08-09,0.0036129509357459813,0.0035369738057871
2023-08-10,1.0859667157179923e-05,7.346697424945469e-06
2023-08-14,0.00021720807395272988,0.0002053983822775
2023-08-15,0.001274492892678285,0.0012563247326545
2023-08-16,-0.0018941066670923878,-0.0018993346582353
2023-08-17,0.0047616044683095205,0.0047256963331887
2023-08-18,0.00023124983432013402,0.0001877774363832
2023-08-21,0.0016575414176479841,0.0015358313369709
2023-08-22,-0.004569469509462443,-0.0047611189292386
2023-08-23,-0.003005071125831525,-0.0030168922643493
2023-08-24,0.002708452473515519,0.0027003365136275
2023-08-25,0.002457583122649205,0.002359263930764
2023-08-29,0.0023782608381271654,0.0023683722893824
2023-08-30,0.000655032993447937,0.0006516193532378
2023-08-31,0.0005221725759354855,0.0005163475859568
2023-09-01,-0.0016464973597065012,-0.001670335474739
2023-09-04,-0.0028596023626313105,-0.0029273145433344
2023-09-05,0.002324012531577855,0.0023051548792575
2023-09-06,0.0023961683449688622,0.0023538459886906
2023-09-07,-0.0019410796942366491,-0.0019513765011574
2023-09-08,-0.002296141944558675,-0.0023704383387933
2023-09-11,0.001899714137324353,0.0018826185584651
2023-09-13,-0.0030473246593949975,-0.0030910985352707
2023-09-14,0.0003564844083709744,0.0003383570229938
2023-09-15,0.0020556946360487096,0.0019545053491891
2023-09-18,-0.002333608212589165,-0.0023467460554568
2023-09-19,-0.0030667679809177257,-0.0031663142799955
2023-09-20,0.0034782390478388624,0.0034545573644077
2023-09-21,-0.002820028678718091,-0.0028349043317525
2023-09-22,0.0010161814316444607,0.0010030972513624
2023-09-25,-0.0003151947754327336,-0.0003223784268018
2023-09-26,0.0011789981439048291,0.0011715054917832
2023-09-28,-0.0016576028191841998,-0.0017165859483974
2023-09-29,0.0,1.524250166821457e-07
2023-10-02,0.0,1.5243660322303324e-07
2023-10-03,0.0,1.524481907470041e-07
2023-10-04,0.0,1.5245977885870325e-07
2023-10-05,0.0,1.524713679534839e-07
2023-10-06,0.0,1.5248295803134505e-07
2023-10-09,-0.001593589300284768,-0.0016013483219444
2023-10-10,-0.004354635321483842,-0.0043772448915095
2023-10-11,-0.0020210973015478547,-0.0020297630028067
2023-10-12,0.0035095786216794937,0.0034945079347044
2023-10-13,-0.001166099854042313,-0.0011857153918215
2023-10-16,0.0018277123636483471,0.0017981646852749
2023-10-17,0.001757937388043987,0.0017452858316803
2023-10-18,-0.002235386132750738,-0.0022954785669546
2023-10-19,-0.0038292397157679353,-0.0038738735095386
2023-10-23,-0.00441409969539774,-0.0044348518773456
2023-10-24,0.0023386715349867837,0.0023066148534003
2023-10-25,8.330547691209493e-05,7.844401901558767e-05
2023-10-26,-0.00112129720921203,-0.001180328649441
2023-10-27,0.0016141758709985346,0.0016077623949561
2023-10-30,0.00018351592559324255,0.0001782861123365
2023-10-31,0.00013953619738474386,0.0001300930381375
2023-11-01,0.0007607271636468102,0.0007353589528168
2023-11-02,0.0031281246905185385,0.0031095130462682
2023-11-03,0.003601804697633857,0.0035642345654939
2023-11-07,-0.0014235077534131297,-0.0014261856427003
2023-11-08,0.001224463476080274,0.0012125686546854
2023-11-09,-0.0007623858958822404,-0.0007778348191379
2023-11-10,-0.004455898823137297,-0.0045595347837081
2023-11-13,0.003785292819872707,0.003751183445474
2023-11-14,0.003460804681728398,0.0034490883009468
2023-11-15,0.005663930600096896,0.0056329051198052
2023-11-16,-0.0006115138388563199,-0.000615185363904
2023-11-17,-0.0038115490326741455,-0.0038980435822507
2023-11-20,-0.006765761754300586,-0.006794328827242
2023-11-22,-0.004272408952975478,-0.0042834586947108
2023-11-23,0.0014082672784618807,0.0013965327599052
2023-11-24,0.0015105279866513659,0.0014930296179007
2023-11-27,0.0007059790299983899,0.0007049342235619
2023-11-28,-0.0012716567851615108,-0.0012769607935839
2023-11-29,0.0011016281287762153,0.0010909611542171
2023-11-30,0.0040550500149915195,0.0040267548430105
2023-12-01,-0.0003767841313165092,-0.0003798440020458
2023-12-04,0.0008552955815445548,0.0008496592321977
2023-12-05,-0.004783071327898911,-0.0048020857244394
2023-12-07,-0.002519593764086626,-0.0025293397447075
2023-12-08,0.003889500185634512,0.0038804546291555
2023-12-11,0.008055210987814374,0.008015575888681
2023-12-12,0.00028799926689569667,0.00028158505407
2023-12-13,0.0029966283827759475,0.0029924378211177
2023-12-14,0.007393488860919128,0.0073534732497631
2023-12-15,-0.0026935374524419313,-0.0027057237286407
2023-12-18,-0.000592978563415012,-0.0006047837014082
2023-12-19,0.0013937644705356489,0.0013898675297952
2023-12-20,0.0032398055725688848,0.003229819552047
2023-12-22,0.0035287696310064604,0.0035244633622832
2023-12-25,0.0035310294176242136,0.0035218967130121
2023-12-26,0.0026797502525442423,0.0026746057350262
2023-12-27,0.001282057603559381,0.0012815781073712
2023-12-28,-0.00032170916369025167,-0.0003227859891163
2023-12-29,-0.0038379628223785055,-0.0038650642508238
2024-01-02,0.0027360139356041916,0.0027292687402014
2024-01-03,-0.007067800187862458,-0.0071076685887055
2024-01-04,-0.004511368167572565,-0.0045365178578706
2024-01-05,-0.0012360498105455607,-0.0012409626455483
2024-01-09,0.007184821514237458,0.0071065239580207
2024-01-10,0.0017229142163527683,0.0016893297379227
2024-01-11,0.009327033829954178,0.0091247886452281
2024-01-12,4.679727966479697e-05,4.073526457067615e-05
2024-01-15,0.005137294878995157,0.0051075535000335
2024-01-16,-0.006679025321461831,-0.0068045500299081
2024-01-17,-0.0054642688811864844,-0.0054977240597253
2024-01-18,-0.0008565023003365986,-0.0008581816324873
2024-01-19,0.005859213852446355,0.005841277517348
2024-01-22,0.008690209750626978,0.0085369299723469
2024-01-24,-0.00026310072046955625,-0.0003552687433681
2024-01-25,-0.0026890602409916794,-0.0026970528324241
2024-01-26,-0.004677252231460632,-0.0046988913944694
2024-01-29,0.005207731715208355,0.005184410759896
2024-01-30,0.0069757823500379,0.0069411743038929
2024-01-31,-0.0047276914929762544,-0.0048037220297922
2024-02-01,-0.004937047164475022,-0.0049524546265648
2024-02-02,0.010751934922289428,0.0106606157743336
2024-02-05,0.0012634266717831126,0.00125252306328
2024-02-06,-0.0016027292363912284,-0.0016129883559988
2024-02-08,0.011318412465024316,0.0112038024009377
2024-02-09,0.0,9.441132480372322e-09
2024-02-12,0.0,9.441851213976934e-09
2024-02-13,0.0,9.4425705126734e-09
2024-02-14,0.0,9.443289622978752e-09
2024-02-15,0.0,9.444008733263733e-09
2024-02-16,0.0,9.444728031899073e-09
2024-02-19,-0.0029310020910198508,-0.0029354713185161
2024-02-20,-0.001090135727124862,-0.0010919039953362
2024-02-21,-0.004042339115532536,-0.0040737434286569
2024-02-22,0.0063006899715814125,0.0062416908190184
2024-02-23,0.005689191741471077,0.0056438084674564
2024-02-26,-0.00230500363132248,-0.00233132101321
2024-02-27,0.00029291550293769587,0.0002898936878686
2024-02-28,0.0029767013903561554,0.0029525055084019
2024-02-29,-0.0024102591695773076,-0.0024218911852076
2024-03-04,0.0037709045940458887,0.0037427448969407
2024-03-05,0.0014731859631430626,0.0014335188875868
2024-03-06,0.0008062586269853892,0.0007916674471919
2024-03-07,0.00254647299632735,0.0025176914427878
2024-03-08,0.0025550573775050436,0.0025251882474077
2024-03-11,0.00046841867104859404,0.0004623684416591
2024-03-12,-0.0020865528815837133,-0.0020884317952264
2024-03-13,-0.0009246504902970355,-0.0009261819588416
2024-03-14,8.932346153738147e-05,8.866200284496757e-05
2024-03-15,0.0007669436434241237,0.0007566121390761
2024-03-19,0.0004003690634803059,0.0003595227877895
2024-03-20,0.0030774706377485676,0.0030604841632858
2024-03-21,0.011388869709506012,0.0113076389270093
2024-03-22,-0.006340212844351221,-0.0063827666989811
2024-03-25,-0.006253048913616112,-0.0063638925035499
2024-03-26,0.0014248384678929242,0.001423460640674
2024-03-27,0.003087000614161637,0.0030821119142133
2024-03-28,-0.0014842583105851238,-0.001553699041892
2024-03-29,0.006424899921939322,0.0063559711853605
2024-04-01,0.0031051383197244,0.0030907863224051
2024-04-03,-0.004534691711930164,-0.0047096770995169
2024-04-04,0.0,6.370845309675265e-08
2024-04-05,0.0,6.371330152479819e-08
2024-04-08,0.00544620468993635,0.0053605061335454
2024-04-09,0.0035416437564853953,0.0035325576200246
2024-04-10,-0.0009689780817804881,-0.0009812203699021
2024-04-11,-0.00763666458385639,-0.0056758830291466
2024-04-12,0.008952955722933727,0.0088391210933145
2024-04-15,-0.0075206158255031,-0.0075645953256109
2024-04-16,-0.007567624691149444,-0.0077324927346229
2024-04-17,-0.0010514943302053457,-0.0010566950101541
2024-04-18,0.001155318927220167,0.0011352279304505
2024-04-22,-0.009108525163433955,-0.0092328694472407
2024-04-23,-0.010750880314195155,-0.0109938381402083
2024-04-24,0.0039264142522356955,0.0038919596721426
2024-04-25,0.0018329071553527968,0.0018247808741993
2024-04-26,0.004086415766169933,0.0040588250077579
2024-04-29,-0.002213147223168797,-0.0022232383284377
2024-04-30,0.00142585662256369,0.001423946973017
2024-05-01,0.0,5.746504750270727e-07
2024-05-02,0.0,5.74693914255849e-07
2024-05-03,0.0,5.747373564207665e-07
2024-05-06,0.0024874166571396588,0.0024601077338959
2024-05-07,0.003496790458142459,0.0034871546140624
2024-05-08,-0.0009618052580906665,-0.0009644737109134
2024-05-10,0.0019670694856621235,0.001821924622021
2024-05-13,0.0005524763687099071,0.0005278308991699
2024-05-14,-0.000745002881929258,-0.0007480222422396
2024-05-15,0.002739876549334203,0.002726784844593
2024-05-16,0.0013239963685279864,0.0013097021458507
2024-05-17,0.0025648011983991363,0.0025432232590792
2024-05-20,0.0054868539314483385,0.0053863951602373
2024-05-21,-0.0028298223633128113,-0.0028544491444478
2024-05-22,0.002450889663748828,0.0024424428477866
2024-05-23,-0.005337426870611386,-0.0054233785058451
2024-05-27,0.00714174604290113,0.0071033497524014
2024-05-28,0.0019375666006207714,0.0018925370574571
2024-05-29,-0.00805679998400819,-0.0080936561115192
2024-05-30,-0.009714500251382877,-0.0097436193503561
2024-05-31,0.0013928666150977284,0.0013784412062778
2024-06-03,0.0022481691707673915,0.0021204515051688
2024-06-04,0.0006561465785310983,0.0006460869387534
2024-06-05,0.0031635296925129675,0.0031420019424713
2024-06-06,0.00935992524722096,0.0093006373299953
2024-06-07,0.00091424811416407,0.0009098638544791
2024-06-10,0.0,4.83508006540972e-08
2024-06-12,0.0027420168352653477,0.002730144394458
2024-06-13,0.0053891206784029595,0.0053208235541397
2024-06-14,-0.00046633519851912845,-0.0004683420991263
2024-06-17,-0.0007991160343746074,-0.0008097122060699
2024-06-18,0.003944343936746811,0.0039193888337247
2024-06-19,-0.0002809821132862185,-0.0002845284559519
2024-06-20,0.0017293852667833347,0.0016913155144268
2024-06-21,-0.00469573475696374,-0.0047260417050288
2024-06-24,-0.004357709787190324,-0.0043989123132408
2024-06-25,-0.0012161320651473372,-0.0012447765733555
2024-06-27,-0.00032293702400751183,-0.0003546999065291
2024-06-28,0.005988780380277888,0.0059565795830601
2024-07-01,-0.0008045919557497389,-0.0008058050315736
2024-07-02,0.0024589364528807556,0.0024498615089395
2024-07-03,0.009808593879651138,0.0097541191137638
2024-07-04,0.001972317360131409,0.0018993545166597
2024-07-05,0.005141571591029225,0.0051170045549271
2024-07-08,0.0035868569650588716,0.0035501827794152
2024-07-09,0.008430457024984387,0.0082864443304031
2024-07-10,-0.004485019232187588,-0.0045084764589862
2024-07-12,-0.015291150098070576,-0.0155370286921404
2024-07-15,0.01439519927562714,0.0142361705017108
2024-07-16,-0.0002321995311805237,-0.0002340837900472
2024-07-17,-0.0007270528808759962,-0.0007861291219495
2024-07-18,-0.007604579918559653,-0.0076536081256693
2024-07-19,-0.010870190915228468,-0.0109713329444779
2024-07-22,-0.004313588101815352,-0.0043420219340336
2024-07-23,0.005388355328012853,0.0053604749909991
2024-07-24,-0.005499871316223404,-0.0055557275653145
2024-07-25,-0.015973034968149218,-0.0161563227537718
2024-07-29,0.004401621132515768,0.0043598304384923
2024-07-30,-0.0030294540063337933,-0.0030668662027713
2024-07-31,0.005882882049192517,0.0058578807613297
2024-08-01,0.0005770945092720153,0.0005577351308513
2024-08-02,-0.006142879746141683,-0.006353416717902
2024-08-05,-0.013338047376097483,-0.0135537932855767
2024-08-06,0.001686051598716758,0.0016265713175963
2024-08-07,0.001868897610145419,0.0018664276370229
2024-08-08,0.00026895578332557853,0.0002645003976193
2024-08-09,0.003046193659829025,0.0030201980764082
2024-08-13,-0.005017378432267074,-0.0052439317957967
2024-08-14,-0.0024192441303212547,-0.0024277600236844
2024-08-15,0.001068666600129003,0.0010394609780664
2024-08-16,-0.002372336470998112,-0.002390138472257
2024-08-19,0.0022492494198236308,0.0022175229643001
2024-08-20,-0.0002790780846477878,-0.000311367633766
2024-08-21,0.001652218696138124,0.0016409946000628
2024-08-22,-0.00227132742386921,-0.0022819291201764
2024-08-23,-0.0007134626622759641,-0.0007196153288764
2024-08-26,0.003946636533161162,0.0039323609999671
2024-08-28,0.0008931673475348514,0.0008899327341772
2024-08-29,-0.0003908324882002786,-0.0003949463519846
2024-08-30,0.003043033986299935,0.0029813934125208
2024-09-02,-0.0036933626427125806,-0.0037561408835392
2024-09-03,0.00197298307613737,0.0019710499890396
2024-09-04,-0.010144650989587183,-0.0102685682976831
2024-09-05,0.0016607522746597326,0.0016431244672303
2024-09-06,-0.001024576702199697,-0.0010516403362883
2024-09-09,-0.006322185153651657,-0.0063574861653735
2024-09-10,0.0010564026976588726,0.0010417904313851
2024-09-12,0.0028532519633384587,0.0028285161340879
2024-09-13,0.003682494965521001,0.003645162465007
2024-09-16,0.0,8.692622092403041e-07
2024-09-17,0.0,8.693276623660917e-07
2024-09-18,0.0041588546374420315,0.0041304326316346
2024-09-19,0.0018096344480148766,0.0017966628869247
2024-09-20,0.003131307494905677,0.0031126402449507
2024-09-23,-0.0013396504106440476,-0.0013769826391379
2024-09-24,0.0007411153566398121,0.0007354370195116
2024-09-25,0.0003004897497828709,0.0002799301932263
2024-09-26,0.002130321059642086,0.0040510247439702
2024-09-27,-0.0013241494272588255,-0.0013443400923874
2024-10-01,0.0,6.339098549479092e-08
2024-10-02,0.0,6.339580968547616e-08
2024-10-03,0.0,6.340063443185228e-08
2024-10-04,0.0,6.34054593628467e-08
2024-10-07,0.0,6.341028484953166e-08
2024-10-08,-0.006130379846710686,-0.0064539150716995
2024-10-09,-0.012065282865162352,-0.0123653856522306
2024-10-10,0.003565903488577593,0.0035516062812194
2024-10-11,-0.0027641207844346497,-0.0028589320298901
2024-10-14,0.007824515360736493,0.0077874217913876
2024-10-15,3.3470607674710955e-05,3.252998171192394e-05
2024-10-16,0.005426943289765633,0.0053980141161929
2024-10-17,-0.0023127329330277823,-0.0023640691332186
2024-10-18,0.0051668793028040675,0.0051402862203887
2024-10-21,0.0029863074137005947,0.0029562550674156
2024-10-23,-0.0013528438181150825,-0.0014054520648075
2024-10-24,-0.00451537101714277,-0.0045413892269245
2024-10-25,0.0009906696198714168,0.0009882061283586
2024-10-28,0.004723827406613188,0.0046988461389659
2024-10-29,0.003605929348988829,0.0035803266970397
2024-10-30,0.006360610644672805,0.0063347543053236
2024-10-31,-0.007275194030358936,-0.0073234366916865
2024-11-01,-0.007185032988559315,-0.007242668025731
2024-11-04,0.0006262303255279221,0.0005980496405646
2024-11-05,-0.00043550775964451305,-0.0004381222380999
2024-11-07,0.0006142763221202655,0.0004544309199472
2024-11-08,0.0050010882096884045,0.0049872945228662
2024-11-11,0.00415892993281744,0.0041368972312519
2024-11-12,-0.00013754751620930795,-0.0002187375938209
2024-11-13,-0.0032962203615314522,-0.003307779316339
2024-11-14,-0.0007949587087717354,-0.0009053453852239
2024-11-15,-0.005496441001144551,-0.0055505814434497
2024-11-18,0.002218976984899616,0.0021707736119072
2024-11-19,0.004525710624091159,0.0044851792329748
2024-11-20,0.0030906977893086105,0.0030728255474242
2024-11-22,0.002156958114188214,0.0021208815550537
2024-11-25,0.006728811999688098,0.0066463345111166
2024-11-26,0.0003193584050750223,0.0003188063023917
2024-11-27,0.0020404444392760866,0.002030020538977
2024-11-28,-0.000902539738563571,-0.0009091432685237
2024-11-29,0.002072731191203998,0.0020684261536451
2024-12-02,0.004846181440130384,0.0048424472778513
2024-12-03,0.005565227772052447,0.0055156885724494
2024-12-04,0.00019297869055169775,0.0001827319802036
2024-12-05,0.003927780767199164,0.0039138811861609
2024-12-09,0.0038493351678328116,0.0038086061041204
2024-12-10,-0.0039582246321110594,-0.0039904747304808
2024-12-11,0.00077955091634943,0.0007617077041865
2024-12-12,0.004786171208757566,0.0047574652707056
2024-12-13,0.003345631624841403,0.0033371462927012
2024-12-16,0.0062949094823080585,0.0062651812490399
2024-12-17,-0.0014495867928673294,-0.001485422368581
2024-12-18,-0.0016809932552043817,-0.001713599119936
2024-12-19,-0.015888922351545508,-0.016066323280702
2024-12-20,-0.006477001231651156,-0.006549718111512
2024-12-24,-0.0005692555873552385,-0.000574761620078
2024-12-25,0.0033670032539089853,0.0033312730853325
2024-12-26,0.001200293467381385,0.0011973014514402
2024-12-27,-0.0015370477096554927,-0.0015550428627218
2024-12-30,-0.003326312287639896,-0.0033548029754226
2024-12-31,-0.00437532242222282,-0.0043967681238691
2025-01-02,0.0027054080683484713,0.0026683432620826
2025-01-03,-0.0012025764573202857,-0.0012130202789678
2025-01-06,0.005031287309615252,0.0049553767038427
2025-01-07,0.0031034281197843193,0.0030414712042288
2025-01-09,-0.0011155470706395057,-0.0011299296361307
2025-01-10,-0.0026933268203139763,-0.002745725406839
2025-01-13,-0.007326977597168586,-0.0074270152443631
2025-01-14,0.0016888595779590335,0.0016412738437226
2025-01-15,0.0005773231783057966,0.0005629094701513
2025-01-16,0.006437994605206679,0.0063598192665873
2025-01-17,0.0006933818821125522,0.000685328072347
2025-01-20,0.0032913402771041385,0.0032662190102451
2025-01-21,0.0004202339850911559,0.0004199430837086
2025-01-22,0.008235714161698812,0.0081535100202812
2025-01-24,0.0015489798936753135,0.00155837583979
2025-01-27,-0.0005270098848290545,-0.0005202241437177
2025-01-28,0.0,1.5251360849645222e-05
2025-01-29,0.0,1.5252289879695198e-05
2025-01-30,0.0,1.52532189520342e-05
2025-01-31,0.0,1.5254148066831342e-05
2025-02-03,0.0,1.5255077224080092e-05
2025-02-04,0.0,1.5256006423598293e-05
2025-02-05,0.008487779494106538,0.0082785852646257
2025-02-06,0.0006522858285642572,0.000649473918777
2025-02-07,0.0020382730546796143,0.0020463836010358
2025-02-10,0.00291600013984423,0.0028911889766166
2025-02-11,0.0016081646852714243,0.0016034011434716
2025-02-12,-0.0006651604305026701,-0.0006631329164837
2025-02-13,0.0007953596431486296,0.0008059550728404
2025-02-14,0.0006315992102996807,0.0006400579328219
2025-02-18,0.0006019959824080142,0.0005739122677331
2025-02-19,0.0065349781611518856,0.0065005966187773
2025-02-20,0.002255614701693767,0.0022434552023448
2025-02-21,0.0010916175802636984,0.0010563616901641
2025-02-24,-0.004415583896042527,-0.0044414862039628
2025-02-25,0.0011209542134800847,0.001119901703649
2025-02-26,-0.0014695959316098895,-0.0015154358062907
2025-02-27,0.0023832497146895125,0.0023207052551604
2025-02-28,-0.004673624912654481,-0.004705280869642
2025-03-03,0.0053076322852812444,0.0051878427142311
2025-03-05,-0.003929736611853629,-0.0041150449389208
2025-03-06,0.0024041137921083544,0.0023804577140244
2025-03-07,-0.0010337756471753248,-0.001034625322745
2025-03-10,0.003318593863794403,0.0032845373356196
2025-03-11,-0.007859419153326636,-0.0079476853369819
2025-03-12,0.00020140943645965883,0.0001883791370734
2025-03-13,0.0033074894052291803,0.0032679597898266
2025-03-14,0.0036405546683161982,0.0055479631320023
2025-03-17,-0.0004459680741278937,-0.0004473642022659
2025-03-18,0.002990160471516935,0.0029836255211726
2025-03-20,2.52257632889747e-05,2.140343659586729e-05
2025-03-21,-0.004164920321001453,-0.0041811721180593
2025-03-24,0.0022588718980854445,0.0022029343192118
2025-03-25,0.0034115708292094403,0.0033870291280371
2025-03-26,0.00013438180188800114,0.0001181304814042
2025-03-27,-0.0010657255919090402,-0.0010807839396548
2025-03-28,0.0008439200679645387,0.0007496627408557
2025-03-31,-0.0013504222251814462,-0.0014089219952482
2025-04-01,0.004367924625310968,0.0043475386035923
2025-04-02,-0.001449711105590876,-0.0014597361668279
2025-04-04,0.0,4.259364321242781e-09
2025-04-07,-0.030759294266657324,-0.032059867322976
2025-04-08,0.011733998551823489,0.011451880960254
2025-04-09,0.006475202654921046,0.006443544523396
2025-04-10,0.010266494771245643,0.0101836975055391
2025-04-11,0.002837784723738374,0.0027949793286969
2025-04-14,0.005197987450506742,0.0051595247821068
2025-04-15,-0.0019029533276161735,-0.0019101090966397
2025-04-16,0.003850021244792679,0.0037368411359394
2025-04-17,0.0009976035136683055,0.0009818488880518
2025-04-18,0.000535797431699445,0.0005344973100502
2025-04-22,0.00793050438026425,0.0077667529294635
2025-04-23,-0.011259253552144726,-0.0118815708585302
2025-04-24,0.0021183322026009487,0.0020928146849269
2025-04-25,-0.0027145930233871056,-0.0027375710217261
2025-04-28,-0.005786446800721308,-0.0058175593020047
2025-04-29,0.0011335421704157167,0.001111810398927
2025-04-30,-0.0014182033064311685,-0.0014307043161833
2025-05-01,0.0,5.4358971493120894e-08
2025-05-02,0.0,5.436310914044693e-08
2025-05-05,0.0,5.436724661689897e-08
2025-05-06,0.005322100711669237,0.0052711104764736
2025-05-07,0.00198006773601737,0.0019715481463456
2025-05-08,-0.0012276903419707421,-0.0012783360047711
2025-05-12,0.0008750898969986124,0.0007236139864115
2025-05-13,-0.006989865280114945,-0.0071068435833738
2025-05-14,-0.0008704369884350593,-0.0008837618918979
2025-05-15,-0.010211355780266534,-0.010356947068719
2025-05-16,0.007742744145391327,0.007643933104953
2025-05-19,-0.00029710673605859396,-0.0003166549639402
2025-05-20,0.004330574840896018,0.0042826432412567
2025-05-21,0.007286312805198011,0.0071438121431528
2025-05-22,-0.0013525704279394803,-0.0013578707645066
2025-05-23,-0.0001842365282861113,-0.0001843707943189
2025-05-27,0.0021877199378560414,0.0021838575426272
2025-05-28,0.0007927968084547698,0.0007264934159015
2025-05-29,0.00804690553482758,0.0080202720612848
2025-05-30,-0.008850774191748529,-0.0089139258795645
2025-06-02,0.0,7.891826989922966e-08
2025-06-03,0.0013100598405003184,0.0013006045173407
2025-06-04,0.003074102837403454,0.0030509152175152
2025-06-05,-0.0009290406488409295,-0.0009312792252208
2025-06-06,-0.0009657340142656553,-0.0009666021437112
2025-06-09,0.0034562671037202354,0.0034495139574371
2025-06-10,-0.00012341541622626822,-0.0001268391481292
2025-06-12,-0.0010443445668162226,-0.0010482941643061
2025-06-13,-0.004189515459338008,-0.0042103767344916
2025-06-16,0.003451766078952379,0.0034386468782965
2025-06-17,0.0032770553766316404,0.0032619358879005
2025-06-18,-0.0021289545510517365,-0.0021340831592858
2025-06-19,-0.0007646273388608612,-0.0007827475314216
2025-06-20,-0.0002933781318089785,-0.0002982768577903
2025-06-23,-0.0025090035779723433,-0.0025219342991949
2025-06-24,0.007894334629573159,0.0077868113303392
2025-06-25,-0.002404238740218212,-0.0024338160472121
2025-06-27,0.00446252933875964,0.0044436286872271
2025-06-30,0.0027416876066218556,0.0027349097856323
2025-07-01,-0.0005487064224850638,-0.0005570513428674
2025-07-02,0.0011956736337473913,0.0011864984426071
2025-07-03,0.0018638654174752065,0.0018608589582483
2025-07-04,0.00242197252020714,0.0024149961713698
2025-07-07,-0.0006582262277190128,-0.000658886524806
2025-07-08,0.0012650822003311777,0.0012572398961376
2025-07-09,-0.0015279897145641598,-0.0015309534541185
2025-07-10,0.0025608601382447237,0.0025549541866155
2025-07-14,-0.0040361698553980085,-0.0040444980905329
2025-07-15,0.005536052133862392,0.0054923077097802
2025-07-16,-0.00242728790010054,-0.0024402501955755
2025-07-17,0.004451915207918205,0.0044394729320923
2025-07-18,0.003158576652737046,0.0031501032543255
2025-07-21,0.0011781745773966036,0.0011645008444276
2025-07-22,0.0004967714832865842,0.0004906613566716
2025-07-23,0.00016087752898895415,0.0001568445828394
2025-07-24,0.001899875694565548,0.0018885780503465
2025-07-25,0.0017476179218284206,0.0017444862865027
2025-07-29,0.0016280539964586356,0.0016162057209093
2025-07-30,7.336582801908292e-05,6.97547613643714e-05
2025-07-31,-0.005762388249933885,-0.0060204908084771
2025-08-01,-0.0037729715511557434,-0.0037998389833951
2025-08-04,0.0012383340054864002,0.0011850525712102
2025-08-05,0.006960655371147406,0.0069206669783951
2025-08-06,0.0023325339181720518,0.002299701701902
2025-08-07,0.00047062002774315233,0.0004699195502632
2025-08-08,0.0012484844226203257,0.001232372592721
2025-08-11,0.002077879283268966,0.0020519070860749
2025-08-13,0.004816481440598031,0.004803024738933
2025-08-14,-0.0028409552836715325,-0.0028519137126766
2025-08-15,0.006340335974101376,0.0062976547786887
2025-08-18,0.0004798575526933985,0.0004400134285515
2025-08-19,-0.0011688086463266998,-0.0011720150350127
2025-08-20,0.0025273279541023178,0.0024865026201388
2025-08-21,0.0012062327013619076,0.0012037967329541
2025-08-22,0.003158274915192769,0.0031130961936449
2025-08-25,0.01137018509363786,0.0111777893011471
2025-08-26,-0.0037439746423332497,-0.0037638416483805
2025-08-28,0.0003563664922148386,0.0003551966044695
2025-08-29,0.00010831649227406945,0.000100822247867
2025-09-01,0.00413883314319049,0.0040386064078078
2025-09-02,-0.0017122971206718933,-0.0017256911026583
2025-09-03,0.005533155301564804,0.0055029181157431
2025-09-04,-0.0032969192113204322,-0.0033379836598058
2025-09-05,0.0056424767803797595,0.0055734312697791
2025-09-08,0.0037081379333690706,0.0036942945595298
2025-09-09,0.0019307403914133145,0.0018587147047393
2025-09-10,-0.003144212881714779,-0.0031493161783758
2025-09-12,0.002392247846339496,0.0023882279504012
2025-09-15,-0.0016961078440458387,-0.0017189206888946
2025-09-16,0.003485619697218742,0.0034619269983186
2025-09-17,-0.0026556090819449827,-0.0026670276628205
2025-09-18,-0.004960139404079794,-0.0030291435594814
2025-09-19,0.0027153379268359096,0.0027073066719423
2025-09-22,0.004842036571860619,0.0047798206691217
2025-09-23,-0.0023855903438825743,-0.0005568231989128
2025-09-24,0.0010654838375848026,0.0010517986583725
2025-09-25,-0.0015224358387508643,-0.0015346839484879
2025-09-29,0.006034918062906325,0.0060067096387986
2025-09-30,0.004258810296818443,0.0042464658557191
2025-10-01,0.0,1.094634545939054e-07
2025-10-02,0.0,1.0947177991666401e-07
2025-10-03,0.0,1.0948010617499163e-07
2025-10-06,0.0,1.094884328997355e-07
2025-10-07,0.0,1.0949676040366329e-07
2025-10-08,0.0,1.095050883740064e-07
2025-10-09,0.017300103355681586,0.0170082496213135
2025-10-10,-0.0015005401940999324,-0.0015488015851849
2025-10-13,0.00022791876995203065,-5.718893010816844e-05
2025-10-14,-0.001767213551808779,-0.0018583512215914
2025-10-15,0.009030171856265324,0.0089529753167363
2025-10-16,0.002725445053497547,0.0027135087001856
2025-10-17,0.0031487334065569608,0.0028140583199826
2025-10-20,0.0037359307062605953,0.0032385406316812
2025-10-22,-0.0035658206463563017,-0.0039393572557699
2025-10-23,-0.002490676452973729,-0.0025153740912159
2025-10-24,0.000896580550423898,0.0008820179744292
2025-10-27,0.0086497168485732,0.0084196545336581
2025-10-28,-0.007169240650675648,-0.0073812510070319
2025-10-29,0.009520337753505153,0.0093569371094668
2025-10-30,-0.0014824882380016205,-0.0014886306598893
2025-10-31,0.0062646226098721355,0.006070383779677
2025-11-03,0.003768877277722829,0.0037097796904795
2025-11-04,-0.015556807451442105,-0.0160774033511328
2025-11-06,0.007692277907509037,0.0075640180875435
2025-11-07,-0.005863988218971662,-0.0059095226357956
2025-11-10,0.007294482751008094,0.007224093126341
2025-11-11,0.0016376600221076555,0.0016301790915285
2025-11-12,0.001177316998146638,0.0011634504740959
2025-11-13,0.0004839957732858985,0.0004828873212843
2025-11-14,-0.007521598965038084,-0.0077063128603245
2025-11-17,-0.009026587933928291,-0.0091121490808909
2025-11-18,-0.009835665410246847,-0.0104454816191778
2025-11-19,-0.0016930578057061402,-0.0017748088761001
2025-11-21,-0.008914517469086374,-0.0090932171461401
2025-11-24,0.0021423209701272655,0.0021012668552246
2025-11-25,0.0022702535299781324,0.0022620428572226
2025-11-26,-0.0039609831222505954,-0.0039674949390613
2025-11-27,0.00252133943649802,0.0024861086746196
2025-11-28,0.0024838788216487995,0.0024716251845109
2025-12-01,-0.00039031443974797426,-0.0006175759459643
2025-12-02,-0.0034719026202250473,-0.0034861551234088
2025-12-03,0.00090774923313115,0.0009012361154591
2025-12-04,-0.0018577544201121897,-0.0018580146953412
2025-12-08,-0.0021821515508179375,-0.0021854312943735
2025-12-09,-0.004840787780880668,-0.0048600122135492
2025-12-10,0.0026724633515514177,0.0026548301748783
2025-12-11,-0.0010116546029029089,-0.0010174630874205
2025-12-12,0.006359825965175502,0.006329945001378
2025-12-15,0.0006343003674411216,0.0005880987412838
2025-12-16,-0.0047369862547630166,-0.0047673905600703
2025-12-17,0.004036068239875838,0.0040256152350794
2025-12-18,-0.0021458521842731317,-0.0021617348349189
2025-12-19,0.0033785567299867304,0.003361346991895
2025-12-23,0.0024081174235445835,0.0023743485356702
2025-12-24,0.0014176006600775865,0.0014146681094903
2025-12-25,-0.001936233879638954,-0.0019467184238655
2025-12-26,0.0013152393445534432,0.0012979568683938
2025-12-29,-0.004044009227295397,-0.0040530604274136
2025-12-30,-0.005402314162821977,-0.0054659076813458
2025-12-31,-0.0006247002408380681,-0.0006396527510155
2026-01-02,0.0,3.15514167295456e-08
2026-01-05,0.008683951847056632,0.0086103753587078
2026-01-06,0.0031071108545303204,0.0030890479177643
2026-01-07,-0.0014615424210082184,-0.0014671761373489
2026-01-09,0.007590068672853217,0.0075293728555951
2026-01-12,0.0035218748230835786,0.0034802330085835
2026-01-13,-0.0032665632428499386,-0.0032890247806075
2026-01-14,0.002053973966943986,0.0020299191842548
2026-01-15,0.0032359056378269526,0.0032121224747987
2026-01-16,-0.0014770242159725562,-0.0014891892345869
2026-01-19,0.00451059884285793,0.0044808892713007
2026-01-20,0.0001640033259127236,0.0001402043060906
2026-01-21,0.004215924065546798,0.0041798337797028
2026-01-22,0.005454185428834389,0.0054339394506545
2026-01-26,0.007486046258456365,0.0071577164104651
2026-01-27,-0.002409129418316577,-0.0024356164087672
2026-01-28,0.01492415665683721,0.0145205628489731
2026-01-29,0.002834054935120062,0.0027757829841157
2026-01-30,-0.018395480052570665,-0.0189381677747869
2026-02-02,-0.023235327417842913,-0.0245180735506331
2026-02-03,0.015907504042610487,0.015416966803471
2026-02-04,0.004277857714658882,0.0042130458764371
2026-02-05,-0.007641733565254322,-0.007857226792147
2026-02-06,0.002316251247551859,0.00231265293401
2026-02-10,0.006665817178785728,0.0063793801070614
2026-02-11,0.007221237571757912,0.0071208727447725
2026-02-12,-0.0011466888862169333,-0.001188298431853
2026-02-13,0.0025544863664792505,0.0025243432029905
2026-02-16,0.0,2.2549927911648533e-07
2026-02-20,0.0,2.25516403930402e-07
2026-02-23,0.0,2.2553352990276565e-07
2026-02-24,0.0008587820517535734,0.0008432003503013
2026-02-25,0.003695019841995486,0.0036631036741752
2026-02-26,-0.003267678237883697,-0.0032762663588024
2026-02-27,0.0006551698771709956,0.0006551858852083
2026-03-02,-0.0017295517721752929,-0.0017846369008142
2026-03-03,-0.009701283655441217,-0.010022570148404
2026-03-05,0.00643241038797125,0.0061144773061573
2026-03-06,0.005826744196842028,0.0056651080508704
2026-03-09,-0.00397403254320797,-0.0049958282260096
2026-03-10,-0.0008976429642324883,-0.0010541915102186
2026-03-11,0.007366832663551795,0.0072197010419306
2026-03-12,-0.002385854936280492,-0.0023915762884692
2026-03-13,0.0035927252401185624,0.003198111804742
2026-03-16,-0.006099272284599269,-0.0062022487902235
2026-03-17,-0.007861013431834579,-0.0079285661073041
2026-03-18,0.008010238884938256,0.0079147624298032
2026-03-20,-0.006457631018902841,-0.0064993539319769
2026-03-23,-0.013672309819231735,-0.0141714014287347
2026-03-24,0.00907999350856306,0.008991074835566
2026-03-25,-0.0038238850759803687,-0.0041290911517251
2026-03-26,-0.0010940174259679873,-0.00111606789604
2026-03-27,-0.005168095664072967,-0.0052134011929278
2026-03-30,-0.004885149911704949,-0.0049695542863631
2026-03-31,-0.007447068597090067,-0.007579613637177
2026-04-01,0.01351252660558067,0.0129930704349497
2026-04-02,-0.0027533864124358438,-0.0029146228088856
2026-04-07,0.0003509277351985877,0.0003494908429425
2026-04-08,0.01718332791307308,0.0165719559173479
2026-04-09,-0.0006309355447524797,-0.000737266568389
2026-04-10,-0.00017349566070088101,-0.00018575279524
2026-04-13,0.0025062131844749485,0.0024043997262443
2026-04-14,0.003756077161000832,0.0036865319867152
2026-04-15,0.0028976601678687153,0.0028015799685824
2026-04-16,0.009712142002148991,0.0096293635499531
2026-04-17,-0.0023466220496781076,-0.0023702279699951
2026-04-20,-0.0009931041235183302,-0.0009938260331435
2026-04-22,0.0031054678892282308,0.0030988236726608
2026-04-23,-0.0028155012821693874,-0.002853826785857
2026-04-24,0.0004979558654392313,0.00049349895118
2026-04-27,0.007523099899936116,0.0074479910635721
2026-04-28,-0.0005040315219947246,-0.0005404962573548
2026-04-29,0.0011098139572744852,0.0010933699883656
2026-04-30,-0.0019228203043621123,-0.0019278904009056
2026-05-04,0.0,9.009661897024358e-08
2026-05-05,0.0,9.010347317620777e-08
2026-05-06,0.017217379488029143,0.0169233412021295
2026-05-07,0.012121029548076676,0.0119055308489929
2026-05-08,-0.0009436254776653962,-0.00097108064725
2026-05-12,-0.0049713121055699975,-0.0049950308156036
2026-05-13,0.003947199395536956,0.0039357236149697
2026-05-14,-0.0015903797590914467,-0.0016365735146714
2026-05-15,-0.004232535689690876,-0.0042705192180559
2026-05-18,-0.009710018180261924,-0.0097800047165647
2026-05-19,-0.0021786011402091204,-0.0021927609164356
2026-05-20,-0.0010201573667344877,-0.0010390603709867
2026-05-21,0.009866937482788331,0.0097761372257269
2026-05-22,0.013497120969016839,0.0133407969287873
2026-05-25,0.02200150805881431,0.0216583438526409
2026-05-27,0.0031547889285940493,0.0030882104856517
2026-05-28,-0.00022692412960175672,-0.0002531020169675
2026-05-29,0.006531483804428256,0.006379917816173
2026-06-01,0.014569789125523694,0.0142971564511787
2026-06-02,-0.001799477394655075,-0.0018272398390845
2026-06-03,-0.005060131189146224,-0.0051121284868258
2026-06-04,-0.008995306947940894,-0.009095670765008
2026-06-05,-0.0036304002140440913,-0.0036695233043035
2026-06-08,-0.014192596224378781,-0.0144322115711374
2026-06-09,0.012164341538915949,0.0119304297106146
2026-06-11,-0.002210112807961758,-0.0022280571895865
2026-06-12,0.008219808536171607,0.0081682460919877
2026-06-15,0.02480931158921451,0.0243313397141615
2026-06-16,0.00015363030142468044,5.525247811238823e-05
2026-06-17,0.0020233930072079504,0.0019998792361821
2026-06-18,0.0033071493076799567,0.0031515977732944
2026-06-22,0.0066467316700156535,0.0063972749991272
2026-06-23,-0.02170174314888369,-0.0221774755047541
2026-06-24,0.005967303667799186,0.0059283972568843
2026-06-25,0.009389942150912914,0.0109851371361813
2026-06-29,-0.001597054895342319,-0.001629483839127
2026-06-30,0.0023407860099092614,0.0023170916590985
2026-07-01,-0.002984868244945374,-0.0030118669617676
2026-07-02,-0.009969856959954313,-0.0101639402976275
2026-07-03,0.011152152569469024,0.0110141881865956
2026-07-06,0.004276314941876891,0.004229441433176
2026-07-07,-0.004420387540396499,-0.004509002931261
2026-07-08,-0.008077023531169384,-0.0081704090455573
2026-07-09,0.0003922210743279957,0.0003671256787596
2026-07-10,-0.00021985880790505652,-0.0002311499883918
2026-07-14,-5.656143352970335e-05,-8.171485169778249e-05
2026-07-15,0.002714026289854314,0.0026850087346721
2026-07-16,-0.007904219012179739,-0.0081203255578936
2026-07-17,-0.005766192746887527,-0.0058001771277727
2026-07-18,0.0,9.130705859388984e-07
