date,大盘价值,大盘成长,中盘价值,中盘成长,小盘价值,小盘成长,沪深300,上证指数,中证500,中证1000,上证50,创业板指,中证红利
2010-01-07,,,4052.4130,4368.2660,4072.9810,4547.0860,3471.4560,3192.7760,4459.1550,,2463.7580,,3480.2830
2010-01-08,,,4074.8250,4395.0090,4126.6380,4613.4320,3480.1300,3195.9970,4514.4520,,2466.1650,,3478.9160
2010-01-11,,,4078.9590,4406.6910,4164.7260,4667.3230,3482.0520,3212.7500,4542.9490,,2478.8100,,3476.1330
2010-01-12,,,4167.1580,4502.9480,4259.2570,4767.0710,3534.9160,3273.9660,4639.6320,,2508.0390,,3541.3910
2010-01-13,,,4101.0220,4414.5240,4208.7030,4704.4660,3421.1440,3172.6580,4591.0240,,2399.6420,,3427.6900
2010-01-14,,,4182.6330,4502.0260,4322.2650,4831.7350,3469.0510,3215.5500,4714.1000,,2422.7710,,3478.3600
2010-01-15,,,4225.6080,4538.8120,4359.6060,4873.7970,3482.7380,3224.1520,4747.6480,,2427.8070,,3483.3170
2010-01-18,,,4286.7250,4601.4050,4436.1570,4969.6580,3500.6840,3237.0980,4829.0620,,2421.1880,,3515.6230
2010-01-19,,,4278.6790,4617.0900,4430.2230,4961.6890,3507.4820,3246.8740,4830.0160,,2432.7130,,3520.8780
2010-01-20,,,4113.5130,4445.6750,4296.7610,4774.3570,3394.4340,3151.8500,4651.0740,,2359.4850,,3407.7330
2010-01-21,,,4128.0480,4443.2180,4300.2130,4780.3710,3408.5740,3158.8630,4667.2090,,2377.7530,,3412.3840
2010-01-22,,,3999.6990,4326.7720,4178.8650,4644.5210,3366.1970,3128.5880,4537.8800,,2380.0550,,3370.2000
2010-01-25,,,3953.2180,4251.7340,4120.8060,4567.6780,3328.0140,3094.4110,4481.1600,,2353.4710,,3321.6090
2010-01-26,,,3809.4470,4102.4080,3961.1780,4396.3730,3242.7970,3019.3940,4294.3830,,2311.4470,,3238.7980
2010-01-27,,,3781.1870,4069.3020,3933.1580,4364.1550,3198.5660,2986.6070,4267.1130,,2264.6050,,3196.6010
2010-01-28,,,3835.7960,4124.7430,3994.3320,4425.9250,3206.5700,2994.1430,4336.3810,,2252.6100,,3197.5910
2010-01-29,,,3865.4120,4148.3330,4028.8810,4453.1030,3204.1550,2989.2920,4374.6490,,2243.9940,,3197.6970
2010-02-01,,,3820.9710,4071.7830,3981.2690,4393.2260,3152.7070,2941.3600,4331.3660,,2208.9360,,3139.1040
2010-02-02,,,3784.2680,4047.4030,3955.1070,4376.7110,3146.1890,2934.7130,4301.7680,,2214.0330,,3132.7290
2010-02-03,,,3855.2060,4147.4040,4022.4360,4458.1100,3230.7150,3003.8350,4363.0790,,2277.7980,,3222.6360
2010-02-04,,,3864.0630,4156.5710,4072.5830,4503.5560,3218.8020,2995.3080,4408.4410,,2261.3580,,3205.0260
2010-02-05,,,3763.8480,4072.5600,3978.7920,4410.5710,3153.0870,2939.4020,4311.2930,,2219.6000,,3135.6500
2010-02-08,,,3772.7560,4085.8520,3975.4410,4397.1280,3150.9880,2935.1740,4310.8940,,2211.1350,,3139.1140
2010-02-09,,,3779.2880,4118.0430,3980.7730,4418.0070,3169.1900,2948.8420,4311.8910,,2229.0380,,3162.0110
2010-02-10,,,3848.3830,4170.0710,4035.9070,4468.7890,3214.1300,2982.5000,4366.2500,,2259.9900,,3195.4160
2010-02-11,,,3861.9370,4172.2040,4024.8930,4457.8620,3220.3980,2985.4990,4356.5170,,2265.1380,,3205.4620
2010-02-12,,,3909.6660,4218.1110,4075.5060,4508.8420,3251.2780,3018.1330,4416.2190,,2284.3860,,3242.1850
2010-02-22,,,3894.7740,4207.5070,4102.2060,4530.2290,3233.3450,3003.3980,4419.5470,,2269.0450,,3225.1620
2010-02-23,,,3900.1500,4231.5960,4150.3390,4580.7670,3198.6340,2982.5750,4459.1550,,2227.9520,,3207.4710
2010-02-24,,,3975.7800,4303.1500,4242.2340,4681.5950,3244.4830,3022.1770,4556.2810,,2251.7000,,3256.4490
2010-02-25,,,4042.5100,4361.9320,4317.9170,4747.9660,3292.1280,3060.6180,4629.9650,,2282.6400,,3289.5960
2010-02-26,,,4033.3700,4358.0780,4324.1910,4757.0480,3281.6660,3051.9430,4634.6710,,2274.3250,,3270.3480
2010-03-01,,,4073.4790,4397.2000,4377.8600,4814.8710,3324.4230,3087.8420,4686.2660,,2311.0750,,3311.5060
2010-03-02,,,4054.7860,4369.3170,4378.3590,4811.8840,3311.2360,3073.1080,4690.2930,,2302.1850,,3291.0890
2010-03-03,,,4103.2250,4431.9590,4428.5110,4880.6440,3335.0810,3097.0050,4758.4340,,2311.8410,,3316.4420
2010-03-04,,,3966.8140,4282.3720,4287.0670,4709.4360,3250.5730,3023.3730,4586.5230,,2261.9260,,3234.4420
2010-03-05,,,3980.5180,4305.3770,4288.3080,4721.8820,3259.7640,3031.0650,4604.5860,,2267.9390,,3240.1090
2010-03-08,,,4021.3850,4356.7170,4336.0370,4775.9890,3286.1780,3053.2320,4654.5830,,2284.6820,,3272.2880
2010-03-09,,,4045.6230,4377.6590,4337.2000,4775.8310,3305.8630,3069.1410,4660.1260,,2302.3930,,3290.5180
2010-03-10,,,3990.3300,4332.1050,4281.5330,4711.3390,3279.6940,3048.9270,4598.9940,,2292.5030,,3264.7350
2010-03-11,,,3967.1660,4306.5970,4247.4280,4687.0150,3276.7050,3051.2820,4562.8720,,2300.0430,,3260.3430
2010-03-12,,,3903.1820,4219.1100,4186.8640,4619.6750,3233.1260,3013.4120,4492.8610,,2274.5320,,3216.4600
2010-03-15,,,3863.2120,4178.7320,4152.7580,4570.7190,3183.1830,2976.9390,4454.7600,,2240.7310,,3167.8390
2010-03-16,,,3879.3400,4200.2580,4199.4470,4618.1180,3203.9710,2992.8410,4491.4650,,2261.5150,,3170.7470
2010-03-17,,,3977.2220,4311.0760,4302.4530,4747.7480,3273.9160,3050.4790,4616.0530,,2307.0830,,3235.2700
2010-03-18,,,3994.4460,4330.1290,4304.4280,4751.9350,3267.5550,3046.0890,4630.9530,,2294.9470,,3227.6300
2010-03-19,,,4014.6280,4374.9500,4345.0880,4793.8700,3293.8710,3067.7500,4663.9030,,2310.5460,,3252.4210
2010-03-22,,,4033.6270,4384.2610,4367.6990,4814.4880,3302.6280,3074.5760,4690.1980,,2316.6310,,3259.2110
2010-03-23,,,4012.5090,4352.2010,4341.5420,4787.3670,3275.5730,3053.1250,4658.6260,,2292.0040,,3239.6500
2010-03-24,,,4026.7300,4371.0840,4360.9750,4810.5730,3276.6690,3056.8080,4683.0650,,2291.8330,,3239.4200
2010-03-25,,,3963.8370,4298.9460,4309.3680,4757.2140,3229.1280,3019.1760,4620.7490,,2259.1410,,3206.9370
2010-03-26,,,4010.1220,4356.2880,4365.3920,4834.5420,3275.0020,3059.7150,4686.9310,,2292.6730,,3242.8880
2010-03-29,,,4062.6750,4420.9390,4407.1850,4866.2590,3358.5400,3123.7980,4723.6110,,2363.9760,,3312.5850
2010-03-30,,,4071.2810,4446.1340,4424.1670,4890.0010,3366.7080,3128.4680,4744.4230,,2368.5100,,3314.9840
2010-03-31,,,4064.8000,4426.7820,4435.5840,4900.5740,3345.6070,3109.1050,4756.1570,,2350.8180,,3291.2800
2010-04-01,,,4138.7830,4490.2010,4515.5890,4970.5930,3391.9350,3147.4160,4827.2140,,2376.5970,,3337.0000
2010-04-02,,,4169.2360,4525.7120,4533.3510,4985.2340,3407.3460,3157.9570,4843.1750,,2379.1940,,3359.0720
2010-04-06,,,4176.5550,4551.2110,4544.4900,5003.6530,3405.1450,3158.6810,4852.9040,,2378.5750,,3369.9050
2010-04-07,,,4169.7580,4558.3590,4555.0550,5015.4020,3386.9490,3148.2220,4863.6390,,2362.2810,,3356.1290
2010-04-08,,,4153.3560,4542.2940,4554.8220,5018.5170,3346.7440,3118.7090,4864.9220,,2325.6720,,3318.0160
2010-04-09,,,4218.8240,4596.9570,4619.4240,5098.4270,3379.1700,3145.3470,4939.1760,,2345.7540,,3344.6010
2010-04-12,,,4217.7440,4589.8670,4640.3220,5161.9580,3351.4780,3129.2630,4976.3800,,2317.3830,,3317.9070
2010-04-13,,,4211.4510,4563.5370,4577.5200,5101.1850,3391.7160,3161.2510,4919.8730,,2364.8370,,3354.0060
2010-04-14,,,4259.4870,4604.5230,4642.2890,5171.1460,3403.7070,3166.1830,4977.5080,,2366.6110,,3364.3290
2010-04-15,,,4219.5120,4558.4060,4583.4590,5101.5140,3394.5740,3164.9660,4914.7470,,2366.5720,,3353.2790
2010-04-16,,,4189.6290,4530.6090,4568.1880,5101.2730,3356.3320,3130.3020,4898.6700,,2329.1200,,3317.0180
2010-04-19,,,3992.3830,4293.9770,4372.3590,4884.3590,3176.4230,2980.2970,4688.8360,,2210.8200,,3143.7210
2010-04-20,,,4019.2030,4318.7810,4411.3320,4951.9310,3173.3740,2979.5330,4749.9340,,2204.8120,,3147.3080
2010-04-21,,,4131.2120,4443.5900,4548.2580,5102.6390,3236.6790,3033.2780,4893.9780,,2238.5010,,3205.6290
2010-04-22,,,4099.0490,4418.7010,4554.4390,5126.6070,3201.5410,2999.4840,4902.4050,,2196.2240,,3163.8510
2010-04-23,,,4077.2820,4387.7780,4545.4170,5087.8530,3190.0030,2983.5370,4864.1640,,2185.1550,,3147.0130
2010-04-26,,,4079.7390,4392.8790,4533.4570,5064.5530,3171.9970,2969.5030,4866.5530,,2170.3190,,3126.1640
2010-04-27,,,3977.8410,4273.0910,4417.0890,4899.7780,3108.4090,2907.9280,4739.2690,,2131.8410,,3060.5340
2010-04-28,,,3962.8940,4235.8340,4409.3310,4885.0540,3097.3530,2900.3310,4714.4320,,2126.5290,,3054.7600
2010-04-29,,,3851.9160,4126.3770,4267.5250,4718.4430,3060.0640,2868.4320,4561.4000,,2124.3920,,3020.6340
2010-04-30,,,3779.8530,4069.4470,4152.3790,4580.3310,3067.3650,2870.6110,4438.6810,,2149.4530,,3027.9120
2010-05-04,,,3746.8950,4043.6510,4128.2770,4586.5180,3019.4490,2835.2770,4434.1310,,2109.8120,,2993.4910
2010-05-05,,,3822.7660,4115.6410,4250.3670,4727.8850,3036.3940,2857.1510,4564.8070,,2110.0450,,3016.1920
2010-05-06,,,3673.6940,3936.4310,4119.3460,4581.2370,2896.8560,2739.7020,4419.7810,,2007.0120,,2884.1590
2010-05-07,,,3582.5070,3837.3610,4061.0060,4489.5010,2836.7890,2688.3830,4350.7580,,1980.1680,,2814.3980
2010-05-10,,,3554.5400,3828.0580,3981.9980,4405.2340,2858.2330,2698.7570,4269.1080,,2007.5220,,2829.7430
2010-05-11,,,3469.3370,3732.1490,3864.4240,4279.6810,2800.8170,2647.5740,4144.3520,,1967.6600,,2786.4840
2010-05-12,,,3438.6380,3708.3100,3765.3350,4171.0750,2818.1600,2655.7140,4042.5160,,2001.1310,,2807.7100
2010-05-13,,,3541.8540,3818.7950,3871.6580,4280.5710,2886.9110,2710.5070,4157.8420,,2041.5560,,2872.3690
2010-05-14,,,3537.9300,3806.5670,3885.5800,4289.5700,2868.0230,2696.6290,4184.8410,,2019.7300,,2857.0770
2010-05-17,,,3317.0370,3541.5060,3629.1400,3993.6030,2714.7150,2559.9310,3915.7520,,1927.6920,,2709.9470
2010-05-18,,,3359.1690,3607.2420,3683.8370,4055.0350,2771.3480,2594.7830,3972.1540,,1968.3700,,2758.2760
2010-05-19,,,3362.7620,3600.7080,3668.2160,4048.7800,2762.1740,2587.8070,3977.3770,,1956.2200,,2749.2480
2010-05-20,,,3323.0080,3555.6110,3584.9570,3972.3750,2726.0220,2555.9400,3901.2570,,1925.2440,,2723.6060
2010-05-21,,,3389.6090,3624.2240,3667.4780,4048.4380,2768.7910,2583.5220,3982.3850,,1943.4290,,2760.4750
2010-05-24,,,3539.3570,3783.7670,3836.4770,4235.3000,2873.4690,2673.4230,4163.4770,,2007.7630,,2854.7140
2010-05-25,,,3499.1890,3725.8940,3804.0670,4194.6710,2813.9430,2622.6300,4133.3460,,1958.4580,,2795.5040
2010-05-26,,,3504.4370,3736.6240,3818.7440,4206.3520,2813.9440,2625.7930,4144.6620,,1957.9430,,2792.1350
2010-05-27,,,3569.6680,3796.1670,3896.0610,4289.0550,2859.9790,2655.9180,4218.6370,,1982.9520,,2836.7030
2010-05-28,,,3572.2170,3800.0450,3916.1820,4312.2620,2850.3020,2655.7670,4235.3220,,1973.6220,,2839.1780
2010-05-31,,,3466.5310,3679.6140,3790.4920,4174.7550,2773.2640,2592.1470,4104.3640,,1926.1090,,2768.0600
2010-06-01,,,3406.7780,3602.3760,3714.5520,4088.2970,2744.1620,2568.2830,4025.7890,,1911.4320,973.2330,2729.0660
2010-06-02,,,3447.1080,3653.6690,3762.1670,4135.7990,2757.5270,2571.4230,4083.6160,,1907.9020,997.1190,2738.6560
2010-06-03,,,3417.0890,3615.6590,3735.1960,4091.3160,2736.0760,2552.6560,4053.9850,,1895.1470,998.3940,2719.0570
2010-06-04,,,3447.4040,3639.4760,3753.2390,4112.0610,2744.3910,2553.5930,4089.0350,,1894.4500,1027.6810,2716.9260
2010-06-07,,,3427.1140,3578.7630,3736.2830,4077.6830,2695.7150,2511.7290,4072.5680,,1853.3630,1069.4680,2665.2520
2010-06-08,,,3457.3170,3601.9240,3786.6420,4123.6930,2699.3360,2513.9470,4109.3170,,1845.1300,1067.1540,2669.7370
2010-06-09,,,3548.7740,3707.0620,3891.7230,4241.3570,2782.1330,2583.8700,4211.8810,,1906.8960,1077.8230,2741.2690
2010-06-10,,,3544.5870,3702.5330,3905.5550,4255.1920,2750.0230,2562.5800,4223.5660,,1873.8240,1117.4780,2721.7960
2010-06-11,,,3540.9340,3704.1460,3887.6100,4244.5610,2758.8660,2569.9420,4197.9950,,1883.1960,1122.1990,2732.1520
2010-06-17,,,3480.0090,3671.8780,3840.9260,4208.2960,2742.7330,2560.2450,4145.2430,,1882.1330,1064.8390,2712.5360
2010-06-18,,,3352.6730,3557.1600,3699.1250,4047.4090,2696.1660,2513.2220,3972.2860,,1870.8710,1000.2770,2664.3290
2010-06-21,,,3446.3070,3667.7720,3798.0400,4161.5660,2780.6630,2586.2100,4087.0170,,1933.6160,1040.8020,2727.3210
2010-06-22,,,3472.1900,3689.4290,3821.8420,4196.3950,2783.7200,2588.6980,4119.7220,,1930.0020,1034.9950,2735.7160
2010-06-23,,,3447.2680,3652.1610,3801.9870,4167.0890,2758.4950,2569.8720,4094.5680,,1913.6260,1047.3370,2710.5770
2010-06-24,,,3438.7920,3642.0840,3805.0620,4170.4110,2757.4980,2566.7450,4095.2950,,1914.6460,1050.6010,2706.8490
2010-06-25,,,3383.2650,3580.4190,3732.2220,4102.7090,2736.2870,2552.8170,4028.4330,,1915.9100,1016.2830,2678.0830
2010-06-28,,,3336.2610,3531.1020,3665.6780,4037.6740,2716.7770,2535.2780,3961.3820,,1910.4690,987.8270,2659.3080
2010-06-29,,,3170.3810,3352.9550,3450.8460,3796.1910,2592.0190,2427.0530,3736.9820,,1833.0370,913.3090,2544.5420
2010-06-30,,,3127.0120,3280.1710,3371.8410,3715.1750,2563.0700,2398.3700,3664.4640,,1819.1090,919.3140,2508.1150
2010-07-01,,,3075.1930,3235.0800,3329.9910,3671.9350,2526.0710,2373.7920,3606.5930,,1799.8810,882.1900,2471.8330
2010-07-02,,,3037.7850,3242.3550,3311.4980,3651.3580,2534.1050,2382.9010,3585.5760,,1812.5800,873.1200,2477.4580
2010-07-05,,,3015.5560,3224.3020,3299.5430,3643.0770,2512.6510,2363.9470,3563.8820,,1797.6600,862.2680,2456.8570
2010-07-06,,,3103.5530,3311.1340,3391.3270,3740.7250,2562.9020,2409.4240,3665.3340,,1826.3950,893.7180,2508.8590
2010-07-07,,,3157.0060,3355.2220,3433.0600,3781.1650,2580.4770,2421.1170,3718.6620,,1829.5570,908.5490,2524.3690
2010-07-08,,,3141.6860,3349.8620,3412.4330,3759.2730,2575.9210,2415.1500,3698.3420,,1828.1310,905.5090,2511.8100
2010-07-09,,,3231.4890,3445.1730,3516.8320,3873.4020,2647.1040,2470.9230,3807.6040,,1870.3030,932.1470,2589.2670
2010-07-12,,,3263.8310,3489.6590,3552.0080,3913.0040,2676.2180,2490.7180,3849.5200,,1887.6710,930.1730,2624.1010
2010-07-13,,,3204.4440,3426.1530,3497.3680,3844.1300,2634.5930,2450.2860,3788.7510,,1859.1520,931.0800,2581.4010
2010-07-14,,,3226.7800,3464.6290,3524.9840,3891.3830,2653.6090,2470.4400,3824.0460,,1873.0380,922.3620,2601.8180
2010-07-15,,,3161.4950,3386.9980,3444.4010,3805.2070,2608.5190,2424.3040,3735.3950,,1840.6680,892.5570,2549.2850
2010-07-16,,,3169.2540,3414.2010,3462.7210,3825.0990,2616.1280,2424.2710,3757.4320,,1839.2190,892.2980,2565.2830
2010-07-19,,,3251.5060,3506.6440,3543.2710,3913.5390,2682.4720,2475.4210,3842.3130,,1878.5280,908.0490,2629.5030
2010-07-20,,,3355.5880,3601.3360,3655.4830,4027.9830,2741.5030,2528.7300,3951.3580,,1909.9650,937.0170,2687.5610
2010-07-21,,,3362.1430,3611.6890,3673.5060,4038.2670,2747.3350,2535.3940,3959.4270,,1914.3300,941.2500,2691.4440
2010-07-22,,,3412.6950,3659.3280,3730.6840,4098.0040,2781.2860,2562.4060,4017.8640,,1933.8770,950.2090,2722.0270
2010-07-23,,,3434.1500,3670.8360,3726.0590,4098.1760,2793.0760,2572.0280,4015.4670,,1945.4510,960.5880,2729.9580
2010-07-26,,,3483.7630,3717.1630,3776.9730,4153.0370,2811.0550,2588.6830,4071.0940,,1951.8700,966.1540,2748.9280
2010-07-27,,,3481.3770,3700.8370,3779.1880,4153.7180,2795.7240,2575.3680,4068.8640,,1936.0740,957.9670,2735.3550
2010-07-28,,,3563.7400,3792.0460,3860.2870,4240.8250,2863.7240,2633.6630,4162.3210,,1983.6280,972.5340,2796.9120
2010-07-29,,,3587.8400,3834.7270,3887.4030,4267.4390,2877.9760,2648.1160,4194.0400,,1993.8700,975.3620,2814.0050
2010-07-30,,,3579.1780,3813.5390,3884.8940,4261.3400,2868.8460,2637.5030,4191.1300,,1986.7600,968.4310,2797.4160
2010-08-02,,,3644.9680,3891.2230,3964.2800,4344.9940,2917.2750,2672.5160,4267.8950,,2015.6550,994.2280,2850.1280
2010-08-03,,,3580.2370,3831.5360,3903.2740,4269.9900,2865.9710,2627.0020,4193.6410,,1978.4140,975.6450,2804.7790
2010-08-04,,,3605.3070,3868.7110,3942.2120,4308.9830,2876.4340,2638.5220,4248.0140,,1981.5250,978.0140,2819.5380
2010-08-05,,,3622.7440,3883.7610,3956.9600,4340.6300,2850.8290,2620.7570,4267.9550,,1954.3360,987.3510,2792.4820
2010-08-06,,,3695.8390,3960.9630,4031.8780,4427.1440,2897.6590,2658.3920,4356.0120,,1979.2280,1011.3900,2844.0600
2010-08-09,,,3751.7310,4012.7410,4078.7790,4481.2100,2918.2410,2672.5330,4413.5680,,1988.0170,1032.3390,2862.3600
2010-08-10,,,3620.8470,3879.5090,3935.8440,4319.3100,2832.6380,2595.2740,4246.4600,,1934.5870,993.9920,2784.1600
2010-08-11,,,3663.9030,3932.0130,3987.7680,4362.2100,2850.2110,2607.4970,4297.9040,,1939.8440,1004.6370,2795.6410
2010-08-12,,,3630.3600,3889.0000,3936.2340,4297.5700,2816.3860,2575.4750,4241.5920,,1914.4510,991.7770,2762.2290
2010-08-13,,,3704.4900,3960.8850,4014.9340,4380.1420,2855.5470,2606.7000,4323.0520,,1930.6710,1007.2060,2794.5070
2010-08-16,,,3788.4630,4061.2610,4108.7630,4492.1240,2922.0830,2661.7080,4423.3150,,1971.2950,1030.2170,2855.9190
2010-08-17,,,3816.5830,4098.9650,4150.0850,4530.0600,2942.2910,2671.8930,4457.7590,,1979.7890,1033.5810,2863.6700
2010-08-18,,,3820.9490,4096.8740,4152.7420,4523.9650,2937.3620,2666.3010,4457.1270,,1974.6640,1026.7220,2859.7290
2010-08-19,,,3824.6060,4102.2440,4147.2720,4531.1310,2955.3950,2687.9790,4461.4880,,1994.1620,1025.5260,2877.1880
2010-08-20,,,3714.4390,4016.1090,4054.4830,4435.3800,2898.3330,2642.3070,4366.6040,,1967.0610,995.9440,2829.2850
2010-08-23,,,3723.9470,4053.8960,4076.9660,4479.9530,2896.1920,2639.3660,4404.7180,,1962.7780,995.6130,2827.7270
2010-08-24,,,3765.8490,4107.4030,4141.5120,4539.2640,2911.8270,2650.3070,4456.4970,,1960.0550,1004.9850,2845.7360
2010-08-25,,,3679.3210,4004.9030,4052.8310,4461.0510,2843.0230,2596.5800,4368.3040,,1914.9970,976.8780,2776.7390
2010-08-26,,,3704.0640,4020.4260,4074.9290,4495.6700,2850.0930,2603.4810,4399.2840,,1914.6360,980.6300,2789.4920
2010-08-27,,,3734.7540,4037.7430,4106.0580,4517.6920,2858.5660,2610.7420,4431.4440,,1917.5810,999.4560,2799.1040
2010-08-30,,,3845.8270,4149.4440,4213.7880,4637.1220,2915.0100,2652.6640,4553.0230,,1942.5590,1024.9280,2848.4750
2010-08-31,,,3881.4230,4160.6080,4252.5240,4673.9870,2903.1880,2638.7980,4589.2890,,1923.9070,1025.5700,2840.6160
2010-09-01,,,3839.3420,4126.3760,4207.5820,4614.6710,2884.0420,2622.8820,4530.2290,,1917.3300,995.5860,2831.9160
2010-09-02,,,3917.2820,4207.5320,4294.3780,4716.8420,2921.3930,2655.7760,4625.3950,,1935.9220,1014.9220,2862.4230
2010-09-03,,,3924.6360,4210.5740,4310.7240,4739.5650,2920.2050,2655.3940,4662.9600,,1929.1860,1036.7030,2856.7630
2010-09-06,,,3956.9970,4242.5870,4315.1240,4734.2570,2975.0900,2696.2500,4651.9630,,1975.6770,1010.7640,2903.1820
2010-09-07,,,3980.3370,4277.7930,4347.2930,4771.1920,2983.1080,2698.3630,4679.9420,,1973.1400,1022.6220,2917.2740
2010-09-08,,,4024.9350,4288.8290,4374.0860,4815.8290,2980.9670,2695.2910,4720.3750,,1956.3300,1026.3270,2919.3930
2010-09-09,,,3971.8900,4209.6030,4318.0790,4731.7440,2926.4600,2656.3520,4658.0090,,1918.2860,1021.8320,2875.0550
2010-09-10,,,4026.2490,4244.7660,4377.9070,4780.9150,2932.5540,2663.2090,4705.3100,,1915.6450,1034.9390,2883.8770
2010-09-13,,,4121.2100,4322.5360,4447.1250,4855.8970,2962.3190,2688.3200,4789.6930,,1922.1420,1042.4820,2901.0640
2010-09-14,,,4127.6760,4327.7020,4469.5380,4878.4350,2965.0090,2688.5220,4805.4160,,1925.0140,1031.2190,2893.7830
2010-09-15,,,4067.8830,4262.8300,4404.4980,4804.1500,2913.1940,2652.5030,4730.1430,,1893.0270,990.1030,2845.5740
2010-09-16,,,3980.6350,4176.4080,4299.7230,4689.7320,2857.7890,2602.4650,4610.9160,,1858.4490,972.6020,2788.7670
2010-09-17,,,3993.6130,4166.7380,4305.3250,4681.3240,2861.3690,2598.6890,4603.4890,,1857.3100,972.2290,2785.0740
2010-09-20,,,3940.6660,4111.5630,4248.9070,4632.2950,2849.8280,2588.7130,4553.1200,,1860.8540,949.1950,2764.8380
2010-09-21,,,3931.5870,4111.0120,4234.4650,4634.8810,2857.4760,2591.5500,4546.7240,,1864.4140,934.4610,2771.3420
2010-09-27,,,4047.5790,4201.5980,4345.5290,4751.2010,2905.0290,2627.9670,4673.6020,,1881.5450,950.6710,2814.1710
2010-09-28,,,4043.1480,4181.1950,4334.8630,4737.9210,2880.9070,2611.3540,4654.3450,,1863.8810,942.0490,2791.5690
2010-09-29,,,3989.0600,4129.3090,4271.7670,4679.4360,2874.8120,2610.6780,4590.3170,,1868.7490,926.7580,2793.8620
2010-09-30,,,4057.1690,4206.7970,4344.9720,4746.7910,2935.5740,2655.6580,4660.6050,,1913.1090,942.5390,2842.8460
2010-10-08,,,4165.1760,4332.4070,4447.6030,4850.4180,3044.2330,2738.7440,4767.9670,,1990.0140,959.8630,2942.4220
2010-10-11,,,4170.8010,4393.1060,4475.9750,4880.5890,3132.8950,2806.9420,4789.1550,,2066.9480,947.1100,3028.5170
2010-10-12,,,4186.7940,4444.1180,4488.3180,4896.1620,3172.7260,2841.4070,4806.0290,,2091.7810,951.7900,3067.4660
2010-10-13,,,4203.9580,4499.3720,4521.0800,4920.3350,3217.5770,2861.3610,4836.7370,,2125.6140,962.7380,3095.4120
2010-10-14,,,4110.1700,4386.4810,4395.5990,4756.5470,3224.1400,2879.6360,4679.5480,,2160.8370,958.4950,3107.1360
2010-10-15,,,4119.8150,4440.7000,4412.0530,4764.3240,3327.6830,2971.1600,4691.4500,,2254.3920,944.2540,3199.7760
2010-10-18,,,4065.8130,4415.9080,4360.7570,4733.6240,3306.1600,2955.2270,4636.6390,,2241.7220,932.3590,3164.6010
2010-10-19,,,4203.2700,4525.7290,4486.2960,4857.4020,3375.6740,3001.8530,4778.6070,,2278.3530,995.9220,3226.3230
2010-10-20,,,4239.7290,4555.6340,4500.5660,4880.6710,3396.8790,3003.9510,4794.1940,,2285.2140,1004.5420,3240.8660
2010-10-21,,,4259.9170,4585.4030,4538.7580,4934.2490,3374.6850,2983.5330,4833.8000,,2245.2480,991.8420,3234.9650
2010-10-22,,,4295.5220,4607.0200,4580.9850,4978.2640,3378.6550,2975.0430,4877.9270,,2231.0570,1013.4480,3240.6550
2010-10-25,,,4416.9240,4742.6790,4698.6530,5083.1250,3481.0810,3051.4190,4998.5000,,2294.4510,1039.0540,3332.5460
2010-10-26,,,4417.2080,4765.0260,4735.4280,5109.1000,3466.0840,3041.5430,5046.1480,,2272.2080,1036.0070,3322.1400
2010-10-27,,,4372.5490,4690.1930,4682.2010,5063.4870,3403.8720,2997.0480,4994.7740,,2225.3710,1030.5930,3279.7900
2010-10-28,,,4357.1810,4706.5070,4662.9270,5067.9410,3397.6920,2992.5790,4999.5900,,2224.2380,1038.6220,3268.0800
2010-10-29,,,4376.9930,4724.1120,4722.5690,5126.6920,3379.9830,2978.8350,5055.4920,,2189.4790,1064.5220,3250.0790
2010-11-01,,,4506.0060,4873.8940,4879.0660,5258.5940,3472.9950,3054.0210,5199.5250,,2238.4710,1107.5230,3356.2340
2010-11-02,,,4485.2690,4841.0040,4871.5620,5220.6560,3463.1310,3045.4340,5173.0660,,2231.7040,1075.1510,3347.1030
2010-11-03,,,4399.0880,4733.4540,4788.9280,5148.3520,3420.3410,3030.9880,5098.5390,,2226.4680,1040.6210,3291.6410
2010-11-04,,,4502.0360,4848.0870,4901.7620,5268.4510,3480.5050,3086.9390,5228.2960,,2254.7630,1057.7140,3353.1230
2010-11-05,,,4563.0150,4923.3680,4969.6640,5338.1920,3520.7980,3129.4970,5311.7700,,2279.0040,1072.2190,3398.0160
2010-11-08,,,4670.6250,5011.9990,5057.4870,5441.5550,3548.5660,3159.5120,5431.0910,,2289.9640,1107.0610,3431.2150
2010-11-09,,,4712.5910,5030.5470,5089.8310,5462.2090,3523.9540,3135.0000,5467.8390,,2257.3480,1115.6480,3419.1350
2010-11-10,,,4717.3190,5000.6840,5097.4670,5483.7650,3499.1110,3115.3560,5484.7420,,2226.1600,1141.5820,3401.2330
2010-11-11,,,4717.0030,4988.2290,5046.6300,5441.1490,3509.9750,3147.7440,5440.0990,,2252.2830,1132.7220,3416.3300
2010-11-12,,,4441.3520,4662.0750,4726.8670,5110.4870,3291.8330,2985.4350,5111.1890,,2130.5810,1082.2400,3220.1070
2010-11-15,,,4546.2230,4758.7780,4848.1670,5260.6620,3314.8930,3014.4130,5255.2670,,2126.6970,1148.5390,3247.1490
2010-11-16,,,4344.8970,4558.9600,4680.2720,5103.4010,3169.5380,2894.5380,5068.4650,,2032.4980,1126.1750,3110.5950
2010-11-17,,,4171.4390,4404.4840,4511.3720,4897.6960,3103.9060,2838.8570,4855.8500,,2013.6070,1085.3490,3034.4650
2010-11-18,,,4251.3480,4480.3720,4576.5990,4963.0890,3147.9620,2865.4520,4932.4010,,2037.4620,1102.8450,3074.6610
2010-11-19,,,4366.8680,4590.1340,4707.3820,5086.4580,3178.8460,2888.5660,5081.0300,,2039.4450,1153.1710,3108.6450
2010-11-22,,,4413.5490,4613.3380,4791.1530,5143.3410,3171.9410,2884.3710,5150.6650,,2019.6680,1174.9380,3099.4270
2010-11-23,,,4333.2600,4528.8620,4724.8460,5062.9370,3107.1760,2828.2820,5063.2370,,1981.2610,1183.5020,3050.5840
2010-11-24,,,4472.3150,4654.3500,4856.5850,5202.5650,3177.0430,2859.9360,5206.1490,,2014.1550,1208.4500,3085.9590
2010-11-25,,,4507.1680,4717.3200,4899.9970,5245.8980,3223.4840,2898.2610,5259.8100,,2041.3370,1186.3580,3119.4410
2010-11-26,,,4493.6190,4670.7520,4875.2750,5217.1890,3194.8530,2871.6980,5227.6480,,2018.3970,1196.0190,3106.0290
2010-11-29,,,4511.9330,4663.8120,4886.6780,5243.1330,3190.0500,2866.3560,5248.7470,,2011.8980,1220.1100,3093.3860
2010-11-30,,,4435.8410,4589.8560,4758.5390,5086.9290,3136.9850,2820.1810,5110.8750,,1979.8910,1181.5040,3040.7290
2010-12-01,,,4421.4480,4581.6370,4778.4060,5115.8490,3136.0240,2823.4490,5116.8370,,1984.3050,1177.1750,3049.2390
2010-12-02,,,4425.2520,4592.9420,4800.0060,5161.7580,3155.0590,2843.6070,5138.4870,,1998.1490,1177.8400,3074.9270
2010-12-03,,,4400.4790,4576.2190,4774.7840,5124.4670,3158.1560,2842.4310,5100.3660,,2008.1200,1157.9390,3075.6400
2010-12-06,,,4340.5160,4524.8890,4720.0400,5056.8330,3165.5700,2857.1780,5016.5280,,2032.0300,1134.3830,3081.4020
2010-12-07,,,4398.6240,4583.3710,4795.8130,5109.6920,3200.3390,2875.8610,5084.5830,,2046.7230,1161.6920,3116.3180
2010-12-08,,,4394.5330,4563.2010,4770.4210,5092.0610,3171.8820,2848.5460,5069.9700,,2018.4610,1160.2390,3091.8480
2010-12-09,,,4303.2800,4487.1050,4670.4690,4977.4110,3123.3660,2810.9490,4964.9010,,1996.3840,1144.5310,3047.5420
2010-12-10,,,4349.2660,4522.3440,4733.3810,5055.5730,3161.9770,2841.0400,5039.1650,,2021.6510,1166.8010,3081.7190
2010-12-13,,,4484.9190,4667.1500,4878.3760,5200.3690,3261.0610,2922.9540,5179.0210,,2074.3340,1209.2710,3182.2850
2010-12-14,,,4539.1150,4702.4660,4917.9200,5251.6730,3269.4740,2927.0770,5244.0380,,2069.9210,1218.5200,3185.7030
2010-12-15,,,4525.2550,4677.1390,4913.0690,5235.2660,3247.6440,2911.4140,5230.6800,,2054.0170,1211.8040,3174.1320
2010-12-16,,,4515.6160,4658.1050,4919.9500,5224.9020,3230.6650,2898.1380,5216.8510,,2036.5540,1225.0300,3163.4370
2010-12-17,,,4531.3820,4666.9030,4925.9910,5231.5290,3225.6610,2893.7400,5228.3370,,2032.1380,1232.9820,3162.0370
2010-12-20,,,4479.4410,4597.1200,4860.0030,5151.4800,3178.6570,2852.9160,5163.5290,,1999.5250,1212.3370,3121.1190
2010-12-21,,,4548.0680,4679.1780,4914.0700,5218.7920,3249.5090,2904.1150,5222.7920,,2049.2230,1215.0220,3182.3180
2010-12-22,,,4491.6960,4650.6890,4871.4400,5182.8130,3215.4530,2877.9000,5174.5390,,2021.9760,1201.6470,3159.3430
2010-12-23,,,4415.3700,4580.4380,4780.1620,5084.9830,3188.6070,2855.2200,5069.5230,,2017.6650,1176.3640,3136.3410
2010-12-24,,,4361.9400,4538.5110,4697.9800,5003.7520,3162.9550,2835.1570,4991.5440,,2013.2500,1144.5020,3110.8790
2010-12-27,,,4251.8230,4421.2830,4570.7610,4868.0970,3099.7090,2781.4020,4849.6300,,1977.6920,1105.2960,3061.5730
2010-12-28,,,4182.8030,4302.9480,4471.9220,4759.4890,3044.9310,2732.9900,4730.4970,,1950.3290,1091.4830,3005.5270
2010-12-29,,,4253.4690,4368.5720,4534.9480,4817.3410,3061.8300,2751.5270,4812.5320,,1953.3340,1113.3100,3018.1020
2010-12-30,,,4276.7020,4374.0100,4569.9920,4829.8050,3064.0980,2759.5750,4828.4890,,1946.5150,1117.2140,3028.5130
2010-12-31,,,4377.8490,4482.5810,4685.8060,4934.7990,3128.2610,2808.0770,4936.7160,,1977.3660,1137.6620,3092.5970
2011-01-04,,,4441.2830,4554.3740,4764.6900,5010.4420,3189.6820,2852.6480,5011.4980,,2015.1120,1155.1060,3146.5900
2011-01-05,,,4452.3300,4557.9020,4781.7290,5028.9110,3175.6620,2838.5930,5028.7660,,1999.2190,1155.3490,3142.0440
2011-01-06,,,4415.5990,4534.6290,4758.8540,5024.9280,3159.6430,2824.1970,5001.2830,,1984.2780,1134.7920,3121.4850
2011-01-07,,,4398.2790,4528.6120,4716.1650,5003.0670,3166.6240,2838.8010,4975.1440,,2006.3740,1126.5170,3123.6060
2011-01-10,,,4264.4840,4416.9660,4578.6590,4868.9950,3108.1870,2791.8090,4830.5620,,1975.7440,1093.7650,3071.8440
2011-01-11,,,4235.5350,4417.6150,4560.0860,4864.8340,3124.9220,2804.0470,4804.8220,,1999.7640,1078.3650,3096.2960
2011-01-12,,,4251.1570,4437.8310,4582.3610,4897.1650,3142.3370,2821.3050,4833.5800,,2017.1490,1089.6730,3106.4410
2011-01-13,,,4262.3170,4432.2580,4574.8180,4891.0830,3141.2840,2827.7130,4826.7570,,2014.1670,1093.8560,3113.7540
2011-01-14,,,4181.9570,4346.9320,4464.0760,4792.1470,3091.8620,2791.3440,4723.4260,,1982.6230,1067.4180,3065.7630
2011-01-17,,,4005.5710,4166.6780,4269.5530,4593.7050,2974.3500,2706.6600,4519.9130,,1918.4220,1028.1610,2969.2940
2011-01-18,,,4016.8480,4175.1620,4278.4310,4622.7950,2977.6480,2708.9790,4536.9640,,1923.6950,1025.7160,2970.4880
2011-01-19,,,4121.2320,4281.5020,4391.8400,4728.2660,3044.8510,2758.0970,4646.0870,,1953.3520,1048.5350,3032.8530
2011-01-20,,,3985.3490,4130.3710,4230.9000,4576.6560,2944.7130,2677.6520,4477.3590,,1895.0040,1020.3890,2939.7900
2011-01-21,,,4015.9440,4171.3290,4263.6220,4627.5700,2983.4560,2715.2940,4506.3220,,1925.8380,1024.5050,2972.0760
2011-01-24,,,3914.6790,4089.1350,4149.6410,4558.9590,2954.2320,2695.7200,4398.4950,,1911.7540,994.9670,2931.8540
2011-01-25,,,3860.2470,4062.9110,4080.0290,4500.4990,2938.6540,2677.4320,4341.9090,,1911.3060,978.9980,2921.1700
2011-01-26,,,3931.8850,4134.6000,4156.4540,4580.4830,2978.4310,2708.8140,4424.8920,,1926.0360,995.7440,2948.5910
2011-01-27,,,4011.8580,4219.8330,4232.6650,4653.8810,3026.4660,2749.1500,4502.8080,,1949.3720,1013.0240,3005.3590
2011-01-28,,,4059.1730,4252.9110,4271.8740,4700.4970,3036.7350,2752.7500,4548.2060,,1945.1410,1020.9380,3010.6890
2011-01-31,,,4126.7060,4300.5830,4351.2170,4774.0300,3076.5080,2790.6940,4610.8600,,1964.1060,1029.1200,3043.7300
2011-02-01,,,4140.0530,4305.5260,4353.4780,4770.9610,3077.2830,2798.9600,4630.5800,,1968.6870,1032.6040,3050.2390
2011-02-09,,,4092.1290,4248.6430,4329.2200,4766.1070,3040.9490,2774.0650,4609.7170,,1943.0010,1025.1520,3010.9390
2011-02-10,,,4206.9680,4367.1300,4451.0860,4882.0230,3104.1630,2818.1630,4733.9730,,1975.9800,1063.9460,3070.7610
2011-02-11,,,4246.1210,4418.9460,4490.9780,4940.4100,3120.9560,2827.3280,4786.8060,,1976.4730,1071.5820,3081.1070
2011-02-14,,,4322.5980,4568.6670,4574.0950,5027.2430,3219.1430,2899.1340,4872.4950,,2047.6940,1086.5580,3189.7090
2011-02-15,,,4312.4320,4567.7280,4570.8210,5015.4290,3217.6710,2899.2370,4869.6870,,2042.6440,1087.7250,3180.4450
2011-02-16,,,4370.9990,4655.4990,4653.4330,5110.2320,3248.5270,2923.8960,4952.6670,,2051.4880,1107.2400,3218.9320
2011-02-17,,,4379.4130,4679.1180,4673.2610,5130.0580,3245.9070,2926.9640,4987.4800,,2046.9750,1115.3340,3219.1160
2011-02-18,,,4344.3610,4637.9150,4618.7700,5089.3870,3211.8760,2899.7920,4941.4320,,2030.3180,1100.4610,3181.3920
2011-02-21,,,4422.7670,4733.4290,4713.4760,5204.0660,3257.9080,2932.2460,5042.9670,,2046.0850,1117.6720,3229.1370
2011-02-22,,,4273.6750,4575.7830,4594.7720,5049.3250,3163.5780,2855.5160,4909.7450,,1991.0130,1088.2660,3148.1320
2011-02-23,,,4299.7640,4604.1850,4664.1010,5098.5970,3174.7420,2862.6340,4979.0570,,1995.6790,1114.0520,3155.9150
2011-02-24,,,4331.8640,4661.1680,4690.6740,5143.9890,3190.9350,2878.6030,5027.7310,,2002.8320,1101.9530,3177.4430
2011-02-25,,,4334.6500,4656.0820,4698.6710,5154.2730,3197.6170,2878.5650,5032.7970,,2006.6600,1095.0980,3189.0820
2011-02-28,,,4387.6200,4743.7420,4764.9000,5247.8640,3239.5590,2905.0530,5095.2080,,2021.8490,1099.7760,3226.0290
2011-03-01,,,4420.7600,4761.4730,4783.2200,5259.4580,3254.8930,2918.9200,5122.4410,,2035.3650,1098.0030,3234.7120
2011-03-02,,,4403.5230,4748.4170,4760.7040,5242.2480,3243.2980,2913.8080,5108.7400,,2040.8920,1088.8970,3218.0970
2011-03-03,,,4320.4430,4692.0240,4651.0400,5158.2790,3221.7180,2902.9780,5009.0470,,2051.6490,1064.3070,3195.8470
2011-03-04,,,4379.2840,4761.9970,4712.7080,5240.6260,3270.6660,2942.3060,5067.6210,,2080.1430,1071.8600,3244.7800
2011-03-07,,,4443.3480,4849.3650,4783.6210,5322.2680,3334.5100,2996.2110,5138.2480,,2123.2800,1078.1110,3332.3140
2011-03-08,,,4458.4470,4864.7670,4808.3180,5356.2910,3337.4570,2999.9420,5165.7350,,2123.7810,1084.8210,3339.7860
2011-03-09,,,4478.2280,4863.1560,4810.3520,5385.1760,3338.8580,3002.1540,5181.3680,,2120.2110,1087.2990,3331.7030
2011-03-10,,,4445.8460,4786.8200,4774.0770,5342.8900,3280.2590,2957.1430,5143.4130,,2071.7240,1093.9040,3273.9410
2011-03-11,,,4421.1560,4765.0870,4759.2010,5325.5510,3247.3760,2933.7960,5139.7460,,2049.1130,1101.7600,3245.9880
2011-03-14,,,4456.2910,4806.0510,4817.2020,5391.5930,3262.9200,2937.6270,5190.0370,,2053.5200,1107.5370,3267.2810
2011-03-15,,,4390.2530,4727.3170,4758.7740,5327.0100,3203.9610,2896.2560,5131.3320,,2018.3890,1094.9540,3208.2400
2011-03-16,,,4425.9360,4778.9160,4816.7310,5391.1980,3248.1950,2930.8040,5199.3580,,2048.9300,1102.2150,3256.0830
2011-03-17,,,4353.8910,4689.5650,4721.5280,5278.5620,3197.1000,2897.2980,5104.1340,,2023.0470,1078.3710,3216.4000
2011-03-18,,,4370.3160,4716.7710,4744.2640,5316.7810,3215.6850,2906.8860,5126.9340,,2034.4850,1083.5970,3228.8150
2011-03-21,,,4351.9470,4696.5030,4719.9880,5274.7540,3207.1100,2909.1370,5086.1080,,2036.2310,1070.6010,3214.3580
2011-03-22,,,4343.4870,4710.1210,4721.2670,5285.1910,3222.9610,2919.1420,5085.8120,,2054.7530,1067.2850,3226.9340
2011-03-23,,,4409.9240,4774.9460,4777.3330,5351.8710,3264.9260,2948.4770,5155.3370,,2074.8080,1076.5630,3264.1700
2011-03-24,,,4412.9180,4780.1500,4786.8730,5373.9260,3251.3610,2946.7060,5169.2640,,2064.1650,1077.9880,3254.4590
2011-03-25,,,4449.7710,4839.2620,4829.6120,5431.8990,3294.4840,2977.8140,5212.3450,,2096.2860,1072.3430,3290.8810
2011-03-28,,,4404.0470,4828.0180,4818.0220,5424.4250,3290.5710,2984.0050,5199.5520,,2103.0430,1052.1130,3289.8600
2011-03-29,,,4330.8230,4735.5410,4724.7280,5351.2070,3257.9790,2958.0770,5111.1530,,2097.5640,1019.0400,3262.8250
2011-03-30,,,4309.4520,4705.4030,4683.7980,5309.8680,3256.0800,2955.7710,5064.5450,,2101.4400,1006.3660,3253.7690
2011-03-31,,,4267.0150,4654.9700,4633.5510,5230.7860,3223.2880,2928.1110,5000.4020,,2083.7480,1008.2960,3234.1050
2011-04-01,,,4323.5700,4730.4420,4695.5940,5306.4420,3272.7290,2967.4100,5065.0760,,2126.4510,1015.0760,3284.0520
2011-04-06,,,4301.4760,4747.5750,4693.9420,5326.8310,3311.0670,3001.3600,5057.8400,,2175.7780,994.2610,3318.9660
2011-04-07,,,4318.5270,4767.1290,4715.1070,5364.2090,3324.4190,3007.9090,5089.7510,,2174.4010,1004.4120,3323.1450
2011-04-08,,,4368.4090,4838.5740,4761.8750,5414.9220,3353.3580,3030.0210,5148.7990,,2185.3160,1019.1420,3354.8840
2011-04-11,,,4346.3880,4791.1820,4712.2570,5355.3720,3333.4270,3022.7460,5107.1370,,2175.9640,1002.8040,3349.2910
2011-04-12,,,4345.1170,4807.9000,4700.1080,5355.5530,3326.7710,3021.3690,5114.4590,,2165.8330,1000.1650,3354.8720
2011-04-13,,,4391.7400,4857.0020,4761.7710,5403.2110,3372.0310,3050.3980,5165.2070,,2199.2290,1020.7470,3384.3470
2011-04-14,,,4375.9420,4837.9000,4741.6640,5391.4140,3353.5600,3042.6350,5150.8690,,2190.1470,1016.6160,3373.7160
2011-04-15,,,4382.8080,4845.1710,4736.2700,5400.6860,3358.9440,3050.5260,5162.4150,,2201.0860,1010.0580,3374.3000
2011-04-18,,,4392.0060,4847.2440,4743.9900,5422.4860,3359.4380,3057.3290,5178.8940,,2201.3710,1003.2580,3381.8940
2011-04-19,,,4330.3210,4758.0360,4697.1920,5367.9520,3295.8120,2999.0410,5116.1440,,2151.9570,994.2990,3302.7820
2011-04-20,,,4359.5760,4779.1850,4719.7720,5401.8000,3295.7580,3007.0370,5152.3950,,2144.2740,1008.1800,3302.1500
2011-04-21,,,4389.3540,4836.3180,4753.6520,5455.4500,3317.3670,3026.6680,5188.1110,,2160.6990,1010.5600,3334.3690
2011-04-22,,,4352.2110,4807.5030,4714.6360,5428.6880,3299.9420,3010.5170,5165.1230,,2151.6690,1004.6460,3312.3430
2011-04-25,,,4277.9000,4708.5720,4594.4570,5321.9300,3249.5740,2964.9510,5054.7680,,2127.4620,975.1750,3246.7920
2011-04-26,,,4237.0610,4644.9390,4518.5180,5218.9740,3230.9600,2938.9810,4970.5720,,2118.3260,958.2920,3221.6110
2011-04-27,,,4181.5920,4594.6090,4459.6030,5176.1590,3209.5030,2925.4080,4913.4970,,2113.0120,942.5430,3212.6270
2011-04-28,,,4046.4070,4463.0180,4333.7510,5012.4070,3161.7760,2887.0440,4755.4160,,2111.4890,904.1470,3171.2280
2011-04-29,,,4123.4380,4549.5090,4389.1330,5085.2460,3192.7230,2911.5110,4836.8660,,2113.8710,912.7150,3211.3600
2011-05-03,,,4165.4660,4600.0830,4444.9640,5181.0400,3211.1320,2932.1880,4920.5700,,2114.4170,922.0720,3238.8680
2011-05-04,,,4075.6280,4468.6290,4344.4040,5067.7320,3129.0280,2866.0170,4814.7810,,2056.6990,903.9850,3150.8330
2011-05-05,,,4089.4060,4466.8070,4357.9670,5091.8060,3126.1170,2872.4040,4827.2120,,2050.0690,914.5930,3149.9770
2011-05-06,,,4108.3100,4472.4270,4369.3950,5123.4810,3121.3960,2863.8860,4849.9690,,2037.7480,918.2820,3139.5820
2011-05-09,,,4138.2170,4503.3990,4414.3280,5162.3800,3129.7590,2872.4600,4889.9200,,2036.7640,931.7700,3149.7560
2011-05-10,,,4152.1470,4537.6480,4444.3280,5205.7030,3153.2210,2890.6340,4918.6740,,2057.6660,931.2050,3175.4980
2011-05-11,,,4150.0590,4519.4850,4451.5380,5226.7680,3145.0850,2883.4200,4929.4880,,2048.3420,929.9530,3162.8820
2011-05-12,,,4113.2250,4455.7540,4383.4370,5165.1990,3101.6030,2844.0830,4863.7950,,2021.2830,909.2550,3119.9100
2011-05-13,,,4133.2330,4482.3920,4413.7720,5221.2760,3128.0930,2871.0310,4902.5640,,2043.2590,909.7740,3147.3150
2011-05-16,,,4129.2170,4458.5690,4410.8350,5227.5460,3100.4630,2849.0670,4900.7060,,2019.5360,906.3370,3117.0030
2011-05-17,,,4132.0610,4455.3760,4394.4320,5179.0890,3116.0280,2852.7730,4873.9540,,2033.7800,895.1490,3133.5710
2011-05-18,,,4147.5250,4483.5570,4418.1810,5209.0540,3139.3790,2872.7710,4906.1890,,2053.6370,890.7940,3155.8310
2011-05-19,,,4126.4280,4443.0980,4393.8380,5188.6610,3120.6390,2859.5740,4879.8920,,2046.1130,884.8900,3136.9680
2011-05-20,,,4113.5260,4431.0690,4389.1050,5160.4060,3121.5960,2858.4590,4863.1850,,2052.5440,875.4300,3131.7820
2011-05-23,,,3988.3900,4280.2370,4230.4210,4945.5670,3022.9800,2774.5690,4679.5270,,1993.0670,840.8980,3024.9190
2011-05-24,,,3975.1380,4280.2700,4220.2820,4943.2120,3026.2230,2767.0560,4672.0760,,1995.2730,870.9390,3020.2010
2011-05-25,,,3935.4700,4230.8970,4165.5310,4880.3250,2990.3430,2741.7410,4618.7480,,1971.0970,842.3500,2990.1880
2011-05-26,,,3882.1330,4206.0620,4121.2650,4820.0350,2978.3810,2736.5270,4572.9420,,1974.3280,830.9210,2986.4530
2011-05-27,,,3798.8290,4129.1430,4009.2460,4641.9490,2963.3080,2709.9470,4428.8940,,1976.6930,822.9440,2975.5050
2011-05-30,,,3745.3880,4061.1650,3955.4510,4564.5460,2954.5060,2706.3610,4345.0480,,1980.7400,834.3160,2972.0790
2011-05-31,,,3820.5670,4159.2250,4031.6500,4679.4270,3001.5560,2743.4720,4444.2760,,2010.5640,846.3150,3016.7290
2011-06-01,,,3862.9700,4188.3430,4070.1250,4720.4390,3004.1730,2743.5720,4490.8920,,2002.6590,851.1660,3019.5980
2011-06-02,,,3824.2880,4133.9350,4013.0660,4643.3530,2955.7050,2705.1810,4429.9990,,1963.0520,833.7370,2983.6920
2011-06-03,,,3891.3910,4194.1210,4090.9980,4728.3440,2986.3490,2728.0200,4506.1960,,1974.9510,847.5450,3004.3330
2011-06-07,,,3906.7380,4211.6020,4130.2660,4770.7610,3004.2620,2744.3000,4547.3030,,1984.4460,847.7090,3013.2620
2011-06-08,,,3915.2370,4224.0540,4147.6310,4784.0920,3008.6520,2750.2880,4562.9720,,1980.6720,844.9780,3012.6340
2011-06-09,,,3828.3370,4120.5610,4053.1010,4682.3410,2951.8890,2703.3450,4456.7300,,1947.8750,828.0160,2962.1000
2011-06-10,,,3840.6020,4133.0970,4055.9650,4688.5730,2961.9320,2705.1430,4469.0490,,1951.0310,824.0300,2976.0890
2011-06-13,,,3830.6480,4113.8890,4066.6840,4680.9630,2950.3480,2700.3790,4468.7870,,1945.7200,829.3590,2957.0990
2011-06-14,,,3889.9960,4189.8570,4132.7980,4766.9750,2993.5590,2730.0400,4540.9390,,1970.0990,838.4740,2991.6760
2011-06-15,,,3849.2660,4142.5540,4092.5020,4721.9770,2963.1190,2705.4310,4499.6940,,1952.0760,827.5330,2972.5910
2011-06-16,,,3777.6140,4061.3770,4001.0810,4604.9020,2917.5780,2664.2830,4402.1430,,1927.0470,810.7090,2917.3040
2011-06-17,,,3738.9230,4016.8800,3952.4660,4540.1690,2892.1570,2642.8180,4337.3670,,1912.3790,802.6370,2897.1410
2011-06-20,,,3700.1110,3995.1140,3909.0520,4502.1060,2874.8960,2621.2530,4278.7530,,1904.8000,791.7580,2879.4020
2011-06-21,,,3763.2920,4055.1600,3964.1740,4577.2890,2909.0730,2646.4830,4338.4220,,1923.8160,795.6080,2917.4430
2011-06-22,,,3755.6790,4045.1530,3953.2120,4560.7830,2908.5820,2649.3210,4321.2190,,1923.5620,791.5130,2910.7090
2011-06-23,,,3837.8630,4139.5020,4028.5920,4651.2400,2957.6290,2688.2490,4402.9380,,1950.8740,814.4440,2957.5990
2011-06-24,,,3923.6940,4251.0440,4124.2000,4757.9180,3027.4700,2746.2110,4509.1800,,1997.2980,832.3240,3023.3290
2011-06-27,,,3978.8500,4277.9330,4186.4940,4814.2260,3036.4910,2758.2300,4568.1890,,1994.5830,843.8590,3029.9220
2011-06-28,,,3998.7780,4286.5420,4195.7590,4830.5320,3041.7340,2759.2020,4574.4770,,1993.7230,844.1770,3028.3850
2011-06-29,,,3944.4690,4221.6830,4147.4380,4782.4670,3000.1690,2728.4830,4511.5450,,1960.7710,836.3840,2988.4810
2011-06-30,,,3997.7070,4285.9390,4210.7410,4849.6640,3044.0890,2762.0760,4579.3320,,1989.4330,845.9190,3027.7470
2011-07-01,,,4011.4700,4300.8820,4239.3380,4887.5430,3049.7450,2759.3620,4604.7460,,1986.0300,855.2700,3040.5660
2011-07-04,,,4107.5140,4407.7850,4341.0930,4998.1120,3121.9800,2812.8180,4719.3910,,2033.8550,876.1680,3105.1630
2011-07-05,,,4130.1630,4419.8860,4374.1480,5031.5280,3122.5000,2816.3550,4749.4240,,2029.6230,883.4170,3106.8950
2011-07-06,,,4127.7490,4406.1750,4386.1680,5040.2200,3113.7120,2810.4790,4760.9170,,2017.1720,894.2770,3100.1390
2011-07-07,,,4142.7760,4378.5330,4389.9130,5029.9100,3101.6800,2794.2670,4761.4520,,2006.1410,899.7980,3088.2520
2011-07-08,,,4135.5410,4370.8820,4378.1330,5028.0160,3109.1830,2797.7740,4756.6140,,2014.7330,894.9090,3091.4780
2011-07-11,,,4161.9620,4394.1400,4422.5050,5079.4880,3113.2060,2802.6920,4799.4200,,2010.6890,903.3100,3090.6120
2011-07-12,,,4104.9970,4319.5250,4365.3110,5011.4300,3056.9050,2754.5820,4731.1180,,1968.0760,891.5160,3031.0670
2011-07-13,,,4174.8730,4397.0710,4444.4220,5102.5440,3106.2470,2795.4760,4825.4190,,1998.4130,913.0850,3077.2160
2011-07-14,,,4189.3040,4430.2780,4487.8980,5153.3420,3115.7450,2810.4440,4866.1650,,2005.7520,932.7750,3087.3120
2011-07-15,,,4216.4260,4439.2540,4515.6950,5181.0330,3128.8890,2820.1690,4896.0430,,2012.0320,951.1380,3095.3950
2011-07-18,,,4229.7920,4429.4950,4504.8690,5178.3920,3122.6000,2816.6880,4895.2600,,2002.8260,946.1180,3082.1430
2011-07-19,,,4179.9940,4372.5870,4470.3720,5122.3500,3095.1250,2796.9830,4843.7050,,1988.2970,927.2970,3055.5260
2011-07-20,,,4175.1030,4376.1790,4469.1240,5122.6840,3091.5670,2794.2050,4849.0570,,1983.6680,930.8280,3053.6270
2011-07-21,,,4113.9510,4316.2450,4410.8660,5053.5760,3059.1390,2765.8940,4784.3880,,1961.3020,915.3680,3028.7520
2011-07-22,,,4126.7430,4325.7770,4434.9110,5079.5720,3067.9850,2770.7900,4800.9380,,1964.8280,923.9950,3038.8860
2011-07-25,,,3959.9730,4159.5880,4259.8940,4866.8710,2968.2890,2688.7460,4613.7300,,1909.8130,887.0630,2946.3780
2011-07-26,,,3966.2480,4174.8700,4273.8670,4892.6700,2977.7660,2703.0260,4633.3720,,1914.1540,892.5400,2950.7070
2011-07-27,,,4032.7120,4240.0270,4339.9100,4967.6580,3000.0520,2723.4920,4710.3790,,1918.7870,915.5480,2973.3340
2011-07-28,,,4012.6730,4213.3410,4322.3320,4935.3490,2981.0020,2708.7770,4680.8980,,1900.2190,919.3950,2960.7480
2011-07-29,,,3966.2750,4179.9320,4266.9320,4886.9890,2972.0790,2701.7290,4628.3200,,1908.2130,913.2780,2951.4280
2011-08-01,,,3988.7780,4206.9790,4294.4550,4908.8320,2977.7210,2703.7830,4644.4620,,1909.9520,927.3840,2959.9370
2011-08-02,,,3967.5550,4185.8050,4275.4590,4879.8380,2956.3830,2679.2590,4610.7830,,1894.3230,932.1210,2934.9240
2011-08-03,,,3982.6220,4188.8680,4306.0080,4886.1260,2954.8700,2678.4850,4625.1730,,1893.0030,945.5090,2929.4980
2011-08-04,,,4006.2950,4197.4870,4322.1420,4917.4530,2960.3090,2684.0390,4649.4250,,1895.4300,937.4750,2933.0750
2011-08-05,,,3942.2240,4104.6760,4242.8290,4809.0330,2897.4170,2626.4230,4559.0180,,1850.1430,919.1850,2865.9350
2011-08-08,,,3773.7770,3893.0360,4039.1780,4547.9610,2793.8970,2526.8160,4330.7710,,1794.4310,877.4430,2746.9120
2011-08-09,,,3775.2630,3875.4950,4031.3680,4525.8340,2798.1900,2526.0700,4317.1070,,1801.8220,878.7610,2744.3920
2011-08-10,,,3833.1210,3919.9330,4092.4340,4582.7170,2824.1200,2549.1760,4378.6980,,1814.6670,891.7520,2768.4250
2011-08-11,,,3899.0890,3981.2340,4164.6670,4658.0110,2866.9240,2581.5080,4454.3940,,1840.2890,915.4890,2807.8470
2011-08-12,,,3945.9790,4020.4110,4209.1170,4705.7850,2875.3650,2593.1730,4505.8860,,1838.1590,926.2970,2818.1490
2011-08-15,,,3990.0550,4078.2670,4263.4880,4779.1220,2917.8830,2626.7700,4571.7190,,1872.3890,942.4850,2854.6220
2011-08-16,,,3961.0350,4045.6170,4238.4630,4747.4010,2897.5810,2608.1660,4533.3210,,1862.8920,933.1390,2836.8650
2011-08-17,,,3936.4730,4028.5680,4217.9320,4729.6900,2886.0130,2601.2610,4513.4850,,1858.3030,936.1590,2830.6400
2011-08-18,,,3854.7950,3944.0280,4129.8540,4641.9520,2834.2540,2559.4720,4436.1010,,1824.8570,915.6840,2783.3160
2011-08-19,,,3826.4400,3905.3520,4085.5420,4590.8660,2807.6640,2534.3580,4395.0190,,1806.2830,912.4210,2749.6110
2011-08-22,,,3774.1460,3881.5320,4060.7700,4567.0400,2777.7870,2515.8630,4363.9590,,1790.1360,910.6060,2724.3630
2011-08-23,,,3826.5560,3947.3980,4124.8960,4647.9890,2821.0030,2554.0190,4434.9220,,1821.1920,936.4160,2766.4760
2011-08-24,,,3820.8870,3930.3800,4125.5780,4639.2210,2810.0160,2541.0910,4427.9780,,1806.7900,940.1960,2758.4340
2011-08-25,,,3904.6360,4051.7650,4204.8030,4751.6630,2903.8370,2615.2610,4520.1710,,1878.4790,942.9440,2848.0540
2011-08-26,,,3917.5990,4057.6170,4212.8760,4758.0230,2901.2160,2612.1880,4530.4230,,1876.3340,952.8060,2841.1470
2011-08-29,,,3877.0730,3999.8930,4181.3490,4710.9860,2852.8090,2576.4130,4490.1580,,1836.8770,954.0290,2800.2120
2011-08-30,,,3841.5380,3973.6910,4140.3480,4667.2820,2841.7400,2566.5950,4451.7260,,1835.0720,934.1850,2793.6290
2011-08-31,,,3820.0390,3969.5420,4126.5060,4654.7970,2846.7760,2567.3400,4430.5380,,1841.5390,921.4950,2800.0440
2011-09-01,,,3777.0400,3932.9300,4087.2100,4619.4860,2834.5350,2556.0420,4395.0690,,1840.3710,917.7510,2786.2230
2011-09-02,,,3724.1230,3893.9520,4040.0280,4569.0090,2803.8540,2528.2800,4344.9770,,1820.6760,909.8530,2755.3170
2011-09-05,,,3639.7090,3798.4260,3938.4490,4469.2460,2743.8170,2478.7390,4238.0690,,1786.4650,883.8730,2693.5700
2011-09-06,,,3598.0430,3764.3750,3914.5860,4430.6630,2723.3030,2470.5240,4204.9080,,1779.5180,874.7380,2675.2030
2011-09-07,,,3681.7590,3859.4900,4010.8170,4543.4280,2779.0900,2516.0900,4306.3610,,1813.8640,899.6140,2731.7670
2011-09-08,,,3642.6090,3816.4910,3969.3860,4493.2340,2756.1050,2498.9430,4260.1550,,1799.7840,891.9320,2716.2220
2011-09-09,,,3609.9880,3804.4510,3940.7370,4462.3370,2751.0950,2497.7530,4233.7480,,1800.9340,881.5770,2715.1860
2011-09-13,,,3544.6570,3750.4570,3874.7490,4412.3500,2720.2830,2471.3050,4164.2880,,1783.1810,861.9160,2691.5930
2011-09-14,,,3578.8980,3786.0540,3914.3850,4470.2000,2733.1080,2484.8270,4212.1290,,1787.1150,876.9490,2709.3020
2011-09-15,,,3578.0020,3779.2770,3923.5360,4476.0250,2729.0510,2479.0550,4215.5000,,1779.6840,875.8610,2699.3760
2011-09-16,,,3579.0270,3779.4920,3924.7140,4473.7640,2733.9870,2482.3430,4214.8160,,1784.9340,874.8830,2704.8520
2011-09-19,,,3512.5900,3696.4250,3842.5330,4382.2690,2679.2700,2437.7950,4131.8850,,1749.7050,854.7120,2656.1350
2011-09-20,,,3531.0330,3723.0230,3856.9820,4409.2770,2689.8450,2447.7550,4151.8510,,1757.6410,856.8120,2672.1230
2011-09-21,,,3651.9460,3837.1810,3973.7410,4540.7060,2771.0110,2512.9630,4275.0940,,1808.3700,881.0310,2749.6290
2011-09-22,,,3538.1070,3722.2390,3852.0850,4411.2890,2685.6880,2443.0570,4151.8000,,1750.6110,852.9200,2674.2480
2011-09-23,,,3520.1880,3702.2020,3829.7800,4386.1770,2669.4780,2433.1590,4117.7350,,1740.3220,843.4790,2665.0120
2011-09-26,,,3468.1390,3657.2600,3770.4990,4325.9520,2610.9190,2393.1830,4051.4250,,1689.9310,829.3470,2623.6550
2011-09-27,,,3497.4410,3701.9560,3788.3500,4348.6380,2637.8790,2415.0540,4068.2310,,1710.9870,830.8840,2649.1140
2011-09-28,,,3439.9230,3645.5060,3721.0220,4266.5980,2610.5900,2392.0620,3999.7820,,1695.8370,817.5150,2620.3150
2011-09-29,,,3351.6980,3572.7650,3611.7680,4132.4560,2588.1850,2365.3430,3871.0600,,1689.5380,791.8940,2600.1610
2011-09-30,,,3338.3520,3570.6080,3592.3990,4111.7980,2581.3510,2359.2200,3856.8280,,1684.4970,791.1340,2594.9970
2011-10-10,,,3320.4580,3542.2500,3558.9450,4084.2550,2557.0820,2344.7870,3832.5770,,1669.3480,790.0420,2583.1620
2011-10-11,,,3287.4380,3519.0920,3530.2440,4066.6650,2551.9940,2348.5160,3817.9270,,1675.4200,786.1510,2564.0820
2011-10-12,,,3400.5320,3644.9890,3651.5960,4208.0420,2644.7580,2420.0000,3950.6550,,1737.3580,816.1380,2641.6630
2011-10-13,,,3437.1870,3669.0380,3711.1520,4255.3420,2662.6010,2438.7900,4001.8530,,1746.9350,833.0210,2654.4750
2011-10-14,,,3426.1520,3652.3830,3689.7920,4237.6890,2653.7820,2431.3750,3985.1930,,1745.2140,830.1970,2651.2480
2011-10-17,,,3434.2350,3655.0160,3690.5750,4237.7140,2666.9510,2440.4020,3997.1210,,1757.0560,832.2890,2656.8200
2011-10-18,,,3330.1490,3542.8750,3573.3660,4094.1610,2592.2090,2383.4850,3877.0240,,1709.2830,806.6000,2586.7870
2011-10-19,,,3312.3420,3531.9710,3549.0970,4064.9240,2583.0810,2377.5120,3854.1690,,1708.9460,804.4360,2580.7680
2011-10-20,,,3209.1560,3436.2950,3430.6330,3943.4910,2520.5320,2331.3660,3740.4690,,1674.0270,778.9540,2517.9150
2011-10-21,,,3164.5610,3398.1440,3360.9620,3878.2240,2507.8770,2317.2750,3671.6950,,1676.0970,763.2950,2499.0550
2011-10-24,,,3230.3950,3474.0680,3416.3320,3939.6020,2576.6690,2370.3330,3736.7650,,1729.0330,772.4100,2561.2390
2011-10-25,,,3325.2300,3557.2200,3519.0030,4036.9990,2625.4250,2409.6720,3842.9780,,1751.6770,797.8580,2610.3220
2011-10-26,,,3368.9540,3584.8990,3558.8810,4068.8290,2651.6520,2427.4800,3884.3900,,1765.6280,811.1340,2627.9430
2011-10-27,,,3363.6180,3597.4430,3559.3350,4081.0000,2657.4780,2435.6140,3888.9920,,1774.5060,810.9220,2635.5850
2011-10-28,,,3450.1490,3680.5990,3644.4490,4176.3090,2709.0170,2473.4100,3978.8000,,1807.0560,833.4230,2683.7050
2011-10-31,,,3461.0830,3680.4290,3666.9440,4188.5210,2695.3070,2468.2500,3999.3620,,1792.0510,852.7980,2673.5320
2011-11-01,,,3467.9800,3685.1760,3665.6710,4187.1650,2697.5340,2470.0190,3999.8310,,1795.3920,853.3590,2678.3990
2011-11-02,,,3545.8400,3727.1030,3727.3340,4235.7210,2742.3900,2504.1080,4072.7810,,1825.4530,881.0470,2713.3390
2011-11-03,,,3574.3440,3744.0620,3748.5490,4269.9640,2744.3010,2508.0900,4097.6180,,1819.0420,877.6580,2719.5610
2011-11-04,,,3586.2460,3766.5110,3783.9910,4300.7530,2763.7460,2528.2940,4131.1300,,1831.7550,882.2530,2735.9050
2011-11-07,,,3563.8290,3744.0740,3763.2900,4275.6780,2736.2480,2509.7990,4114.7670,,1809.7980,878.7580,2723.1340
2011-11-08,,,3515.3260,3710.6510,3715.1510,4237.5740,2727.7100,2503.8360,4057.5550,,1808.6090,862.3600,2721.6610
2011-11-09,,,3579.7360,3749.6170,3776.5360,4287.2070,2751.6540,2524.9190,4126.0030,,1821.7560,891.1230,2742.7000
2011-11-10,,,3527.6260,3691.8140,3716.8020,4220.1000,2699.5880,2479.5360,4064.3710,,1781.9110,895.2720,2694.9650
2011-11-11,,,3521.6630,3676.2660,3708.6330,4215.7000,2695.0020,2481.0840,4062.1440,,1779.5140,891.1930,2692.0080
2011-11-14,,,3604.8590,3760.3610,3807.0920,4321.7210,2750.1950,2528.7140,4159.5670,,1816.0570,915.9770,2752.0900
2011-11-15,,,3614.7140,3777.0910,3837.5580,4359.8290,2744.6800,2529.7610,4192.6650,,1808.1760,920.9740,2751.1160
2011-11-16,,,3516.5530,3678.6190,3740.2390,4247.5000,2670.1160,2466.9590,4088.3230,,1755.4150,893.5080,2680.0370
2011-11-17,,,3504.5940,3667.0950,3740.3390,4242.5250,2662.0170,2463.0460,4079.5360,,1748.4470,898.3390,2676.3250
2011-11-18,,,3411.6530,3577.4030,3625.0230,4112.7960,2606.4950,2416.5620,3963.2580,,1720.7640,869.1900,2619.9510
2011-11-21,,,3417.9920,3570.0440,3619.2600,4122.3090,2609.6870,2415.1300,3966.6360,,1721.3860,863.1340,2619.6860
2011-11-22,,,3408.0710,3561.7200,3609.7910,4107.8530,2609.4750,2412.6250,3957.9300,,1722.2340,868.4320,2611.8570
2011-11-23,,,3394.0370,3536.4340,3597.0840,4077.7990,2584.0110,2395.0650,3942.6950,,1701.0650,864.8110,2587.4890
2011-11-24,,,3398.1690,3529.8750,3590.6200,4065.1790,2588.9150,2397.5540,3935.2730,,1704.6910,868.1420,2588.3020
2011-11-25,,,3375.6570,3503.1000,3564.0420,4036.0770,2569.9730,2380.2240,3911.3560,,1691.6710,863.4950,2568.5960
2011-11-28,,,3383.7200,3511.2960,3568.6610,4045.6780,2573.3210,2383.0340,3915.2980,,1693.6680,866.8370,2575.3740
2011-11-29,,,3438.8990,3569.2560,3629.3970,4106.0680,2608.5690,2412.3930,3980.6180,,1716.0950,880.3130,2609.2810
2011-11-30,,,3302.3440,3428.2000,3480.0080,3926.6310,2521.5200,2333.4140,3819.9420,,1662.7480,838.1080,2526.5610
2011-12-01,,,3367.5370,3490.5710,3564.1890,4006.6340,2583.6130,2386.8600,3897.0190,,1713.0480,852.8720,2578.6740
2011-12-02,,,3302.3600,3414.5690,3491.1580,3920.5100,2557.3110,2360.6640,3817.0410,,1704.4570,829.1760,2543.9920
2011-12-05,,,3196.8150,3325.4820,3386.1010,3798.5070,2521.3850,2333.2290,3692.2270,,1694.4960,792.4950,2512.2100
2011-12-06,,,3197.6250,3327.5850,3388.7810,3804.6160,2516.3410,2325.9050,3691.8040,,1689.0100,798.0960,2509.0330
2011-12-07,,,3206.2210,3332.5450,3403.9970,3809.9340,2528.2280,2332.7300,3702.1030,,1702.4540,802.6250,2513.4970
2011-12-08,,,3204.9300,3321.7090,3410.1740,3800.4000,2525.0010,2329.8200,3700.0890,,1701.6800,809.4310,2510.7840
2011-12-09,,,3185.6620,3297.9750,3381.6740,3766.9640,2503.4610,2315.2700,3663.8430,,1692.0610,798.8370,2498.0550
2011-12-12,,,3146.1770,3260.0440,3324.8960,3720.2250,2477.6920,2291.5450,3616.0870,,1678.6980,790.7920,2479.9990
2011-12-13,,,3048.5090,3158.8740,3189.4200,3571.7440,2421.9280,2248.5900,3490.4000,,1645.8150,768.9240,2441.7980
2011-12-14,,,2998.8750,3114.5950,3122.5670,3497.2060,2397.4800,2228.5250,3423.4740,,1637.0090,755.7620,2420.2050
2011-12-15,,,2939.6210,3044.0620,3033.5410,3390.9400,2340.7880,2180.8950,3329.5750,,1599.0120,746.5550,2361.2910
2011-12-16,,,3020.3780,3128.8590,3124.3360,3488.3690,2390.1290,2224.8400,3427.2140,,1628.9990,778.7750,2401.1030
2011-12-19,,,3028.3000,3128.1230,3138.4610,3484.2190,2384.4080,2218.2350,3434.8450,,1625.2570,793.4400,2390.8770
2011-12-20,,,3017.7360,3114.5940,3136.2870,3480.7510,2377.0730,2215.9300,3424.4480,,1624.4450,781.4180,2377.0810
2011-12-21,,,2949.4060,3049.0830,3054.1140,3403.5140,2339.1080,2191.1480,3342.4010,,1604.2510,761.3370,2349.5940
2011-12-22,,,2930.3950,3034.1370,3020.3410,3358.1010,2341.3350,2186.2970,3298.7240,,1608.2380,757.8960,2352.0240
2011-12-23,,,2960.7460,3069.5320,3047.4890,3395.3590,2359.1590,2204.7840,3327.3940,,1617.9440,761.4420,2372.5150
2011-12-26,,,2933.5860,3051.7790,3027.5710,3382.5830,2335.7020,2190.1100,3308.0720,,1601.4670,753.0490,2357.6660
2011-12-27,,,2865.4730,2996.3740,2949.3140,3297.5550,2305.0350,2166.2050,3224.1480,,1590.9950,727.1730,2327.0150
2011-12-28,,,2864.6670,2993.0500,2931.3010,3287.1260,2307.9280,2170.0130,3207.3990,,1594.8350,717.5540,2332.7370
2011-12-29,,,2870.2770,2991.2260,2939.8460,3290.2750,2311.3610,2173.5610,3207.1810,,1596.5870,716.5490,2336.4760
2011-12-30,,,2924.4310,3046.3180,2999.4410,3341.5360,2345.7420,2199.4170,3266.7750,,1617.6130,729.5040,2363.7790
2012-01-04,,,2837.8790,2973.6380,2920.9350,3265.2320,2298.7530,2169.3900,3192.2340,,1595.1200,707.1070,2321.9550
2012-01-05,,,2736.9130,2898.9850,2808.2650,3162.3780,2276.3850,2148.4520,3074.3680,,1596.5930,666.9050,2306.6530
2012-01-06,,,2749.9390,2923.5350,2818.5160,3179.7730,2290.6010,2163.3950,3087.5460,,1608.3580,669.0170,2325.1800
2012-01-09,,,2856.5000,3042.1800,2934.8130,3313.9580,2368.5700,2225.8900,3212.9040,,1659.0540,692.4180,2402.5950
2012-01-10,,,2970.7040,3164.0520,3056.2860,3451.3590,2447.3490,2285.7440,3345.3910,,1704.7440,716.4530,2471.1910
2012-01-11,,,2960.4460,3148.0000,3060.6040,3448.8480,2435.6080,2276.0460,3346.7420,,1694.2640,717.9360,2458.8600
2012-01-12,,,2950.2020,3146.7010,3055.5480,3447.1490,2435.2190,2275.0100,3345.8120,,1701.4520,709.8900,2460.4440
2012-01-13,,,2859.7330,3056.9660,2942.5110,3330.0590,2394.3340,2244.5800,3233.7010,,1685.9130,666.0780,2424.6440
2012-01-16,,,2761.9780,2994.9740,2837.8540,3237.0690,2345.6490,2206.1930,3130.5580,,1661.9940,633.9080,2393.7660
2012-01-17,,,2909.1390,3161.8560,2995.5550,3421.8120,2460.6010,2298.3760,3304.8800,,1736.6060,662.6900,2498.6090
2012-01-18,,,2842.9570,3116.3510,2914.7620,3362.1200,2422.1890,2266.3840,3237.8520,,1714.6990,624.9110,2461.4330
2012-01-19,,,2884.5080,3167.7460,2943.2050,3400.1820,2468.3500,2296.0750,3270.7650,,1750.5210,632.7990,2506.6320
2012-01-20,,,2931.6900,3214.5330,2995.6370,3441.0940,2504.0860,2319.1180,3315.6030,,1775.0910,646.3830,2537.1160
2012-01-30,,,2899.0460,3167.5810,2980.6410,3391.2390,2460.7200,2285.0380,3292.4090,,1742.8180,651.2460,2485.8430
2012-01-31,,,2903.1550,3156.3260,2980.3070,3398.7480,2464.2600,2292.6100,3294.4940,,1744.7080,648.6810,2490.3080
2012-02-01,,,2877.9190,3119.0920,2955.6810,3369.2910,2428.9940,2268.0800,3266.2340,,1713.6840,650.7760,2458.7690
2012-02-02,,,2932.9440,3176.5650,3014.9590,3432.4510,2486.2380,2312.5560,3328.1530,,1761.9410,665.4020,2514.9760
2012-02-03,,,2973.5120,3206.1580,3063.5120,3488.8310,2506.0900,2330.4050,3383.0500,,1772.1920,680.0450,2532.5230
2012-02-06,,,2987.2730,3221.0650,3098.9350,3518.7210,2504.3220,2331.1360,3412.4050,,1764.8180,686.5080,2530.7280
2012-02-07,,,2932.0660,3158.1390,3041.3930,3450.1780,2457.9540,2291.9020,3356.8380,,1732.0240,673.6790,2484.6240
2012-02-08,,,3002.1070,3229.6790,3134.4940,3540.8770,2528.2360,2347.5300,3445.5200,,1782.0590,692.3030,2549.0350
2012-02-09,,,3035.5430,3255.6890,3158.9150,3570.1680,2529.2310,2349.5890,3469.8460,,1778.0970,697.7900,2549.1980
2012-02-10,,,3050.1940,3272.8490,3171.0220,3589.9370,2533.6240,2351.9810,3488.2290,,1778.3170,698.8540,2546.2700
2012-02-13,,,3060.7060,3278.6180,3198.7720,3620.1810,2531.9810,2351.8550,3519.8750,,1768.5390,714.9560,2543.1720
2012-02-14,,,3068.4260,3285.5670,3204.0530,3628.4040,2522.1070,2344.7710,3524.6250,,1758.9840,712.2960,2535.4180
2012-02-15,,,3105.6230,3329.1760,3255.3650,3681.0740,2549.6070,2366.7020,3578.1490,,1773.1690,724.7510,2558.8030
2012-02-16,,,3097.8370,3323.1530,3254.2150,3681.4940,2536.0740,2356.8600,3577.2020,,1761.8770,721.8320,2547.8150
2012-02-17,,,3091.5960,3315.1220,3241.1420,3662.0160,2537.0860,2357.1810,3565.3060,,1765.6520,717.7970,2548.5440
2012-02-20,,,3097.9770,3316.2580,3254.9170,3667.6910,2540.7060,2363.5970,3574.4580,,1769.4120,721.0990,2547.0510
2012-02-21,,,3141.0450,3346.2930,3300.6510,3700.7700,2562.4530,2381.4300,3618.3020,,1779.9400,736.8820,2565.0200
2012-02-22,,,3205.0730,3419.3760,3369.6760,3766.4720,2597.4760,2403.5870,3689.0040,,1795.2600,759.5620,2597.1230
2012-02-23,,,3218.4600,3437.5700,3375.1190,3777.6340,2606.2560,2409.5540,3700.8880,,1799.6440,756.8970,2601.7980
2012-02-24,,,3271.8280,3504.8210,3425.7790,3841.5250,2648.0170,2439.6280,3756.8250,,1826.7160,762.2900,2642.9630
2012-02-27,,,3290.5360,3537.9820,3421.8820,3844.2150,2656.5730,2447.0570,3764.3260,,1828.4080,760.3730,2649.9870
2012-02-28,,,3291.9850,3554.2360,3401.0500,3834.6580,2662.4630,2451.8570,3745.5800,,1839.0550,747.7680,2654.7780
2012-02-29,,,3248.4920,3501.7670,3361.7300,3777.5820,2634.1430,2428.4870,3696.1440,,1822.7690,735.3360,2625.7880
2012-03-01,,,3256.4040,3514.2180,3386.0370,3798.0000,2633.3450,2426.1150,3715.6730,,1818.2790,743.1480,2628.8570
2012-03-02,,,3327.9560,3589.8120,3455.8800,3880.3700,2679.9340,2460.6930,3794.4160,,1843.8480,757.6690,2671.6010
2012-03-05,,,3318.4610,3581.0710,3476.8450,3888.0920,2662.6980,2445.0020,3798.3770,,1827.9380,759.3690,2657.2030
2012-03-06,,,3271.5880,3526.3470,3464.8340,3853.5610,2621.0520,2410.4450,3760.5850,,1794.2640,750.8370,2616.5610
2012-03-07,,,3249.9510,3509.1850,3437.0090,3828.5010,2603.0050,2394.7940,3732.7070,,1776.3630,749.2660,2599.2280
2012-03-08,,,3299.7090,3558.2090,3490.8200,3887.9110,2635.7910,2420.2760,3791.8270,,1798.1000,761.7030,2626.7860
2012-03-09,,,3357.6180,3607.7160,3537.9740,3941.7130,2664.3020,2439.4620,3848.1080,,1811.4860,777.6940,2649.6140
2012-03-12,,,3369.6520,3606.2360,3554.3450,3947.8250,2654.4020,2434.8590,3871.1200,,1796.9370,786.0490,2635.5980
2012-03-13,,,3396.3910,3634.6930,3584.1270,3989.7880,2681.0730,2455.7950,3910.0640,,1813.2010,792.3780,2660.8820
2012-03-14,,,3256.5250,3476.4940,3420.2840,3814.9630,2605.1060,2391.2300,3734.3170,,1776.4070,756.4590,2584.8190
2012-03-15,,,3219.7360,3425.7760,3373.0350,3772.0740,2585.5460,2373.7740,3689.0140,,1760.4760,746.4410,2569.2990
2012-03-16,,,3287.5820,3498.2020,3465.4790,3860.8200,2623.5200,2404.7360,3786.6170,,1780.0760,765.5620,2603.4920
2012-03-19,,,3319.9800,3525.7540,3515.8540,3910.8950,2630.0130,2410.1840,3829.6960,,1778.9810,779.5570,2607.3060
2012-03-20,,,3245.9840,3460.0790,3429.6140,3818.4960,2584.4450,2376.8390,3746.2840,,1755.7250,755.5830,2567.0520
2012-03-21,,,3248.8330,3471.6070,3438.9670,3831.8640,2587.7930,2378.1950,3760.0470,,1758.6240,751.7910,2569.7560
2012-03-22,,,3243.6830,3469.0690,3423.4980,3819.1570,2583.7470,2375.7720,3742.3880,,1760.3350,750.8510,2569.4020
2012-03-23,,,3177.6350,3401.1610,3354.8620,3737.5220,2552.9400,2349.5390,3670.1290,,1747.9160,737.8920,2543.3340
2012-03-26,,,3163.3200,3395.3550,3346.7710,3734.0320,2555.4420,2350.5990,3666.2790,,1749.8880,737.2130,2545.4980
2012-03-27,,,3151.5250,3383.4000,3339.2750,3733.8480,2547.1430,2347.1790,3652.8760,,1749.1850,735.7340,2539.4800
2012-03-28,,,3025.8250,3264.7490,3183.6350,3567.3990,2474.9000,2284.8810,3490.0070,,1708.8530,698.4860,2472.6590
2012-03-29,,,2989.2180,3221.4720,3122.1660,3504.6320,2443.1220,2252.1600,3425.7020,,1688.0900,683.9590,2445.0470
2012-03-30,,,2988.9120,3227.9370,3122.4090,3499.0240,2454.8990,2262.7880,3416.8560,,1705.6330,678.5190,2463.9280
2012-04-05,,,3087.0430,3321.8160,3228.8980,3606.2480,2512.8320,2302.2410,3531.5490,,1735.2830,697.7510,2510.9800
2012-04-06,,,3090.4110,3334.1930,3256.7180,3627.8130,2519.8300,2306.5530,3554.0270,,1737.5120,701.9010,2517.6270
2012-04-09,,,3058.7350,3310.2450,3215.4290,3587.0840,2495.1460,2285.7770,3512.9140,,1721.4260,689.7150,2493.4130
2012-04-10,,,3091.4990,3349.5070,3255.9940,3623.0550,2519.7880,2305.8630,3554.0380,,1736.2400,697.1650,2515.1680
2012-04-11,,,3094.8780,3368.1640,3267.5020,3646.5680,2520.0360,2308.9250,3566.4760,,1734.5940,698.4870,2512.1430
2012-04-12,,,3152.0870,3430.7300,3324.8760,3719.5990,2570.4360,2350.8640,3640.4070,,1770.9470,713.1240,2564.3560
2012-04-13,,,3167.3410,3455.5030,3350.4160,3751.1930,2580.4540,2359.1610,3675.0280,,1777.0680,718.9590,2574.5520
2012-04-16,,,3165.4770,3466.5770,3362.1700,3772.6040,2574.0440,2357.0260,3685.4810,,1770.6790,716.2290,2568.8330
2012-04-17,,,3128.3940,3405.3240,3325.5390,3717.0680,2541.8830,2334.9850,3631.5560,,1749.4000,709.1390,2536.7450
2012-04-18,,,3201.1330,3488.5810,3401.4750,3806.6590,2599.9080,2380.8480,3714.0200,,1789.6270,723.4620,2592.2130
2012-04-19,,,3194.4360,3486.1010,3394.3020,3790.7530,2596.0560,2378.6340,3704.7050,,1791.3820,725.1200,2586.1560
2012-04-20,,,3220.6650,3523.7490,3413.3910,3828.6350,2626.8390,2406.8630,3736.3650,,1815.8820,728.7180,2618.9560
2012-04-23,,,3191.8470,3503.8930,3367.6340,3807.2780,2606.0380,2388.5880,3691.5740,,1799.9070,690.4320,2596.4650
2012-04-24,,,3179.5660,3483.7530,3347.3640,3793.5820,2604.8660,2388.8340,3666.3950,,1808.8590,681.5340,2600.8800
2012-04-25,,,3209.1530,3523.5320,3390.7860,3864.0070,2625.9900,2406.8130,3718.9110,,1819.2170,682.5240,2616.9980
2012-04-26,,,3209.7670,3518.1290,3380.5550,3851.4840,2631.4870,2404.6970,3700.0280,,1822.2060,678.4440,2615.1100
2012-04-27,,,3195.2630,3498.0500,3353.6180,3801.1840,2626.1570,2396.3160,3664.6380,,1822.5420,685.1310,2604.7060
2012-05-02,,,3264.3390,3568.1060,3412.8490,3851.0220,2683.4870,2438.4360,3718.2590,,1862.7550,693.6090,2658.5640
2012-05-03,,,3282.8580,3573.6570,3432.3150,3865.3620,2691.5180,2440.0800,3733.8160,,1864.2950,699.3060,2664.4360
2012-05-04,,,3312.0860,3589.3770,3466.0120,3883.1360,2715.8790,2452.0140,3758.0040,,1876.6580,713.1860,2678.9730
2012-05-07,,,3335.4900,3599.6370,3503.8210,3911.6100,2717.7780,2451.9470,3784.5560,,1866.6190,733.0450,2677.4540
2012-05-08,,,3328.8190,3578.7390,3496.6710,3908.1190,2709.1160,2448.8840,3783.4720,,1862.4010,731.7230,2664.1400
2012-05-09,,,3264.1980,3511.1740,3434.0920,3829.6680,2657.5140,2408.5870,3717.4700,,1830.1320,719.3500,2614.8570
2012-05-10,,,3273.9830,3509.5390,3446.8980,3825.2830,2657.2140,2410.2300,3731.1310,,1829.6070,727.2850,2615.8470
2012-05-11,,,3260.6050,3495.1180,3421.5840,3799.9020,2636.9170,2394.9830,3715.3850,,1815.7320,721.0780,2596.5560
2012-05-14,,,3241.5980,3478.4460,3412.8550,3799.9000,2615.5340,2380.7250,3710.0970,,1800.5030,719.8720,2578.0300
2012-05-15,,,3241.1170,3481.6020,3403.7570,3797.5190,2617.3740,2374.8430,3705.8830,,1801.0640,720.1150,2572.0670
2012-05-16,,,3189.2440,3424.9460,3357.7640,3749.1750,2574.6470,2346.1920,3660.3120,,1774.2430,709.9560,2534.9700
2012-05-17,,,3237.0710,3483.3500,3407.1850,3818.1630,2613.9420,2378.8860,3714.1860,,1801.1100,716.1700,2579.2890
2012-05-18,,,3190.9910,3432.3000,3357.2760,3763.0310,2573.9760,2344.5200,3655.8580,,1775.5720,706.2160,2541.6620
2012-05-21,,,3204.1970,3430.8670,3356.8690,3734.4170,2587.2310,2348.3000,3653.5460,,1784.9430,704.8030,2547.5950
2012-05-22,,,3266.2910,3487.0660,3408.0730,3788.4300,2627.5250,2373.3070,3711.0550,,1810.4110,714.6620,2582.7090
2012-05-23,,,3281.5050,3487.7430,3408.2120,3782.1410,2616.8690,2363.4370,3708.9190,,1801.4660,713.0170,2575.8720
2012-05-24,,,3258.3080,3453.2100,3387.7610,3748.1740,2595.2600,2350.9730,3678.0930,,1789.4340,712.5770,2554.4940
2012-05-25,,,3219.9850,3424.0070,3351.3080,3707.6560,2573.1030,2333.5530,3635.5160,,1776.3760,702.7240,2536.8990
2012-05-28,,,3278.7830,3498.7570,3400.9970,3786.6740,2614.6890,2361.3670,3687.4550,,1800.9130,706.4700,2567.3160
2012-05-29,,,3333.4810,3551.0890,3457.4400,3832.1710,2650.8540,2389.6360,3745.6780,,1824.4290,720.4540,2599.0890
2012-05-30,,,3335.5580,3557.7610,3461.4340,3837.0210,2642.2580,2384.6680,3752.2190,,1818.3850,727.1880,2592.0520
2012-05-31,,,3331.6910,3544.8010,3466.6540,3831.7400,2632.0420,2372.2340,3753.5930,,1804.5930,734.4540,2580.9900
2012-06-01,,,3326.7260,3543.3260,3460.9270,3822.4910,2632.9980,2373.4360,3744.4370,,1808.5270,734.2570,2581.3980
2012-06-04,,,3229.3340,3426.2970,3357.8660,3684.0430,2559.0260,2308.5500,3621.8080,,1760.9550,717.1010,2509.9720
2012-06-05,,,3220.7520,3419.8650,3352.6940,3683.4960,2558.8420,2311.9160,3617.6140,,1763.7000,715.9300,2513.0390
2012-06-06,,,3207.3290,3403.6390,3342.6870,3662.8900,2557.4010,2309.5550,3600.1630,,1768.5750,715.2400,2506.6710
2012-06-07,,,3184.8020,3381.1250,3322.1520,3639.7190,2542.1840,2293.1300,3581.1370,,1757.7660,711.4280,2484.3640
2012-06-08,,,3176.6180,3375.2090,3312.0530,3625.8710,2524.3290,2281.4470,3564.1580,,1738.5870,713.9210,2466.2440
2012-06-11,,,3251.6710,3441.8390,3376.6990,3688.3890,2558.2650,2305.8560,3630.3140,,1756.0310,734.5040,2489.7970
2012-06-12,,,3228.5510,3418.2740,3360.5000,3653.7530,2540.1780,2289.7910,3608.3910,,1745.4540,735.2940,2465.2730
2012-06-13,,,3281.8110,3474.9850,3424.2520,3724.3520,2580.6360,2318.9240,3674.8750,,1771.4220,746.5050,2498.4870
2012-06-14,,,3258.7080,3441.5740,3401.7620,3696.8600,2560.4210,2295.9460,3652.7050,,1756.3010,740.9660,2474.9780
2012-06-15,,,3244.9550,3435.8790,3401.4470,3705.1190,2568.0540,2306.8500,3648.9940,,1769.4920,742.2680,2492.9580
2012-06-18,,,3270.8470,3456.5800,3441.1480,3735.5930,2581.2120,2316.0520,3684.7270,,1776.2440,752.9780,2503.9910
2012-06-19,,,3236.0100,3416.0370,3417.7660,3704.1460,2558.6210,2300.7950,3657.9580,,1764.8810,747.4920,2485.7950
2012-06-20,,,3219.9650,3406.5780,3397.9730,3690.7660,2552.6110,2292.8770,3636.0900,,1763.6310,748.3880,2483.4300
2012-06-21,,,3174.5320,3361.5540,3351.7710,3645.1320,2512.1850,2260.8770,3590.8370,,1735.3360,739.0470,2437.7880
2012-06-25,,,3081.8520,3268.7810,3265.9530,3566.4480,2456.5180,2224.1140,3493.1160,,1704.5670,720.6000,2393.6490
2012-06-26,,,3074.1520,3270.2990,3262.7460,3568.8450,2454.9150,2222.0670,3489.9720,,1700.4990,715.9240,2393.1480
2012-06-27,,,3065.0660,3253.3490,3263.9480,3554.6290,2447.1950,2216.9340,3476.4030,,1695.0310,718.9280,2383.3610
2012-06-28,,,3023.4760,3207.3120,3218.5650,3501.7380,2425.7290,2195.8430,3427.8190,,1681.3840,711.1440,2361.8810
2012-06-29,,,3066.0880,3243.7680,3271.6510,3530.0180,2461.6120,2225.4310,3470.9650,,1708.8560,726.6840,2394.0970
2012-07-02,,,3095.9790,3241.8510,3311.2600,3550.2330,2465.2380,2226.1100,3509.5030,,1706.1680,741.1860,2388.6170
2012-07-03,,,3097.8660,3248.4030,3318.8280,3557.3690,2468.7210,2229.1930,3515.7780,,1710.4120,743.9020,2389.5820
2012-07-04,,,3081.6130,3235.4510,3301.8530,3539.1140,2464.9190,2227.3150,3497.7480,,1712.9370,739.6240,2391.7930
2012-07-05,,,3016.1740,3167.3740,3231.8380,3462.5280,2430.3700,2201.3530,3418.2020,,1695.3560,724.3130,2356.0690
2012-07-06,,,3092.9530,3222.4060,3300.5990,3520.6620,2472.6140,2223.5790,3486.5460,,1711.5790,737.2890,2380.6990
2012-07-09,,,3018.2070,3140.2310,3222.6650,3413.0110,2416.0360,2170.8140,3398.8050,,1668.0220,722.2810,2316.0220
2012-07-10,,,2988.1180,3126.2720,3188.8290,3387.4570,2406.7060,2164.4370,3365.6650,,1664.4240,713.5260,2310.7710
2012-07-11,,,3023.8960,3155.6480,3222.6940,3423.4930,2425.5720,2175.3830,3404.1040,,1672.2520,719.2990,2330.6400
2012-07-12,,,3072.3240,3204.0190,3273.3380,3469.8760,2449.1810,2185.4910,3450.3020,,1680.0500,734.3230,2353.3300
2012-07-13,,,3054.9150,3185.3060,3252.1800,3448.3800,2450.6330,2185.8950,3435.0840,,1685.0190,725.7880,2352.1920
2012-07-16,,,2964.1640,3096.8020,3129.6430,3321.5610,2399.7310,2147.9550,3311.0890,,1657.6230,691.3850,2317.4240
2012-07-17,,,2992.2070,3124.9710,3141.1080,3350.6740,2414.2010,2161.1860,3334.2860,,1669.7060,697.0030,2339.0480
2012-07-18,,,2996.4600,3145.8960,3149.3220,3370.3290,2414.3350,2169.0990,3352.8480,,1665.8650,702.1380,2348.4620
2012-07-19,,,3015.3250,3173.7490,3185.3610,3421.5830,2424.3220,2184.8410,3392.6560,,1674.2680,709.1660,2354.5880
2012-07-20,,,2994.0970,3146.4960,3160.5970,3405.2610,2398.4550,2168.6380,3369.9130,,1658.3000,706.2500,2328.5500
2012-07-23,,,2967.7370,3112.4500,3132.2290,3375.2910,2365.4310,2141.4020,3337.8560,,1629.0650,704.5730,2291.4520
2012-07-24,,,2988.7830,3125.4390,3149.6390,3402.4930,2375.9920,2146.5890,3361.0900,,1632.9520,706.3960,2297.4500
2012-07-25,,,2967.2660,3086.1450,3130.2470,3369.0460,2360.0830,2136.1510,3332.0850,,1627.9590,708.3010,2282.3790
2012-07-26,,,2955.6160,3066.8740,3093.9720,3339.9670,2347.4880,2126.0040,3302.3360,,1624.4640,706.7250,2273.6760
2012-07-27,,,2931.9500,3068.0630,3082.8330,3327.3950,2349.1080,2128.7650,3283.5920,,1630.3100,703.5810,2280.9530
2012-07-30,,,2878.3810,3041.2340,3023.3010,3276.1290,2335.7930,2109.9140,3217.4520,,1625.6360,688.4740,2270.8620
2012-07-31,,,2838.4290,3007.2980,2967.6730,3227.5400,2332.9220,2103.6340,3159.1920,,1631.8850,676.9600,2271.3640
2012-08-01,,,2896.9290,3054.2070,3018.7450,3283.4430,2358.6510,2123.3600,3216.1840,,1645.6160,689.4890,2293.2040
2012-08-02,,,2870.6020,3021.7170,2996.7490,3251.0250,2334.8820,2111.1820,3195.8630,,1634.5530,690.9820,2273.2440
2012-08-03,,,2922.4530,3056.9460,3066.2960,3303.7880,2353.7370,2132.7960,3259.8560,,1641.5990,711.9250,2290.9070
2012-08-06,,,2995.2200,3109.1760,3139.7660,3373.3760,2385.6110,2154.9160,3337.2670,,1658.3710,730.4190,2314.6350
2012-08-07,,,3016.9120,3118.1150,3182.5450,3413.3730,2388.8730,2157.6200,3368.2520,,1657.9110,736.0120,2313.2150
2012-08-08,,,3002.6950,3115.6580,3171.0820,3405.0770,2389.7950,2160.9900,3356.4850,,1662.7680,730.0650,2317.8270
2012-08-09,,,3046.6280,3141.2430,3233.6720,3447.4280,2411.7000,2174.1020,3405.0580,,1671.9540,743.1990,2330.7530
2012-08-10,,,3026.1430,3123.1930,3233.0100,3443.4470,2399.7510,2168.8140,3395.8490,,1665.1750,743.0730,2324.6350
2012-08-13,,,2962.5960,3045.8710,3162.4700,3366.7210,2351.9310,2136.0780,3318.1000,,1632.0010,727.6370,2279.0480
2012-08-14,,,2964.3570,3057.8940,3189.1570,3399.5400,2357.0160,2142.5250,3349.5850,,1633.1430,736.3470,2283.7120
2012-08-15,,,2939.8070,3026.5080,3147.9360,3364.9580,2331.6150,2118.9450,3310.8390,,1610.4130,729.7300,2254.0800
2012-08-16,,,2927.1790,3012.8640,3114.9700,3341.4400,2319.6700,2112.1970,3286.8280,,1605.2760,723.5300,2248.0700
2012-08-17,,,2919.3290,3010.4510,3108.7070,3346.6940,2313.4760,2114.8910,3286.7780,,1606.0030,721.0490,2249.4950
2012-08-20,,,2919.7850,2992.3720,3117.0440,3344.9570,2301.7880,2106.9570,3289.4390,,1596.1950,730.8660,2239.0260
2012-08-21,,,2960.8210,3023.0360,3174.2670,3382.8840,2313.7030,2118.2680,3335.7530,,1598.5000,748.9350,2247.2550
2012-08-22,,,2929.1090,2998.7900,3142.1800,3353.0620,2295.5860,2107.7110,3306.1110,,1591.3340,746.8530,2238.3040
2012-08-23,,,2953.7910,3017.8180,3163.5720,3373.1610,2302.1990,2113.0720,3327.9900,,1596.5740,750.5610,2242.0500
2012-08-24,,,2889.2990,2963.3620,3094.9180,3306.6300,2275.6770,2092.1040,3265.7490,,1588.1110,733.3090,2218.8260
2012-08-27,,,2801.8570,2891.7620,3022.4360,3230.7600,2228.2040,2055.7080,3184.3310,,1557.1650,722.5740,2172.2660
2012-08-28,,,2809.8580,2906.3330,3037.5980,3247.4300,2238.4110,2073.1540,3200.9930,,1570.4400,727.6160,2190.3890
2012-08-29,,,2782.6280,2877.8990,3019.7040,3221.8360,2214.8140,2053.2350,3179.5400,,1554.4030,726.9410,2169.6360
2012-08-30,,,2751.3210,2862.6790,2951.9260,3167.7130,2211.3700,2052.5850,3129.4950,,1560.2860,704.0350,2175.3780
2012-08-31,,,2757.6160,2872.2820,2958.7400,3172.9770,2204.8680,2047.5220,3139.5000,,1551.1990,706.6250,2168.2740
2012-09-03,,,2811.0850,2909.6550,3026.6590,3216.3230,2228.3690,2059.1470,3200.3060,,1560.0800,723.8710,2180.9660
2012-09-04,,,2776.3130,2875.5470,2992.1770,3167.8440,2204.4070,2043.6490,3164.8260,,1548.0420,722.7210,2156.7020
2012-09-05,,,2785.5420,2881.6390,3003.7060,3177.1510,2199.8750,2037.6810,3181.8000,,1537.5310,730.6160,2145.6120
2012-09-06,,,2809.1350,2906.9610,3041.6590,3205.3890,2217.8230,2051.9180,3217.9360,,1550.9710,739.7410,2159.0270
2012-09-07,,,2932.4470,3033.7890,3162.1980,3332.5260,2317.1790,2127.7620,3334.6600,,1619.2130,759.4600,2253.3720
2012-09-10,,,2958.9240,3059.3950,3195.5210,3370.2250,2326.6660,2134.8930,3363.6050,,1620.0270,762.3130,2260.0520
2012-09-11,,,2946.6620,3038.8890,3181.2490,3354.8560,2311.8900,2120.5540,3350.0880,,1605.0730,761.7310,2248.6110
2012-09-12,,,2975.2610,3060.8180,3207.8310,3387.5120,2320.0710,2126.5540,3376.1220,,1607.9890,762.5110,2254.1820
2012-09-13,,,2922.2100,3014.2830,3164.3830,3340.1140,2298.4610,2110.3790,3329.2990,,1597.1600,749.8920,2238.3180
2012-09-14,,,2935.8870,3032.0440,3175.6800,3348.4170,2315.5420,2123.8470,3338.0380,,1614.7000,744.4640,2257.2510
2012-09-17,,,2849.4840,2937.8730,3088.1690,3248.2110,2258.7050,2078.5000,3237.7040,,1582.0950,724.1450,2207.4770
2012-09-18,,,2830.4710,2913.9140,3071.7110,3231.3850,2235.2390,2059.5430,3224.2590,,1564.9820,723.6100,2185.7990
2012-09-19,,,2856.7950,2938.3280,3098.7930,3252.2260,2246.2360,2067.8310,3255.8660,,1569.0690,728.2510,2191.7760
2012-09-20,,,2779.0970,2864.9230,3010.7400,3154.0330,2195.9510,2024.8370,3161.7630,,1540.9560,706.6930,2147.6030
2012-09-21,,,2768.3360,2859.8720,2991.5050,3141.7640,2199.0630,2026.6900,3143.7100,,1545.9640,691.1380,2153.7100
2012-09-24,,,2794.7610,2877.7290,3009.5260,3165.4960,2215.5160,2033.1920,3167.1610,,1553.9730,690.3380,2164.3050
2012-09-25,,,2773.4600,2861.5790,2992.7100,3144.3090,2210.1540,2029.2930,3144.4080,,1553.7010,682.3350,2163.7690
2012-09-26,,,2719.9600,2822.6180,2918.2030,3078.7450,2184.8910,2004.1720,3071.9890,,1541.1400,661.4900,2143.0160
2012-09-27,,,2790.4920,2899.6560,2984.5400,3147.7870,2251.7170,2056.3230,3141.0820,,1587.9560,676.9570,2209.7120
2012-09-28,,,2846.2720,2954.9780,3045.0830,3197.3810,2293.1060,2086.1690,3199.7520,,1613.0920,689.6400,2242.9330
2012-10-08,,,2820.7050,2933.7690,3033.3970,3186.4660,2270.0540,2074.4190,3183.3650,,1596.1440,690.7670,2224.8000
2012-10-09,,,2896.3670,3001.7100,3117.7820,3268.0520,2320.1570,2115.2300,3265.6170,,1627.6570,712.7020,2268.5910
2012-10-10,,,2923.6620,3022.4680,3147.9790,3296.7410,2324.1170,2119.9420,3296.9230,,1625.3280,721.8480,2269.5460
2012-10-11,,,2883.6650,2988.5010,3103.7980,3242.8740,2302.5330,2102.8680,3248.0450,,1615.7470,711.7970,2247.9820
2012-10-12,,,2869.9540,2986.3150,3090.0560,3242.0860,2304.5310,2104.9320,3240.3990,,1618.6590,708.8680,2254.3500
2012-10-15,,,2850.1390,2967.9970,3062.1140,3220.1180,2294.8570,2098.7030,3223.1890,,1612.9550,701.9640,2249.7120
2012-10-16,,,2858.8040,2969.1630,3078.0840,3228.9790,2298.1620,2098.8080,3233.2290,,1614.1380,705.3880,2248.5410
2012-10-17,,,2860.0980,2968.8900,3084.7070,3239.4390,2300.8030,2105.6180,3240.7780,,1617.6640,709.0940,2255.4160
2012-10-18,,,2912.9350,3025.5050,3149.1160,3304.1490,2336.0770,2131.6880,3294.8350,,1639.6670,720.5240,2285.2840
2012-10-19,,,2913.8970,3025.8180,3142.4180,3295.2040,2332.4700,2128.3020,3285.4450,,1637.7650,719.4480,2276.1840
2012-10-22,,,2925.6540,3041.7800,3155.1180,3317.9310,2341.5920,2132.7580,3298.4880,,1643.3420,724.2780,2287.4570
2012-10-23,,,2883.0100,3011.1350,3109.8620,3289.1420,2312.0770,2114.4470,3259.0670,,1625.8100,711.2620,2260.2380
2012-10-24,,,2872.8180,3018.1060,3104.0930,3301.6810,2307.7790,2115.9900,3257.9210,,1623.6410,707.7530,2258.6010
2012-10-25,,,2823.4650,2993.5340,3074.4170,3270.4680,2291.2390,2101.5800,3226.1720,,1612.9470,697.4360,2241.4990
2012-10-26,,,2766.1640,2929.5620,3014.3050,3199.2790,2247.9070,2066.2090,3163.2950,,1584.6970,685.3330,2209.8960
2012-10-29,,,2752.7770,2925.0300,3013.7430,3201.7150,2235.8540,2058.9430,3158.9430,,1571.5250,688.1200,2197.6390
2012-10-30,,,2755.2520,2934.9090,3015.3270,3210.8620,2239.8820,2062.3470,3160.6870,,1576.3210,689.6100,2201.9660
2012-10-31,,,2770.5510,2936.3420,3018.5130,3220.5080,2254.8200,2068.8800,3168.0970,,1587.0520,691.6530,2213.3380
2012-11-01,,,2823.9690,2992.7630,3082.0560,3286.7680,2297.8840,2104.4280,3228.1900,,1617.7320,701.7780,2253.3340
2012-11-02,,,2834.6000,3010.4580,3098.2570,3310.3060,2306.7740,2117.0460,3249.5520,,1626.6070,701.3800,2266.6160
2012-11-05,,,2824.5120,3013.2370,3074.2800,3298.8240,2301.8800,2114.0270,3235.3520,,1624.7090,692.8680,2265.3280
2012-11-06,,,2806.8010,2986.0150,3051.1240,3269.1420,2292.2060,2105.9990,3213.2600,,1619.7390,690.4970,2257.5530
2012-11-07,,,2799.9510,2971.1820,3048.2520,3260.2030,2287.5050,2105.7300,3209.1410,,1617.8340,689.7460,2252.9150
2012-11-08,,,2731.2510,2906.6650,2973.0850,3182.4380,2245.4050,2071.5090,3129.5680,,1591.6150,675.8490,2211.8300
2012-11-09,,,2711.9480,2900.2380,2962.1890,3173.6000,2240.9240,2069.0670,3116.9780,,1591.8520,672.6700,2206.7900
2012-11-12,,,2718.0830,2918.1920,2974.7180,3203.0720,2251.8480,2079.2740,3136.3080,,1600.8780,676.5970,2219.9140
2012-11-13,,,2667.7750,2856.5210,2906.5700,3129.0840,2212.4400,2047.8890,3072.1210,,1575.2590,667.3270,2184.2250
2012-11-14,,,2675.9670,2869.0950,2910.5980,3136.0250,2223.1100,2055.4190,3081.2540,,1581.9460,665.1850,2195.2350
2012-11-15,,,2629.3760,2827.2020,2863.3370,3082.0620,2193.6230,2030.2900,3026.8440,,1563.6980,659.2110,2166.3140
2012-11-16,,,2603.6680,2809.1910,2847.2470,3064.9220,2177.2400,2014.7250,3009.1530,,1551.5580,656.1960,2152.6950
2012-11-19,,,2608.0280,2820.9680,2858.1150,3084.1520,2174.9850,2016.9820,3016.1590,,1550.8910,656.9360,2156.4830
2012-11-20,,,2601.3300,2820.3910,2851.8700,3072.5290,2164.8810,2008.9230,3004.1830,,1540.4880,656.6060,2144.2700
2012-11-21,,,2639.6400,2865.5210,2874.8650,3107.1250,2194.8960,2030.3190,3035.2820,,1562.9740,660.0320,2171.9620
2012-11-22,,,2611.6960,2837.2840,2840.5650,3071.5590,2177.5460,2015.6110,2995.0930,,1554.7540,651.8260,2156.5380
2012-11-23,,,2618.4300,2850.7910,2842.2000,3079.3800,2192.6760,2027.3840,3005.4590,,1568.7530,651.4300,2172.4510
2012-11-26,,,2586.9270,2821.4730,2794.8850,3045.3030,2175.5990,2017.4640,2970.3230,,1563.1980,638.8780,2158.8400
2012-11-27,,,2520.0440,2753.9580,2691.9920,2937.5530,2150.6380,1991.1650,2864.1690,,1552.9200,616.2840,2135.1170
2012-11-28,,,2477.9880,2707.6870,2631.9530,2882.9490,2129.1610,1973.5230,2800.5370,,1542.0740,607.6700,2121.6010
2012-11-29,,,2467.0620,2697.9600,2604.2670,2867.9850,2115.6760,1963.4880,2774.1760,,1532.9210,603.1700,2101.9630
2012-11-30,,,2501.9280,2741.8330,2643.1410,2914.1940,2139.6610,1980.1170,2816.6240,,1547.7590,606.7660,2122.6150
2012-12-03,,,2447.3500,2707.7120,2588.4370,2857.4730,2108.8500,1959.7670,2749.1340,,1532.1760,593.6600,2095.6330
2012-12-04,,,2479.0280,2742.9190,2626.5630,2889.4100,2131.4730,1975.1430,2783.4120,,1545.9540,600.8010,2116.3100
2012-12-05,,,2583.8250,2838.2980,2732.6110,3002.0360,2207.8780,2031.9070,2886.1860,,1601.7360,624.8240,2188.2380
2012-12-06,,,2578.7320,2834.8370,2730.4370,2997.8750,2203.6020,2029.2370,2884.3480,,1600.4150,624.3180,2188.3680
2012-12-07,,,2642.1730,2895.3950,2792.9040,3072.0450,2246.7570,2061.7860,2950.1930,,1634.9190,637.4870,2233.7440
2012-12-10,,,2682.1140,2925.7870,2836.2240,3116.0820,2271.0460,2083.7700,3002.2310,,1653.2840,646.3190,2254.4570
2012-12-11,,,2662.5400,2903.8350,2819.6730,3091.5020,2258.5000,2074.7040,2982.0270,,1645.0090,641.1670,2245.7090
2012-12-12,,,2665.2740,2909.9270,2821.2970,3090.6450,2267.7670,2082.7260,2982.8850,,1657.1280,639.5090,2252.0390
2012-12-13,,,2631.9130,2879.4130,2790.4200,3056.1170,2242.6350,2061.4760,2943.2760,,1635.6260,632.1810,2227.7870
2012-12-14,,,2753.6540,3009.0270,2908.0900,3191.8470,2355.8650,2150.6250,3066.2310,,1728.0610,656.2170,2341.7200
2012-12-17,,,2767.8470,3036.0210,2906.8780,3212.9370,2366.7000,2160.3420,3091.8750,,1738.8520,649.6120,2356.2910
2012-12-18,,,2762.3690,3020.8100,2900.2080,3204.4070,2368.1200,2162.4640,3086.5840,,1744.8540,646.0460,2359.9890
2012-12-19,,,2776.3840,3033.4800,2916.6510,3211.3100,2371.1090,2162.2390,3099.0920,,1744.0180,652.1010,2364.7190
2012-12-20,,,2804.1430,3051.3860,2929.2600,3215.9500,2384.8160,2168.3530,3108.8600,,1751.9360,658.3110,2375.1380
2012-12-21,,,2801.6820,3043.6080,2926.7270,3203.8020,2372.0020,2153.3100,3101.0740,,1737.9890,668.0890,2356.8160
2012-12-24,,,2817.7400,3060.5390,2951.8000,3213.6040,2381.2170,2159.0530,3117.6980,,1746.4380,679.7590,2371.5300
2012-12-25,,,2882.5660,3143.0690,3023.7930,3290.7360,2448.3950,2213.6110,3189.0880,,1798.8820,694.1160,2444.2620
2012-12-26,,,2907.5340,3161.5130,3068.8550,3332.2520,2457.6190,2219.1320,3228.6750,,1800.5640,709.0750,2448.0670
2012-12-27,,,2885.6990,3129.8590,3051.2700,3305.4280,2444.5940,2205.8970,3199.4810,,1786.7790,699.5690,2434.6540
2012-12-28,,,2918.0420,3174.6260,3092.3230,3351.8970,2480.0490,2233.2520,3235.1950,,1817.8520,707.6680,2480.3150
2012-12-31,,,2959.3900,3218.3870,3134.7630,3398.1430,2522.9520,2269.1280,3275.8600,,1857.6800,713.8630,2530.5590
2013-01-04,,,2922.7420,3203.6660,3104.1540,3383.2220,2524.4090,2276.9920,3258.2510,,1870.5000,705.3420,2533.8820
2013-01-07,,,2941.1750,3224.9530,3142.2210,3412.9310,2535.9850,2285.3640,3288.3690,,1880.2620,718.1140,2557.8250
2013-01-08,,,2974.8480,3229.4290,3182.4510,3436.0480,2525.3300,2276.0700,3327.0400,,1857.6880,733.1380,2539.6220
2013-01-09,,,2987.2870,3239.5900,3194.4240,3432.3180,2526.1260,2275.3400,3334.9870,,1855.3420,734.5060,2536.0520
2013-01-10,,,2993.4180,3244.9180,3208.0620,3451.3430,2530.5690,2283.6580,3356.3500,,1855.4870,741.1800,2539.1030
2013-01-11,,,2922.6720,3152.7800,3135.1070,3354.4930,2483.2300,2242.9970,3271.1790,,1818.9840,731.5870,2488.8820
2013-01-14,,,3029.2690,3258.8700,3249.2510,3463.4660,2577.7250,2311.7400,3384.7450,,1893.1000,760.5500,2589.4230
2013-01-15,,,3096.8950,3300.2020,3311.1520,3521.2470,2595.8560,2325.6820,3450.6820,,1900.0510,778.6030,2595.6370
2013-01-16,,,3084.3500,3280.8430,3308.6420,3506.6560,2577.0920,2309.4990,3450.5600,,1877.0000,774.4850,2563.5530
2013-01-17,,,3053.4560,3250.2850,3269.6080,3466.2940,2552.7580,2284.9090,3408.0220,,1854.9360,768.3080,2545.1280
2013-01-18,,,3117.8820,3312.6460,3322.4340,3522.0990,2595.4390,2317.0700,3464.6450,,1886.7940,787.3860,2585.7120
2013-01-21,,,3133.4620,3351.1910,3347.1040,3556.2950,2610.8980,2328.2210,3491.1220,,1898.4380,792.6000,2610.9770
2013-01-22,,,3079.6840,3313.0690,3291.9670,3498.2160,2596.8980,2315.1390,3435.4340,,1898.5020,775.1350,2604.4410
2013-01-23,,,3081.5990,3309.7870,3300.8860,3507.1390,2607.4560,2320.9110,3441.7450,,1910.1350,778.4780,2617.5320
2013-01-24,,,3015.2240,3246.7140,3232.4700,3444.3930,2582.7550,2302.5980,3369.7320,,1900.1760,757.8690,2602.1200
2013-01-25,,,3024.5130,3253.0800,3222.1570,3414.3550,2571.6740,2291.3040,3364.0610,,1886.4540,762.8480,2590.9880
2013-01-28,,,3105.4240,3347.2310,3302.9700,3503.6420,2651.8630,2346.5050,3449.7940,,1957.3950,784.7600,2691.1890
2013-01-29,,,3131.8320,3367.7270,3335.7900,3532.3620,2675.8660,2358.9770,3482.5190,,1982.6230,791.6710,2725.5700
2013-01-30,,,3142.3910,3401.3360,3338.6330,3547.3820,2688.7110,2382.4750,3500.5780,,1989.3150,783.6820,2737.0580
2013-01-31,,,3125.8760,3390.9840,3325.2860,3538.8510,2686.8820,2385.4220,3479.6380,,1993.2520,776.0050,2747.5430
2013-02-01,,,3166.1620,3432.3710,3351.5100,3578.5930,2743.3240,2419.0200,3507.7090,,2055.7240,782.3630,2827.1350
2013-02-04,,,3155.7170,3468.4710,3321.7280,3584.4020,2748.0280,2428.1540,3484.3620,,2065.3940,771.9020,2838.8900
2013-02-05,,,3211.3670,3523.1730,3353.5490,3609.7180,2771.6750,2433.1300,3520.6460,,2068.9520,780.9810,2846.0540
2013-02-06,,,3221.8020,3515.0670,3376.1260,3613.6970,2775.8440,2434.4770,3544.3850,,2078.4940,791.2630,2849.3040
2013-02-07,,,3242.8050,3520.6460,3404.9970,3618.6800,2759.8700,2418.5300,3557.6670,,2048.5750,805.5860,2802.7620
2013-02-08,,,3295.0590,3576.9900,3460.7420,3660.6240,2771.7250,2432.4020,3608.5890,,2042.4220,823.0280,2792.6940
2013-02-18,,,3301.0510,3561.0520,3488.2220,3677.7410,2737.4710,2421.5580,3627.7760,,2014.5770,835.2770,2770.0010
2013-02-19,,,3220.8090,3466.9290,3420.5770,3611.4580,2685.6060,2382.9140,3561.3570,,1981.0740,819.7090,2736.5720
2013-02-20,,,3286.1270,3521.2350,3489.5480,3664.4320,2702.6350,2397.1780,3635.3750,,1978.3030,850.8630,2736.2050
2013-02-21,,,3206.7040,3411.5850,3419.9570,3568.4980,2610.5490,2325.9510,3560.3170,,1897.8960,839.2980,2628.5090
2013-02-22,,,3199.7670,3383.4170,3409.5940,3549.7970,2596.6040,2314.1640,3548.3580,,1883.4750,838.7630,2600.3070
2013-02-25,,,3236.9490,3411.2090,3441.7390,3584.2060,2604.9600,2325.8190,3587.5870,,1890.7650,855.6940,2620.0910
2013-02-26,,,3189.7630,3354.3180,3393.5830,3530.5060,2567.5950,2293.3410,3533.2040,,1865.1290,851.2170,2588.9410
2013-02-27,,,3188.6490,3381.1610,3397.3100,3546.3740,2594.6770,2313.2200,3535.8960,,1889.4760,846.0900,2624.5750
2013-02-28,,,3259.8610,3459.9490,3469.0620,3624.8970,2673.3270,2365.5930,3608.1990,,1956.6060,861.0950,2712.2480
2013-03-01,,,3293.0140,3469.5010,3496.5420,3640.1220,2668.8360,2359.5060,3648.4220,,1944.4230,884.8910,2704.4660
2013-03-04,,,3163.5010,3301.4820,3350.5520,3494.4950,2545.7150,2273.4040,3518.7170,,1841.6240,863.5000,2575.1450
2013-03-05,,,3237.3810,3360.0490,3426.8530,3568.7900,2622.8070,2326.3060,3597.9220,,1916.7090,888.0990,2685.2410
2013-03-06,,,3271.1570,3405.0220,3482.1500,3621.0750,2650.2020,2347.1790,3653.9340,,1933.6990,902.9030,2712.1650
2013-03-07,,,3225.7000,3389.0950,3435.0060,3585.5190,2619.4790,2324.2930,3609.6400,,1902.3740,877.3370,2673.2260
2013-03-08,,,3200.5800,3363.8000,3400.4370,3561.6830,2606.9270,2318.6110,3570.3800,,1901.4810,864.6990,2667.8320
2013-03-11,,,3201.3380,3346.8240,3404.2440,3562.8670,2592.3720,2310.5930,3571.1050,,1879.8180,869.1500,2638.2630
2013-03-12,,,3146.6060,3290.0740,3317.7270,3486.8490,2555.6150,2286.6050,3481.1750,,1854.6180,839.8360,2592.0940
2013-03-13,,,3116.8620,3241.4420,3294.2720,3455.0340,2527.4860,2263.9680,3449.3500,,1835.6120,834.0490,2567.6760
2013-03-14,,,3140.2210,3258.7030,3319.3490,3465.1350,2534.2730,2270.2770,3464.8540,,1838.3580,842.0360,2577.3330
2013-03-15,,,3154.4300,3259.9040,3326.3520,3462.6060,2539.8730,2278.4010,3471.2140,,1841.3200,853.9060,2589.2930
2013-03-18,,,3120.4570,3221.2590,3269.9320,3417.8290,2502.4930,2240.0160,3427.1200,,1811.2390,852.1170,2555.5560
2013-03-19,,,3122.1170,3248.5930,3270.7830,3428.6170,2525.0970,2257.4340,3438.0720,,1830.9590,842.6850,2586.0340
2013-03-20,,,3206.7380,3339.2830,3367.7400,3527.0900,2610.1740,2317.3740,3527.7720,,1905.7650,866.2670,2680.0980
2013-03-21,,,3242.9010,3353.2410,3398.7000,3559.4170,2614.9880,2324.2420,3565.0200,,1902.2950,882.7340,2679.4440
2013-03-22,,,3251.9020,3368.2330,3403.1810,3567.4900,2618.3080,2328.2780,3579.9200,,1904.4620,882.0010,2680.5290
2013-03-25,,,3244.3630,3370.7920,3403.2450,3570.8590,2613.0970,2326.7150,3568.5230,,1901.9320,881.7560,2672.0250
2013-03-26,,,3214.7260,3335.5420,3372.9680,3536.7590,2575.0500,2297.6690,3543.8120,,1861.2590,876.3610,2620.3090
2013-03-27,,,3215.2500,3339.8070,3378.5550,3552.0890,2583.5300,2301.2590,3552.2570,,1868.4400,882.7520,2629.9420
2013-03-28,,,3129.7890,3242.8690,3281.5110,3443.8060,2499.3020,2236.3020,3448.9770,,1791.6430,867.5110,2519.0160
2013-03-29,,,3118.5640,3248.6130,3298.4050,3449.2570,2495.0830,2236.6210,3447.2850,,1793.1940,866.4550,2522.2850
2013-04-01,,,3133.8250,3263.7070,3313.1840,3472.5340,2493.1870,2234.3950,3470.9600,,1784.0710,877.0010,2515.2140
2013-04-02,,,3083.6430,3250.8180,3260.9030,3447.6870,2486.3910,2227.7400,3428.5000,,1783.2170,845.1630,2509.6380
2013-04-03,,,3052.7820,3227.6850,3226.0320,3412.7390,2483.5470,2225.2950,3397.2320,,1789.6660,835.1380,2515.1700
2013-04-08,,,3071.4960,3222.0400,3244.6500,3416.0740,2472.2990,2211.5920,3411.1300,,1773.1030,853.4840,2497.3370
2013-04-09,,,3095.7490,3268.3170,3279.0090,3449.1730,2489.4300,2225.7750,3444.3710,,1788.6330,861.9910,2512.9410
2013-04-10,,,3089.5410,3266.1870,3267.1980,3429.6420,2485.3090,2226.1260,3437.2670,,1787.9280,850.5330,2503.2990
2013-04-11,,,3086.8080,3258.5410,3252.9350,3422.8340,2477.8760,2219.5530,3423.2170,,1784.1280,847.7820,2500.0010
2013-04-12,,,3068.1160,3230.7020,3230.0250,3379.1690,2462.1120,2206.7800,3394.5170,,1774.5050,846.6120,2483.2860
2013-04-15,,,3027.1650,3189.4880,3189.3840,3344.5410,2436.8180,2181.9420,3346.8510,,1759.8020,836.3420,2461.5300
2013-04-16,,,3069.9780,3238.4880,3228.2520,3389.5300,2459.5920,2194.8460,3383.0810,,1772.6430,846.0540,2466.0860
2013-04-17,,,3106.1230,3248.8710,3256.4910,3394.9460,2458.4730,2193.7960,3412.4160,,1761.6170,867.5110,2446.3990
2013-04-18,,,3111.2550,3257.4750,3259.9450,3407.2950,2464.8510,2197.6020,3423.0120,,1768.1500,873.4810,2458.1490
2013-04-19,,,3176.9650,3326.7080,3331.5460,3484.1620,2533.8270,2244.6430,3495.2420,,1827.9830,892.2100,2546.2020
2013-04-22,,,3196.6530,3327.6660,3356.1060,3488.8070,2530.6700,2242.1690,3511.6240,,1823.9470,916.0210,2551.2800
2013-04-23,,,3106.6130,3217.3610,3260.7860,3383.6840,2449.4710,2184.5380,3416.4490,,1760.6770,893.7900,2474.7150
2013-04-24,,,3185.0010,3274.2620,3326.1810,3451.7010,2495.5790,2218.3180,3484.5680,,1793.8850,923.4060,2520.5520
2013-04-25,,,3114.3370,3211.0990,3280.2800,3395.9340,2467.8750,2199.3070,3431.4010,,1778.2940,903.6340,2496.1040
2013-04-26,,,3051.0380,3153.2300,3227.6620,3337.7510,2447.3060,2177.9120,3367.7660,,1766.0370,889.3810,2474.5000
2013-05-02,,,3059.1980,3142.7280,3234.7830,3345.2190,2449.6390,2174.1230,3383.3980,,1763.0500,913.6510,2481.0710
2013-05-03,,,3115.5680,3196.1180,3305.3550,3407.8620,2492.9120,2205.4970,3448.6400,,1795.4890,939.2100,2523.5220
2013-05-06,,,3175.2180,3238.4600,3364.4430,3458.9060,2525.9830,2231.1660,3514.4570,,1816.5980,958.0220,2549.8190
2013-05-07,,,3180.1050,3256.6350,3381.3740,3471.8500,2529.9380,2235.5750,3521.4770,,1817.9250,957.4400,2547.7920
2013-05-08,,,3202.9450,3256.9320,3437.2540,3498.8460,2542.7980,2246.3000,3553.8480,,1824.3770,980.0830,2553.7510
2013-05-09,,,3197.3780,3250.4500,3436.3730,3490.4580,2527.7940,2232.9710,3555.7690,,1807.8620,992.1610,2539.8180
2013-05-10,,,3219.5700,3279.1030,3451.2130,3529.3420,2540.8360,2246.8310,3577.3270,,1819.1170,988.3000,2554.3920
2013-05-13,,,3227.5820,3278.9750,3458.1820,3531.0910,2530.7680,2241.9200,3590.7580,,1810.7240,995.1090,2547.4770
2013-05-14,,,3178.9650,3231.8230,3402.6160,3484.0290,2493.3380,2217.0100,3549.3030,,1785.5750,976.3330,2522.4420
2013-05-15,,,3231.4460,3263.2320,3459.6820,3522.4400,2506.9250,2224.7970,3597.1060,,1789.4310,1012.6560,2536.5040
2013-05-16,,,3281.6470,3300.3750,3488.6480,3556.6070,2552.7090,2251.8060,3635.7550,,1821.4530,1009.5260,2574.4600
2013-05-17,,,3329.1180,3364.9520,3548.6310,3603.0760,2592.0480,2282.8700,3691.3990,,1843.8090,1023.4030,2606.1930
2013-05-20,,,3377.2990,3406.9350,3598.9850,3637.4560,2609.6070,2299.9860,3737.7480,,1861.2520,1051.6530,2629.8040
2013-05-21,,,3418.5970,3445.9760,3640.8110,3675.8820,2614.8530,2305.1140,3787.0590,,1851.0840,1073.5830,2623.3230
2013-05-22,,,3409.2430,3429.7240,3611.6160,3656.9680,2618.0340,2302.4030,3755.8740,,1858.1980,1039.8110,2625.8460
2013-05-23,,,3382.0770,3392.2590,3573.4350,3613.6210,2582.8490,2275.6670,3724.2290,,1823.7370,1042.8970,2579.4350
2013-05-24,,,3435.3300,3414.4250,3637.5470,3654.1670,2597.2280,2288.5330,3782.0710,,1829.1410,1073.7820,2589.4230
2013-05-27,,,3455.8770,3436.8080,3675.4400,3687.2950,2599.5870,2293.0770,3820.4270,,1827.2630,1089.7240,2591.8400
2013-05-28,,,3472.8530,3480.9000,3684.0400,3723.6670,2644.3590,2321.3180,3827.7820,,1870.0940,1059.0020,2639.6070
2013-05-29,,,3495.5330,3513.3750,3707.6430,3749.4570,2642.5610,2324.0170,3856.3190,,1861.7020,1065.9600,2632.8140
2013-05-30,,,3476.3120,3506.9420,3704.1950,3744.5600,2634.3230,2317.7490,3865.1340,,1855.4560,1073.8690,2632.2600
2013-05-31,,,3436.1140,3478.1130,3679.1530,3716.5460,2606.4260,2300.5950,3841.2180,,1841.3660,1073.0230,2613.0370
2013-06-03,,,3402.4790,3467.8120,3658.0300,3703.9910,2602.6230,2299.2520,3814.5100,,1838.6400,1052.1360,2603.8530
2013-06-04,,,3337.5540,3401.2390,3564.6520,3632.0290,2565.6660,2272.4160,3739.7240,,1819.5030,1022.4600,2573.5120
2013-06-05,,,3353.2500,3405.9540,3572.0230,3634.0650,2560.5390,2270.9310,3755.1480,,1806.8210,1032.7560,2557.7320
2013-06-06,,,3305.6100,3359.0680,3523.2710,3580.2550,2527.8450,2242.1100,3688.7360,,1784.7020,1022.1300,2522.9100
2013-06-07,,,3249.6990,3286.2620,3479.4410,3515.1520,2484.1600,2210.8980,3616.2100,,1760.2240,1030.1390,2489.3300
2013-06-13,,,3154.1380,3181.6740,3397.0760,3410.2580,2399.9370,2148.3550,3515.0500,,1700.8020,1029.2750,2405.3340
2013-06-14,,,3228.7470,3212.3930,3471.8780,3460.0020,2416.7710,2162.0410,3584.9780,,1704.1470,1068.1470,2413.0900
2013-06-17,,,3233.0650,3202.0000,3492.7010,3463.4940,2403.8390,2156.2150,3593.3710,,1692.4760,1073.6910,2399.7030
2013-06-18,,,3233.2340,3218.5920,3512.5440,3481.5600,2418.7450,2159.2910,3605.7580,,1704.2220,1072.9300,2406.4900
2013-06-19,,,3207.9700,3197.7620,3487.1320,3454.6680,2400.7650,2143.4540,3583.2980,,1687.6130,1067.6250,2378.6910
2013-06-20,,,3099.9680,3094.2120,3376.6890,3348.0160,2321.4660,2084.0210,3465.0040,,1631.5540,1029.5280,2300.6020
2013-06-21,,,3096.3310,3075.2760,3371.0690,3334.2720,2317.3940,2073.0950,3446.4830,,1633.1640,1025.4970,2294.8170
2013-06-24,,,2901.9580,2874.7520,3175.0960,3132.1250,2171.2100,1963.2350,3232.9620,,1525.1660,971.4540,2147.4790
2013-06-25,,,2901.5250,2858.3260,3178.0210,3133.0250,2165.4210,1959.5080,3219.1340,,1526.8030,984.7460,2143.5010
2013-06-26,,,2987.7010,2872.8270,3250.2910,3168.1480,2168.2970,1951.4950,3285.8180,,1509.6820,1038.9760,2126.2460
2013-06-27,,,2952.3780,2854.1380,3198.1280,3126.5800,2160.7350,1950.0130,3233.2220,,1512.2040,1022.5030,2129.9960
2013-06-28,,,2957.7890,2875.7720,3198.8320,3133.1900,2200.6390,1979.2060,3235.9780,,1552.3830,1011.6580,2182.9770
2013-07-01,,,3017.5020,2903.2570,3290.2470,3190.2820,2213.3170,1995.2420,3304.5910,,1549.3740,1055.8390,2187.5010
2013-07-02,,,3060.5840,2923.3520,3356.9140,3234.1520,2221.9840,2006.5600,3359.0530,,1541.3410,1083.2480,2188.5310
2013-07-03,,,3064.2230,2902.3190,3383.5880,3221.4810,2203.8280,1994.2680,3364.1840,,1522.9110,1104.5780,2166.8940
2013-07-04,,,3071.3290,2944.9900,3386.8430,3239.1360,2221.9790,2006.0980,3390.4880,,1535.3210,1087.9040,2178.0090
2013-07-05,,,3057.3980,2947.0610,3356.3370,3230.5930,2226.8490,2007.1990,3371.5290,,1542.0490,1057.2730,2182.8570
2013-07-08,,,2963.3110,2837.8250,3235.1540,3108.2100,2163.6190,1958.2730,3240.4770,,1506.7270,1030.6040,2127.6320
2013-07-09,,,2974.0490,2846.5010,3258.2780,3127.1010,2162.6690,1965.4540,3259.9110,,1505.2990,1050.7150,2137.5650
2013-07-10,,,3054.7360,2933.8060,3340.8390,3225.0850,2224.0650,2008.1260,3361.3950,,1546.7430,1068.8570,2186.9920
2013-07-11,,,3143.7110,3042.3430,3425.6670,3308.9450,2326.6880,2072.9910,3455.8840,,1635.6600,1080.7820,2309.5210
2013-07-12,,,3110.2250,2985.1390,3398.9810,3274.1560,2275.3730,2039.4860,3425.1350,,1587.5890,1096.2960,2250.8240
2013-07-15,,,3175.0590,3035.6490,3475.8510,3328.2560,2307.2970,2059.3900,3493.4410,,1604.6620,1139.5670,2276.7160
2013-07-16,,,3208.3880,3058.0330,3516.2610,3370.8560,2317.8480,2065.7200,3536.3130,,1606.3410,1143.1950,2282.2560
2013-07-17,,,3165.0860,3022.4270,3458.0080,3319.7390,2282.8360,2044.9220,3485.0740,,1582.1410,1129.4800,2249.8500
2013-07-18,,,3151.8760,2989.3830,3432.5390,3293.5960,2245.3280,2023.3960,3481.2010,,1549.3480,1127.9660,2206.8490
2013-07-19,,,3089.6910,2914.9580,3345.6370,3197.7230,2190.4780,1992.6480,3394.3060,,1511.4000,1116.0050,2158.9920
2013-07-22,,,3133.8020,2940.9240,3420.4010,3247.0540,2202.1890,2004.7620,3461.2810,,1514.0520,1153.7720,2163.4910
2013-07-23,,,3227.8310,3018.6500,3506.3620,3323.4780,2265.8450,2043.8760,3544.9660,,1555.8370,1178.5880,2215.4650
2013-07-24,,,3243.3080,3008.0820,3542.8830,3347.5800,2249.1510,2033.3290,3566.2820,,1532.3530,1203.3080,2196.6350
2013-07-25,,,3187.6530,2988.3730,3468.6400,3295.5030,2237.6830,2021.1740,3498.2420,,1529.2990,1150.3870,2189.6970
2013-07-26,,,3173.1480,2977.5450,3474.9040,3291.9670,2224.0080,2010.8500,3494.1590,,1521.6120,1158.3540,2179.2570
2013-07-29,,,3110.7840,2919.3280,3416.6830,3223.6790,2175.9700,1976.3060,3426.5930,,1484.2100,1136.9840,2130.9560
2013-07-30,,,3078.3350,2925.6850,3401.5610,3232.6030,2189.3880,1990.0640,3411.2190,,1500.9380,1124.1020,2154.5770
2013-07-31,,,3095.4260,2940.6610,3410.8750,3248.3730,2193.0210,1993.7990,3430.7430,,1504.1670,1134.0150,2153.8960
2013-08-01,,,3191.3920,3010.4690,3516.4950,3330.0550,2245.3640,2029.0670,3521.1520,,1537.8100,1190.1130,2198.3520
2013-08-02,,,3198.5410,3014.1040,3525.7300,3335.2570,2247.2630,2029.4180,3533.6090,,1536.5050,1188.8510,2193.6270
2013-08-05,,,3255.3580,3075.2610,3577.2540,3383.0370,2278.3290,2050.4810,3592.5380,,1554.1880,1202.8320,2215.0240
2013-08-06,,,3291.2090,3112.5300,3622.7650,3419.1350,2293.6410,2060.5000,3631.1240,,1556.2970,1211.7820,2219.6510
2013-08-07,,,3250.2270,3100.8210,3595.3850,3406.5100,2280.6230,2046.7780,3596.3180,,1551.1550,1175.7020,2205.5550
2013-08-08,,,3249.5250,3098.6760,3614.4240,3421.7100,2276.7820,2044.8950,3605.8500,,1544.6240,1185.9550,2195.7590
2013-08-09,,,3257.9090,3129.7400,3621.8400,3438.9820,2286.0100,2052.2350,3618.7440,,1553.0440,1172.5190,2200.0980
2013-08-12,,,3303.7220,3195.9330,3654.8520,3507.2330,2352.7940,2101.2830,3676.1950,,1610.2650,1161.8720,2277.0540
2013-08-13,,,3318.3900,3207.7700,3675.8340,3536.7020,2359.0680,2106.1560,3695.5520,,1619.7430,1172.3290,2291.7200
2013-08-14,,,3305.2720,3198.1640,3662.2260,3517.9100,2349.0800,2100.1370,3681.0820,,1610.2180,1180.6560,2281.6260
2013-08-15,,,3259.1900,3144.1290,3613.2920,3483.4840,2321.5760,2081.8800,3631.3210,,1595.1520,1167.0940,2261.8790
2013-08-16,,,3191.6440,3105.3570,3539.7590,3425.7620,2304.1440,2068.4520,3554.3480,,1592.7940,1132.0860,2258.7420
2013-08-19,,,3248.2560,3163.6460,3608.4740,3483.4580,2331.4300,2085.6020,3609.0280,,1608.8650,1171.4020,2282.0750
2013-08-20,,,3229.6650,3134.8570,3609.4200,3476.8380,2312.4650,2072.5950,3599.6370,,1594.5400,1175.7830,2271.9310
2013-08-21,,,3225.2610,3146.6780,3631.5020,3492.6790,2308.5890,2072.9610,3627.5010,,1588.0810,1181.3400,2264.8410
2013-08-22,,,3228.7310,3143.1900,3641.3270,3491.9760,2303.9320,2067.1240,3636.4690,,1582.6180,1197.1340,2258.2530
2013-08-23,,,3219.4880,3123.7340,3669.2500,3480.4860,2286.9290,2057.4580,3627.9700,,1566.2930,1219.8250,2235.3800
2013-08-26,,,3280.4000,3207.3200,3746.9880,3558.9180,2335.6160,2096.4740,3703.5930,,1601.3790,1238.1720,2283.4940
2013-08-27,,,3292.3230,3245.3210,3767.4650,3582.1160,2340.8810,2103.5670,3732.0980,,1602.0020,1250.7510,2287.4220
2013-08-28,,,3274.1620,3257.2920,3719.3890,3562.4500,2328.0560,2101.3010,3703.9200,,1592.8690,1227.9950,2276.8590
2013-08-29,,,3255.8230,3253.7490,3709.0310,3580.3380,2318.3110,2097.2270,3701.0830,,1588.1530,1226.2960,2270.2070
2013-08-30,,,3218.7750,3293.6500,3651.7050,3563.8610,2313.9100,2098.3820,3664.1480,,1589.7770,1185.1450,2271.2850
2013-09-02,,,3251.7620,3277.0840,3686.1420,3573.0510,2320.3440,2098.4480,3689.9590,,1591.9340,1210.1850,2278.9160
2013-09-03,,,3308.6740,3315.2020,3757.5480,3625.0240,2354.5020,2123.1120,3744.8710,,1614.5370,1234.5870,2312.0260
2013-09-04,,,3307.0980,3325.8340,3776.2130,3638.3280,2350.6990,2127.6180,3755.2390,,1613.5370,1236.3500,2313.8740
2013-09-05,,,3314.9310,3296.9090,3810.4980,3632.2040,2341.7350,2122.4300,3762.5690,,1609.6040,1267.2600,2309.5240
2013-09-06,,,3325.4050,3328.2870,3839.3690,3655.0540,2357.7820,2139.9930,3792.8320,,1625.8540,1282.7460,2334.4390
2013-09-09,,,3355.3490,3388.3270,3864.4440,3705.0910,2440.6090,2212.5160,3831.9270,,1713.3850,1275.9120,2452.7950
2013-09-10,,,3381.4810,3468.7030,3868.1430,3753.8880,2474.8940,2237.9840,3870.9230,,1737.5810,1263.5890,2486.6100
2013-09-11,,,3364.8580,3489.0790,3799.6760,3741.2730,2482.8890,2241.2680,3834.2580,,1741.3180,1220.7050,2488.3030
2013-09-12,,,3362.5660,3496.3700,3805.4320,3752.9610,2507.4550,2255.6050,3845.0680,,1772.6640,1220.6330,2529.4210
2013-09-13,,,3381.7360,3476.0160,3844.3690,3742.5640,2488.9020,2236.2170,3849.8200,,1749.2440,1253.4480,2491.1810
2013-09-16,,,3378.8950,3468.4290,3873.8540,3749.1800,2478.3900,2231.4010,3854.2070,,1738.2480,1278.7980,2479.9480
2013-09-17,,,3328.3720,3386.5760,3827.7840,3675.1800,2427.3220,2185.5600,3786.2920,,1698.6290,1269.3600,2425.6540
2013-09-18,,,3358.1660,3412.4770,3876.2490,3707.2380,2432.5100,2191.8510,3822.1230,,1700.5870,1289.6420,2428.3810
2013-09-23,,,3427.5110,3480.1800,3953.0660,3784.4580,2472.2880,2221.0440,3899.6250,,1713.0840,1326.0910,2452.3330
2013-09-24,,,3435.4130,3481.1930,3950.7070,3790.4890,2443.8850,2207.5310,3903.5180,,1673.5580,1328.4040,2406.8010
2013-09-25,,,3417.5270,3465.7410,3942.6530,3779.0630,2429.0300,2198.5150,3889.2210,,1661.6070,1323.0400,2390.4500
2013-09-26,,,3356.1790,3345.0430,3865.0870,3688.7410,2384.4430,2155.8090,3808.2160,,1632.6950,1306.3440,2347.9640
2013-09-27,,,3367.2430,3350.6190,3910.1670,3699.1590,2394.9710,2160.0270,3822.7580,,1639.1520,1323.7590,2360.0410
2013-09-30,,,3422.6090,3392.1980,3995.9090,3761.2680,2409.0370,2174.6650,3872.8930,,1643.0550,1367.9120,2368.5380
2013-10-08,,,3484.6770,3442.6350,4044.5310,3822.1410,2441.8110,2198.1990,3938.0680,,1659.7130,1387.6630,2386.9110
2013-10-09,,,3520.6660,3483.6870,4086.8190,3857.8300,2453.5830,2211.7690,3981.0580,,1668.4760,1415.8330,2398.3460
2013-10-10,,,3501.6330,3473.4110,4016.5920,3829.3040,2429.3170,2190.9290,3959.6300,,1637.9330,1378.1480,2357.4080
2013-10-11,,,3555.7080,3568.8390,4048.5850,3895.3730,2468.5080,2228.1460,4026.9160,,1669.2680,1379.9000,2405.4670
2013-10-14,,,3587.4520,3612.5600,4089.1620,3935.6520,2472.5420,2237.7730,4068.3200,,1662.1680,1393.6020,2401.9310
2013-10-15,,,3571.8940,3635.0140,4109.7770,3931.9810,2467.5170,2233.4120,4074.0830,,1656.2590,1389.7490,2389.8170
2013-10-16,,,3457.3220,3527.0820,3991.0670,3832.8880,2421.3710,2193.0740,3963.2120,,1634.2230,1335.1000,2353.4810
2013-10-17,,,3452.1800,3521.3090,3975.9400,3833.5100,2413.3300,2188.5420,3956.9650,,1627.1770,1322.9880,2349.4740
2013-10-18,,,3454.6350,3513.2530,4009.2450,3847.4830,2426.0540,2193.7800,3970.6410,,1636.8000,1349.9370,2357.6160
2013-10-21,,,3548.6770,3599.3910,4117.8080,3947.1070,2471.3220,2229.2370,4069.0330,,1657.5830,1400.9670,2393.2000
2013-10-22,,,3508.7910,3575.0870,4042.7470,3898.4930,2445.8910,2210.6520,4026.5160,,1640.0660,1350.4730,2371.2870
2013-10-23,,,3424.7740,3498.9510,3941.7150,3806.3500,2418.4910,2183.1070,3924.2190,,1638.4990,1311.2310,2358.8570
2013-10-24,,,3401.9220,3477.6680,3905.8100,3777.1910,2400.5110,2164.3220,3898.1560,,1621.6050,1295.9320,2336.7120
2013-10-25,,,3336.7610,3413.2980,3820.7800,3714.5740,2368.5590,2132.9550,3821.7790,,1611.5190,1269.1710,2322.3470
2013-10-28,,,3329.6830,3417.7770,3796.0870,3696.4350,2365.9540,2133.8690,3808.7030,,1610.6860,1279.0500,2320.8440
2013-10-29,,,3272.3030,3354.1740,3712.0860,3599.9930,2372.0530,2128.8640,3703.8600,,1633.7210,1261.6840,2346.5040
2013-10-30,,,3316.0810,3417.0250,3753.5470,3656.1340,2407.4710,2160.4630,3764.4530,,1653.4170,1273.2910,2375.8700
2013-10-31,,,3273.0670,3376.6650,3687.7110,3610.9090,2373.7180,2141.6140,3713.8290,,1631.0470,1235.5550,2343.2510
2013-11-01,,,3255.3990,3376.5280,3663.8200,3592.2200,2384.9600,2149.5620,3702.4450,,1644.7520,1221.9620,2362.6590
2013-11-04,,,3269.0650,3387.0220,3669.9410,3617.9560,2380.4540,2149.6340,3728.1880,,1638.5120,1222.4560,2354.8730
2013-11-05,,,3307.6880,3415.0530,3737.1770,3663.5450,2383.7690,2157.2400,3777.4040,,1633.6620,1260.0250,2349.7960
2013-11-06,,,3281.9150,3373.0580,3684.0000,3615.1760,2353.5680,2139.6070,3737.1060,,1614.2140,1241.7890,2321.4970
2013-11-07,,,3238.6950,3338.7610,3640.0640,3571.1420,2340.5520,2129.4000,3685.0400,,1610.5840,1224.0500,2321.3770
2013-11-08,,,3184.8230,3301.1900,3602.4080,3525.9970,2307.9450,2106.1270,3629.9400,,1587.4400,1211.1100,2293.0310
2013-11-11,,,3195.1880,3309.6290,3611.7820,3538.2510,2315.8890,2109.4710,3645.8400,,1591.1390,1212.6890,2298.4770
2013-11-12,,,3218.8910,3345.0210,3647.3200,3563.5910,2340.0000,2126.7720,3680.5360,,1610.7770,1228.3460,2321.2900
2013-11-13,,,3172.7920,3270.8010,3586.7990,3484.4760,2288.1160,2087.9410,3611.7600,,1569.2450,1212.0800,2259.5380
2013-11-14,,,3210.4140,3302.2770,3646.3090,3520.8910,2304.5010,2100.5060,3659.8300,,1572.7290,1249.6670,2257.9020
2013-11-15,,,3275.0840,3374.0750,3713.4980,3596.6090,2350.7340,2135.8270,3736.4520,,1604.8230,1269.0520,2297.4800
2013-11-18,,,3351.5360,3462.2220,3792.0140,3687.6840,2428.9030,2197.2190,3827.8820,,1675.1590,1291.1510,2387.3710
2013-11-19,,,3357.6750,3463.5940,3816.1230,3699.3950,2412.1630,2193.1250,3840.3650,,1659.5300,1298.1660,2368.0610
2013-11-20,,,3377.0460,3502.4740,3846.5910,3735.6980,2424.8500,2206.6130,3878.5840,,1663.7590,1299.2640,2376.0830
2013-11-21,,,3371.3860,3498.4090,3835.8120,3724.0830,2409.9890,2205.7660,3865.4100,,1648.0860,1298.9530,2367.1850
2013-11-22,,,3354.3600,3482.2110,3827.5190,3709.8850,2397.9620,2196.3780,3842.7560,,1642.4960,1295.0670,2359.3960
2013-11-25,,,3351.6020,3500.4590,3814.9350,3700.5550,2388.6290,2186.1150,3839.6020,,1633.7820,1293.7950,2343.8510
2013-11-26,,,3359.2860,3512.3130,3804.4630,3701.2980,2387.4160,2183.0730,3845.6760,,1630.9400,1291.8540,2340.8980
2013-11-27,,,3388.8530,3535.6550,3873.4180,3745.9870,2414.4810,2201.0700,3889.7550,,1648.7890,1329.4770,2363.1750
2013-11-28,,,3434.6640,3578.8400,3907.6030,3768.7570,2439.5300,2219.3720,3922.6660,,1664.6250,1336.6610,2381.8780
2013-11-29,,,3456.4950,3577.7060,3935.0150,3784.8530,2438.9440,2220.5040,3946.3830,,1661.4090,1366.8340,2379.2250
2013-12-02,,,3318.4930,3467.5470,3721.7300,3625.6090,2418.7880,2207.3710,3770.8650,,1678.8670,1253.9290,2403.2450
2013-12-03,,,3383.0410,3549.4290,3776.3020,3710.9800,2442.7840,2222.6700,3859.9550,,1681.5090,1255.3290,2409.9720
2013-12-04,,,3441.0270,3634.3240,3810.6420,3775.0870,2475.1350,2251.7620,3932.9980,,1699.1760,1240.2870,2431.0900
2013-12-05,,,3429.7000,3638.5230,3782.7420,3782.6420,2468.1970,2247.0630,3928.7240,,1692.3800,1202.0660,2423.7040
2013-12-06,,,3416.7890,3632.3770,3791.8210,3776.8240,2452.2870,2237.1080,3918.7830,,1675.2550,1206.7830,2409.6660
2013-12-09,,,3452.9230,3639.7000,3848.0360,3811.2750,2450.8720,2238.2000,3947.7040,,1669.8720,1241.7150,2403.9820
2013-12-10,,,3462.3710,3658.5080,3832.8840,3820.7120,2453.3220,2237.4920,3950.4860,,1670.5530,1231.9210,2408.3240
2013-12-11,,,3441.8000,3607.1780,3817.6390,3779.4620,2412.7630,2204.1660,3906.7800,,1639.1820,1244.5050,2364.8660
2013-12-12,,,3456.0060,3598.2220,3855.8110,3789.3090,2410.0150,2202.7960,3916.9620,,1631.9140,1279.3180,2356.7500
2013-12-13,,,3454.2500,3616.7970,3847.7590,3793.6880,2406.6390,2196.0750,3925.4340,,1626.4100,1278.1430,2345.6880
2013-12-16,,,3392.4150,3540.0860,3802.2640,3723.9830,2367.9230,2160.8610,3857.7150,,1602.4550,1279.9580,2324.4130
2013-12-17,,,3359.1300,3513.8890,3774.9420,3694.2500,2356.3760,2151.0790,3834.0270,,1597.2650,1267.6730,2311.2450
2013-12-18,,,3353.1690,3499.2550,3752.8440,3695.1170,2357.2260,2148.2850,3834.0450,,1598.6780,1256.0000,2309.8010
2013-12-19,,,3314.4680,3462.1610,3719.5840,3659.1770,2332.4100,2127.7920,3795.0230,,1580.1130,1256.0840,2290.5590
2013-12-20,,,3271.1230,3403.7910,3682.5440,3609.6320,2278.1360,2084.7940,3747.0020,,1537.4130,1253.7140,2249.0110
2013-12-23,,,3270.6390,3393.5370,3663.9550,3605.7200,2284.6020,2089.7070,3742.7380,,1541.2650,1242.8060,2250.5540
2013-12-24,,,3289.4880,3416.6760,3703.7380,3641.2200,2288.2480,2092.9050,3768.7030,,1539.5990,1258.8230,2259.2510
2013-12-25,,,3332.5830,3446.7610,3752.6850,3673.1030,2305.1100,2106.3540,3808.4530,,1547.3590,1288.3410,2273.1590
2013-12-26,,,3271.7760,3371.9660,3679.0660,3588.5460,2265.3340,2073.0990,3743.1320,,1524.8830,1269.5350,2227.4600
2013-12-27,,,3323.9980,3424.7320,3739.9370,3650.5000,2303.4780,2101.2510,3800.7740,,1550.2210,1294.3020,2263.4910
2013-12-30,,,3337.1630,3435.8520,3748.0800,3652.7910,2299.4580,2097.5290,3813.0030,,1547.9190,1307.9880,2254.5000
2013-12-31,,,3364.0150,3461.2490,3763.7930,3660.8870,2330.0260,2115.9780,3829.0960,,1574.7810,1304.4440,2273.6790
2014-01-02,,,3392.7610,3453.0630,3814.4100,3684.2300,2321.9780,2109.3870,3847.8790,,1561.0990,1333.0030,2270.2030
2014-01-03,,,3368.8290,3390.3350,3797.3410,3642.6850,2290.7790,2083.1360,3816.3160,,1536.0670,1352.8400,2241.6450
2014-01-06,,,3263.9070,3270.0320,3705.2240,3544.8320,2238.6370,2045.7090,3710.8980,,1512.9300,1323.3280,2189.6210
2014-01-07,,,3278.2050,3273.4710,3746.2370,3561.2740,2238.0010,2047.3170,3733.6620,,1510.6540,1352.2760,2190.4380
2014-01-08,,,3293.1690,3245.0570,3791.6950,3565.0530,2241.9110,2044.3400,3738.2050,,1515.3330,1405.0230,2183.6620
2014-01-09,,,3236.6530,3216.4850,3749.0020,3515.7340,2222.2210,2027.6220,3696.0230,,1503.8810,1380.2440,2159.8670
2014-01-10,,,3185.9710,3178.6760,3666.8290,3447.6430,2204.8510,2013.2980,3628.6340,,1498.2680,1353.3020,2139.3230
2014-01-13,,,3178.4680,3165.0090,3665.2470,3419.0410,2193.6790,2009.5640,3612.0200,,1494.6130,1362.7880,2135.3100
2014-01-14,,,3242.3000,3233.8350,3749.0880,3490.6040,2212.8460,2026.8420,3683.5340,,1499.2850,1400.9160,2163.4620
2014-01-15,,,3270.2840,3233.9400,3783.6790,3501.0470,2208.9410,2023.3480,3708.1420,,1488.5090,1415.3230,2159.0040
2014-01-16,,,3260.6180,3243.4790,3775.3890,3509.6660,2211.8440,2023.7010,3714.3140,,1493.0940,1395.1630,2166.0680
2014-01-17,,,3212.2800,3192.3160,3727.2420,3469.5280,2178.4880,2004.9490,3671.9150,,1475.6710,1395.5090,2144.9640
2014-01-20,,,3177.0740,3173.0010,3698.0350,3462.0420,2165.9930,1991.2530,3644.1250,,1464.8420,1372.7360,2134.8810
2014-01-21,,,3224.3430,3218.4660,3762.2570,3524.2600,2187.4100,2008.3130,3700.1080,,1478.8840,1407.1520,2155.9660
2014-01-22,,,3313.9710,3314.0480,3841.0440,3619.2400,2243.7960,2051.7490,3799.0420,,1514.1210,1431.7410,2205.1930
2014-01-23,,,3335.3830,3305.2900,3871.3270,3630.7790,2231.8890,2042.1800,3825.4860,,1499.0310,1461.5250,2197.7320
2014-01-24,,,3384.2100,3345.9000,3943.4610,3674.0870,2245.6780,2054.3920,3882.6680,,1502.0650,1484.4320,2215.6190
2014-01-27,,,3362.4890,3319.4730,3934.5790,3659.1110,2215.9190,2033.3000,3881.9470,,1478.8650,1477.6690,2196.8150
2014-01-28,,,3355.4960,3319.3710,3909.1090,3655.4330,2219.8550,2038.5130,3873.8100,,1487.8030,1471.3400,2205.0450
2014-01-29,,,3367.7610,3338.5950,3962.7960,3682.7220,2227.7810,2049.9140,3908.4500,,1494.4900,1496.5270,2226.9700
2014-01-30,,,3335.8660,3303.3490,3942.1720,3666.2430,2202.4500,2033.0830,3885.4160,,1477.3450,1495.9780,2208.2780
2014-02-07,,,3375.5140,3348.5690,4022.1050,3729.3520,2212.4830,2044.4970,3957.6710,,1475.3430,1532.6870,2231.4410
2014-02-10,,,3482.6330,3454.0560,4124.8740,3841.3980,2267.5340,2086.0670,4074.6300,,1505.8340,1553.4150,2293.4990
2014-02-11,,,3477.8770,3482.9690,4118.6410,3857.3520,2285.5620,2103.6710,4080.3780,,1528.3220,1527.1510,2309.5010
2014-02-12,,,3505.8010,3512.3960,4169.4460,3899.3480,2291.2460,2109.9550,4125.4120,,1527.0010,1539.9660,2322.8950
2014-02-13,,,3439.4150,3479.4220,4088.6020,3839.0730,2279.5540,2098.4010,4064.4230,,1528.0150,1485.1310,2306.3890
2014-02-14,,,3491.5670,3515.9660,4172.4670,3909.4710,2295.5750,2115.8480,4134.1600,,1534.2390,1515.7840,2331.3850
2014-02-17,,,3536.4450,3562.8490,4267.0050,3985.4200,2311.6470,2135.4150,4212.7450,,1538.1050,1558.6160,2363.4600
2014-02-18,,,3499.7000,3556.6640,4262.6540,3977.4310,2282.4420,2119.0660,4207.6990,,1508.5410,1545.3410,2359.6130
2014-02-19,,,3494.0020,3580.4650,4262.4880,3984.9980,2308.6560,2142.5540,4207.9940,,1533.3960,1544.4020,2375.0260
2014-02-20,,,3446.7440,3548.9690,4209.3030,3944.6570,2287.4360,2138.7820,4149.0710,,1520.1380,1515.1640,2367.4870
2014-02-21,,,3425.2780,3507.1580,4189.9780,3916.4370,2264.2940,2113.6930,4121.9170,,1505.3310,1519.6650,2338.1980
2014-02-24,,,3381.5470,3428.5480,4185.0300,3915.0610,2214.5090,2076.6860,4105.7920,,1468.0600,1540.0260,2308.6230
2014-02-25,,,3259.9160,3323.7660,4021.9930,3763.6730,2157.9090,2034.2190,3961.4390,,1440.8920,1472.6910,2244.0590
2014-02-26,,,3284.3500,3340.4420,4042.5390,3782.3010,2163.4050,2041.2540,3987.4800,,1444.1980,1465.9850,2255.9760
2014-02-27,,,3217.2230,3319.2340,3965.0490,3739.1620,2154.1080,2047.3540,3934.7270,,1452.4610,1414.6570,2259.4190
2014-02-28,,,3262.9040,3361.3410,4004.4450,3781.9890,2178.9710,2056.3020,3975.9290,,1464.3210,1434.8940,2276.9050
2014-03-03,,,3326.3670,3428.6350,4075.9080,3878.2620,2190.3700,2075.2350,4058.7990,,1462.6860,1465.1390,2306.7690
2014-03-04,,,3309.8370,3424.5750,4073.1790,3876.3370,2184.2730,2071.4730,4059.5670,,1464.2840,1460.4520,2293.3640
2014-03-05,,,3293.7160,3406.3550,4068.5380,3857.1980,2163.9760,2053.0840,4037.7840,,1448.3310,1464.5780,2277.6380
2014-03-06,,,3273.8870,3409.9520,4071.1060,3868.0510,2173.6340,2059.5780,4032.7560,,1459.5080,1462.5280,2276.1580
2014-03-07,,,3256.1900,3380.2120,4064.2880,3842.0220,2168.3580,2057.9080,4012.4470,,1455.5850,1460.6110,2266.7820
2014-03-10,,,3141.2660,3258.1550,3912.3160,3680.4010,2097.7870,1999.0650,3860.2440,,1408.8730,1407.0730,2183.0490
2014-03-11,,,3163.1230,3275.2750,3907.4960,3678.9610,2108.6610,2001.1570,3864.2600,,1412.7330,1395.8130,2186.9010
2014-03-12,,,3182.5820,3282.4950,3894.2210,3686.4170,2114.1340,1997.6920,3865.6620,,1418.6980,1399.2660,2199.3300
2014-03-13,,,3227.7950,3300.9110,3945.3380,3720.7250,2140.3330,2019.1110,3907.1460,,1437.3920,1436.8560,2236.4430
2014-03-14,,,3209.6000,3283.9830,3941.2060,3682.2480,2122.8360,2004.3390,3888.9750,,1426.3950,1434.0210,2227.8480
2014-03-17,,,3274.3370,3342.3960,4039.6110,3767.8790,2143.0380,2023.6730,3967.1500,,1434.1570,1477.4150,2260.8290
2014-03-18,,,3286.0070,3362.5180,4050.2330,3787.0290,2138.1330,2025.1960,3989.2010,,1427.6300,1485.6400,2272.4670
2014-03-19,,,3260.2650,3370.7260,4031.8990,3783.6090,2120.8700,2021.7340,3980.6730,,1418.7070,1466.2170,2262.6110
2014-03-20,,,3173.1770,3292.4080,3935.1810,3695.8930,2086.9670,1993.4790,3876.5780,,1406.9150,1417.6580,2216.3110
2014-03-21,,,3235.5790,3382.2900,3982.8160,3780.7140,2158.7980,2047.6190,3952.3920,,1464.0800,1419.8400,2269.9290
2014-03-24,,,3264.3030,3448.3890,3982.2060,3819.1770,2176.5540,2066.2790,3985.8610,,1477.5320,1397.2940,2289.0620
2014-03-25,,,3269.5440,3468.1850,3973.0350,3829.6890,2174.4400,2067.3110,3991.1440,,1470.1210,1394.8240,2293.2880
2014-03-26,,,3291.3400,3451.5950,4000.1690,3842.6250,2171.0470,2063.6700,4001.5020,,1467.0800,1417.6140,2297.3570
2014-03-27,,,3241.9900,3425.8660,3914.1320,3776.8210,2155.7070,2046.5880,3944.0440,,1464.5300,1367.9640,2267.3410
2014-03-28,,,3182.2330,3390.6510,3836.3010,3707.8610,2151.9650,2041.7120,3865.2950,,1472.0470,1330.5000,2245.6600
2014-03-31,,,3173.1150,3359.8290,3817.9880,3675.1180,2146.3050,2033.3060,3840.5360,,1465.7830,1327.8000,2244.3160
2014-04-01,,,3216.6290,3405.1570,3878.4870,3729.1550,2163.1150,2047.4600,3899.4880,,1473.1420,1355.0510,2276.6910
2014-04-02,,,3231.0600,3434.3920,3854.7940,3739.5200,2180.7270,2058.9880,3902.0430,,1491.3030,1327.9830,2295.7620
2014-04-03,,,3214.4450,3400.3080,3841.5410,3733.4970,2165.0080,2043.7020,3896.2800,,1477.4880,1326.1760,2267.8890
2014-04-04,,,3243.8880,3431.9660,3890.5680,3770.1670,2185.4720,2058.8310,3939.2290,,1490.3340,1346.7380,2282.7560
2014-04-08,,,3289.7620,3483.6780,3923.8280,3808.3310,2237.3160,2098.2840,3981.6250,,1534.7470,1351.1830,2317.3610
2014-04-09,,,3319.7770,3494.8580,3958.9710,3841.1980,2238.6200,2105.2370,4018.5470,,1530.8750,1370.4620,2327.5680
2014-04-10,,,3325.1690,3526.1200,3974.2410,3861.9010,2273.7610,2134.3000,4038.8400,,1570.3970,1381.1420,2356.3280
2014-04-11,,,3309.1440,3512.4000,3947.1130,3840.4420,2270.6660,2130.5420,4021.1940,,1565.3080,1363.8990,2355.5860
2014-04-14,,,3338.4190,3535.7790,3978.0720,3866.3110,2268.6130,2131.5390,4051.3300,,1557.7000,1372.7280,2363.5500
2014-04-15,,,3305.4520,3486.2590,3959.3890,3833.0210,2229.4630,2101.6010,4021.9060,,1523.2200,1369.8890,2321.4700
2014-04-16,,,3306.9300,3493.3880,3963.4550,3838.4150,2232.5260,2105.1220,4019.8830,,1527.0540,1359.3040,2321.4500
2014-04-17,,,3304.0920,3491.1310,3973.2350,3838.1750,2224.8030,2098.8850,4014.9400,,1520.5620,1367.5910,2315.4870
2014-04-18,,,3297.6280,3501.5790,3986.8730,3847.4390,2224.4790,2097.7480,4029.2620,,1521.2780,1377.4190,2315.2320
2014-04-21,,,3249.7040,3445.8780,3929.6710,3771.3110,2187.2480,2065.8260,3965.3370,,1493.7560,1363.8510,2274.7890
2014-04-22,,,3225.8670,3451.6550,3895.1360,3748.8400,2196.7950,2072.8310,3947.1690,,1509.5470,1336.1870,2272.0160
2014-04-23,,,3211.8890,3433.7370,3874.1950,3735.5150,2194.6680,2067.3820,3929.1680,,1507.0410,1326.4380,2259.7690
2014-04-24,,,3192.3610,3406.1210,3829.9560,3692.7230,2190.4740,2057.0330,3884.8110,,1510.2850,1319.5050,2253.8670
2014-04-25,,,3131.1620,3341.4570,3750.6010,3615.7110,2167.8260,2036.5190,3800.6810,,1501.0460,1291.9030,2220.5160
2014-04-28,,,3047.3070,3256.3490,3635.1270,3503.4390,2134.9690,2003.4870,3684.5930,,1483.7760,1257.2630,2179.4850
2014-04-29,,,3089.2100,3305.1210,3690.6230,3556.5300,2158.4700,2020.3410,3738.9260,,1496.0090,1266.5430,2204.4750
2014-04-30,,,3105.6970,3324.0680,3727.9120,3583.6000,2158.6590,2026.3580,3766.1700,,1494.8080,1283.2090,2215.1020
2014-05-05,,,3130.6610,3345.5380,3770.3400,3611.2730,2156.4700,2027.3530,3798.2880,,1487.5320,1302.1460,2219.3560
2014-05-06,,,3151.0900,3355.7310,3799.1250,3628.4800,2157.3280,2028.0380,3817.9800,,1485.2500,1316.8580,2223.8520
2014-05-07,,,3106.7070,3305.5830,3733.3830,3555.6930,2137.3160,2010.0830,3749.9650,,1476.1760,1290.0250,2196.7050
2014-05-08,,,3109.0040,3322.1430,3723.4750,3557.1550,2135.4960,2015.2740,3754.0110,,1478.7170,1279.8370,2195.7560
2014-05-09,,,3073.7480,3302.3320,3679.6600,3520.9170,2133.9110,2011.1350,3716.0220,,1480.7370,1258.5840,2185.5430
2014-05-12,,,3146.7500,3391.4680,3749.2590,3617.9760,2180.0540,2052.8710,3812.7580,,1508.3870,1278.2820,2243.1440
2014-05-13,,,3151.4440,3387.6430,3746.6400,3606.6810,2174.8520,2050.7280,3806.8900,,1503.5170,1276.2440,2239.2070
2014-05-14,,,3152.1400,3383.2680,3752.3020,3606.0580,2172.3720,2047.9100,3803.8030,,1500.8250,1278.6610,2235.1840
2014-05-15,,,3087.0890,3316.6780,3685.0460,3529.4150,2144.0840,2024.9740,3732.3370,,1488.7710,1253.8790,2201.8610
2014-05-16,,,3077.4500,3328.7370,3657.9220,3522.3280,2145.9520,2026.5040,3726.6560,,1487.7350,1226.4730,2196.8080
2014-05-19,,,3051.1610,3291.9740,3640.3280,3503.2860,2115.1430,2005.1830,3705.3640,,1459.2120,1228.3710,2174.4590
2014-05-20,,,3055.2600,3290.0500,3656.6120,3517.4810,2115.7710,2008.1190,3715.7100,,1460.8200,1244.6470,2174.0730
2014-05-21,,,3096.9150,3320.6210,3693.4490,3552.6120,2135.9050,2024.9510,3747.3340,,1474.1390,1257.7960,2193.5850
2014-05-22,,,3100.2090,3302.3120,3704.1300,3544.6930,2130.8680,2021.2850,3746.1400,,1471.5520,1269.5130,2185.1210
2014-05-23,,,3133.8260,3332.1080,3748.7680,3579.3920,2148.4140,2034.5690,3786.5630,,1484.3750,1295.9980,2198.7460
2014-05-26,,,3172.4350,3348.0500,3798.7680,3611.6910,2155.9760,2041.4760,3827.4870,,1486.0490,1320.7590,2218.1120
2014-05-27,,,3166.8560,3342.2070,3781.8230,3594.7990,2147.2800,2034.5650,3818.3220,,1479.7330,1306.2840,2210.8540
2014-05-28,,,3199.2470,3363.0190,3837.7610,3635.4660,2169.3520,2050.2280,3861.5880,,1491.7560,1338.9710,2225.0980
2014-05-29,,,3168.4980,3322.1550,3792.0700,3591.6320,2155.1640,2040.5950,3821.8670,,1484.3070,1314.2120,2205.0600
2014-05-30,,,3177.7760,3326.1650,3793.6470,3595.7170,2156.4640,2039.2120,3829.2380,,1482.0960,1318.1270,2204.8860
2014-06-03,,,3182.2730,3315.0310,3792.5980,3583.7260,2149.9180,2038.3050,3822.7160,,1477.5220,1319.6250,2198.3550
2014-06-04,,,3147.6790,3277.5640,3769.9610,3559.0690,2128.2740,2024.8340,3789.2940,,1466.3870,1321.7180,2175.2380
2014-06-05,,,3187.0330,3308.7050,3823.2450,3599.8830,2150.6020,2040.8780,3832.0550,,1484.2410,1355.4820,2194.3480
2014-06-06,,,3174.0110,3292.4090,3813.5480,3579.0540,2134.7160,2029.9560,3818.3330,,1472.2680,1350.4470,2181.3680
2014-06-09,,,3153.6260,3275.7890,3775.2700,3559.1270,2134.2810,2030.5020,3797.4290,,1475.3470,1326.6750,2174.4750
2014-06-10,,,3194.2260,3308.6150,3825.1900,3607.1730,2161.2680,2052.5320,3840.0190,,1493.5330,1353.8710,2201.6250
2014-06-11,,,3207.7440,3317.5270,3853.4520,3619.3970,2160.7660,2054.9480,3858.0510,,1488.7640,1367.3880,2209.1830
2014-06-12,,,3191.3750,3296.8610,3841.0340,3603.4450,2153.4100,2051.7130,3850.1130,,1483.8610,1363.7390,2198.4490
2014-06-13,,,3223.2290,3322.2080,3885.2230,3642.8830,2176.2420,2070.7150,3891.5570,,1502.9610,1382.7330,2226.2320
2014-06-16,,,3228.6320,3337.2460,3902.8710,3664.3920,2191.8550,2085.9830,3914.9810,,1518.7050,1395.6110,2248.8370
2014-06-17,,,3188.2820,3299.3480,3858.8220,3633.0440,2169.6740,2066.6980,3879.3440,,1501.9390,1377.4310,2230.0380
2014-06-18,,,3160.1950,3276.3420,3837.6670,3611.7750,2160.2390,2055.5190,3858.0990,,1495.4310,1363.9910,2208.6560
2014-06-19,,,3087.3060,3205.5820,3727.9420,3513.7500,2126.9070,2023.7350,3755.6940,,1478.0380,1320.6550,2163.0680
2014-06-20,,,3105.4560,3231.6840,3766.1220,3549.0310,2136.7290,2026.6740,3789.3420,,1484.4790,1333.9820,2180.2470
2014-06-23,,,3139.4810,3234.6530,3809.0810,3572.5650,2134.1100,2024.3650,3815.8790,,1475.7600,1361.2830,2179.5100
2014-06-24,,,3165.8310,3249.7750,3832.3640,3595.4270,2144.8210,2033.9310,3839.2030,,1480.1280,1369.4390,2189.6540
2014-06-25,,,3146.6530,3233.4700,3817.2680,3582.1890,2133.3710,2025.5020,3814.0300,,1469.9540,1358.7080,2182.0680
2014-06-26,,,3182.0780,3264.3430,3868.6710,3637.2580,2149.0760,2038.6770,3861.9500,,1478.0060,1386.2730,2202.6740
2014-06-27,,,3189.3400,3285.8270,3888.8400,3676.1250,2150.2580,2036.5100,3889.3230,,1473.7560,1388.8150,2212.9160
2014-06-30,,,3212.7860,3309.4900,3934.1530,3704.0330,2165.1180,2048.3270,3924.9030,,1482.4050,1404.7100,2232.0770
2014-07-01,,,3235.2500,3320.4190,3957.9960,3719.6470,2164.5590,2050.3810,3951.7260,,1481.6630,1411.7360,2238.4630
2014-07-02,,,3257.2160,3332.8010,3979.0230,3750.9270,2170.8670,2059.4180,3979.3100,,1484.8410,1419.9370,2258.1690
2014-07-03,,,3289.6020,3354.0460,4026.4140,3783.2430,2180.1920,2063.2290,4019.6470,,1489.5450,1422.6030,2275.2020
2014-07-04,,,3276.6190,3340.9390,4009.8570,3760.1100,2178.6950,2059.3750,4004.5610,,1492.4630,1411.6380,2267.2200
2014-07-07,,,3256.6400,3339.2510,4012.5090,3769.2140,2176.2890,2059.9270,4014.4880,,1492.8360,1393.8890,2266.7240
2014-07-08,,,3286.8680,3352.7850,4040.0220,3785.0750,2180.4730,2064.0210,4039.7070,,1491.9640,1410.7250,2277.4300
2014-07-09,,,3228.2450,3298.9480,3979.5570,3725.3910,2148.7100,2038.6120,3982.4040,,1475.1370,1384.5790,2243.1900
2014-07-10,,,3216.4250,3304.4880,3974.2350,3735.0930,2142.8470,2038.3420,3982.1980,,1471.1680,1363.8820,2238.5590
2014-07-11,,,3246.0170,3341.0480,3998.7670,3773.7620,2148.0090,2046.9610,4029.7510,,1468.5410,1359.3420,2247.1630
2014-07-14,,,3298.9490,3396.8880,4060.4450,3831.4380,2171.7580,2066.6460,4090.8020,,1482.7770,1367.0700,2284.3190
2014-07-15,,,3284.3230,3405.9410,4042.1930,3842.5530,2174.9760,2070.3570,4093.1130,,1484.6620,1341.2690,2288.4540
2014-07-16,,,3257.9490,3418.4180,3997.6180,3823.2690,2170.8680,2067.2760,4062.1190,,1483.1760,1318.6150,2278.0580
2014-07-17,,,3240.5320,3394.1880,3977.9820,3805.0570,2157.0680,2055.5910,4031.4400,,1473.6680,1312.8090,2264.9240
2014-07-18,,,3243.7850,3403.3160,3989.9250,3828.9810,2164.1440,2059.0670,4042.5210,,1478.7550,1305.9220,2272.4470
2014-07-21,,,3242.2930,3382.0180,3975.0410,3819.7700,2166.2950,2054.4790,4030.2420,,1479.8370,1306.9650,2265.6620
2014-07-22,,,3293.9540,3433.7260,4039.7650,3866.1800,2192.6980,2075.4810,4083.2880,,1495.9270,1329.3490,2305.3070
2014-07-23,,,3261.3990,3426.3210,3988.5640,3846.1250,2197.8330,2078.4890,4057.1130,,1506.7550,1293.0940,2304.7300
2014-07-24,,,3257.9800,3464.3620,3980.0670,3864.6430,2237.0150,2105.0620,4054.2230,,1541.8990,1271.8790,2331.5900
2014-07-25,,,3297.4140,3499.3490,4013.4450,3904.3450,2260.4540,2126.6140,4089.8010,,1557.0150,1285.7680,2358.1000
2014-07-28,,,3356.3880,3566.4310,4090.7250,3970.0940,2323.8970,2177.9480,4168.3730,,1609.4770,1314.5270,2409.3710
2014-07-29,,,3392.3340,3592.1840,4140.4640,4000.1450,2331.3690,2183.1920,4207.8620,,1611.8520,1331.7640,2433.9900
2014-07-30,,,3408.0990,3590.4980,4150.7660,3995.3510,2322.0110,2181.2430,4214.8360,,1601.3770,1342.7380,2423.9000
2014-07-31,,,3443.1960,3632.7210,4173.2290,4035.4730,2350.2510,2201.5620,4257.0450,,1621.8470,1344.5440,2450.5040
2014-08-01,,,3418.4390,3598.5250,4126.6010,3989.1410,2329.4020,2185.3030,4210.2190,,1607.9740,1325.9380,2432.2710
2014-08-04,,,3472.1790,3667.2280,4181.7120,4060.3210,2375.6200,2223.3310,4278.8470,,1644.6340,1329.8210,2471.7970
2014-08-05,,,3490.2850,3682.6050,4217.4840,4081.9130,2369.3530,2219.9450,4300.1200,,1632.4080,1360.6920,2471.3950
2014-08-06,,,3515.6720,3712.0770,4234.7850,4095.5010,2363.2210,2217.4650,4328.6010,,1619.0120,1365.7400,2478.5830
2014-08-07,,,3482.2910,3652.9580,4200.8240,4055.0000,2327.4570,2187.6690,4286.0900,,1593.4190,1362.0280,2447.2870
2014-08-08,,,3491.6940,3652.3760,4236.9480,4069.4160,2331.1340,2194.4250,4311.6970,,1595.6620,1377.4450,2452.5300
2014-08-11,,,3545.9860,3720.6860,4308.1910,4125.3220,2365.3490,2224.6540,4377.0180,,1619.2530,1397.7840,2495.5850
2014-08-12,,,3569.4030,3731.7650,4336.7540,4144.6700,2357.0520,2221.5950,4399.8060,,1607.9100,1396.4380,2498.1360
2014-08-13,,,3554.5370,3740.7210,4341.8660,4158.2490,2358.9010,2222.8770,4401.8090,,1610.1390,1384.3090,2503.2090
2014-08-14,,,3528.8380,3708.7330,4319.7770,4120.1360,2335.9450,2206.4660,4373.5040,,1596.8390,1380.3030,2483.6130
2014-08-15,,,3552.4100,3748.1820,4370.3780,4164.5630,2360.6350,2226.7340,4423.6360,,1612.0040,1392.4510,2501.6290
2014-08-18,,,3612.8620,3796.3660,4431.6300,4214.0810,2374.5620,2239.4660,4483.5440,,1613.1270,1428.7390,2520.7410
2014-08-19,,,3618.6540,3809.4520,4438.9530,4229.8380,2374.7680,2245.3300,4496.9380,,1609.0930,1436.3960,2520.1060
2014-08-20,,,3604.0570,3801.8750,4420.7990,4232.9730,2366.1400,2240.2110,4497.3990,,1600.3380,1427.4040,2505.3710
2014-08-21,,,3597.0890,3787.2050,4425.5280,4230.1790,2354.2440,2230.4580,4495.4400,,1587.0250,1447.8810,2484.3060
2014-08-22,,,3607.8080,3798.9600,4452.0540,4261.0980,2365.3640,2240.8120,4521.7520,,1594.1830,1461.7220,2494.7760
2014-08-25,,,3577.8960,3766.7590,4414.6110,4232.2780,2342.8630,2229.2740,4487.1420,,1577.4250,1443.8060,2477.7260
2014-08-26,,,3525.9590,3708.1440,4332.1170,4149.2770,2324.0920,2207.1060,4407.5880,,1573.3910,1411.1500,2453.8300
2014-08-27,,,3531.3480,3710.1650,4336.8720,4156.9990,2327.5950,2209.4650,4421.2120,,1572.7910,1420.5400,2455.4150
2014-08-28,,,3504.5800,3681.9190,4292.3170,4119.9110,2311.2780,2195.8180,4381.4940,,1563.8890,1403.7950,2431.7400
2014-08-29,,,3539.9850,3726.7210,4343.2390,4157.1950,2338.2870,2217.2000,4427.8790,,1581.2840,1424.4690,2462.8900
2014-09-01,,,3599.0530,3779.4210,4418.1840,4221.8050,2355.3170,2235.5110,4507.4420,,1586.0220,1452.8430,2489.3680
2014-09-02,,,3634.8880,3835.9900,4480.3810,4293.4270,2386.4600,2266.0460,4576.1200,,1607.4990,1465.0330,2522.3220
2014-09-03,,,3647.5310,3862.3830,4531.3240,4318.6080,2408.8380,2288.6270,4608.5570,,1624.0320,1477.6730,2541.3200
2014-09-04,,,3665.9180,3884.6160,4572.6160,4361.6730,2426.2240,2306.8620,4647.8860,,1637.2870,1495.5130,2557.4660
2014-09-05,,,3678.1270,3911.8070,4576.3180,4381.3710,2449.2590,2326.4320,4666.4740,,1656.2370,1489.8350,2576.9480
2014-09-09,,,3697.1030,3946.7540,4597.1350,4412.2670,2445.2240,2326.5270,4701.6990,,1645.1120,1494.0170,2584.5590
2014-09-10,,,3707.4100,3944.5030,4626.8900,4426.8740,2432.4330,2318.3050,4709.9090,,1629.9850,1504.9140,2576.8750
2014-09-11,,,3709.8870,3927.5560,4643.3420,4418.8040,2423.4540,2311.6790,4704.9420,,1622.8150,1513.0140,2568.8240
2014-09-12,,,3733.2380,3974.0400,4693.7820,4477.8760,2438.3580,2331.9500,4756.9490,,1630.2040,1524.1210,2585.5250
2014-09-15,,,3752.4200,4013.2930,4723.4920,4525.9080,2437.1890,2339.1400,4807.5550,,1624.0680,1526.1350,2598.5660
2014-09-16,,,3637.1660,3900.4300,4563.0100,4404.0630,2388.7650,2296.5550,4645.5460,,1600.9160,1473.1300,2542.4420
2014-09-17,,,3668.3870,3932.2080,4593.8360,4446.4760,2401.3260,2307.8930,4686.0470,,1604.9160,1479.1180,2550.3920
2014-09-18,,,3700.6150,3949.3770,4634.5190,4480.2530,2408.6640,2315.9280,4719.0090,,1609.8690,1490.7870,2563.5150
2014-09-19,,,3726.2750,3978.9340,4674.4300,4507.6290,2425.2110,2329.4510,4758.7270,,1619.5810,1499.1240,2583.8470
2014-09-22,,,3676.1460,3921.9420,4619.8590,4456.3190,2378.9200,2289.8660,4694.2290,,1583.8860,1483.3530,2544.3820
2014-09-23,,,3705.8510,3966.0990,4671.8820,4509.8920,2399.4620,2309.7180,4754.4720,,1595.6420,1500.9900,2565.6460
2014-09-24,,,3743.0110,4028.2870,4725.9590,4580.6730,2441.8640,2343.5750,4815.7100,,1625.7310,1517.4210,2603.9340
2014-09-25,,,3725.8480,4035.0230,4729.0740,4578.2950,2436.9650,2345.1030,4814.7350,,1618.5240,1508.4160,2602.4820
2014-09-26,,,3731.5870,4056.3800,4749.3380,4590.1330,2437.2010,2347.7180,4829.9350,,1616.0880,1511.3570,2605.5870
2014-09-29,,,3755.9080,4084.0400,4796.1120,4639.0040,2447.7990,2357.7110,4877.4350,,1621.8160,1526.1750,2626.3620
2014-09-30,,,3782.3590,4111.9750,4828.6220,4666.0040,2450.9880,2363.8700,4916.1190,,1619.6970,1540.8740,2629.0760
2014-10-08,,,3840.9960,4172.5360,4907.7130,4724.1740,2478.3830,2382.7940,4993.5310,,1633.5710,1557.5680,2648.5600
2014-10-09,,,3855.2830,4190.0300,4912.5340,4747.5690,2481.9550,2389.3710,5004.0010,,1634.0420,1561.1660,2660.5100
2014-10-10,,,3831.6570,4176.3830,4888.3020,4736.3320,2466.7890,2374.5400,4981.8530,,1621.7130,1554.2170,2644.9030
2014-10-13,,,3815.5550,4186.9810,4880.1270,4753.2040,2454.9460,2366.0090,4982.6810,,1605.9860,1548.3270,2631.6570
2014-10-14,,,3793.5970,4172.8630,4857.1130,4743.7780,2446.5620,2359.4750,4966.0830,,1600.2990,1539.1190,2623.5800
2014-10-15,,,3817.9410,4209.9330,4871.8080,4773.3960,2463.8740,2373.6700,4987.7070,,1612.7720,1545.6230,2641.3690
2014-10-16,,,3762.1140,4142.1520,4791.7420,4704.6350,2444.3950,2356.4990,4906.2440,,1608.7350,1526.5600,2616.3110
2014-10-17,,,3726.0060,4090.9040,4752.5880,4647.3610,2441.7320,2341.1840,4860.7320,6058.6680,1608.5160,1511.0540,2597.9650
2014-10-20,,,3770.2550,4135.2170,4827.4090,4711.9910,2454.7110,2356.7280,4929.1600,6154.5200,1612.4020,1532.3800,2620.9340
2014-10-21,,,3744.3180,4091.2250,4788.3920,4656.6040,2433.3910,2339.6570,4884.0240,6103.0080,1600.8440,1517.4830,2598.1800
2014-10-22,,,3696.3580,4034.9720,4737.4180,4617.5040,2418.6410,2326.5530,4825.6090,6027.5100,1597.1250,1504.5520,2576.2140
2014-10-23,,,3638.0000,3957.1940,4661.1770,4537.7530,2395.9360,2302.4180,4755.2310,5930.4830,1586.5570,1477.8370,2546.0720
2014-10-24,,,3653.2480,3972.7470,4681.2910,4545.9850,2390.7060,2302.2800,4774.6660,5941.9260,1583.4190,1477.5880,2547.7720
2014-10-27,,,3670.0050,3982.6760,4732.1280,4586.1320,2368.8320,2290.4370,4809.5180,6006.8380,1559.9060,1492.0100,2541.5610
2014-10-28,,,3741.3590,4094.4030,4830.7130,4711.0510,2416.6530,2337.8710,4924.9550,6163.6720,1585.7440,1522.0520,2599.2680
2014-10-29,,,3771.3640,4165.4050,4891.6150,4802.6890,2451.3840,2373.0300,4991.7550,6246.6990,1608.4020,1530.0840,2645.3470
2014-10-30,,,3771.2550,4215.6170,4879.6910,4826.4700,2468.9250,2391.0760,4992.6300,6241.5880,1619.0960,1525.7670,2668.8070
2014-10-31,,,3774.5290,4249.1870,4868.6570,4849.0850,2508.3250,2420.1780,4986.4160,6208.6100,1657.2860,1513.2670,2691.5910
2014-11-03,,,3794.1060,4308.1250,4928.0370,4915.9450,2512.5480,2430.0320,5028.6980,6275.9930,1651.0520,1529.8920,2714.2040
2014-11-04,,,3775.7430,4321.5370,4894.8250,4903.3510,2513.1720,2430.6770,5003.4700,6231.8160,1645.6240,1516.3960,2712.7350
2014-11-05,,,3768.1940,4304.6220,4874.5100,4885.8380,2503.4480,2419.2540,4995.4430,6227.2450,1637.6250,1512.4870,2705.8740
2014-11-06,,,3785.2920,4319.5690,4895.1570,4925.1240,2506.0670,2425.8640,5024.8480,6289.1920,1635.9640,1532.5200,2720.4740
2014-11-07,,,3753.5670,4276.2940,4850.7130,4875.4940,2502.1530,2418.1710,4977.2550,6228.1670,1640.3230,1522.6250,2707.8800
2014-11-10,,,3790.5960,4379.5180,4867.4820,4964.0710,2565.7300,2473.6730,5031.0010,6246.6120,1689.0240,1514.8180,2768.2490
2014-11-11,,,3699.0300,4272.0110,4697.4950,4831.1950,2558.6120,2469.6730,4881.4800,6023.0040,1710.8820,1461.5080,2725.3440
2014-11-12,,,3755.0730,4368.8590,4764.3400,4919.2810,2594.3180,2494.4760,4965.3840,6120.0580,1731.0210,1475.7530,2768.2770
2014-11-13,,,3722.2930,4360.6980,4734.5790,4883.3990,2579.7500,2485.6060,4921.6710,6023.7820,1726.3370,1442.8590,2753.0580
2014-11-14,,,3720.8510,4340.6400,4729.3960,4852.9680,2581.0930,2478.8240,4909.6090,6009.4460,1728.8050,1441.2130,2741.0940
2014-11-17,,,3746.8230,4357.1840,4790.9280,4893.0120,2567.1010,2474.0090,4958.4660,6100.8330,1708.0960,1471.6850,2748.5580
2014-11-18,,,3745.5450,4361.7890,4806.3140,4895.5730,2541.4160,2456.3660,4967.6510,6139.5220,1679.4230,1481.8600,2736.9080
2014-11-19,,,3764.0190,4360.4880,4830.6330,4907.6320,2537.2230,2450.9860,4985.1010,6193.5620,1671.6540,1505.5520,2725.6090
2014-11-20,,,3745.2800,4356.1250,4814.8510,4920.7080,2537.0990,2452.6600,4974.6260,6185.9190,1676.5980,1494.5910,2726.8140
2014-11-21,,,3767.3740,4419.2590,4854.0470,4978.8210,2583.4550,2486.7910,5029.7730,6240.7740,1714.7110,1504.8330,2763.0690
2014-11-24,,,3813.3150,4526.6550,4908.2080,5091.0840,2649.2580,2532.8790,5112.1190,6293.0230,1758.0960,1507.8110,2810.7270
2014-11-25,,,3879.1930,4615.1590,4987.2350,5178.6550,2685.5610,2567.5970,5189.0010,6392.4420,1777.6730,1541.9220,2860.0490
2014-11-26,,,3886.0470,4637.6850,5004.2950,5197.9160,2723.0180,2604.3450,5214.2100,6435.1400,1820.4890,1554.2200,2879.9710
2014-11-27,,,3892.7210,4662.8710,5041.7630,5229.7540,2754.4900,2630.4860,5251.3890,6472.5870,1853.0040,1563.4090,2889.6390
2014-11-28,,,3892.9850,4691.9190,5047.2630,5233.9590,2808.8190,2682.8350,5245.2670,6478.1080,1914.4400,1570.8510,2923.6400
2014-12-01,,,3893.4880,4715.8420,5002.6010,5197.2770,2819.8120,2680.1550,5208.1390,6392.4640,1920.3800,1552.3060,2935.1960
2014-12-02,,,3942.7140,4810.0470,5069.9070,5283.5570,2923.9400,2763.5450,5277.6570,6457.5560,2021.5400,1565.4170,2999.5350
2014-12-03,,,3993.9280,4894.0450,5119.7340,5342.7240,2967.5490,2779.5250,5339.0050,6513.9570,2037.5850,1604.4470,3032.1160
2014-12-04,,,4079.9520,5040.8780,5190.1280,5470.0870,3104.3510,2899.4560,5451.9620,6605.3220,2160.6600,1621.8450,3133.9150
2014-12-05,,,3960.7290,4927.2670,5075.7040,5353.5500,3124.8850,2937.6470,5333.8920,6462.0890,2200.2530,1581.9070,3109.2720
2014-12-08,,,3997.3000,5097.9700,5097.1850,5454.8170,3252.8810,3020.2580,5412.6740,6457.5110,2298.8490,1567.1630,3188.3280
2014-12-09,,,3854.0810,4947.0960,4901.2720,5253.8310,3106.9130,2856.2690,5195.4060,6161.3670,2182.6930,1504.6230,3069.5930
2014-12-10,,,4002.6270,5182.2080,5083.4660,5451.5000,3221.5460,2940.0060,5374.0970,6366.8100,2254.8230,1572.6850,3199.7910
2014-12-11,,,4046.9310,5294.1360,5174.7520,5577.7400,3183.0120,2925.7430,5454.4430,6463.3160,2193.5420,1587.6650,3225.4560
2014-12-12,,,4076.1460,5295.8810,5221.2080,5602.0570,3193.2270,2938.1730,5493.2000,6545.1900,2193.2870,1623.5690,3241.7670
2014-12-15,,,4152.3890,5377.1990,5300.2570,5654.4820,3217.2280,2953.4210,5583.5970,6658.1450,2201.5360,1657.4980,3268.4620
2014-12-16,,,4155.5470,5430.1710,5297.4790,5684.4170,3303.4020,3021.5180,5606.6930,6635.2550,2299.2780,1649.5820,3318.8590
2014-12-17,,,4130.9080,5407.3700,5242.8910,5645.3990,3360.5980,3061.0200,5557.2860,6551.1190,2383.9480,1644.2120,3346.5780
2014-12-18,,,4110.1640,5401.1770,5228.7540,5643.8500,3345.9270,3057.5210,5558.0450,6540.8810,2364.0410,1634.0520,3348.4440
2014-12-19,,,4083.8060,5518.5780,5162.7190,5670.4860,3383.1670,3108.5960,5524.1220,6438.0420,2390.2800,1596.8110,3423.9090
2014-12-22,,,3990.9190,5386.7000,4956.7690,5500.1610,3394.4810,3127.4450,5305.2090,6120.5820,2426.6840,1517.9280,3439.2130
2014-12-23,,,3895.5260,5206.7650,4891.1910,5365.4430,3324.9240,3032.6120,5193.7220,6023.3660,2374.9540,1496.5340,3330.9920
2014-12-24,,,3928.6990,5201.5820,4973.9420,5412.1930,3230.3850,2972.5320,5262.3650,6154.8780,2270.8830,1519.7980,3275.2030
2014-12-25,,,3986.2340,5362.3630,5047.2960,5541.5800,3335.4190,3072.5360,5364.5630,6222.5060,2359.6550,1529.4680,3373.7300
2014-12-26,,,4023.3140,5475.7120,5076.7710,5614.6470,3445.8390,3157.6030,5422.7510,6233.9360,2464.8190,1536.0820,3433.2820
2014-12-29,,,3965.4460,5482.0290,5054.2670,5614.0600,3455.4550,3168.0160,5367.6370,6098.9790,2481.6630,1499.4000,3419.2330
2014-12-30,,,3893.1930,5359.6860,4962.0610,5520.1770,3457.5540,3165.8150,5275.0850,5982.6360,2523.6270,1460.1080,3383.0510
2014-12-31,,,3935.5700,5436.3460,4999.7040,5590.8140,3533.7050,3234.6770,5322.7140,6027.5200,2581.5670,1471.7640,3448.8050
2015-01-05,,,4035.0940,5634.5400,5039.9490,5747.9600,3641.5410,3350.5190,5417.0170,6049.7870,2649.6390,1464.7740,3582.3060
2015-01-06,,,4102.3030,5638.1380,5119.2600,5740.8340,3641.0590,3351.4460,5479.8640,6172.3920,2629.4020,1539.8280,3605.5960
2015-01-07,,,4091.2700,5662.8540,5111.8220,5747.4840,3643.7900,3373.9540,5488.2420,6166.7690,2635.2310,1523.3870,3596.0460
2015-01-08,,,4073.6290,5563.1920,5107.3860,5652.9390,3559.2590,3293.4560,5444.0370,6164.1110,2558.1070,1541.8870,3517.5960
2015-01-09,,,4053.3800,5486.5740,5102.4590,5591.8660,3546.7230,3285.4120,5409.0580,6128.0120,2569.0190,1553.2390,3499.4160
2015-01-12,,,4038.6960,5357.6160,5067.0420,5437.9620,3513.5760,3229.3160,5332.2210,6062.2830,2543.8520,1586.1240,3423.4220
2015-01-13,,,4099.5470,5382.9480,5135.1250,5480.0780,3514.0400,3235.3010,5405.0910,6167.1170,2527.8280,1601.1680,3451.4440
2015-01-14,,,4075.8660,5324.1880,5127.7920,5432.7640,3502.4230,3222.4370,5379.7380,6139.2900,2534.2300,1588.0070,3442.5330
2015-01-15,,,4115.9360,5440.5380,5140.9870,5538.9200,3604.1210,3336.4550,5449.0380,6168.6580,2632.8900,1586.3350,3532.4700
2015-01-16,,,4176.3580,5483.3920,5217.9870,5574.7620,3635.1460,3376.4950,5520.1230,6252.0750,2653.0340,1639.5550,3559.5730
2015-01-19,,,4035.0660,5084.3500,5059.1310,5225.9990,3355.1550,3116.3510,5281.8950,6109.2850,2410.2010,1630.0650,3294.7500
2015-01-20,,,4196.7650,5253.5960,5253.6300,5387.2060,3396.2220,3173.0520,5472.5140,6336.6310,2403.7240,1700.8520,3372.5810
2015-01-21,,,4295.2220,5437.5030,5367.0910,5551.3180,3548.8850,3323.6110,5611.6940,6465.7330,2542.3180,1722.5810,3493.4850
2015-01-22,,,4348.5570,5505.2430,5446.3460,5630.9920,3567.6130,3343.3440,5690.1560,6568.6360,2544.3080,1744.0370,3517.1250
2015-01-23,,,4299.1370,5467.0270,5391.3190,5610.7950,3571.7320,3351.7640,5633.2890,6502.0670,2564.5140,1697.2880,3502.0900
2015-01-26,,,4400.8560,5610.6380,5513.9120,5739.5930,3607.9850,3383.1820,5758.9790,6642.6120,2562.3630,1739.7900,3555.0920
2015-01-27,,,4399.0730,5602.5740,5536.3850,5764.7900,3574.9310,3352.9600,5773.8160,6693.8060,2522.1030,1743.6750,3550.8070
2015-01-28,,,4368.8220,5556.9140,5515.3670,5733.5930,3525.3230,3305.7380,5739.9190,6666.2640,2486.2850,1731.4130,3519.7090
2015-01-29,,,4338.8580,5521.3780,5463.9200,5691.9870,3481.7980,3262.3050,5701.2050,6625.0050,2442.0380,1711.3720,3497.6880
2015-01-30,,,4282.0190,5425.6030,5412.0110,5623.9930,3434.3900,3210.3630,5632.7280,6546.5970,2405.3800,1680.5800,3452.8540
2015-02-02,,,4271.5140,5329.5400,5416.5410,5553.8460,3353.9600,3128.3000,5609.3890,6535.9030,2332.5330,1696.8290,3373.1480
2015-02-03,,,4339.6320,5425.8880,5524.7570,5632.8400,3437.4450,3204.9070,5707.4760,6654.5490,2405.7600,1750.9060,3430.6020
2015-02-04,,,4304.4330,5384.3630,5517.5130,5635.3400,3401.7680,3174.1260,5683.5190,6653.3380,2372.4550,1757.7390,3406.7800
2015-02-05,,,4268.4440,5312.3020,5491.2070,5574.1210,3366.9460,3136.5310,5654.2170,6654.0820,2348.9210,1774.3120,3358.1780
2015-02-06,,,4192.2690,5179.7040,5383.0890,5441.5220,3312.4200,3075.9070,5534.7850,6526.9490,2325.2410,1730.9660,3280.8830
2015-02-09,,,4168.0190,5163.0690,5354.3240,5412.0110,3345.9210,3095.1240,5504.9740,6474.8170,2366.7660,1708.8450,3281.7810
2015-02-10,,,4237.1640,5260.8250,5429.0380,5481.3580,3406.9430,3141.5930,5580.7040,6555.8180,2403.5480,1747.6750,3342.4390
2015-02-11,,,4292.5570,5306.9390,5496.8040,5514.3200,3434.1240,3157.7040,5641.7860,6645.5100,2415.1280,1772.8450,3357.9990
2015-02-12,,,4332.3490,5338.6790,5533.1180,5555.9780,3442.8740,3173.4160,5681.3410,6703.8150,2416.4490,1788.8090,3365.3030
2015-02-13,,,4409.3500,5407.2590,5627.2430,5656.4290,3469.8280,3203.8270,5769.2720,6815.8480,2427.4740,1825.4880,3408.9020
2015-02-16,,,4480.5060,5466.7650,5733.3520,5729.7870,3499.4830,3222.3630,5869.7130,6965.3010,2431.2100,1896.6280,3435.2940
2015-02-17,,,4513.3500,5544.3940,5761.1730,5785.7300,3522.3220,3246.9060,5911.0980,7020.0530,2445.2600,1894.3060,3459.1550
2015-02-25,,,4470.5650,5538.3460,5745.0200,5807.3540,3478.7290,3228.8430,5906.5380,7004.6650,2407.4570,1876.7450,3449.9940
2015-02-26,,,4520.7680,5657.1930,5786.8070,5899.1760,3566.2950,3298.3590,5969.5570,7045.2680,2478.0610,1880.3880,3518.7210
2015-02-27,,,4550.4820,5667.2310,5845.8940,5931.9190,3572.8430,3310.3030,6018.4630,7141.8880,2474.5950,1928.0440,3522.4650
2015-03-02,,,4627.9670,5767.7690,5976.3970,6036.1500,3601.2650,3336.2850,6139.7920,7317.6770,2479.2370,1986.9860,3567.6140
2015-03-03,,,4577.6100,5701.6100,5933.5010,5988.0260,3507.9000,3263.0520,6118.6560,7282.1080,2396.8050,1961.7430,3514.8760
2015-03-04,,,4672.5460,5768.1590,6030.1470,6057.1320,3530.8220,3279.5330,6210.4210,7411.0340,2397.9930,2009.8270,3544.6910
2015-03-05,,,4699.9530,5737.4000,6038.4390,6066.5020,3496.3440,3248.4760,6208.9880,7450.9060,2366.8990,2014.7860,3520.0510
2015-03-06,,,4636.2410,5712.5120,5968.5970,6045.9080,3478.5200,3241.1870,6133.0260,7338.4040,2371.6230,1951.3980,3513.8540
2015-03-09,,,4686.6170,5790.8990,6054.6320,6108.4780,3537.7500,3302.4080,6212.2360,7450.8160,2429.8670,1994.3900,3581.5550
2015-03-10,,,4767.6150,5845.4320,6133.2210,6157.2460,3520.6110,3286.0680,6276.4850,7566.4810,2395.4280,2045.3220,3582.0170
2015-03-11,,,4758.2250,5813.3700,6144.8380,6157.0190,3524.6530,3290.9000,6262.8920,7566.3120,2408.5030,2035.8290,3593.4850
2015-03-12,,,4760.1160,5855.0970,6131.4080,6175.7970,3592.8440,3349.3230,6260.1370,7514.4450,2485.1140,2018.1320,3640.5450
2015-03-13,,,4810.0860,5923.1850,6247.5420,6257.9610,3617.6570,3372.9110,6329.5760,7649.3450,2495.2770,2069.0720,3669.4520
2015-03-16,,,4961.4360,6110.0000,6454.2310,6424.7890,3705.6710,3449.3050,6516.7650,7903.3630,2550.8610,2142.6720,3746.2760
2015-03-17,,,5022.8890,6245.6880,6507.1040,6508.2430,3757.1220,3502.8470,6618.0540,7993.2430,2583.1980,2137.4620,3804.4310
2015-03-18,,,5101.9010,6372.9260,6628.7070,6632.1000,3846.0550,3577.3010,6728.0680,8150.9510,2649.6420,2182.9190,3904.7840
2015-03-19,,,5119.6920,6408.3840,6663.0280,6691.7650,3839.7390,3582.2710,6782.4630,8216.6240,2630.2430,2183.8780,3926.7900
2015-03-20,,,5166.2480,6432.9420,6777.9330,6731.4810,3892.5740,3617.3180,6850.8970,8318.8290,2680.6790,2213.7660,3958.9160
2015-03-23,,,5317.8240,6595.0350,6988.6860,6872.0870,3972.0610,3687.7280,7017.1540,8560.4410,2720.6710,2293.6490,4040.1600
2015-03-24,,,5378.9030,6677.3710,7074.3760,6858.7480,3973.0460,3691.4100,7046.1230,8655.3800,2683.6470,2357.9690,4060.4530
2015-03-25,,,5421.2530,6667.3940,7167.1460,6879.2640,3940.4120,3660.7270,7124.8720,8784.9090,2649.1610,2385.0140,4050.8460
2015-03-26,,,5352.0390,6677.2050,7025.0710,6891.8400,3949.9990,3682.0950,7074.4370,8611.8640,2687.7620,2291.7890,4057.9690
2015-03-27,,,5426.7990,6736.5170,7152.6740,6961.7230,3971.6970,3691.0960,7155.9450,8710.2910,2689.2400,2323.8180,4095.9620
2015-03-30,,,5517.2410,6911.7930,7208.0810,7128.5240,4088.1780,3786.5680,7245.4970,8719.2200,2784.4560,2290.4760,4198.2330
2015-03-31,,,5510.2290,6822.0260,7258.0110,7067.8530,4051.2040,3747.8990,7253.1040,8780.7390,2754.6580,2335.1710,4167.3720
2015-04-01,,,5639.0230,6923.6920,7484.6900,7219.6210,4123.8950,3810.2940,7425.7330,9008.2010,2799.4510,2404.9090,4249.9980
2015-04-02,,,5747.0280,7000.6540,7646.4560,7353.1420,4124.7760,3825.7840,7560.6480,9238.0530,2781.6410,2475.3250,4326.2800
2015-04-03,,,5834.3700,7072.5670,7806.5230,7474.8780,4170.5380,3863.9290,7679.0100,9419.2010,2817.1810,2510.1600,4419.5740
2015-04-07,,,5942.0380,7234.3490,8019.3900,7654.2930,4260.0440,3961.3780,7863.2840,9600.7220,2889.4520,2556.6980,4556.6840
2015-04-08,,,5857.7220,7190.4510,7959.0110,7588.1350,4295.8030,3994.8110,7807.9970,9455.5900,2952.0790,2488.1580,4589.5710
2015-04-09,,,5792.5120,7141.1150,7997.4090,7522.4860,4262.1380,3957.5340,7746.1510,9369.6570,2931.7720,2496.4870,4553.7950
2015-04-10,,,5960.7500,7291.1620,8182.3500,7703.9240,4344.4160,4034.3100,7952.1890,9600.4010,2986.6050,2552.8290,4676.6020
2015-04-13,,,6097.9140,7471.7600,8259.3050,7896.3170,4421.0730,4121.7150,8122.8930,9813.5960,3041.1250,2577.7760,4779.2990
2015-04-14,,,6101.2390,7512.2570,8201.0160,7931.1950,4438.1840,4135.5650,8119.9590,9830.0620,3052.4070,2558.8480,4805.1450
2015-04-15,,,5837.4370,7279.0310,7846.7830,7658.9380,4380.5130,4084.1630,7802.7470,9441.1920,3053.3040,2441.7390,4687.2810
2015-04-16,,,5911.4710,7391.6290,7947.2090,7770.0460,4513.5460,4194.8230,7912.0880,9541.7660,3183.3020,2484.3300,4793.8800
2015-04-17,,,5934.9040,7565.4020,7944.7790,7879.9920,4596.1360,4287.2960,7980.7600,9567.6950,3235.3320,2463.9900,4842.8480
2015-04-20,,,5798.9060,7578.3100,7742.8060,7740.0240,4521.9190,4217.0770,7839.9010,9353.6120,3164.4610,2424.8480,4738.4380
2015-04-21,,,5978.6830,7741.3310,8046.8800,7972.5250,4619.1640,4293.6230,8112.6870,9716.3490,3214.3640,2566.0910,4832.0830
2015-04-22,,,6117.9320,7944.0290,8222.1240,8212.1930,4739.8140,4398.4940,8323.4270,9995.2620,3299.2210,2634.9310,4971.0920
2015-04-23,,,6170.4440,8050.4750,8303.5610,8310.9150,4740.8920,4414.5080,8410.7030,10105.2700,3273.3980,2706.1850,4990.3350
2015-04-24,,,6144.9640,8051.5250,8278.6710,8252.3630,4702.6410,4393.6860,8419.0950,10123.9100,3223.9580,2734.7500,4935.6380
2015-04-27,,,6189.6340,8219.3600,8308.5630,8333.6510,4807.5920,4527.3960,8513.0160,10174.9000,3308.4540,2747.4970,5014.7720
2015-04-28,,,5998.9890,7997.1890,8050.9660,8105.1640,4741.8610,4476.2150,8266.4830,9847.8930,3282.3300,2687.9740,4910.5660
2015-04-29,,,6126.1520,8109.7490,8226.6770,8242.9280,4774.3260,4476.6200,8428.2540,10107.4000,3283.2820,2797.5240,4948.8940
2015-04-30,,,6123.3980,8092.6690,8296.0140,8250.1560,4749.8860,4441.6550,8469.6730,10180.4900,3250.4900,2857.8900,4955.8570
2015-05-04,,,6151.2730,8179.2540,8313.9920,8370.4040,4787.7410,4480.4640,8510.4810,10270.1300,3272.0050,2845.2520,5038.7270
2015-05-05,,,5920.3110,7747.4870,8058.6520,7997.6210,4596.8370,4298.7060,8199.3440,10007.2700,3148.8130,2783.4430,4824.9720
2015-05-06,,,5867.7340,7526.0810,7994.9000,7783.6340,4553.3270,4229.2660,8082.9990,9973.9910,3139.0200,2846.5580,4723.2900
2015-05-07,,,5777.3090,7263.4500,7875.3170,7579.1110,4470.0890,4112.2140,7903.4780,9806.5080,3094.8830,2806.0470,4591.6210
2015-05-08,,,5985.8330,7476.0850,8256.7660,7841.2500,4558.4040,4205.9170,8201.2930,10274.3800,3110.4550,2973.5960,4712.6420
2015-05-11,,,6208.9200,7755.8290,8674.0990,8161.9670,4690.5320,4333.5840,8558.2180,10771.6200,3169.1340,3146.8300,4885.7480
2015-05-12,,,6288.6970,7939.7110,8883.5710,8286.8830,4747.4210,4401.2190,8745.6780,11051.4300,3188.3130,3250.2960,4963.8070
2015-05-13,,,6379.4290,7969.8280,8910.8070,8328.4470,4718.4360,4375.7600,8824.9290,11137.3000,3141.2960,3192.1470,4945.7400
2015-05-14,,,6398.8220,7949.4720,8894.4520,8324.4010,4700.7780,4378.3110,8813.3930,11211.1000,3128.5720,3141.5930,4958.9430
2015-05-15,,,6348.3080,7795.8760,8861.6600,8235.4020,4617.4700,4308.6910,8742.8850,11217.9300,3060.4110,3145.3350,4880.2750
2015-05-18,,,6463.2960,7795.4480,9118.4660,8322.9000,4575.1400,4283.4910,8903.5950,11542.2800,2998.3890,3278.4830,4881.5290
2015-05-19,,,6680.5650,8041.9640,9268.4880,8556.0560,4731.2220,4417.5520,9124.8330,11831.3600,3116.0860,3322.7740,5030.6900
2015-05-20,,,6788.4830,8145.5360,9461.0470,8686.5560,4754.9190,4446.2880,9277.3310,12132.3700,3122.8500,3406.2840,5099.4210
2015-05-21,,,7042.2810,8379.1710,9896.2600,8999.5790,4840.9760,4529.4220,9619.2230,12586.0500,3150.9010,3527.4130,5260.2830
2015-05-22,,,7143.1420,8550.1280,9949.1100,9234.5180,4951.3350,4657.5960,9778.1710,12687.2900,3248.8550,3516.6270,5385.9200
2015-05-25,,,7263.6210,8883.6870,10110.5910,9565.9680,5099.4950,4813.7980,10040.0900,12877.8700,3349.9450,3467.9160,5556.7770
2015-05-26,,,7457.2290,9116.1760,10486.3970,9846.9130,5198.9180,4910.8970,10373.5800,13401.3100,3386.5930,3618.2310,5680.5330
2015-05-27,,,7551.6650,9278.3640,10572.2540,10030.9680,5181.4340,4941.7140,10497.3400,13582.5500,3344.7380,3628.6730,5696.3580
2015-05-28,,,7100.2820,8606.5620,10008.0920,9391.2860,4834.0070,4620.2660,9868.4240,12818.9900,3124.6210,3432.9820,5355.6620
2015-05-29,,,7116.4170,8658.6980,10183.8040,9456.2420,4840.8290,4611.7440,9966.8450,13027.2100,3111.3340,3542.8440,5369.2830
2015-06-01,,,7502.6810,9164.4290,10694.2560,9991.2510,5076.1790,4828.7380,10488.3100,13691.1700,3244.3190,3718.7530,5674.1990
2015-06-02,,,7812.9550,9465.3680,11140.0100,10347.7040,5161.8700,4910.5270,10886.4000,14276.3200,3258.3100,3901.5430,5846.3930
2015-06-03,,,7815.5410,9442.2620,11288.6300,10411.1460,5143.5900,4909.9780,10979.9900,14356.6000,3238.4280,3982.2510,5863.5270
2015-06-04,,,7813.1040,9465.2340,11241.9290,10419.8780,5181.4160,4947.1020,10965.4100,14308.6500,3299.0300,3943.4670,5906.8910
2015-06-05,,,7905.5980,9720.9210,11389.4980,10675.9550,5230.5520,5023.0960,11144.5200,14465.7500,3303.9880,3885.8320,6018.4190
2015-06-08,,,7787.7410,9852.7820,11189.6570,10703.1830,5353.7510,5131.8810,11030.9200,14099.7300,3458.7070,3704.5530,6124.1550
2015-06-09,,,7716.6720,9918.3830,11168.0100,10706.4670,5317.4610,5113.5340,11013.7400,14106.2300,3413.9960,3705.5360,6085.0370
2015-06-10,,,7895.0390,10012.0000,11424.7510,10855.8780,5309.1120,5106.0360,11208.0600,14461.8100,3370.3830,3834.6990,6089.1300
2015-06-11,,,8057.0870,10136.0940,11625.2450,11034.2170,5306.5900,5121.5930,11366.2900,14768.8800,3347.1160,3862.1380,6113.0910
2015-06-12,,,8097.3280,10301.7030,11873.7170,11287.1370,5335.1150,5166.3500,11545.8900,15006.3400,3350.2480,3899.7050,6226.6160
2015-06-15,,,7927.9650,10199.0330,11526.3570,11187.9050,5221.1670,5062.9930,11332.8900,14707.7800,3262.4790,3696.0270,6149.7340
2015-06-16,,,7655.5660,9817.1590,11116.0900,10725.0590,5064.8210,4887.4320,10879.8400,14102.2200,3179.6520,3590.6690,5880.9480
2015-06-17,,,7782.2810,9972.8710,11414.0060,10953.9420,5138.8310,4967.8980,11100.5500,14407.3100,3211.7070,3741.3570,6030.0650
2015-06-18,,,7454.4450,9747.9480,10986.8250,10683.3330,4930.5490,4785.3560,10731.3800,13934.2100,3068.4880,3504.5540,5884.3230
2015-06-19,,,6956.9650,8985.2810,10277.3270,9880.4670,4637.0520,4478.3640,9987.4070,13024.7200,2903.0570,3314.9760,5478.3050
2015-06-23,,,7026.5670,9105.9190,10317.9870,9925.6370,4786.0910,4576.4920,10046.8800,13047.0200,3003.1630,3393.9400,5524.2890
2015-06-24,,,7169.3400,9432.2200,10471.5530,10237.4000,4880.1260,4690.1500,10267.6300,13313.7900,3045.2440,3383.4040,5674.4660
2015-06-25,,,6877.9320,9119.4700,10063.2400,9856.3550,4706.5160,4527.7790,9906.1040,12760.4800,2943.9900,3206.3810,5482.0150
2015-06-26,,,6265.0960,8349.2010,9216.9340,8989.9520,4336.1950,4192.8730,9078.0650,11730.7500,2736.6950,2920.7030,5056.8310
2015-06-29,,,5835.2920,7959.0410,8606.3780,8433.7810,4191.5490,4053.0300,8484.6430,10906.0400,2678.3680,2689.7600,4864.3370
2015-06-30,,,6170.1670,8363.7260,9057.6170,8846.9060,4472.9980,4277.2220,8906.0200,11381.4700,2870.0250,2858.6060,5118.2030
2015-07-01,,,5910.9970,7887.1440,8631.2150,8280.5510,4253.0210,4053.7000,8411.9100,10734.0100,2736.8470,2759.4080,4829.2600
2015-07-02,,,5581.2840,7329.5860,8077.1650,7652.2310,4107.9960,3912.7670,7835.1040,10002.3600,2714.2470,2649.3160,4579.4860
2015-07-03,,,5328.1550,6803.5540,7649.0540,7079.0580,3885.9170,3686.9150,7355.4910,9358.7320,2582.2660,2605.2760,4274.7380
2015-07-06,,,5267.4610,6736.0380,7440.2020,6902.5720,3998.5370,3775.9120,7235.9990,8858.9120,2749.9980,2493.8280,4330.5890
2015-07-07,,,4966.0950,6297.3810,7064.5890,6370.0650,3928.0030,3727.1250,6763.5260,8356.1260,2812.4460,2352.0100,4179.8550
2015-07-08,,,4822.7330,5927.8310,6978.9640,6133.6220,3663.0380,3507.1920,6602.3740,8114.6040,2608.9770,2364.0490,3971.3060
2015-07-09,,,5010.8940,6299.0020,7209.5350,6500.2490,3897.6260,3709.3300,6896.3520,8348.8750,2781.0770,2435.7550,4232.9750
2015-07-10,,,5250.2050,6724.9210,7483.9540,6924.9960,4106.5560,3877.8030,7244.7840,8620.2720,2898.4100,2535.8890,4482.9140
2015-07-13,,,5574.9810,7244.6840,7879.4860,7428.2340,4211.8120,3970.3880,7695.6350,9032.5560,2869.0510,2683.0740,4679.8140
2015-07-14,,,5673.9940,7300.1260,8020.7640,7503.8390,4112.1490,3924.4870,7859.0570,9338.1690,2763.0730,2726.0480,4631.6330
2015-07-15,,,5333.5260,6783.2690,7623.4520,6968.4450,3966.7590,3805.7030,7405.2950,8942.9050,2757.9510,2590.0310,4408.9470
2015-07-16,,,5450.8850,6974.6600,7752.5670,7124.1250,3997.3560,3823.1760,7578.7590,9041.2290,2742.8470,2627.0760,4441.6830
2015-07-17,,,5734.6440,7368.1670,8176.6470,7553.0200,4151.4960,3957.3520,7994.6970,9541.2590,2807.0650,2783.3240,4623.9060
2015-07-20,,,5820.4200,7466.5770,8375.0610,7659.1610,4160.6120,3992.1100,8116.4960,9839.9170,2783.7610,2848.3030,4646.2240
2015-07-21,,,5883.3460,7516.6310,8546.6440,7768.5460,4166.0060,4017.6750,8220.4630,10062.8900,2772.7740,2882.8970,4692.0050
2015-07-22,,,5925.7410,7596.7330,8634.7120,7878.0600,4157.1600,4026.0450,8320.2360,10228.8600,2739.7860,2897.3730,4710.5740
2015-07-23,,,6046.2880,7809.0170,8901.0490,8151.7900,4250.8050,4123.9230,8551.9910,10553.2200,2790.7640,2967.9520,4817.9110
2015-07-24,,,5952.9710,7702.5230,8737.0520,8023.0640,4176.2790,4070.9080,8425.0740,10449.7500,2741.0440,2897.8240,4725.4510
2015-07-27,,,5525.2980,7090.0340,8071.7610,7362.8760,3818.7310,3725.5580,7794.1810,9719.5510,2493.2900,2683.4460,4331.5090
2015-07-28,,,5399.2870,6999.2700,7848.9390,7221.1500,3811.0930,3663.0020,7649.8200,9284.5410,2485.6740,2581.9620,4281.7500
2015-07-29,,,5622.7140,7376.8230,8186.2290,7604.2870,3930.3790,3789.1680,8022.7960,9727.2320,2531.4450,2693.8650,4466.3850
2015-07-30,,,5455.7100,7172.2960,7876.7520,7404.8480,3815.4120,3705.7660,7800.5800,9460.7290,2467.3670,2561.1910,4346.5170
2015-07-31,,,5445.7940,7165.8490,7792.4560,7322.8050,3816.6990,3663.7260,7727.0610,9223.6360,2461.2400,2539.8440,4346.6300
2015-08-03,,,5375.4410,7123.5590,7537.3580,7161.1010,3829.2350,3622.9050,7540.2050,8723.5940,2479.7240,2399.2730,4374.0420
2015-08-04,,,5602.6330,7461.1110,7958.4230,7575.7550,3948.1550,3756.5450,7942.0950,9265.2210,2534.7110,2546.1620,4534.8200
2015-08-05,,,5507.1660,7344.0700,7836.1910,7490.0760,3866.9000,3694.5730,7839.3380,9240.8850,2487.0620,2502.0410,4485.8270
2015-08-06,,,5460.6130,7267.9020,7795.2150,7443.7950,3831.8520,3661.5390,7792.0280,9229.3490,2467.5250,2480.9260,4456.4640
2015-08-07,,,5616.3980,7463.4420,8034.7980,7665.2180,3906.9450,3744.2050,8013.3190,9585.1360,2503.7960,2576.9930,4556.8310
2015-08-10,,,5869.7200,7827.5700,8420.0770,8059.1780,4084.3650,3928.4150,8394.0860,10077.9400,2617.6590,2706.7180,4767.9770
2015-08-11,,,5880.8100,7832.4050,8421.3720,8141.4510,4066.6690,3927.9080,8435.3270,10153.7100,2590.7100,2698.9120,4781.9740
2015-08-12,,,5809.0060,7763.5980,8277.8020,8045.0360,4016.1260,3886.3200,8336.3370,10005.9300,2561.1270,2622.1880,4710.5950
2015-08-13,,,5927.0300,7979.5150,8480.3920,8267.0720,4075.4630,3954.5560,8534.4290,10308.7900,2580.7780,2684.2580,4826.2810
2015-08-14,,,5946.3240,8003.8220,8543.6940,8389.2470,4073.5400,3965.3350,8625.2420,10377.9800,2577.0380,2674.0220,4811.5250
2015-08-17,,,6013.6140,8243.9450,8671.7850,8661.5040,4077.8720,3993.6680,8820.4570,10563.1300,2550.4670,2666.2870,4882.9020
2015-08-18,,,5634.7690,7591.1080,8029.9780,7925.2230,3825.4120,3748.1640,8161.2690,9806.7010,2407.9670,2504.1720,4527.8540
2015-08-19,,,5754.8990,7751.8410,8232.8650,8135.6820,3886.1360,3794.1090,8340.9830,10057.8400,2430.2810,2570.6910,4601.6350
2015-08-20,,,5577.1710,7461.4270,7970.2460,7787.8050,3761.4540,3664.2910,8049.5120,9739.9160,2356.9170,2508.8170,4438.6550
2015-08-21,,,5308.2860,7074.3880,7501.9620,7307.2150,3589.5360,3507.7440,7612.9020,9208.1540,2271.3590,2341.9540,4199.1540
2015-08-24,,,4923.1150,6511.6680,6896.0840,6657.6780,3275.5340,3209.9050,7006.1890,8506.7240,2058.2520,2152.6140,3836.1110
2015-08-25,,,4588.7340,5997.1530,6397.6940,6093.2200,3042.9270,2964.9670,6481.4120,7882.1120,1914.0520,1990.7060,3520.7510
2015-08-26,,,4468.1050,5829.8160,6162.1150,5890.9820,3025.6920,2927.2880,6238.5260,7543.7840,1942.4500,1890.0360,3476.7090
2015-08-27,,,4622.6620,6081.6520,6375.1700,6192.5800,3205.6380,3083.5910,6456.0550,7793.5390,2094.7220,1959.4940,3649.9740
2015-08-28,,,4841.0530,6442.1200,6752.1370,6615.1910,3342.2860,3232.3500,6842.8940,8270.9590,2159.9580,2082.1240,3851.7740
2015-08-31,,,4706.0390,6339.2630,6468.0030,6354.5120,3366.5360,3205.9860,6581.3130,7950.4590,2210.4470,1996.8650,3784.0700
2015-09-01,,,4511.1340,6146.5440,6075.6600,5960.3150,3362.0830,3166.6240,6169.2070,7441.3380,2230.3210,1889.4910,3680.8180
2015-09-02,,,4503.2460,6094.0840,6021.6330,5895.2510,3365.8320,3160.1670,6122.5530,7129.9700,2243.6310,1855.0320,3685.1470
2015-09-07,,,4490.7220,6047.4030,6080.1410,5933.6680,3250.4850,3080.4200,6143.5570,7291.4680,2133.9780,1893.5210,3608.9190
2015-09-08,,,4640.5660,6247.9160,6348.5700,6186.1810,3334.0230,3170.4520,6374.8550,7651.5000,2180.1310,2001.1560,3731.1490
2015-09-09,,,4759.5480,6401.4640,6537.6200,6370.7100,3399.3050,3243.0890,6551.0070,7956.7290,2211.2000,2071.7170,3818.8340
2015-09-10,,,4680.2660,6272.6330,6443.3900,6226.7250,3357.5610,3197.8930,6440.3090,7842.9990,2208.4810,2039.1180,3758.2170
2015-09-11,,,4700.5670,6333.3810,6498.4320,6288.7460,3347.1880,3200.2340,6493.3190,7952.1360,2195.3910,2060.5050,3767.5080
2015-09-14,,,4440.2000,5966.0370,6041.5550,5801.3500,3281.1320,3114.7980,6049.7900,7412.3020,2228.1540,1906.2140,3603.1880
2015-09-15,,,4228.4800,5624.0470,5732.1930,5454.0450,3152.2320,3005.1720,5708.0300,7034.9000,2175.1730,1797.5570,3432.0720
2015-09-16,,,4487.5260,6004.7210,6109.0970,5853.9900,3309.2480,3152.2630,6084.8370,7500.6100,2241.9490,1926.2450,3641.6790
2015-09-17,,,4409.5040,5856.5300,6025.9100,5702.7360,3236.9990,3086.0610,5965.4090,7428.6370,2194.8230,1933.2970,3556.7370
2015-09-18,,,4466.1720,5902.2150,6099.8470,5759.2030,3251.2730,3097.9170,6036.8810,7556.2030,2198.9900,1983.2980,3588.5580
2015-09-21,,,4608.1030,6042.8310,6326.8950,5952.5230,3308.2470,3156.5400,6250.4390,7847.8850,2214.4480,2079.0600,3668.0850
2015-09-22,,,4637.1940,6088.9830,6358.8990,6007.3500,3339.0300,3185.6190,6295.9260,7880.8360,2237.3140,2078.7180,3695.3890
2015-09-23,,,4573.5560,5964.9200,6304.3350,5919.0540,3263.0280,3115.8880,6224.6010,7824.0660,2178.5460,2077.9900,3625.7170
2015-09-24,,,4622.7070,6029.1040,6386.1170,6006.6790,3284.9990,3142.6870,6315.1100,7928.8250,2188.0880,2106.5940,3663.5740
2015-09-25,,,4486.6240,5850.4880,6159.2050,5793.7290,3231.9510,3092.3470,6108.3760,7640.1730,2183.4040,2020.9720,3595.0440
2015-09-28,,,4573.8600,5901.7400,6319.2920,5897.4690,3242.7520,3100.7560,6219.6920,7839.6180,2169.9410,2122.2570,3638.0520
2015-09-29,,,4509.5300,5771.6260,6230.2130,5772.9090,3178.8540,3038.1370,6103.6060,7720.6770,2127.2030,2098.5670,3575.9970
2015-09-30,,,4511.6860,5781.0350,6225.4210,5795.1530,3202.9480,3052.7810,6123.7270,7727.5090,2146.1180,2082.6730,3591.5270
2015-10-08,,,4664.8520,5992.9230,6484.7420,6021.5420,3296.4820,3143.3570,6372.4920,8056.2790,2191.3430,2190.3110,3708.4930
2015-10-09,,,4724.5400,6069.2490,6588.5230,6131.0670,3340.1160,3183.1520,6470.0510,8180.3970,2219.2940,2216.6560,3742.8920
2015-10-12,,,4880.0490,6292.2730,6865.9490,6406.8880,3447.6930,3287.6620,6718.7220,8522.6290,2283.4290,2316.7820,3882.2090
2015-10-13,,,4920.9780,6335.7690,6936.2340,6486.3330,3445.0430,3293.2300,6802.0770,8651.0520,2270.9480,2342.0390,3896.9130
2015-10-14,,,4862.2620,6244.8640,6838.4030,6383.7000,3406.1120,3262.4410,6724.4960,8534.7260,2253.9080,2305.0030,3830.1430
2015-10-15,,,4979.9040,6415.0690,7040.7740,6576.1980,3486.8150,3338.0730,6929.2370,8808.4650,2297.9010,2404.5330,3939.1840
2015-10-16,,,5030.2960,6545.3080,7142.3940,6711.1810,3534.0650,3391.3520,7047.5600,8943.0180,2323.7750,2449.0300,4008.5260
2015-10-19,,,5019.8870,6578.4340,7117.7190,6707.8930,3534.1820,3386.7000,7047.3720,8935.3910,2318.4720,2433.5990,4042.3810
2015-10-20,,,5104.3440,6659.6210,7230.8830,6791.2610,3577.7030,3425.3300,7162.0750,9116.5390,2337.0800,2511.1640,4086.9800
2015-10-21,,,4846.8010,6238.9810,6782.5700,6296.6460,3473.2540,3320.6760,6712.7390,8541.6070,2340.3600,2344.7400,3891.0420
2015-10-22,,,5002.2420,6431.9790,7054.7310,6525.8120,3524.5340,3368.7390,6964.2980,8894.7570,2331.7910,2458.1380,3969.1290
2015-10-23,,,5115.9280,6555.1950,7259.0810,6726.6650,3571.2410,3412.4340,7138.2340,9182.5530,2343.9650,2538.3830,4047.3100
2015-10-26,,,5135.9930,6590.8090,7305.2050,6766.0850,3589.2610,3429.5810,7186.7550,9262.8900,2350.0200,2527.4770,4074.1620
2015-10-27,,,5144.6470,6594.4230,7327.9530,6784.2340,3592.8790,3434.3360,7231.4360,9345.9660,2349.9040,2563.9580,4088.0560
2015-10-28,,,5017.5110,6461.3330,7152.8930,6652.0700,3524.9200,3375.1960,7048.8950,9131.8700,2310.7030,2485.2350,4020.2220
2015-10-29,,,5044.8180,6521.4420,7216.0670,6735.5270,3533.3070,3387.3150,7108.9750,9214.5880,2307.3450,2485.2760,4035.4680
2015-10-30,,,5052.9010,6495.5970,7186.7470,6716.2970,3534.0790,3382.5610,7084.9710,9188.2660,2312.9740,2478.2770,4016.3340
2015-11-02,,,4939.2210,6363.1560,7033.8820,6591.6850,3475.9620,3325.0850,6936.4320,8944.6830,2280.0920,2432.0380,3942.0180
2015-11-03,,,4913.9340,6350.4470,7026.7950,6576.3380,3465.4930,3316.6950,6920.1030,8924.4150,2271.6530,2429.2700,3923.9390
2015-11-04,,,5163.0420,6635.4380,7369.3420,6898.9600,3628.5380,3459.6400,7267.9880,9396.8420,2370.5030,2584.3170,4101.7810
2015-11-05,,,5153.1880,6709.6480,7360.6900,6920.8670,3705.9700,3522.8190,7276.4510,9391.4460,2440.6510,2564.7220,4165.0390
2015-11-06,,,5279.8690,6819.7290,7546.9470,7052.8510,3793.3740,3590.0320,7446.8470,9629.2800,2493.4840,2661.4120,4244.1450
2015-11-09,,,5341.6400,6873.3750,7659.2240,7137.8570,3840.3550,3646.8810,7543.8010,9816.0340,2534.0840,2724.6190,4303.9650
2015-11-10,,,5366.4300,6892.7780,7745.1470,7158.9710,3833.2380,3640.4850,7575.0080,9911.2400,2522.6830,2746.6090,4309.2790
2015-11-11,,,5438.5500,6923.5640,7879.0760,7229.6530,3833.6460,3650.2490,7684.6660,10100.5100,2505.8300,2804.6770,4331.5650
2015-11-12,,,5423.8930,6875.4160,7883.8890,7201.9410,3795.3240,3632.9020,7682.4520,10135.0800,2476.4290,2783.2980,4297.3960
2015-11-13,,,5340.8770,6829.6080,7719.2210,7105.7670,3746.2420,3580.8390,7567.1080,9934.7690,2447.7730,2710.1610,4256.1760
2015-11-16,,,5443.1920,6889.4060,7901.6180,7208.3470,3764.1260,3606.9570,7718.8550,10194.7800,2447.2930,2797.1620,4311.1160
2015-11-17,,,5380.2140,6853.5810,7792.6520,7181.8340,3758.3870,3604.7950,7650.3810,10109.4000,2453.2570,2717.0520,4308.7460
2015-11-18,,,5285.8710,6790.6500,7687.0710,7106.1600,3715.5800,3568.4680,7526.9420,9928.6630,2439.4470,2661.1650,4259.6050
2015-11-19,,,5411.9830,6893.1610,7902.9480,7237.1170,3774.9690,3617.0620,7718.6220,10235.3500,2468.4880,2770.7520,4332.1900
2015-11-20,,,5459.9220,6944.3000,8018.9130,7294.8760,3774.3830,3630.5000,7806.2660,10440.3500,2466.7570,2800.1500,4360.7780
2015-11-23,,,5419.4130,6913.9490,7939.1900,7295.8150,3753.3350,3610.3150,7744.1820,10341.4200,2456.8400,2770.5770,4356.6780
2015-11-24,,,5447.9550,6909.9180,8004.1130,7338.1910,3753.8890,3616.1130,7798.4980,10459.6000,2447.9040,2816.0480,4371.3500
2015-11-25,,,5547.5760,6967.9770,8163.7200,7430.6890,3781.6070,3647.9300,7922.3840,10696.3100,2459.5630,2897.5690,4432.5670
2015-11-26,,,5502.8830,6934.6160,8097.7210,7427.0580,3759.4290,3635.5520,7874.0800,10620.8300,2450.9620,2833.1980,4409.6980
2015-11-27,,,5161.6120,6484.2370,7597.4440,6957.4010,3556.9920,3436.3030,7376.1240,9933.4960,2334.4400,2649.5500,4183.0350
2015-11-30,,,5166.5560,6496.4470,7660.3690,7007.1170,3566.4120,3445.4050,7408.3990,10001.1900,2336.2900,2672.5810,4232.3510
2015-12-01,,,5203.7990,6575.7980,7665.5790,7089.0340,3591.6960,3456.3090,7443.9450,9955.2050,2344.8330,2655.3450,4237.5100
2015-12-02,,,5202.1850,6684.5460,7604.1070,7100.3560,3721.9550,3536.9050,7405.8600,9822.0550,2458.4110,2613.2630,4312.5280
2015-12-03,,,5304.7380,6750.9980,7817.8980,7243.7530,3749.2990,3584.8240,7570.5080,10102.8900,2461.4490,2708.1230,4369.7350
2015-12-04,,,5240.2460,6653.6130,7773.1930,7178.3170,3677.5920,3524.9920,7511.6750,10081.5700,2397.5620,2692.1610,4305.0630
2015-12-07,,,5290.6150,6684.4430,7872.1330,7247.2810,3687.6070,3536.9270,7602.2280,10238.0200,2395.5840,2738.1490,4323.6670
2015-12-08,,,5151.6110,6516.4430,7697.0940,7035.0990,3623.0200,3470.0700,7404.1420,10057.7400,2364.3440,2691.6580,4232.0560
2015-12-09,,,5124.0830,6525.5290,7676.3890,7023.3720,3635.9380,3472.4390,7374.2740,10034.1940,2369.7380,2667.9120,4253.7470
2015-12-10,,,5128.1550,6493.2390,7656.2270,6982.5250,3623.0840,3455.4950,7350.2100,10035.4500,2357.2090,2695.5070,4245.6960
2015-12-11,,,5091.5550,6447.3080,7577.2390,6943.7020,3608.0590,3434.5810,7290.7020,9946.1210,2342.4530,2671.2920,4205.2270
2015-12-14,,,5192.2930,6605.8350,7710.6750,7098.0600,3711.3220,3520.6680,7441.0300,10118.9000,2414.9170,2709.2650,4299.7120
2015-12-15,,,5225.2240,6604.3430,7799.8620,7143.0430,3694.3890,3510.3540,7498.1810,10278.4700,2383.8320,2745.7000,4295.2200
2015-12-16,,,5242.1460,6595.0000,7869.5900,7141.2090,3685.4400,3516.1870,7529.4030,10374.2300,2376.5350,2763.1140,4287.3030
2015-12-17,,,5360.7580,6741.6640,8087.4990,7331.4310,3755.8880,3579.9990,7716.2460,10679.9600,2408.3210,2835.7010,4380.8100
2015-12-18,,,5342.2060,6731.9840,8059.6270,7305.8490,3767.9130,3578.9640,7699.3700,10629.9700,2422.8350,2830.2590,4377.7420
2015-12-21,,,5418.5910,6841.7320,8142.3720,7410.3470,3865.9650,3642.4720,7788.5640,10699.6100,2500.0640,2829.9210,4497.0000
2015-12-22,,,5470.3190,6890.2900,8216.2210,7474.0350,3876.7330,3651.7670,7856.6080,10809.2420,2496.0540,2839.8520,4520.0120
2015-12-23,,,5415.7980,6895.1580,8119.8280,7422.1350,3866.3810,3636.0890,7773.2830,10638.1600,2503.0590,2783.9420,4513.8390
2015-12-24,,,5394.8760,6830.2910,8096.4920,7378.2110,3829.4020,3612.4850,7753.0370,10633.1900,2481.7540,2795.7800,4457.3080
2015-12-25,,,5432.4760,6857.9960,8131.4940,7447.0560,3838.2010,3627.9140,7792.1240,10726.9910,2492.3360,2794.7300,4478.3450
2015-12-28,,,5336.5870,6660.1320,7973.6610,7269.4550,3727.6320,3533.7790,7603.3610,10515.3610,2411.4080,2735.4850,4367.5350
2015-12-29,,,5372.5890,6705.5980,8042.7720,7352.6220,3761.8750,3563.7360,7674.3880,10653.7090,2432.8800,2749.8220,4410.3290
2015-12-30,,,5413.6560,6719.2030,8125.5930,7392.8970,3765.1750,3572.8760,7741.0470,10806.7040,2432.7730,2779.5130,4417.8660
2015-12-31,,,5331.0920,6656.8110,7981.6470,7301.1210,3731.0050,3539.1820,7617.6890,10614.3790,2420.8010,2714.0480,4375.1690
2016-01-04,,,4893.1920,6155.9540,7288.8800,6683.8270,3469.0660,3296.2580,6983.4040,9694.8360,2270.4610,2491.2400,4065.4850
2016-01-05,,,4828.3590,6164.5500,7125.3550,6652.3560,3478.7800,3287.7110,6889.7410,9452.0410,2288.1130,2416.7250,4079.8510
2016-01-06,,,4921.5690,6333.1850,7300.8470,6848.2640,3539.8080,3361.8400,7065.6070,9709.5690,2317.6470,2468.3660,4181.0930
2016-01-07,,,4518.1870,5836.6640,6651.4700,6277.6970,3294.3840,3125.0020,6462.2430,8856.4910,2180.5890,2256.5240,3889.6150
2016-01-08,,,4586.4680,5979.6310,6703.9690,6423.3300,3361.5630,3186.4120,6570.4320,8876.2530,2219.6120,2248.9900,3984.1560
2016-01-11,,,4301.5700,5630.2140,6232.5900,5993.8410,3192.4500,3016.7040,6128.6560,8205.1220,2120.2340,2106.3580,3758.7960
2016-01-12,,,4331.3450,5641.7270,6298.8640,5978.1880,3215.7100,3022.8610,6136.6630,8187.9600,2131.3680,2147.5310,3757.7890
2016-01-13,,,4196.4590,5511.0690,6066.2870,5803.1620,3155.8790,2949.5970,5924.0440,7836.1230,2105.5070,2059.7760,3686.2390
2016-01-14,,,4336.8590,5636.2510,6320.4200,5981.8570,3221.5710,3007.6490,6124.8200,8157.7370,2132.0760,2175.0120,3763.7080
2016-01-15,,,4186.3280,5397.3580,6104.3280,5734.1900,3118.7300,2900.9700,5893.6820,7868.1680,2070.9280,2112.9020,3627.1100
2016-01-18,,,4246.1780,5405.8730,6224.0800,5782.5630,3130.7290,2913.8370,5978.9080,8060.8790,2069.2750,2174.9340,3637.3500
2016-01-19,,,4381.3140,5576.6930,6455.1350,5994.9030,3223.1250,3007.7390,6197.0950,8388.3840,2128.5740,2241.6960,3752.6440
2016-01-20,,,4319.8570,5516.1820,6371.7060,5918.3720,3174.3780,2976.6940,6138.5030,8321.3920,2088.7230,2204.6480,3707.2120
2016-01-21,,,4172.6160,5320.3410,6110.1170,5677.7270,3081.3450,2880.4820,5886.8840,7944.5670,2040.9780,2112.4040,3600.0650
2016-01-22,,,4226.4120,5365.8790,6188.0500,5759.0630,3113.4630,2916.5620,5980.6110,8074.2850,2061.9620,2149.5860,3640.3850
2016-01-25,,,4258.6190,5416.3880,6242.3590,5848.7810,3128.8860,2938.5150,6041.3260,8180.5040,2065.4440,2158.8240,3665.4450
2016-01-26,,,3959.1110,5025.9480,5765.5990,5404.5930,2940.5090,2749.7850,5589.3070,7545.5440,1951.6140,1994.0470,3437.7720
2016-01-27,,,3913.0690,4962.1200,5682.4400,5338.2320,2930.3520,2735.5580,5514.1890,7466.7460,1953.4650,1997.4650,3419.9260
2016-01-28,,,3788.9550,4767.8920,5404.2440,5111.3560,2853.7560,2655.6610,5271.2330,7100.9010,1912.7210,1906.4610,3330.7110
2016-01-29,,,3936.7820,4925.2240,5625.2040,5288.5760,2946.0900,2737.6000,5469.1250,7385.7590,1973.0050,1994.0650,3430.8690
2016-02-01,,,3902.2780,4843.2650,5586.8890,5212.6090,2901.0480,2688.8540,5399.4770,7292.6130,1937.0730,1992.6950,3388.8770
2016-02-02,,,4026.9970,4967.6060,5803.4930,5379.9340,2961.3340,2749.5700,5586.6270,7576.0650,1969.6160,2075.2870,3461.0200
2016-02-03,,,4032.7120,4962.2870,5851.7530,5390.6180,2948.6390,2739.2470,5610.1730,7630.4590,1952.3670,2090.5130,3447.9390
2016-02-04,,,4106.5520,5047.0130,5970.1200,5492.0120,2984.7600,2781.0230,5721.4850,7807.4010,1974.2360,2126.5340,3487.7720
2016-02-05,,,4063.7620,5013.6140,5919.5630,5457.5170,2963.7890,2763.4920,5664.1970,7718.7080,1967.2600,2096.9860,3476.3170
2016-02-15,,,4059.1280,4978.5110,5938.6420,5438.5190,2946.7070,2746.1960,5668.0400,7726.3700,1948.2750,2116.8380,3453.8920
2016-02-16,,,4226.4530,5156.6810,6189.4990,5648.6040,3037.0350,2836.5710,5902.5340,8069.5940,2000.9030,2201.9250,3556.8730
2016-02-17,,,4259.1570,5208.1570,6254.9370,5706.6830,3063.3200,2867.3380,5971.4120,8202.1470,2014.4430,2215.3410,3592.9240
2016-02-18,,,4244.7570,5217.7800,6223.7920,5702.6250,3053.6990,2862.8930,5957.1310,8176.1400,2009.2730,2190.9110,3593.3510
2016-02-19,,,4268.2290,5221.9920,6257.5030,5710.8030,3051.5850,2860.0210,5979.5160,8239.2560,2004.1070,2211.0060,3594.1990
2016-02-22,,,4354.8210,5357.2810,6401.1930,5852.8190,3118.8680,2927.1750,6103.7230,8407.8520,2053.8630,2245.5640,3675.1660
2016-02-23,,,4311.5110,5327.5960,6374.0660,5832.3280,3089.3630,2903.3310,6070.5000,8357.3550,2029.5220,2218.1190,3649.7000
2016-02-24,,,4309.9590,5392.0360,6364.9140,5908.0290,3109.5450,2928.8960,6111.0430,8364.6630,2041.3880,2203.7410,3675.6680
2016-02-25,,,3984.0330,4999.0330,5872.3240,5437.8430,2918.7500,2741.2450,5626.0520,7702.5910,1932.6020,2037.1430,3447.1830
2016-02-26,,,3988.4540,5061.7480,5872.9480,5515.8040,2948.0310,2767.2100,5648.9380,7666.8230,1955.3950,2014.9200,3483.4630
2016-02-29,,,3802.8720,4873.8700,5555.5900,5267.0030,2877.4670,2687.9790,5350.4340,7183.6760,1944.6110,1880.6600,3395.0200
2016-03-01,,,3887.2160,4974.4230,5687.9030,5394.2240,2930.6940,2733.1700,5473.6350,7345.0860,1973.1940,1934.9190,3462.3030
2016-03-02,,,4069.0930,5223.1690,5971.6750,5701.9600,3051.3330,2849.6810,5753.1480,7711.8860,2043.4070,2017.6040,3618.9300
2016-03-03,,,4078.7030,5229.7670,5996.9400,5731.5950,3058.4220,2859.7580,5776.9770,7727.1600,2053.2730,2007.0760,3622.6750
2016-03-04,,,3988.5990,5185.4460,5795.4650,5598.6920,3093.8900,2874.1470,5621.5610,7418.8010,2122.2690,1907.0410,3629.4780
2016-03-07,,,4054.3390,5278.9120,5924.0930,5726.8410,3104.8400,2897.3400,5752.5480,7600.4370,2107.6730,1953.3320,3667.6010
2016-03-08,,,4061.9840,5262.8450,5965.1660,5705.6710,3107.6730,2901.3870,5764.3250,7670.6900,2115.1580,2002.1910,3664.4870
2016-03-09,,,3996.1600,5115.5900,5843.3600,5536.6370,3071.9070,2862.5560,5617.0380,7500.1700,2111.9190,1970.8130,3610.1430
2016-03-10,,,3941.7130,5031.4510,5740.7030,5452.7660,3013.1460,2804.7260,5521.9480,7376.6970,2061.4510,1936.9680,3559.5880
2016-03-11,,,3932.1980,5023.6280,5745.6820,5449.1810,3018.2840,2810.3070,5508.9820,7349.5670,2070.7240,1934.8700,3558.5360
2016-03-14,,,4052.1770,5153.3540,5969.3300,5618.0290,3065.6900,2859.4990,5690.5900,7640.1310,2078.4100,2023.1280,3621.3680
2016-03-15,,,4027.7940,5130.8440,5919.7080,5573.4730,3074.7800,2864.3680,5639.8010,7571.8200,2101.1170,1996.9200,3626.7280
2016-03-16,,,3985.8660,5092.3010,5850.2610,5511.1590,3090.0330,2870.4300,5562.8040,7484.2260,2136.1280,1977.5380,3636.6120
2016-03-17,,,4113.2490,5199.2050,6082.2640,5676.6280,3124.2040,2904.8320,5745.9750,7779.8750,2131.4810,2087.2930,3681.2300
2016-03-18,,,4230.4660,5322.2330,6312.0650,5866.7350,3171.9630,2955.1500,5949.2630,8097.2040,2141.1770,2177.8700,3738.7110
2016-03-21,,,4318.4510,5439.8110,6462.8450,6001.0330,3249.4370,3018.8020,6099.4810,8325.9770,2193.3850,2227.0340,3797.9790
2016-03-22,,,4305.6950,5395.2760,6445.7390,5972.2020,3225.7900,2999.3630,6075.4920,8311.2110,2173.2560,2221.7020,3782.1390
2016-03-23,,,4338.0060,5418.1110,6507.9550,6009.3520,3236.0920,3009.9600,6118.9660,8408.6390,2175.2830,2259.1060,3780.2310
2016-03-24,,,4281.2280,5347.4900,6388.3750,5915.1280,3181.8510,2960.9700,6018.4240,8279.6490,2137.5900,2219.7700,3727.6390
2016-03-25,,,4303.0770,5395.4960,6421.5710,5985.1750,3197.8170,2979.4340,6077.4310,8343.2420,2149.2040,2216.0860,3755.7090
2016-03-28,,,4270.2570,5374.8450,6391.0590,5954.1360,3169.7280,2957.8200,6037.7780,8298.7780,2123.0350,2199.6850,3742.0390
2016-03-29,,,4195.2960,5292.2500,6255.0710,5831.1840,3135.4100,2919.8320,5921.8670,8118.9960,2106.8620,2152.5480,3702.0180
2016-03-30,,,4344.7210,5440.0030,6509.5330,6036.3740,3216.2750,3000.6450,6137.5030,8438.6840,2157.5300,2248.7830,3789.7110
2016-03-31,,,4357.1980,5458.4610,6504.8610,6047.6400,3218.0880,3003.9150,6155.8140,8447.1790,2156.5410,2238.2860,3793.3080
2016-04-01,,,4330.1520,5460.4160,6447.5040,6033.1570,3221.8950,3009.5300,6124.5280,8389.2870,2167.7820,2205.3690,3796.7990
2016-04-05,,,4438.0880,5554.0010,6646.4030,6186.1000,3264.4860,3053.0650,6286.5830,8635.6670,2180.2620,2279.5200,3857.5430
2016-04-06,,,4463.6520,5551.1090,6670.3330,6198.6460,3257.5280,3050.5920,6323.4340,8691.2300,2168.0370,2297.0410,3856.4930
2016-04-07,,,4399.2150,5471.1160,6555.1670,6114.6750,3209.2900,3008.4200,6228.9740,8549.5130,2139.4040,2248.6840,3800.1150
2016-04-08,,,4356.2160,5422.0990,6494.2150,6057.0950,3185.7260,2984.9580,6168.7420,8484.1740,2123.8040,2229.9340,3774.2980
2016-04-11,,,4459.7070,5524.8450,6643.4260,6183.7160,3230.0960,3033.9570,6304.3000,8677.4090,2148.4390,2283.1430,3831.9800
2016-04-12,,,4423.8390,5496.3190,6595.7350,6143.8450,3218.4500,3023.6460,6252.7730,8608.3740,2143.8960,2264.0160,3816.3920
2016-04-13,,,4487.4800,5590.3310,6689.9500,6231.4680,3261.3830,3066.6380,6344.2260,8729.8410,2171.3150,2294.0150,3868.9850
2016-04-14,,,4523.0210,5620.4910,6751.5660,6277.4370,3275.8320,3082.3620,6401.8550,8837.0180,2178.8680,2324.3940,3882.5510
2016-04-15,,,4501.2270,5610.1400,6734.6040,6261.7340,3272.2050,3078.1170,6384.3500,8841.0950,2182.0670,2309.6760,3872.1460
2016-04-18,,,4413.6980,5532.8530,6622.0690,6169.7320,3228.4530,3033.6600,6281.2020,8715.8500,2158.2300,2265.5930,3831.4810
2016-04-19,,,4414.1910,5550.5950,6652.2510,6185.9730,3238.3030,3042.8230,6308.2290,8754.5040,2163.6070,2272.5200,3840.9510
2016-04-20,,,4216.5670,5381.5720,6336.8730,5919.5700,3181.0260,2972.5840,6022.2130,8312.2010,2154.8860,2145.2390,3754.1270
2016-04-21,,,4175.8760,5349.3330,6265.5030,5889.7590,3160.6030,2952.8910,5970.6820,8198.5110,2147.7180,2110.1620,3736.3610
2016-04-22,,,4196.4940,5351.5280,6320.1820,5935.0820,3174.9010,2959.2400,6011.3200,8282.4240,2157.7240,2136.9240,3755.8700
2016-04-25,,,4183.1760,5333.2770,6277.9920,5929.7020,3162.0330,2946.6700,5978.0770,8232.4780,2148.2800,2126.8340,3758.9740
2016-04-26,,,4229.8470,5371.0050,6361.5190,5984.1950,3179.1610,2964.7000,6046.7730,8343.4220,2155.7910,2155.6970,3778.8330
2016-04-27,,,4211.3730,5337.6230,6341.2760,5973.3110,3165.9160,2953.6710,6016.6990,8323.4580,2145.3800,2146.6110,3764.9830
2016-04-28,,,4206.4260,5328.2500,6314.1550,5933.2980,3160.5810,2945.5890,5990.3290,8303.5570,2142.0570,2155.2290,3757.6160
2016-04-29,,,4196.9520,5323.6330,6299.3920,5937.1870,3156.7450,2938.3240,5985.5940,8291.6990,2135.5090,2138.7380,3751.2590
2016-05-03,,,4310.9430,5428.2110,6510.7900,6116.2870,3213.5400,2992.6430,6167.4540,8558.5780,2158.2720,2217.2300,3817.7560
2016-05-04,,,4294.7590,5422.5560,6514.9560,6111.2830,3209.4610,2991.2720,6169.7830,8565.1140,2152.9340,2211.0180,3805.6860
2016-05-05,,,4321.2080,5437.3340,6557.6490,6136.1660,3213.9200,2997.8420,6203.8170,8628.7410,2152.8820,2224.0950,3807.2520
2016-05-06,,,4160.0360,5260.8380,6304.5090,5895.9530,3130.3540,2913.2480,5961.4890,8276.0330,2107.0090,2129.1940,3702.3030
2016-05-09,,,4020.8570,5083.6010,6069.3870,5688.9660,3065.6150,2832.1130,5743.6470,7918.1480,2072.4670,2053.5970,3613.3110
2016-05-10,,,4015.3470,5096.1440,6060.1460,5689.0320,3069.1120,2832.5910,5738.8960,7898.6620,2072.3820,2054.2220,3624.8390
2016-05-11,,,4007.8280,5119.3420,6035.5560,5701.5360,3082.8090,2837.0370,5723.4100,7823.9800,2078.4130,2034.9250,3645.7560
2016-05-12,,,4001.4630,5124.8290,6038.8360,5711.4730,3090.1370,2835.8620,5726.4560,7821.9120,2084.8380,2034.5660,3650.1180
2016-05-13,,,3990.7280,5110.7250,6030.3600,5693.5450,3074.9350,2827.1090,5714.3110,7806.9570,2076.1880,2025.2240,3642.2250
2016-05-16,,,4041.6320,5155.2700,6148.0440,5787.0600,3095.3090,2850.8620,5812.5420,7961.1460,2082.6160,2057.8570,3665.2950
2016-05-17,,,4040.4320,5131.1460,6134.7550,5747.3830,3086.0250,2843.6840,5790.3420,7961.5020,2075.4650,2081.4410,3648.9040
2016-05-18,,,3938.8990,5042.0700,5958.6810,5589.0550,3068.0360,2807.5140,5631.1930,7711.9550,2078.7590,2020.4760,3599.6150
2016-05-19,,,3954.3830,5037.6710,5991.3490,5600.3500,3062.5000,2806.9060,5666.7330,7767.3150,2073.8040,2037.4030,3596.5370
2016-05-20,,,3987.7850,5060.4280,6066.2130,5660.2450,3078.2180,2825.4830,5732.9020,7860.1280,2083.1170,2065.3020,3610.3130
2016-05-23,,,4032.8560,5100.8860,6161.6880,5732.4050,3087.2230,2843.6450,5809.4760,7995.5810,2082.4120,2098.2340,3628.1150
2016-05-24,,,4001.9170,5052.8090,6085.7760,5661.7340,3063.5560,2821.6660,5743.1780,7913.6750,2066.6430,2075.5100,3598.5490
2016-05-25,,,3984.9160,5038.8970,6053.4190,5635.0410,3059.2260,2815.0860,5715.1830,7889.7300,2071.9070,2067.2540,3600.1130
2016-05-26,,,4004.8620,5040.1250,6080.8390,5655.9170,3064.2110,2822.4430,5744.3880,7929.4680,2076.1370,2086.0080,3607.8120
2016-05-27,,,4004.3380,5034.7150,6068.5100,5649.7920,3062.4990,2821.0460,5739.5900,7912.8640,2074.9200,2069.8850,3617.1510
2016-05-30,,,3997.0240,5006.2420,6033.8120,5613.0460,3066.7100,2822.4510,5711.3150,7867.5970,2092.1610,2058.5190,3617.9720
2016-05-31,,,4151.3230,5171.9170,6297.9690,5829.6160,3169.5600,2916.6160,5947.3220,8197.5570,2155.6560,2159.8010,3720.2650
2016-06-01,,,4167.1130,5188.3810,6334.4160,5843.3840,3160.5470,2913.5080,5973.7800,8270.5170,2138.9630,2168.8200,3718.3690
2016-06-02,,,4188.3590,5215.1690,6392.9040,5873.9770,3167.1000,2925.2290,6013.8940,8369.4320,2137.6520,2188.5580,3726.4860
2016-06-03,,,4222.1860,5230.1320,6407.4280,5913.4140,3189.3260,2938.6820,6032.6030,8391.7630,2152.6370,2204.9740,3744.3920
2016-06-06,,,4238.3250,5232.1710,6433.6900,5934.3210,3178.7880,2934.0980,6051.8600,8422.4720,2136.3230,2199.3020,3744.2340
2016-06-07,,,4230.0720,5224.5830,6432.0850,5935.5900,3177.0540,2936.0450,6045.3570,8434.6690,2139.0690,2196.7270,3736.4770
2016-06-08,,,4194.0260,5197.8190,6419.7030,5911.0240,3163.9860,2927.1590,6023.8780,8431.8920,2132.9630,2186.5440,3711.1120
2016-06-13,,,4002.2150,5019.2570,6114.6160,5657.6920,3066.3410,2833.0710,5746.4440,8000.8190,2084.3000,2054.7070,3606.9090
2016-06-14,,,4002.7140,5019.8920,6150.1760,5691.5470,3075.9830,2842.1890,5762.7610,8038.5890,2095.0230,2058.3140,3616.0860
2016-06-15,,,4118.3540,5134.4670,6365.6290,5863.0460,3116.3680,2887.2100,5952.8460,8340.5390,2106.6310,2128.8000,3667.3810
2016-06-16,,,4100.7500,5095.1920,6334.7280,5850.4300,3094.6750,2872.8170,5930.5450,8358.0340,2094.8150,2101.4170,3647.1410
2016-06-17,,,4139.8790,5135.0750,6367.4310,5889.0350,3110.3570,2885.1050,5964.2720,8414.5080,2102.2010,2122.8900,3675.9420
2016-06-20,,,4142.9980,5123.8110,6393.4030,5904.0450,3112.6740,2888.8090,5985.5690,8457.9320,2104.2200,2119.6300,3676.9250
2016-06-21,,,4092.7060,5094.6620,6326.3790,5852.6010,3106.3180,2878.5580,5916.8030,8350.7620,2104.5580,2092.0010,3666.4460
2016-06-22,,,4156.8830,5155.4870,6441.5210,5926.7320,3133.9610,2905.5500,6008.8860,8513.5430,2115.7690,2144.8190,3697.8160
2016-06-23,,,4137.6110,5127.8850,6415.0130,5882.5930,3117.3170,2891.9600,5978.1740,8495.7800,2105.5320,2137.4860,3673.0120
2016-06-24,,,4080.7870,5062.0330,6372.9320,5825.9960,3077.1550,2854.2860,5903.6200,8428.8230,2076.3000,2127.3650,3622.3010
2016-06-27,,,4176.4770,5150.0060,6521.9230,5938.2710,3120.5440,2895.7030,6044.2190,8646.1610,2095.8930,2191.8060,3671.1190
2016-06-28,,,4229.1620,5173.5140,6574.0040,5974.0350,3136.4010,2912.5570,6107.5110,8730.1970,2102.0530,2216.7100,3691.7400
2016-06-29,,,4245.3810,5191.5790,6576.5930,5970.2580,3151.3900,2931.5920,6120.2020,8745.8150,2122.9700,2209.7880,3703.2040
2016-06-30,,,4251.2110,5184.6940,6572.2880,5971.4470,3153.9210,2929.6060,6123.4940,8741.0990,2122.6330,2227.7910,3703.5020
2016-07-01,,,4237.5910,5176.0750,6554.2300,5970.0630,3154.2000,2932.4760,6111.5390,8710.5170,2127.0940,2211.1780,3706.9080
2016-07-04,,,4309.2210,5285.7870,6673.1160,6095.1990,3204.6960,2988.6040,6231.8810,8874.0710,2163.2920,2248.7130,3761.7820
2016-07-05,,,4316.4330,5319.4400,6708.5870,6136.5420,3207.3830,3006.3920,6269.5050,8914.8400,2168.8550,2246.0240,3767.1490
2016-07-06,,,4334.5930,5349.1200,6747.3140,6170.2350,3216.8040,3017.2920,6297.3970,8947.1370,2167.1010,2241.5610,3779.8940
2016-07-07,,,4355.8360,5355.2270,6756.7290,6176.3840,3209.9540,3016.8470,6319.7930,8954.2760,2166.8840,2233.9220,3761.1730
2016-07-08,,,4339.7360,5318.3180,6751.8150,6150.6050,3192.2800,2988.0940,6299.8530,8939.2590,2148.7610,2239.0030,3732.6210
2016-07-11,,,4343.0380,5344.0290,6728.3020,6171.9620,3203.3300,2994.9170,6312.4990,8874.9960,2155.7160,2218.5890,3743.6710
2016-07-12,,,4423.6870,5464.2490,6796.7900,6283.9800,3273.1820,3049.3810,6395.1450,8943.0650,2200.3480,2247.3550,3829.6470
2016-07-13,,,4464.8750,5510.3980,6862.4300,6325.0470,3282.8680,3060.6890,6446.5630,9023.2370,2197.7880,2285.3690,3841.2450
2016-07-14,,,4467.5340,5502.4380,6879.1140,6307.5300,3276.7640,3054.0180,6455.5830,9042.7630,2195.2270,2293.0790,3824.8450
2016-07-15,,,4451.7620,5499.7570,6845.0300,6308.8700,3276.2780,3054.2960,6441.0160,8982.8860,2192.3940,2263.7840,3831.7280
2016-07-18,,,4444.5220,5471.0740,6813.4530,6267.8210,3262.0220,3043.5640,6412.0730,8937.8550,2187.9830,2249.8720,3837.3840
2016-07-19,,,4454.1650,5459.1890,6841.2960,6265.7450,3248.2340,3036.5980,6431.9380,8996.8330,2175.3970,2273.7190,3816.8790
2016-07-20,,,4453.0530,5451.2950,6829.0100,6254.9190,3237.6050,3027.9000,6417.9220,8997.8900,2167.1210,2268.5350,3805.1880
2016-07-21,,,4475.3860,5487.2830,6824.3500,6276.2720,3252.5230,3039.0090,6442.7090,9007.5540,2177.7780,2265.1280,3826.6350
2016-07-22,,,4450.7730,5446.0590,6761.8040,6208.8960,3225.1620,3012.8160,6390.9250,8931.9660,2157.2320,2249.9990,3784.7280
2016-07-25,,,4461.2060,5472.6250,6769.7200,6224.5110,3230.8850,3015.8280,6408.7830,8925.3410,2159.5540,2245.8850,3799.6310
2016-07-26,,,4517.4630,5546.8540,6862.6610,6317.3190,3269.5880,3050.1660,6494.4740,9035.5570,2182.5050,2279.5500,3850.9290
2016-07-27,,,4346.3300,5390.0000,6574.5420,6108.1990,3218.2430,2991.9990,6229.2890,8602.9200,2173.9730,2155.3860,3795.1760
2016-07-28,,,4359.5380,5451.3110,6591.8390,6167.7220,3221.1370,2994.3230,6243.2880,8571.5650,2163.8090,2139.7440,3844.0560
2016-07-29,,,4332.6380,5404.2650,6557.8300,6146.2130,3203.9300,2979.3390,6202.8920,8501.0900,2155.2390,2122.4120,3840.5350
2016-08-01,,,4263.9250,5331.8180,6485.7830,6064.6270,3176.8090,2953.3850,6109.2780,8363.6100,2147.5580,2099.1790,3806.0710
2016-08-02,,,4299.4880,5395.3690,6539.6520,6121.5020,3189.0530,2971.2790,6168.5090,8445.7800,2148.4550,2113.2140,3820.7740
2016-08-03,,,4325.1170,5428.4020,6552.0480,6153.9130,3193.5070,2978.4610,6198.3890,8482.1980,2145.7880,2108.3150,3830.0180
2016-08-04,,,4357.3330,5439.9000,6612.4400,6182.8720,3201.2890,2982.4260,6238.2310,8553.0060,2143.8440,2129.6520,3837.9640
2016-08-05,,,4331.7520,5420.5100,6582.2330,6170.9020,3205.1100,2976.6960,6203.2870,8505.3640,2148.6820,2109.0560,3840.7350
2016-08-08,,,4385.0800,5514.8100,6636.1370,6254.7940,3234.1830,3004.2770,6290.7560,8607.3980,2159.6730,2130.5940,3880.9610
2016-08-09,,,4436.5410,5564.1200,6706.6520,6305.0020,3256.9810,3025.6810,6341.5500,8699.3880,2175.3450,2154.5050,3905.8550
2016-08-10,,,4414.3230,5546.0410,6679.7920,6271.1770,3243.3410,3018.7460,6318.2680,8671.7780,2170.1030,2137.0010,3888.1350
2016-08-11,,,4361.1320,5484.0140,6578.7410,6183.2280,3233.3600,3002.6380,6226.3130,8531.6920,2177.0640,2103.3960,3872.5300
2016-08-12,,,4414.9020,5560.8460,6649.8150,6267.3310,3294.2340,3050.6670,6299.0920,8615.0530,2222.4880,2123.8410,3946.1980
2016-08-15,,,4527.5440,5697.9330,6796.9130,6413.6420,3393.4240,3125.1950,6442.5270,8807.8320,2287.6560,2193.2120,4043.6290
2016-08-16,,,4531.9440,5690.1450,6836.2580,6441.0210,3378.2450,3110.0370,6468.8950,8877.0660,2257.6990,2201.0960,4026.5850
2016-08-17,,,4550.7540,5694.8220,6870.1960,6463.4690,3373.0480,3109.5550,6488.3650,8911.7480,2253.7360,2208.1950,4026.4470
2016-08-18,,,4551.4180,5695.7000,6877.8350,6481.1730,3364.4850,3104.1140,6490.4080,8908.3250,2244.7200,2201.5940,4017.6470
2016-08-19,,,4542.1890,5685.2790,6894.6130,6459.9450,3365.0200,3108.1020,6499.5550,8923.3630,2249.3420,2204.5560,4022.5170
2016-08-22,,,4484.9240,5611.4160,6807.0420,6391.4110,3336.7950,3084.8050,6420.3540,8810.8430,2237.1280,2167.4010,3997.9280
2016-08-23,,,4496.6460,5613.6290,6811.2790,6409.1820,3341.8300,3089.7060,6428.6980,8820.2100,2241.9520,2174.1590,4000.9040
2016-08-24,,,4499.2770,5600.9760,6837.5420,6399.3270,3329.8630,3085.8800,6435.0590,8850.5110,2232.2130,2192.1700,3989.0440
2016-08-25,,,4459.3130,5548.1370,6780.0360,6353.0710,3308.9720,3068.3290,6382.5700,8784.5840,2222.1520,2180.6600,3969.4690
2016-08-26,,,4483.9810,5556.8190,6805.9510,6358.7080,3307.0900,3070.3090,6410.7340,8814.4640,2219.3080,2189.7500,3962.1440
2016-08-29,,,4490.7940,5575.3850,6814.1920,6373.9920,3307.7810,3070.0270,6427.5290,8836.9930,2214.2590,2193.2010,3961.3750
2016-08-30,,,4481.5950,5565.3280,6821.6730,6378.4260,3311.9870,3074.6770,6425.7540,8838.4640,2224.0620,2195.5310,3969.1190
2016-08-31,,,4490.0140,5572.2300,6824.8630,6396.7150,3327.7940,3085.4910,6434.2100,8838.3800,2232.7120,2191.7580,3986.4950
2016-09-01,,,4461.0410,5521.5200,6774.7000,6332.2710,3301.5770,3063.3050,6381.4760,8770.7510,2220.4030,2181.3270,3951.5900
2016-09-02,,,4447.2760,5514.3850,6747.0320,6316.5770,3314.1140,3067.3520,6356.9540,8724.9420,2229.8930,2170.8580,3960.5700
2016-09-05,,,4469.1490,5549.1430,6794.7500,6367.2630,3319.6800,3072.0950,6391.7920,8761.9620,2228.7180,2182.6940,3976.5220
2016-09-06,,,4529.9710,5613.2080,6906.0210,6454.6620,3342.6260,3090.7130,6492.9720,8906.8680,2232.4510,2222.8370,4009.4810
2016-09-07,,,4530.9720,5613.2790,6896.6320,6454.0700,3340.8170,3091.9280,6494.3160,8897.7970,2236.5460,2212.0530,4012.7500
2016-09-08,,,4532.3330,5613.3950,6928.3460,6487.3250,3339.5640,3095.9540,6517.9840,8938.4310,2236.6260,2223.4690,4018.2940
2016-09-09,,,4496.3070,5577.2760,6868.3500,6427.4660,3318.0440,3078.8550,6471.0530,8872.3140,2229.3100,2202.9680,3984.9630
2016-09-12,,,4387.1060,5458.7790,6688.7330,6265.0580,3262.6040,3021.9770,6291.6360,8587.3990,2199.9760,2145.5630,3912.0340
2016-09-13,,,4401.0200,5485.9420,6731.6160,6299.1050,3260.3330,3023.5100,6320.0320,8656.6800,2193.1930,2145.8680,3918.3930
2016-09-14,,,4369.6760,5441.8220,6700.8760,6259.6650,3238.7300,3002.8490,6278.1580,8618.1490,2176.5230,2144.5580,3880.1540
2016-09-19,,,4416.5480,5488.9600,6766.6340,6323.4510,3263.1240,3026.0510,6344.1810,8716.4860,2189.4610,2165.2130,3919.3040
2016-09-20,,,4416.2660,5475.6430,6754.2220,6335.0120,3257.4030,3023.0000,6342.0330,8712.2830,2184.2070,2158.4320,3923.1560
2016-09-21,,,4415.5320,5472.6410,6755.1220,6340.9510,3266.6360,3025.8740,6343.7540,8731.9990,2187.1540,2162.1320,3926.5280
2016-09-22,,,4443.2150,5511.4390,6792.4980,6382.8360,3291.1210,3042.3130,6385.6350,8770.0950,2200.6980,2168.4230,3962.7860
2016-09-23,,,4422.8520,5491.7840,6785.9470,6353.5620,3275.6670,3033.8960,6370.5830,8729.6110,2196.2900,2156.5100,3944.3390
2016-09-26,,,4327.3450,5393.8180,6661.4670,6253.5560,3220.2840,2980.4300,6241.5160,8544.1760,2167.2640,2122.9000,3883.8110
2016-09-27,,,4360.4270,5433.6620,6714.1620,6306.9500,3240.7550,2998.1720,6286.9090,8604.0990,2176.4480,2140.8030,3907.8860
2016-09-28,,,4348.3740,5416.5420,6723.9570,6301.7570,3230.8900,2987.8580,6281.2840,8592.1260,2166.7230,2139.6290,3901.6140
2016-09-29,,,4357.7890,5439.3550,6738.7750,6318.4760,3244.3870,2998.4830,6298.7910,8618.6060,2175.3700,2146.1840,3914.9860
2016-09-30,,,4375.6250,5455.8300,6777.0840,6345.4410,3253.2850,3004.7030,6328.0860,8661.0190,2177.3520,2149.9010,3925.1950
2016-10-10,,,4474.7620,5538.5880,6910.5410,6449.8630,3293.8690,3048.1430,6447.6930,8842.8180,2202.8730,2208.4690,3977.0280
2016-10-11,,,4491.8860,5572.4100,6947.0570,6492.1900,3306.5570,3065.2500,6486.4250,8903.4590,2209.2280,2210.8620,3987.3010
2016-10-12,,,4494.8500,5556.2460,6947.4380,6492.8660,3300.0100,3058.4980,6482.7380,8915.4410,2200.9970,2209.6850,3978.8470
2016-10-13,,,4500.5090,5549.5850,6944.0030,6493.3250,3302.6460,3061.3460,6484.8310,8929.5110,2202.1170,2208.5670,3989.8100
2016-10-14,,,4482.7650,5542.4550,6916.6670,6487.1180,3305.8480,3063.8090,6469.4920,8913.6950,2209.8150,2194.2270,3990.1830
2016-10-17,,,4445.0420,5502.7980,6860.1160,6431.9470,3277.8790,3041.1660,6413.1490,8832.0940,2192.8850,2167.8630,3961.7530
2016-10-18,,,4501.3450,5580.3110,6945.4680,6530.4100,3321.3320,3083.8750,6509.2820,8966.6910,2222.7830,2198.1420,4014.9710
2016-10-19,,,4480.9680,5566.1120,6920.2420,6504.3320,3316.2410,3084.7190,6495.2570,8954.2030,2221.5340,2184.9110,4007.9360
2016-10-20,,,4489.4630,5568.4000,6929.1710,6505.4650,3318.6040,3084.4580,6498.2380,8995.4100,2223.4240,2193.2560,4012.6770
2016-10-21,,,4467.2180,5559.5400,6899.8480,6504.7670,3327.7400,3090.9410,6475.2810,8943.0110,2240.7500,2180.9970,4031.2540
2016-10-24,,,4503.5520,5627.3120,6950.5260,6568.1730,3367.5780,3128.2470,6539.4660,9000.7030,2270.9500,2200.8040,4070.3150
2016-10-25,,,4504.2400,5662.4020,6971.0260,6595.1180,3367.4550,3131.9390,6563.3540,9039.4800,2266.1720,2200.2080,4086.0090
2016-10-26,,,4477.7920,5636.4040,6930.9030,6575.6140,3354.8000,3116.3120,6530.3900,9000.7600,2257.1160,2184.4930,4058.0870
2016-10-27,,,4473.0480,5631.0090,6910.9170,6571.9300,3345.6950,3112.3500,6517.3590,8997.0160,2250.2590,2182.4780,4052.5530
2016-10-28,,,4435.7660,5584.7560,6854.4930,6513.3680,3340.1260,3104.2700,6455.8350,8914.6170,2253.8020,2165.4330,4028.7950
2016-10-31,,,4438.4630,5576.6750,6826.1760,6500.7940,3336.2780,3100.4920,6452.2060,8910.5080,2250.4690,2159.7600,4031.4860
2016-11-01,,,4481.5190,5624.1970,6896.0290,6549.2940,3359.0520,3122.4360,6507.9500,9006.7890,2263.4790,2176.4470,4058.2150
2016-11-02,,,4443.4560,5564.7280,6856.5380,6504.4200,3333.3520,3102.7330,6455.1300,8946.7440,2244.7440,2146.3990,4020.3960
2016-11-03,,,4458.3150,5599.4220,6886.2330,6538.6250,3365.0850,3128.9360,6483.7320,9004.8550,2273.6330,2153.1850,4048.2460
2016-11-04,,,4443.9790,5580.1260,6862.1720,6506.6250,3354.1750,3125.3170,6462.5930,8979.9260,2271.9260,2145.2290,4034.3100
2016-11-07,,,4442.0940,5621.3740,6846.4890,6527.8080,3356.5920,3133.3330,6468.8170,8975.5660,2276.9540,2130.3010,4041.9970
2016-11-08,,,4462.6140,5640.1670,6894.4140,6559.9310,3371.1180,3147.8880,6503.1780,9030.7310,2282.4180,2150.3020,4062.1920
2016-11-09,,,4426.0050,5610.8100,6855.1480,6522.1130,3353.0550,3128.3700,6453.5720,8967.5960,2263.9240,2123.8440,4040.1820
2016-11-10,,,4474.3510,5703.8590,6917.3360,6604.3010,3390.6120,3171.2820,6536.9650,9083.8440,2289.4490,2143.3210,4092.1040
2016-11-11,,,4481.2720,5783.2990,6936.2580,6661.4190,3417.2210,3196.0440,6583.8860,9121.5090,2308.4290,2147.1070,4111.7020
2016-11-14,,,4499.9690,5832.4690,6955.4590,6685.3150,3430.2480,3210.3710,6615.0070,9152.1650,2317.7730,2161.6860,4113.8480
2016-11-15,,,4524.4920,5830.6390,6993.9250,6692.3370,3429.8700,3206.9860,6640.4620,9197.8610,2310.9010,2179.3000,4116.4740
2016-11-16,,,4540.1620,5835.4520,7002.5180,6700.2900,3429.5920,3205.0570,6644.1880,9211.9490,2309.9430,2182.4670,4113.7770
2016-11-17,,,4528.3380,5846.2620,6968.8840,6709.2830,3436.5350,3208.4530,6636.4690,9174.4390,2316.7210,2163.0420,4132.8370
2016-11-18,,,4506.5350,5803.7040,6942.4780,6676.7580,3417.4550,3192.8560,6602.3270,9146.2140,2307.2740,2157.9600,4121.2820
2016-11-21,,,4508.3540,5830.1120,6942.4960,6690.1660,3441.1110,3218.1480,6611.5400,9167.4920,2334.6780,2152.6020,4153.4370
2016-11-22,,,4537.7200,5879.4260,6994.1250,6740.1330,3468.3640,3248.3520,6661.2460,9244.2120,2353.0020,2177.6510,4178.8570
2016-11-23,,,4519.3660,5855.6840,6950.4580,6703.4040,3474.7290,3241.1370,6631.1730,9180.0110,2360.3360,2165.7080,4193.8370
2016-11-24,,,4509.7700,5885.8880,6931.7940,6712.9790,3488.7400,3241.7360,6623.0490,9116.5660,2368.7340,2146.6260,4217.7810
2016-11-25,,,4533.1100,5916.4070,6962.1240,6742.7560,3521.2980,3261.9380,6652.8180,9134.8150,2393.9460,2167.5280,4254.8230
2016-11-28,,,4534.1700,5957.4980,6972.9230,6782.5870,3535.0810,3277.0000,6670.8040,9133.9100,2403.1350,2166.0450,4279.0670
2016-11-29,,,4518.5150,5925.8570,6931.6020,6736.9910,3564.0400,3282.9240,6620.7950,9031.2900,2441.5790,2160.3450,4297.0860
2016-11-30,,,4504.1080,5861.4480,6922.2310,6680.5060,3538.0010,3250.0340,6585.5780,9014.9130,2419.4140,2183.0490,4250.2480
2016-12-01,,,4518.2750,5938.9220,6950.6120,6732.2890,3565.0360,3273.3090,6624.4660,9055.9860,2431.3060,2181.9290,4292.4870
2016-12-02,,,4452.8080,5849.8430,6846.5950,6648.9530,3528.9550,3243.8430,6520.9750,8900.4140,2416.5080,2143.4520,4247.6110
2016-12-05,,,4452.2940,5803.7230,6817.2710,6582.5000,3469.4070,3204.7090,6486.0170,8851.5160,2375.2580,2143.8780,4181.4260
2016-12-06,,,4450.9780,5789.7710,6814.7050,6583.0210,3459.1530,3199.6470,6490.8900,8871.7290,2368.6820,2122.2600,4175.4280
2016-12-07,,,4492.1640,5845.2940,6865.2450,6657.8360,3475.7470,3222.2420,6558.0250,8969.1360,2376.9190,2134.9870,4196.0350
2016-12-08,,,4468.1690,5819.2130,6840.3230,6636.3530,3470.1430,3215.3660,6527.4340,8914.5120,2379.0010,2114.7110,4193.6770
2016-12-09,,,4451.2830,5819.9300,6805.9740,6636.6290,3493.7000,3232.8830,6513.9160,8881.3430,2411.3140,2099.8880,4230.0970
2016-12-12,,,4276.3160,5628.4340,6506.5250,6376.5580,3409.1790,3152.9700,6249.0780,8397.4840,2387.1590,1984.3950,4126.7800
2016-12-13,,,4275.1240,5646.2950,6520.7700,6401.0490,3405.0360,3155.0370,6278.1790,8433.5870,2372.9310,1985.0430,4120.1410
2016-12-14,,,4231.3820,5608.8810,6488.1540,6374.4370,3378.9450,3140.5310,6239.4990,8378.0560,2360.3790,1963.0800,4089.3900
2016-12-15,,,4246.1210,5613.7460,6510.3880,6406.4460,3340.4340,3117.6770,6280.3980,8467.7080,2309.8160,1975.8540,4044.9110
2016-12-16,,,4276.9160,5628.1130,6564.3390,6441.9490,3346.0310,3122.9820,6318.5240,8559.9910,2302.3150,1998.1130,4055.2760
2016-12-19,,,4268.4770,5629.0970,6543.5170,6463.9250,3328.9830,3118.0850,6320.7320,8551.3260,2291.3840,1980.4100,4051.5790
2016-12-20,,,4257.3500,5590.7880,6535.2850,6433.9520,3309.0640,3102.8760,6300.6380,8546.1910,2279.6830,1982.2970,4025.6660
2016-12-21,,,4291.9520,5659.2050,6561.5490,6481.5620,3338.5360,3137.4300,6347.6060,8609.4050,2297.3710,1991.6960,4065.0860
2016-12-22,,,4289.5740,5668.8800,6555.2190,6490.8920,3335.6720,3139.5580,6341.7880,8607.9450,2292.0410,1986.2740,4072.1620
2016-12-23,,,4253.3280,5613.6710,6490.5550,6433.7810,3307.5990,3110.1540,6281.9970,8509.3610,2278.4780,1964.5410,4028.8500
2016-12-26,,,4258.1600,5619.7240,6517.6030,6448.9500,3322.4010,3122.5690,6294.7550,8547.0970,2294.7090,1974.0100,4040.7730
2016-12-27,,,4255.1510,5610.8630,6520.4620,6464.0140,3316.3850,3114.6640,6288.8590,8555.9900,2286.9620,1968.6200,4043.0850
2016-12-28,,,4237.8830,5585.4870,6501.4970,6449.4740,3301.8890,3102.2360,6270.2400,8521.3750,2277.1760,1957.1550,4026.9080
2016-12-29,,,4219.6630,5566.4440,6485.8730,6421.2810,3297.7650,3096.0970,6252.6080,8488.2970,2275.1060,1959.2400,4021.2330
2016-12-30,,,4233.3180,5569.6230,6497.3180,6439.3620,3310.0810,3103.6370,6263.6260,8490.8610,2286.8980,1962.0590,4040.7310
2017-01-03,,,4262.3960,5627.6250,6518.6880,6505.0330,3342.2270,3135.9210,6320.7630,8565.1360,2307.8920,1963.2550,4081.7990
2017-01-04,,,4300.6050,5683.7270,6584.3280,6579.7750,3368.3120,3158.7940,6394.6690,8669.9490,2322.2060,1991.5650,4115.5260
2017-01-05,,,4292.6370,5700.7530,6573.2190,6581.6820,3367.7890,3165.4110,6399.2840,8670.7610,2322.6840,1983.9710,4120.0510
2017-01-06,,,4258.3790,5689.3280,6527.0540,6575.5300,3347.6670,3154.3210,6371.6170,8609.8990,2308.9360,1965.0300,4102.3280
2017-01-09,,,4275.3210,5723.9810,6540.7080,6620.5820,3363.9010,3171.2360,6415.4180,8653.8470,2318.3370,1961.6190,4125.8230
2017-01-10,,,4261.6280,5719.4380,6517.6980,6596.7030,3358.2720,3161.6710,6393.9280,8609.5530,2312.5990,1951.6770,4114.3790
2017-01-11,,,4219.8840,5679.3790,6447.4390,6528.7510,3334.4950,3136.7540,6331.9640,8519.8450,2300.4750,1937.5470,4082.0620
2017-01-12,,,4181.9810,5616.7220,6394.6580,6467.9270,3317.6240,3119.2890,6272.8510,8443.2610,2295.4030,1930.1450,4057.2120
2017-01-13,,,4140.4550,5593.9980,6303.8310,6410.3660,3319.9120,3112.7640,6194.6580,8286.2410,2308.0550,1899.9430,4059.9860
2017-01-16,,,4068.6850,5577.2910,6082.3920,6289.1670,3319.4460,3103.4280,6031.2410,7931.9550,2337.3940,1830.8480,4063.0070
2017-01-17,,,4098.4960,5581.2370,6132.8960,6326.8600,3326.3560,3108.7750,6082.0660,8028.6510,2329.5950,1867.8680,4071.5780
2017-01-18,,,4087.1960,5605.4560,6091.7730,6336.4120,3339.3650,3113.0120,6068.5930,7989.1410,2342.7750,1845.7870,4096.8780
2017-01-19,,,4080.9450,5595.9330,6078.7210,6307.8230,3329.2890,3101.2990,6043.6750,7955.3920,2334.9570,1844.1400,4087.6740
2017-01-20,,,4129.4690,5636.7600,6180.7290,6378.9590,3354.8890,3123.1390,6121.9980,8087.7720,2347.1830,1880.7480,4123.6920
2017-01-23,,,4144.7870,5691.4910,6232.7080,6425.0750,3364.0810,3136.7750,6172.1670,8169.1090,2347.1050,1887.3240,4128.5240
2017-01-24,,,4135.4290,5703.5130,6200.5760,6428.6170,3364.4510,3142.5530,6165.2640,8123.5860,2352.4240,1861.2160,4144.2000
2017-01-25,,,4158.0230,5716.6830,6213.6310,6444.7800,3375.9040,3149.5550,6179.5680,8150.5960,2358.6970,1870.7030,4150.0650
2017-01-26,,,4185.0630,5757.9580,6253.9110,6469.5320,3387.9610,3159.1660,6223.7060,8205.8710,2364.0240,1886.2320,4157.8750
2017-02-03,,,4172.6790,5723.7660,6233.6310,6454.1790,3364.4920,3140.1700,6207.0920,8182.2790,2339.9890,1876.7610,4131.7710
2017-02-06,,,4203.0240,5739.6310,6302.6480,6498.9670,3373.2050,3156.9840,6259.2470,8280.0080,2343.9670,1900.4470,4144.0550
2017-02-07,,,4194.7750,5752.1380,6297.9800,6497.7400,3365.6850,3153.0880,6255.9270,8282.3750,2337.5350,1889.1340,4146.8600
2017-02-08,,,4210.1830,5777.3020,6325.3220,6528.6790,3383.2880,3166.9820,6291.5980,8342.4340,2346.4260,1903.6280,4161.7520
2017-02-09,,,4233.7170,5804.8280,6359.2470,6560.7080,3396.2920,3183.1790,6331.1770,8410.2610,2354.9010,1914.0820,4179.7730
2017-02-10,,,4229.8960,5864.9870,6332.9370,6589.5880,3413.4870,3196.6990,6337.1080,8380.7860,2368.1830,1904.6850,4206.2860
2017-02-13,,,4250.1200,5906.9710,6364.6140,6630.3980,3436.2750,3216.8390,6369.6530,8432.9570,2379.3060,1913.6810,4237.6550
2017-02-14,,,4239.2940,5929.4400,6361.0730,6635.8820,3435.8040,3217.9280,6374.8850,8423.8360,2373.5140,1909.3950,4228.7530
2017-02-15,,,4197.9280,5866.7250,6302.6260,6585.9160,3421.7130,3212.9860,6311.6960,8344.0740,2372.1920,1892.3570,4225.6730
2017-02-16,,,4221.1740,5930.4010,6332.6530,6635.9680,3440.9330,3229.6180,6359.3360,8397.5620,2376.7630,1897.6300,4248.3360
2017-02-17,,,4198.0800,5865.0220,6278.9840,6577.5850,3421.4420,3202.0760,6307.1630,8324.4170,2362.7090,1882.8690,4218.5580
2017-02-20,,,4250.6140,5957.0560,6320.0090,6675.5860,3471.3930,3239.9610,6385.0630,8397.2440,2394.1200,1894.9620,4293.0930
2017-02-21,,,4285.8330,5999.5630,6389.5590,6716.7360,3482.8230,3253.3260,6434.4380,8479.6080,2396.8840,1921.0770,4300.0060
2017-02-22,,,4300.1390,6031.0590,6405.8490,6752.9940,3489.7570,3261.2180,6474.2250,8510.3050,2398.1920,1919.9730,4324.5400
2017-02-23,,,4312.1570,5994.4060,6419.9660,6732.3390,3473.3240,3251.3750,6473.9930,8512.7050,2387.4170,1925.9510,4302.6720
2017-02-24,,,4331.1200,5963.6020,6454.1750,6721.4740,3473.8520,3253.4330,6476.1660,8543.4490,2389.8770,1938.4440,4296.5140
2017-02-27,,,4313.5500,5912.7120,6402.4840,6645.4070,3446.2230,3228.6600,6424.2550,8476.9060,2370.5590,1926.7710,4256.8620
2017-02-28,,,4323.0980,5948.7650,6422.7860,6669.3780,3452.8100,3241.7330,6450.9700,8508.0860,2370.7070,1927.1600,4275.4310
2017-03-01,,,4329.1480,5970.0730,6431.5580,6681.4200,3458.4380,3246.9340,6467.6390,8526.4720,2371.9250,1931.9680,4278.9460
2017-03-02,,,4306.4160,5929.5220,6405.7350,6641.8700,3435.0960,3230.0280,6434.6260,8471.4400,2354.9130,1920.4050,4257.5460
2017-03-03,,,4326.2080,5924.4950,6427.0360,6643.4980,3427.8630,3218.3120,6452.8390,8505.4520,2347.1460,1928.2890,4259.2020
2017-03-06,,,4364.2110,5952.6250,6502.1970,6697.6330,3446.4840,3233.8660,6517.3240,8608.1540,2349.8890,1962.7700,4280.9720
2017-03-07,,,4378.4200,5937.2510,6525.2070,6699.3020,3453.9570,3242.4060,6523.1870,8624.4650,2356.2930,1977.8530,4285.9100
2017-03-08,,,4362.4510,5923.2480,6496.2260,6674.5910,3448.7310,3240.6650,6497.0880,8589.8700,2358.0740,1964.6280,4274.5480
2017-03-09,,,4330.8960,5868.1500,6446.0860,6601.0480,3426.9440,3216.7460,6439.3820,8535.5560,2346.5530,1953.9430,4240.9550
2017-03-10,,,4347.4450,5893.6910,6451.5520,6613.6150,3427.8920,3212.7600,6447.9170,8537.7800,2339.2340,1950.0080,4244.6920
2017-03-13,,,4394.2360,5956.8550,6514.7810,6672.5750,3458.0980,3237.0240,6507.8960,8598.5180,2354.8900,1970.8790,4285.4750
2017-03-14,,,4382.1590,5947.6670,6495.3090,6649.9020,3456.6930,3239.3280,6493.4850,8581.7130,2354.9000,1958.0230,4283.6690
2017-03-15,,,4389.5300,5965.6460,6478.5570,6639.6880,3463.6440,3241.7600,6486.0620,8574.0300,2357.3070,1957.8200,4298.0830
2017-03-16,,,4417.1510,6008.2780,6535.7770,6704.8790,3481.5070,3268.9350,6543.3410,8664.9810,2369.1940,1966.7270,4314.3230
2017-03-17,,,4378.8290,5932.1000,6483.3200,6646.5810,3445.8050,3237.4470,6483.2460,8603.8650,2346.9600,1949.6610,4268.7760
2017-03-20,,,4392.4210,5930.5930,6489.0260,6655.7760,3449.6130,3250.8080,6498.3420,8634.8440,2350.0670,1953.8160,4289.3020
2017-03-21,,,4417.3800,5953.7810,6507.2450,6684.1530,3466.3470,3261.6110,6515.9460,8639.5660,2357.1360,1961.0630,4331.3250
2017-03-22,,,4410.3450,5921.0940,6482.5280,6661.8030,3450.0500,3245.2200,6499.7930,8592.5080,2338.5470,1948.5800,4307.3770
2017-03-23,,,4411.5950,5929.7170,6491.7810,6653.5560,3461.9780,3248.5500,6512.1870,8590.9600,2347.4340,1948.3690,4316.1220
2017-03-24,,,4433.2570,5973.5210,6511.2230,6687.1860,3489.6000,3269.4450,6546.6150,8602.2900,2365.6040,1965.1370,4354.3100
2017-03-27,,,4407.9170,5952.9430,6486.3130,6677.3010,3478.0390,3266.9550,6516.0330,8586.9100,2364.4280,1947.5280,4341.2860
2017-03-28,,,4391.7490,5938.2370,6466.5660,6657.7270,3469.8090,3252.9480,6498.6900,8558.0720,2356.3140,1944.3630,4326.3620
2017-03-29,,,4371.6440,5940.8920,6419.3180,6660.4700,3465.1930,3241.3140,6480.5430,8488.2170,2352.6940,1929.1960,4319.6200
2017-03-30,,,4309.2290,5883.6620,6317.3150,6585.8220,3436.7580,3210.2370,6375.7440,8315.0450,2346.6670,1893.7010,4290.8160
2017-03-31,,,4335.1000,5900.9220,6335.5640,6606.7230,3456.0460,3222.5140,6401.6480,8339.1460,2359.7520,1907.3380,4323.9610
2017-04-05,,,4416.2990,6050.5500,6466.4900,6741.6440,3503.8930,3270.3050,6539.9670,8522.0100,2384.2640,1943.1600,4382.4220
2017-04-06,,,4425.0530,6103.7670,6490.3000,6779.5200,3514.0470,3281.0050,6559.6530,8543.6630,2390.3890,1944.2340,4400.0480
2017-04-07,,,4443.3230,6136.2220,6502.9310,6805.3810,3517.4630,3286.6160,6578.7260,8544.7470,2388.2710,1946.0480,4407.7460
2017-04-10,,,4435.6270,6182.6590,6468.1430,6811.9780,3505.1390,3269.3930,6566.5440,8449.1570,2379.1570,1912.4510,4405.8490
2017-04-11,,,4455.5940,6258.0230,6504.5540,6882.3950,3517.3280,3288.9660,6629.1660,8514.4360,2382.1090,1917.6330,4421.5670
2017-04-12,,,4416.5150,6227.6300,6432.2350,6852.5750,3509.4390,3273.8300,6576.4760,8444.3940,2378.8630,1897.5060,4423.2730
2017-04-13,,,4443.2020,6277.0250,6470.4870,6908.3180,3514.5660,3275.9600,6615.7040,8470.3130,2368.1060,1910.4760,4450.6220
2017-04-14,,,4393.6430,6202.8700,6395.4350,6799.3380,3486.5050,3246.0670,6528.1620,8345.6520,2355.5200,1887.4600,4397.7290
2017-04-17,,,4369.8320,6153.6380,6325.0990,6714.9310,3479.9420,3222.1670,6456.5980,8220.6570,2357.5230,1868.2810,4375.8760
2017-04-18,,,4363.6410,6109.2250,6275.3260,6680.9950,3462.7430,3196.7130,6418.2110,8136.4090,2337.3510,1848.2030,4365.3630
2017-04-19,,,4346.6440,6022.9370,6232.6370,6611.2550,3445.8760,3170.6870,6350.6470,8033.5030,2325.0420,1845.3820,4347.3070
2017-04-20,,,4361.9850,5996.9830,6229.5520,6617.0230,3461.5480,3172.1000,6347.7730,7987.6510,2335.6470,1850.3900,4366.1880
2017-04-21,,,4346.5070,5980.6670,6202.7830,6574.0140,3466.7870,3173.1510,6300.7130,7945.3900,2347.6750,1839.0060,4369.3500
2017-04-24,,,4281.1580,5852.2890,6060.0420,6403.8550,3431.2590,3129.5310,6138.5050,7698.2850,2341.9300,1809.9110,4315.1950
2017-04-25,,,4299.8960,5864.6040,6084.7730,6433.0980,3440.9740,3134.5670,6160.4610,7723.9990,2344.7410,1818.8700,4335.3750
2017-04-26,,,4317.1110,5910.9850,6094.8940,6448.1650,3445.1830,3140.8470,6176.3980,7751.9440,2344.5050,1820.4800,4339.4800
2017-04-27,,,4327.3460,5888.5120,6125.2580,6448.3720,3446.7200,3152.1870,6192.3040,7799.1220,2351.6400,1842.9220,4329.6310
2017-04-28,,,4324.8920,5916.0500,6138.3210,6464.5380,3439.7530,3154.6580,6211.8620,7842.0820,2347.0390,1850.7340,4302.8440
2017-05-02,,,4326.6260,5907.6950,6107.3230,6454.8340,3426.5770,3143.7120,6216.1150,7845.4680,2336.7920,1850.8490,4281.1330
2017-05-03,,,4293.4980,5830.9250,6093.8140,6428.9390,3413.1280,3135.3460,6197.4780,7830.6380,2329.7660,1840.4530,4254.3240
2017-05-04,,,4280.0320,5807.4280,6086.5270,6407.2360,3404.3860,3127.3690,6176.3050,7804.5800,2325.4330,1838.1040,4251.8700
2017-05-05,,,4229.9160,5719.1810,6019.5340,6327.6750,3382.5500,3103.0380,6089.6830,7700.2650,2320.6020,1818.1910,4229.0990
2017-05-08,,,4166.9010,5631.7780,5934.8180,6201.7940,3358.8130,3078.6130,5975.5400,7555.2830,2326.0970,1788.7080,4194.2360
2017-05-09,,,4178.8600,5656.4500,5946.8350,6231.6550,3352.5320,3080.5270,6012.0020,7602.9620,2316.2940,1802.4910,4192.6160
2017-05-10,,,4116.2930,5529.1370,5843.5740,6098.4300,3337.7010,3052.7850,5885.8410,7451.7760,2324.9220,1771.3190,4147.8220
2017-05-11,,,4119.1190,5535.3530,5802.4310,6081.1390,3356.6460,3061.5000,5872.6390,7387.1530,2339.2900,1772.4130,4170.4770
2017-05-12,,,4130.8320,5544.0310,5778.8330,6090.6720,3385.3790,3083.5130,5863.7830,7371.3020,2375.4500,1774.6280,4202.1160
2017-05-15,,,4151.6810,5550.9910,5796.2930,6113.7830,3399.1940,3090.2290,5893.5080,7391.6050,2381.7520,1778.6360,4228.9450
2017-05-16,,,4224.1860,5659.7510,5910.6650,6226.4680,3428.6490,3112.9640,6014.7340,7549.7650,2381.3170,1814.9410,4278.0780
2017-05-17,,,4221.7510,5683.2760,5937.3690,6247.4030,3409.9660,3104.4420,6027.6500,7570.4390,2363.5590,1822.6390,4265.5260
2017-05-18,,,4195.3600,5651.4910,5897.8130,6197.6020,3398.1130,3090.1390,5976.3000,7519.1920,2354.7530,1813.5060,4245.3690
2017-05-19,,,4195.8520,5656.8680,5889.9930,6198.2540,3403.8490,3090.6310,5974.9770,7510.1060,2361.6620,1801.0780,4261.3650
2017-05-22,,,4164.2460,5597.7450,5812.8590,6095.5010,3411.2390,3075.6760,5888.8130,7372.7900,2381.5530,1788.0750,4248.4410
2017-05-23,,,4110.7920,5515.8380,5686.7080,5986.9550,3424.1940,3061.9470,5764.8760,7138.2380,2411.8000,1758.2350,4259.5390
2017-05-24,,,4117.0610,5536.6400,5714.2390,6009.4350,3424.1670,3064.0760,5799.2500,7172.1430,2407.5710,1776.2780,4266.9760
2017-05-25,,,4137.6300,5617.0420,5769.9710,6093.4900,3485.6580,3107.8310,5850.8010,7232.6310,2473.4950,1777.6940,4325.1640
2017-05-26,,,4131.8760,5595.7260,5755.3580,6073.2080,3480.4350,3110.0590,5836.9340,7233.3380,2471.2140,1759.6320,4331.2770
2017-05-31,,,4121.1780,5594.4680,5743.0880,6081.4470,3492.8850,3117.1780,5824.1040,7212.6960,2479.0780,1763.7290,4338.3070
2017-06-01,,,4076.7120,5522.6080,5617.2230,5992.5770,3497.7380,3102.6230,5709.9990,7016.3040,2496.4480,1728.4880,4330.8930
2017-06-02,,,4102.7360,5557.3500,5676.2970,6058.3220,3486.5070,3105.5400,5772.5170,7094.4270,2475.4640,1745.9270,4338.4680
2017-06-05,,,4122.2180,5573.8910,5725.9940,6085.6160,3468.7540,3091.6560,5815.8020,7160.5270,2450.3460,1761.2460,4316.4990
2017-06-06,,,4139.6620,5594.4340,5755.4330,6118.9040,3492.8820,3102.1260,5841.5230,7197.6180,2466.0060,1766.3930,4338.8750
2017-06-07,,,4218.0400,5691.4460,5871.3610,6238.7690,3533.8720,3140.3250,5955.0150,7347.5970,2484.0330,1799.8520,4397.4420
2017-06-08,,,4237.4990,5694.1800,5875.4100,6250.4830,3560.9790,3150.3340,5958.9770,7342.4820,2507.0340,1794.7500,4437.7690
2017-06-09,,,4246.3030,5705.9920,5883.1030,6257.0590,3576.1700,3158.4000,5969.2740,7348.5210,2519.2730,1796.1350,4450.9520
2017-06-12,,,4201.9350,5688.4320,5810.0580,6196.3640,3574.3890,3139.8770,5902.8550,7246.7130,2521.1680,1775.5510,4462.2740
2017-06-13,,,4243.8200,5751.5380,5870.7770,6261.1380,3582.2670,3153.7430,5980.0570,7352.9760,2515.1430,1795.6320,4477.0170
2017-06-14,,,4218.5540,5708.1830,5840.8200,6228.6130,3535.2990,3130.6740,5966.4310,7362.8560,2477.3170,1790.6350,4413.1830
2017-06-15,,,4246.0000,5719.9720,5914.5230,6262.0210,3528.7930,3132.4860,6021.1650,7455.3880,2461.9740,1816.2590,4391.9860
2017-06-16,,,4241.1410,5710.9790,5892.7690,6236.9540,3518.7610,3123.1660,6013.0000,7442.9530,2452.7900,1810.0530,4362.8580
2017-06-19,,,4277.6360,5751.1860,5916.9360,6278.0830,3553.6650,3144.3740,6057.4120,7489.7600,2484.1160,1816.4000,4393.3780
2017-06-20,,,4274.4040,5759.7790,5929.4030,6289.6980,3546.4940,3140.0140,6066.9050,7503.8010,2474.4250,1820.9760,4387.9020
2017-06-21,,,4309.9390,5797.4590,5935.1350,6309.4770,3587.9550,3156.2120,6078.1930,7504.1920,2497.2540,1824.6910,4439.0620
2017-06-22,,,4261.7780,5749.5450,5847.6120,6224.5320,3590.3430,3147.4530,5992.3350,7371.9620,2516.6730,1798.3810,4438.0410
2017-06-23,,,4285.9300,5775.5900,5864.2170,6240.9240,3622.8830,3157.8730,6010.3140,7376.6650,2529.0980,1807.4290,4475.0280
2017-06-26,,,4348.3870,5884.7680,5944.4680,6335.6630,3668.0920,3185.4440,6111.6410,7462.0960,2543.3210,1821.2770,4525.7310
2017-06-27,,,4356.4270,5889.8600,5947.1380,6335.5790,3674.7150,3191.1970,6113.1660,7474.0330,2554.7000,1819.9340,4534.9240
2017-06-28,,,4317.7310,5880.2980,5913.3160,6307.5300,3646.1670,3173.2010,6086.2110,7423.4680,2537.6360,1808.1990,4509.9970
2017-06-29,,,4339.1520,5906.3910,5936.9170,6341.1730,3668.8280,3188.0630,6116.9930,7456.6720,2552.9750,1813.5520,4525.3730
2017-06-30,,,4350.3010,5908.5670,5951.8980,6353.6780,3666.7980,3192.4270,6138.1560,7465.7620,2549.9680,1818.0670,4527.2440
2017-07-03,,,4355.0200,5947.7840,5991.4360,6388.8370,3650.8460,3195.9120,6177.3950,7537.1060,2534.3680,1835.9860,4518.9230
2017-07-04,,,4322.7850,5913.5530,5985.5330,6348.4940,3619.9840,3182.8040,6146.8530,7523.6950,2511.1510,1829.5050,4483.8040
2017-07-05,,,4347.9300,5941.1830,6023.9720,6409.7870,3659.6800,3207.1340,6193.9640,7588.0870,2548.0990,1836.6310,4514.0950
2017-07-06,,,4346.9490,5944.6640,6026.5470,6411.9660,3660.0970,3212.4440,6201.6540,7601.7850,2553.8790,1838.9950,4515.5790
2017-07-07,,,4340.8880,5959.4250,6025.0960,6428.1020,3655.9290,3217.9570,6226.0110,7623.3800,2543.6580,1835.4390,4517.3680
2017-07-10,,,4294.5140,5972.6950,5984.8420,6433.2970,3653.6870,3212.6320,6206.5570,7577.8180,2550.1150,1803.2470,4506.2170
2017-07-11,,,4256.6260,5901.4530,5913.5870,6374.0430,3670.8090,3203.0380,6128.9940,7484.0580,2570.5920,1783.9120,4526.7600
2017-07-12,,,4251.6650,5895.0550,5911.5020,6358.4790,3658.8240,3197.5440,6132.9920,7474.3330,2565.1430,1786.7460,4505.9100
2017-07-13,,,4237.6630,5914.2820,5913.1580,6383.0650,3686.9210,3218.1630,6149.9340,7474.3000,2600.9540,1778.8630,4517.2000
2017-07-14,,,4219.3550,5906.0560,5898.0450,6380.4440,3703.0940,3222.4170,6128.7400,7433.1800,2622.9840,1745.5670,4544.4580
2017-07-17,,,4074.8760,5712.0980,5638.1220,6167.7300,3663.5580,3176.4650,5876.4590,7048.5350,2631.4140,1656.4330,4489.0150
2017-07-18,,,4104.0420,5791.1050,5666.0380,6243.6220,3667.1810,3187.5670,5938.4340,7109.6000,2624.3080,1667.4880,4489.5260
2017-07-19,,,4166.7600,5943.0160,5733.0770,6382.0460,3729.7470,3230.9760,6059.3580,7202.8050,2657.8880,1684.7710,4549.8090
2017-07-20,,,4195.5680,5967.7640,5773.9270,6430.2950,3747.8840,3244.8650,6099.2840,7244.9000,2665.4480,1688.6100,4588.1140
2017-07-21,,,4208.7350,6001.4270,5792.9260,6458.0300,3728.5980,3237.9820,6126.1080,7252.7070,2639.2130,1690.1450,4585.4930
2017-07-24,,,4230.8760,6045.5180,5808.9590,6509.5350,3743.4690,3250.5990,6167.1280,7292.6490,2654.3790,1686.4380,4615.1740
2017-07-25,,,4227.6760,6007.6600,5800.8980,6481.2940,3719.5590,3243.6890,6153.5980,7278.8430,2643.0730,1688.0940,4592.2880
2017-07-26,,,4203.4210,6003.8860,5797.9030,6471.7290,3705.3880,3247.6750,6146.7030,7289.8770,2636.2010,1681.3100,4568.7750
2017-07-27,,,4277.4350,6011.3130,5880.5080,6465.2090,3712.1950,3249.7810,6184.0210,7383.1150,2636.6260,1742.1910,4564.1850
2017-07-28,,,4280.9470,6027.1060,5877.7880,6489.8740,3721.8910,3253.2400,6215.4630,7386.2080,2636.3940,1734.0740,4581.2800
2017-07-31,,,4300.6800,6113.3560,5929.4090,6598.9710,3737.8730,3273.0280,6298.0000,7444.9570,2638.1240,1736.3000,4599.8860
2017-08-01,,,4292.2810,6092.5000,5937.6390,6589.8980,3770.3830,3292.6380,6286.5360,7452.9330,2681.8050,1741.0740,4627.9800
2017-08-02,,,4266.2250,6067.7790,5884.0110,6549.2530,3760.8530,3285.0570,6251.8630,7389.5100,2680.6310,1724.8330,4606.6740
2017-08-03,,,4248.1970,6086.0100,5885.3130,6566.9630,3727.8260,3272.9290,6261.9680,7424.1070,2646.2160,1733.1240,4569.5420
2017-08-04,,,4219.6690,6057.0110,5855.5290,6551.3550,3707.5800,3262.0810,6225.1150,7389.1460,2627.8030,1719.6170,4548.5670
2017-08-07,,,4258.1210,6131.3190,5890.4740,6623.3350,3726.7950,3279.4570,6303.4210,7445.1800,2634.1760,1732.4340,4577.6380
2017-08-08,,,4279.9130,6120.8210,5912.2050,6624.2700,3732.2130,3281.8730,6303.7160,7470.6930,2635.1840,1762.4210,4572.1980
2017-08-09,,,4293.0700,6150.4850,5929.7710,6679.6280,3731.0440,3275.5730,6340.0220,7495.3880,2620.3810,1763.0490,4584.5540
2017-08-10,,,4274.6340,6070.1670,5897.2760,6625.1570,3715.9210,3261.7490,6289.2170,7441.2370,2611.3410,1753.6690,4572.0540
2017-08-11,,,4233.6570,5908.6010,5825.1170,6444.2230,3647.3500,3208.5410,6161.1900,7328.4020,2570.2570,1742.1390,4492.2130
2017-08-14,,,4330.5330,5991.0180,5957.5390,6546.3750,3694.6830,3237.3600,6292.6420,7474.6440,2591.4540,1793.4820,4528.7970
2017-08-15,,,4351.2250,5985.4080,5988.9270,6562.5970,3706.0570,3251.2620,6314.7610,7507.2910,2605.2420,1798.5690,4556.8970
2017-08-16,,,4369.4170,5980.2370,6016.7880,6559.9880,3701.4210,3246.4510,6318.7990,7544.3870,2595.0020,1825.1870,4541.2490
2017-08-17,,,4384.3550,6035.5360,6048.7820,6607.0930,3721.2770,3268.4300,6366.0340,7614.2120,2604.0840,1833.3980,4563.4610
2017-08-18,,,4369.1130,6049.8340,6023.2500,6588.1020,3724.6750,3268.7240,6347.7560,7576.0550,2613.2650,1821.8030,4574.2650
2017-08-21,,,4393.3290,6093.0260,6060.6670,6646.7020,3740.9940,3286.9060,6403.7800,7631.7500,2616.8250,1829.2170,4592.5760
2017-08-22,,,4376.4390,6061.9200,6038.0840,6606.2670,3752.2980,3290.2260,6375.9810,7585.1120,2643.5030,1814.9150,4593.6100
2017-08-23,,,4356.6570,5997.8730,5996.4770,6540.5520,3756.0880,3287.7050,6322.7820,7534.4610,2659.7800,1807.3660,4591.5750
2017-08-24,,,4322.7150,5963.2640,5950.3820,6497.2020,3734.6460,3271.5120,6278.5900,7486.0580,2646.4020,1795.7390,4588.2690
2017-08-25,,,4350.9220,6032.8340,6005.8090,6575.7790,3795.7540,3331.5220,6346.5310,7559.3060,2706.2420,1812.8780,4646.5420
2017-08-28,,,4400.0920,6095.2430,6062.9870,6644.7010,3842.7120,3362.6510,6424.5840,7642.6460,2736.4620,1842.8280,4679.7910
2017-08-29,,,4380.4430,6083.9100,6046.5990,6647.8500,3834.5380,3365.2260,6408.1570,7623.2550,2739.1290,1831.5910,4676.5400
2017-08-30,,,4395.2520,6125.1010,6065.9690,6699.0560,3834.3010,3363.6270,6453.4640,7654.3720,2728.2310,1838.6310,4681.0840
2017-08-31,,,4403.6790,6124.2840,6080.4880,6707.7090,3822.0930,3360.8100,6470.4260,7679.8710,2714.6310,1849.3790,4653.3530
2017-09-01,,,4421.2100,6170.1810,6126.7420,6766.5630,3830.5380,3367.1190,6526.5050,7739.9050,2710.1190,1865.2500,4663.4790
2017-09-04,,,4460.5630,6176.0310,6197.8250,6764.1780,3845.6160,3379.5830,6564.6800,7798.1790,2711.3480,1883.6180,4669.5840
2017-09-05,,,4475.2390,6152.5930,6208.0650,6765.0700,3857.0460,3384.3170,6571.8590,7800.5370,2729.8480,1885.1620,4672.3900
2017-09-06,,,4490.5930,6157.6940,6255.4030,6777.7110,3849.4500,3385.3890,6607.1180,7858.2850,2714.3310,1902.8570,4664.5030
2017-09-07,,,4469.5090,6127.6030,6225.5060,6737.6380,3829.8710,3365.4970,6558.5960,7823.3990,2691.8290,1890.3820,4654.1560
2017-09-08,,,4465.1380,6133.2980,6229.6080,6764.3430,3825.9900,3365.2430,6574.1830,7838.7960,2686.6900,1885.2740,4649.4260
2017-09-11,,,4495.1560,6176.9840,6275.8170,6827.2290,3825.6450,3376.4190,6649.6280,7920.6900,2674.7500,1896.3750,4657.8480
2017-09-12,,,4479.1830,6184.7160,6264.1370,6844.2740,3837.9340,3379.4880,6644.0120,7899.4240,2692.5400,1884.4840,4677.3240
2017-09-13,,,4509.0010,6197.6230,6298.9790,6885.5340,3842.6060,3384.1470,6684.3800,7928.7510,2687.6710,1888.4320,4686.9200
2017-09-14,,,4512.5480,6207.9350,6282.9680,6869.1050,3829.9550,3371.4260,6672.1850,7916.6660,2672.8360,1879.2520,4675.2540
2017-09-15,,,4506.9760,6170.2750,6274.2290,6812.6170,3831.2970,3353.6190,6622.0440,7880.5660,2668.3760,1875.6350,4666.9110
2017-09-18,,,4537.5520,6195.0650,6319.1090,6853.5640,3843.1430,3362.8590,6669.4550,7941.6830,2674.1760,1894.8020,4676.9240
2017-09-19,,,4524.6440,6180.6250,6298.5430,6834.5250,3832.1160,3356.8450,6636.0200,7905.7050,2670.6910,1880.2960,4663.1890
2017-09-20,,,4550.7950,6242.2310,6335.4430,6884.2230,3842.4350,3365.9960,6692.4720,7975.3900,2662.6270,1892.6690,4685.9120
2017-09-21,,,4507.0670,6182.3630,6268.8270,6795.7450,3837.8180,3357.8120,6612.0460,7886.5150,2675.5510,1872.7700,4683.8210
2017-09-22,,,4493.1040,6135.9640,6240.2360,6745.4580,3837.7300,3352.5290,6572.0100,7849.7270,2679.0530,1866.4250,4690.0500
2017-09-25,,,4448.7770,6046.1700,6147.9780,6656.3030,3817.7920,3341.5490,6489.8440,7731.7980,2680.6520,1843.6210,4668.8030
2017-09-26,,,4431.5640,6086.6310,6152.3780,6688.8880,3820.7820,3343.5830,6520.7180,7746.2390,2678.9910,1839.4550,4666.4090
2017-09-27,,,4468.7180,6120.3380,6206.7520,6723.4360,3821.2000,3345.2720,6583.1400,7810.2340,2661.5530,1854.9430,4673.3030
2017-09-28,,,4478.1050,6084.5220,6181.0140,6691.4020,3822.5390,3339.6420,6567.7920,7768.3750,2661.2830,1854.7340,4663.2630
2017-09-29,,,4498.9760,6107.0100,6246.7480,6720.9790,3836.5010,3348.9430,6603.2590,7842.5860,2672.3270,1866.9820,4672.2500
2017-10-09,,,4558.2110,6177.5800,6293.8800,6796.3420,3882.2080,3374.3780,6678.3710,7941.1800,2692.0770,1889.8380,4719.9660
2017-10-10,,,4610.8880,6183.6470,6339.8870,6810.3540,3889.8640,3382.9880,6705.4810,7994.4590,2695.5370,1917.4580,4726.0940
2017-10-11,,,4612.7760,6170.2680,6287.8720,6804.8590,3902.6870,3388.2840,6666.4700,7961.1100,2707.5220,1901.5510,4739.6130
2017-10-12,,,4611.6530,6149.1660,6279.2640,6787.4170,3912.9540,3386.1000,6659.0960,7940.1380,2718.3510,1899.9860,4740.2990
2017-10-13,,,4658.4730,6184.0610,6321.4950,6817.2460,3921.0020,3390.5230,6709.8160,7972.4190,2713.3770,1926.0740,4741.5170
2017-10-16,,,4607.6440,6134.0590,6197.8810,6721.4540,3913.4460,3378.4700,6619.2060,7819.5860,2726.6420,1882.6860,4708.8840
2017-10-17,,,4620.7680,6130.1600,6199.4900,6714.1000,3913.0690,3372.0410,6612.9430,7805.0680,2723.5350,1876.9910,4708.7950
2017-10-18,,,4636.0780,6114.3640,6161.3000,6671.7360,3944.1630,3381.7940,6563.4370,7730.2720,2753.0110,1868.1590,4740.8300
2017-10-19,,,4607.3740,6056.3420,6118.5560,6631.0890,3931.2500,3370.1720,6501.4000,7656.0560,2756.0350,1862.6110,4740.4320
2017-10-20,,,4628.4090,6098.8970,6162.1840,6693.6710,3926.8520,3378.6480,6571.4240,7751.4280,2737.6410,1880.2140,4742.3060
2017-10-23,,,4668.4040,6144.5840,6203.6310,6733.6830,3930.7980,3380.6990,6612.7640,7793.5370,2734.3680,1898.7590,4746.5000
2017-10-24,,,4678.7330,6151.8880,6181.6550,6713.6160,3959.3950,3388.2480,6603.0040,7752.9240,2753.6490,1901.6930,4775.1340
2017-10-25,,,4702.1280,6185.4130,6211.8780,6765.8040,3976.9490,3396.8980,6647.8920,7799.7490,2752.1390,1913.2640,4787.0080
2017-10-26,,,4709.9380,6199.9060,6218.1210,6789.9630,3993.5750,3407.5670,6671.9290,7830.1060,2771.0440,1910.7220,4791.8470
2017-10-27,,,4692.9200,6157.1080,6172.7770,6766.0640,4021.9680,3416.8120,6630.8070,7770.7130,2814.2720,1896.2240,4806.6270
2017-10-30,,,4631.4140,6069.6850,6062.1360,6646.4740,4009.7220,3390.3370,6511.7620,7574.6550,2809.1070,1855.9860,4786.0430
2017-10-31,,,4663.0210,6103.9590,6108.3470,6681.4220,4006.7180,3393.3420,6560.2050,7631.5330,2793.7120,1869.7870,4767.5520
2017-11-01,,,4654.4780,6096.8880,6114.6540,6664.8600,3996.6220,3395.9130,6552.9550,7635.4350,2789.4020,1872.7460,4744.3640
2017-11-02,,,4624.9820,6047.6740,6059.7480,6618.9170,3997.1340,3383.3100,6484.9260,7542.3550,2794.1020,1847.5650,4744.3820
2017-11-03,,,4599.6690,5968.1530,6004.8000,6539.1910,3992.6980,3371.7440,6426.9800,7476.9810,2800.4690,1832.9670,4724.2810
2017-11-06,,,4665.0720,6022.3140,6060.3290,6632.4590,4020.8900,3388.1740,6511.0960,7551.3530,2792.2240,1850.3030,4757.0770
2017-11-07,,,4688.3170,6057.0080,6094.2040,6683.7800,4054.2470,3413.5750,6551.9360,7596.1680,2821.9560,1859.0680,4786.6010
2017-11-08,,,4689.0800,6078.2830,6107.4500,6676.2220,4048.0060,3415.4600,6561.6900,7617.5250,2819.9570,1866.1420,4788.8480
2017-11-09,,,4735.4370,6100.0480,6148.2300,6725.7440,4075.9000,3427.7950,6611.3520,7656.6680,2832.9610,1884.1120,4814.4150
2017-11-10,,,4783.6380,6103.0660,6172.5820,6752.7330,4111.9110,3432.6730,6641.2160,7669.9710,2862.3430,1900.6310,4841.3770
2017-11-13,,,4802.1690,6148.8800,6185.0610,6774.0690,4128.0730,3447.8360,6671.2050,7681.6350,2873.5150,1906.4370,4867.8140
2017-11-14,,,4737.5940,6117.4390,6149.2160,6730.7270,4099.3510,3429.5480,6614.5140,7627.4940,2861.4230,1896.7210,4836.0490
2017-11-15,,,4685.8400,6070.3190,6082.0840,6668.8740,4073.6700,3402.5250,6537.6560,7556.4210,2850.0500,1868.0810,4814.7820
2017-11-16,,,4743.5970,6085.0870,6092.9040,6693.9660,4105.0120,3399.2500,6558.3090,7535.5890,2879.3980,1878.2600,4827.4680
2017-11-17,,,4650.1260,5965.2560,5911.6690,6504.2340,4120.8510,3382.9080,6361.9420,7272.6560,2938.7980,1833.8950,4835.3680
2017-11-20,,,4749.5830,6004.7290,5949.2070,6544.1360,4143.8330,3392.3990,6433.1700,7292.4560,2941.1530,1859.7500,4857.3330
2017-11-21,,,4783.8500,6052.3460,5948.7500,6577.0640,4217.7020,3410.4980,6456.3520,7289.3070,2987.1730,1856.9610,4921.2670
2017-11-22,,,4769.3490,6062.2890,5947.5700,6544.7580,4227.5670,3430.4640,6439.4420,7297.3910,3012.3550,1853.3780,4928.3230
2017-11-23,,,4630.0410,5936.4990,5795.0370,6382.2870,4102.3970,3351.9180,6274.5120,7129.0550,2940.7260,1794.7810,4798.5510
2017-11-24,,,4604.0050,5963.8460,5785.6610,6394.9020,4104.2030,3353.8210,6278.0290,7139.5530,2936.8340,1782.6570,4798.5170
2017-11-27,,,4519.6180,5901.9760,5707.7120,6333.7120,4049.9480,3322.2300,6194.5520,7065.8400,2917.3060,1760.9000,4756.4890
2017-11-28,,,4591.3170,5975.5680,5797.0020,6436.4850,4055.8240,3333.6570,6299.3120,7176.9200,2897.1070,1793.8680,4760.7890
2017-11-29,,,4586.4980,6023.1100,5809.9380,6475.5160,4053.7530,3337.8620,6318.3680,7193.1200,2893.2830,1787.3820,4755.9600
2017-11-30,,,4524.0760,5960.8190,5760.8850,6424.1500,4006.0990,3317.1880,6263.4210,7153.5730,2863.4470,1770.3020,4725.7810
2017-12-01,,,4588.5440,5987.5600,5798.7560,6444.2840,3998.1370,3317.6170,6316.4070,7215.7760,2842.1840,1804.6220,4718.1350
2017-12-04,,,4576.5990,5961.0820,5760.1900,6412.1960,4018.8570,3309.6180,6279.6210,7139.7490,2861.3610,1797.7650,4724.0250
2017-12-05,,,4482.9100,5858.2730,5645.2890,6278.7060,4040.1700,3303.6750,6132.9120,6946.5570,2910.4760,1758.5900,4735.6030
2017-12-06,,,4511.2140,5883.3120,5697.4380,6308.8480,4015.8210,3293.9650,6172.8030,7016.7640,2875.7320,1784.3150,4708.7010
2017-12-07,,,4485.1270,5848.6560,5691.3470,6258.4130,3971.0570,3272.0540,6135.4700,7012.7070,2848.8880,1776.9900,4660.8380
2017-12-08,,,4546.3430,5891.1850,5751.1000,6328.7300,4003.3790,3289.9920,6203.1430,7078.0010,2865.3410,1792.1550,4675.8400
2017-12-11,,,4631.4600,5956.0080,5833.5040,6412.7000,4069.5000,3322.1960,6286.1660,7160.4250,2899.1040,1816.9850,4725.1770
2017-12-12,,,4608.1040,5906.1730,5789.5980,6357.6870,4016.0160,3280.8140,6233.2120,7095.5950,2850.1970,1798.6910,4677.6120
2017-12-13,,,4635.6090,5937.8140,5827.2970,6420.0260,4050.0930,3303.0370,6277.4410,7139.7190,2872.9400,1806.0900,4713.3190
2017-12-14,,,4621.6170,5944.0160,5828.8050,6440.1350,4026.1520,3292.4390,6284.0810,7146.4490,2850.0460,1794.3440,4702.3980
2017-12-15,,,4584.8830,5901.7050,5804.0790,6395.6280,3980.8560,3266.1370,6235.7610,7122.7480,2820.1670,1783.9730,4664.8580
2017-12-18,,,4551.2780,5892.4020,5758.4600,6382.3180,3985.2910,3267.9220,6199.9890,7075.8650,2829.0590,1780.6440,4664.1440
2017-12-19,,,4604.0410,5949.1610,5798.3240,6441.9190,4035.3290,3296.5380,6251.2420,7115.8510,2873.0300,1798.5020,4703.6240
2017-12-20,,,4570.3460,5903.7330,5743.1410,6407.2660,4030.4900,3287.6060,6199.3630,7041.5000,2879.6430,1782.4130,4690.5540
2017-12-21,,,4612.4690,5946.2460,5764.9490,6453.6010,4067.8490,3300.0590,6238.4990,7051.3390,2895.3660,1789.7360,4716.3110
2017-12-22,,,4609.0030,5961.5060,5766.4450,6467.7120,4054.5980,3297.0630,6242.8850,7037.3970,2880.7730,1779.3390,4716.9030
2017-12-25,,,4556.4060,5924.9890,5708.4490,6430.2230,4041.5400,3280.4610,6185.5910,6940.5110,2880.0970,1755.8060,4710.8020
2017-12-26,,,4565.8680,5976.8060,5728.7780,6468.4810,4053.6220,3306.1250,6220.1470,6970.7460,2894.3360,1758.8210,4730.7610
2017-12-27,,,4519.0110,5960.8640,5686.3370,6439.7750,3991.2080,3275.7830,6173.1530,6942.5390,2839.6350,1745.2360,4696.6760
2017-12-28,,,4535.6930,6004.6990,5686.3280,6474.9230,4018.8970,3296.3850,6204.2700,6956.4830,2859.0540,1745.0170,4718.5550
2017-12-29,,,4570.5400,6049.7910,5727.8330,6526.7450,4030.8550,3307.1720,6250.8210,7017.3510,2860.4360,1752.6520,4750.7870
2018-01-02,,,4620.2310,6163.6150,5792.2640,6652.2840,4087.4010,3348.3260,6332.2270,7092.0950,2908.7320,1769.6720,4836.0790
2018-01-03,,,4667.2320,6210.0600,5855.2310,6707.1550,4111.3930,3369.1080,6388.2530,7159.8760,2913.2600,1795.3830,4859.7020
2018-01-04,,,4671.3700,6232.7880,5884.2340,6777.5760,4128.8120,3385.7100,6417.5350,7174.8650,2919.4790,1794.6090,4877.6330
2018-01-05,,,4658.3320,6264.5110,5890.7670,6803.4580,4138.7510,3391.7500,6417.2540,7176.8680,2932.3560,1801.4180,4912.4330
2018-01-08,,,4662.0090,6324.6290,5903.3370,6879.5870,4160.1600,3409.4800,6446.1820,7188.2910,2947.7610,1806.1560,4952.7190
2018-01-09,,,4663.2820,6315.2850,5904.5030,6887.7010,4189.2980,3413.9000,6445.7460,7176.7420,2969.3180,1803.5860,4949.1640
2018-01-10,,,4632.3000,6271.8750,5868.1810,6847.7420,4207.8130,3421.8340,6405.9400,7138.7810,2995.5640,1791.0840,4963.9950
2018-01-11,,,4656.3560,6257.5050,5896.5780,6827.1470,4205.5860,3425.3450,6425.9400,7175.3980,2997.0450,1804.2350,4950.7490
2018-01-12,,,4639.5930,6264.6110,5867.8370,6830.5810,4225.0010,3428.9410,6399.3740,7127.8280,3018.5960,1785.7050,4974.8290
2018-01-15,,,4534.7480,6169.6240,5752.5220,6716.7290,4225.2390,3410.4880,6253.3760,6929.3070,3048.8080,1732.6230,4956.6750
2018-01-16,,,4553.7000,6286.9200,5774.8150,6833.6990,4258.4730,3436.5940,6301.1330,6960.6770,3063.8610,1729.5970,5027.2280
2018-01-17,,,4530.9110,6237.9190,5760.2650,6788.5110,4248.1160,3444.6710,6267.4600,6942.8630,3076.1820,1742.0340,5020.7800
2018-01-18,,,4516.3020,6266.0420,5776.2120,6857.7820,4271.4170,3474.7540,6286.8010,6955.2320,3106.5520,1738.0020,5061.0470
2018-01-19,,,4510.1590,6276.7650,5752.5030,6845.0550,4285.3950,3487.8640,6272.3800,6938.3120,3117.8210,1728.1400,5058.9760
2018-01-22,,,4579.8060,6323.9580,5834.8230,6924.6060,4336.5970,3501.3620,6347.6380,7014.5480,3130.3300,1768.2140,5108.8980
2018-01-23,,,4587.3760,6373.2530,5841.4450,6936.5270,4382.6130,3546.5050,6354.9980,7019.9750,3176.5040,1767.8290,5169.5700
2018-01-24,,,4651.7990,6384.3140,5886.5150,6946.8340,4389.8850,3559.4650,6394.3000,7072.4060,3180.3320,1813.2750,5177.3540
2018-01-25,,,4630.2380,6387.8500,5867.5130,6919.9790,4365.0790,3548.3070,6382.7170,7062.6350,3157.4590,1810.8350,5156.2790
2018-01-26,,,4642.9080,6418.8280,5871.5890,6936.2240,4381.3000,3558.1290,6383.6310,7056.0130,3172.7780,1816.8000,5190.2870
2018-01-29,,,4576.8510,6369.9650,5808.4020,6877.6160,4302.0180,3523.0010,6309.8840,6972.4790,3120.6950,1799.7710,5139.4610
2018-01-30,,,4569.9990,6337.3870,5809.7210,6880.6900,4256.1020,3488.0090,6313.4420,6955.2430,3079.1180,1782.3990,5077.6360
2018-01-31,,,4483.9170,6281.0690,5721.8920,6793.5300,4275.8990,3480.8330,6189.3410,6791.0090,3116.8330,1735.0570,5071.8100
2018-02-01,,,4343.7070,6101.7110,5555.7300,6604.3730,4245.8980,3446.9800,5984.7430,6506.4530,3141.2300,1697.3900,5020.1770
2018-02-02,,,4356.0070,6168.7740,5553.0010,6641.9060,4271.2330,3462.0810,6004.8490,6487.8670,3149.6410,1702.4260,5061.5220
2018-02-05,,,4333.2890,6234.2150,5515.5600,6673.0900,4274.1460,3487.4970,5998.2240,6461.8130,3181.3390,1688.2720,5098.9370
2018-02-06,,,4154.5590,5957.3900,5299.3810,6359.8560,4148.8860,3370.6520,5704.2640,6142.6680,3117.4910,1598.1160,4952.9170
2018-02-07,,,4147.5030,5887.2600,5311.4740,6308.1360,4050.4970,3309.2600,5711.3320,6158.2570,3029.6010,1616.4000,4852.4930
2018-02-08,,,4205.0120,5878.1640,5372.4420,6341.0190,4012.0470,3262.0500,5766.4800,6238.2210,2945.8440,1641.4310,4807.1600
2018-02-09,,,4079.6880,5564.8180,5213.9790,6068.0780,3840.6530,3129.8510,5554.8970,6053.0200,2810.0270,1592.5100,4620.2250
2018-02-12,,,4181.3270,5659.7670,5363.3140,6216.0970,3890.1050,3154.1250,5699.0980,6203.7520,2805.2110,1648.0720,4672.7100
2018-02-13,,,4193.6880,5707.7150,5387.1190,6282.6420,3935.6320,3184.9590,5736.9510,6216.5100,2852.7170,1648.5820,4724.1050
2018-02-14,,,4192.2530,5735.0850,5398.8930,6321.2530,3966.9610,3199.1590,5754.8340,6230.6630,2871.7870,1646.7710,4736.5590
2018-02-22,,,4279.4040,5845.8440,5489.9930,6457.1040,4052.7330,3268.5590,5875.7270,6347.0830,2931.8820,1677.7650,4839.2450
2018-02-23,,,4278.8540,5885.4350,5493.2600,6481.5680,4071.0890,3289.0240,5897.6770,6365.9160,2957.1710,1668.8340,4853.3540
2018-02-26,,,4372.0920,5965.4880,5622.8600,6590.5860,4118.4190,3329.5740,6029.6800,6507.1280,2973.7860,1729.1530,4899.0700
2018-02-27,,,4368.7670,5888.4040,5627.2670,6516.9500,4058.9810,3292.0680,6010.5570,6529.3800,2927.0970,1743.5410,4822.3550
2018-02-28,,,4377.3090,5900.2980,5637.7670,6518.6320,4023.6420,3259.4080,6023.6770,6563.8080,2878.6670,1753.6270,4789.7760
2018-03-01,,,4433.0400,5926.2830,5700.5740,6553.2290,4049.0860,3273.7550,6090.2250,6658.5780,2891.2980,1789.8490,4796.3820
2018-03-02,,,4401.1750,5887.6460,5667.2240,6510.8470,4016.4610,3254.5280,6056.3350,6632.3710,2864.1830,1772.0050,4783.9150
2018-03-05,,,4427.2850,5871.2710,5676.3110,6457.8870,4018.0970,3256.9260,6064.0980,6674.2770,2863.9910,1795.6930,4777.4000
2018-03-06,,,4473.7440,5985.6670,5739.2750,6594.5930,4066.5650,3289.6420,6145.5770,6735.8590,2892.4750,1797.6090,4841.2610
2018-03-07,,,4451.8050,5927.4290,5698.5740,6517.4150,4036.6540,3271.6680,6086.4870,6688.5450,2878.1510,1785.2700,4822.2030
2018-03-08,,,4488.5470,5989.7530,5716.8180,6557.0730,4077.6000,3288.4060,6131.5140,6725.1830,2898.2540,1793.2220,4867.4050
2018-03-09,,,4565.6460,6021.6140,5811.0780,6602.8490,4108.8650,3307.1660,6206.9750,6837.1260,2908.1970,1856.4550,4884.4120
2018-03-12,,,4632.3130,6074.5800,5891.2140,6678.0050,4127.6660,3326.6990,6295.7780,6947.4600,2909.5790,1882.4090,4894.3630
2018-03-13,,,4599.3170,6025.2190,5859.7850,6641.4030,4091.2530,3310.2390,6254.1460,6911.6660,2883.3770,1872.6780,4864.3840
2018-03-14,,,4543.4790,5988.5470,5788.7680,6611.6690,4073.3450,3291.3820,6189.3170,6834.8350,2871.3340,1841.2890,4845.2020
2018-03-15,,,4556.2110,5977.1830,5770.8630,6579.5480,4096.1630,3291.1120,6180.1110,6824.0520,2894.9830,1848.7100,4851.2770
2018-03-16,,,4517.1000,5953.5150,5743.0550,6552.0030,4056.4230,3269.8820,6146.3060,6805.9260,2870.7320,1821.3220,4813.0800
2018-03-19,,,4548.4970,5917.9640,5754.1590,6507.9030,4074.2480,3279.2520,6153.8340,6820.5020,2897.2560,1842.9200,4791.6060
2018-03-20,,,4572.7650,5933.3760,5775.0640,6515.7290,4077.7040,3290.6400,6173.6980,6822.2550,2904.3970,1864.6200,4790.3360
2018-03-21,,,4537.2200,5909.5410,5724.0220,6475.0060,4061.0500,3280.9520,6129.2040,6771.0550,2894.1840,1829.9130,4781.5440
2018-03-22,,,4510.6780,5875.8170,5690.2970,6441.8080,4020.3490,3263.4800,6101.2280,6764.6900,2866.6700,1817.2280,4743.8210
2018-03-23,,,4319.3680,5629.3630,5413.9270,6117.1490,3904.9360,3152.7610,5787.1520,6402.8930,2791.4670,1726.0210,4607.2900
2018-03-26,,,4415.3400,5662.4570,5529.5580,6195.1910,3879.8930,3133.7220,5902.9590,6515.2510,2738.8680,1780.6090,4568.4440
2018-03-27,,,4528.0960,5748.5730,5658.6820,6278.6580,3913.2690,3166.6490,6034.7750,6680.8440,2747.5870,1844.6930,4586.7740
2018-03-28,,,4486.2570,5670.6450,5609.1530,6191.1140,3842.7160,3122.2900,5973.3410,6635.8730,2694.8260,1835.1540,4521.3010
2018-03-29,,,4498.2940,5750.8490,5655.3570,6292.6390,3894.0500,3160.5310,6034.8570,6684.2750,2738.7910,1842.1870,4599.4340
2018-03-30,,,4593.0000,5780.2510,5746.2900,6315.5660,3898.4980,3168.8970,6114.7380,6798.6680,2722.1530,1900.4820,4601.8690
2018-04-02,,,4594.3320,5766.8640,5760.8740,6322.4430,3886.9190,3163.1790,6121.9640,6835.8750,2711.3740,1900.2550,4578.5140
2018-04-03,,,4550.4000,5713.1000,5696.6540,6249.7560,3862.4800,3136.6330,6059.7090,6769.5580,2697.2720,1872.4700,4533.2160
2018-04-04,,,4499.1540,5676.3090,5640.3210,6219.3530,3854.8630,3131.1110,6017.6860,6708.9220,2702.3690,1836.8130,4529.7560
2018-04-09,,,4494.9370,5647.8560,5649.9900,6201.8480,3852.9290,3138.2940,6025.6490,6718.6490,2715.7320,1841.6530,4520.9160
2018-04-10,,,4516.9530,5740.7830,5675.7840,6299.5980,3927.1730,3190.3220,6063.7420,6720.7740,2780.8040,1835.5200,4597.2050
2018-04-11,,,4529.7570,5769.1450,5720.1960,6337.5230,3938.3430,3208.0820,6086.6130,6759.8120,2785.3390,1834.6260,4622.6090
2018-04-12,,,4527.2770,5729.7200,5693.2190,6294.3240,3898.6350,3180.1580,6051.3350,6727.6450,2749.6990,1826.8900,4580.8120
2018-04-13,,,4510.2760,5704.9490,5669.0910,6269.8230,3871.1440,3159.0520,6027.1870,6721.6630,2726.3960,1824.5940,4559.8500
2018-04-16,,,4516.7700,5632.3290,5657.7660,6199.1700,3808.8630,3110.6490,6012.4050,6717.9310,2664.7050,1838.7090,4483.7870
2018-04-17,,,4397.1320,5539.4380,5536.7270,6090.7900,3748.6410,3066.7970,5890.8570,6564.6920,2635.7030,1783.7410,4432.0500
2018-04-18,,,4470.8080,5585.6080,5607.5490,6123.3960,3766.2820,3091.3990,5970.6580,6661.2910,2653.7690,1822.2640,4450.4960
2018-04-19,,,4485.2810,5620.8240,5625.1970,6184.1510,3811.8430,3117.3760,6004.7330,6677.0900,2682.5520,1820.2810,4492.1980
2018-04-20,,,4425.2900,5512.8480,5493.5100,6036.6850,3760.8540,3071.5430,5880.8360,6535.9630,2647.3760,1782.8080,4429.9220
2018-04-23,,,4380.9860,5496.8600,5421.5880,6020.7120,3766.3260,3068.0120,5823.9210,6466.5190,2664.9180,1753.0480,4431.9250
2018-04-24,,,4484.6880,5607.1700,5556.8380,6164.2150,3843.4890,3128.9270,5957.1930,6606.5840,2722.8470,1806.8610,4521.8820
2018-04-25,,,4502.7920,5590.5210,5560.3490,6147.6200,3828.7020,3117.9740,5959.4220,6632.0190,2702.9800,1819.4060,4508.5840
2018-04-26,,,4419.1140,5513.6750,5458.3500,6034.5740,3755.4940,3075.0300,5847.9770,6510.5340,2666.0240,1781.2760,4440.7430
2018-04-27,,,4454.0720,5527.8210,5481.2460,6046.7260,3756.8770,3082.2320,5860.9840,6517.0540,2653.5440,1805.5960,4440.9040
2018-05-02,,,4441.8380,5536.8250,5462.7660,6085.7920,3763.6460,3081.1770,5855.3230,6486.8140,2652.7310,1801.5710,4461.7130
2018-05-03,,,4470.3370,5579.2650,5510.3010,6127.3550,3793.0000,3100.8590,5910.6060,6545.2740,2663.9750,1826.7910,4494.8970
2018-05-04,,,4481.9120,5592.0410,5487.5820,6133.4620,3774.5980,3091.0330,5909.2940,6531.2930,2646.3550,1814.8550,4482.6040
2018-05-07,,,4551.6950,5677.9980,5593.6310,6271.6960,3834.1880,3136.6450,6019.1410,6646.5840,2683.8490,1852.3360,4549.2200
2018-05-08,,,4538.9890,5707.7920,5609.5760,6306.4090,3878.6770,3161.4980,6041.8140,6678.1450,2722.8800,1856.8680,4586.6750
2018-05-09,,,4531.0390,5693.2540,5586.8060,6295.9640,3871.6150,3159.1500,6029.2330,6674.9090,2717.2390,1855.8090,4581.5760
2018-05-10,,,4540.7030,5726.5520,5608.4010,6326.2520,3893.0570,3174.4130,6040.5720,6703.2110,2729.4000,1865.3590,4608.9420
2018-05-11,,,4468.9530,5679.8320,5556.2030,6289.4680,3872.8380,3163.2630,5991.3420,6636.7670,2724.7160,1834.7800,4588.7790
2018-05-14,,,4474.8780,5688.6240,5507.9420,6270.7710,3909.2930,3174.0320,5967.5540,6591.7300,2753.5350,1830.9800,4608.9630
2018-05-15,,,4540.1410,5738.3890,5565.5640,6330.7670,3924.0980,3192.1180,6020.5700,6661.1290,2750.8310,1858.0110,4628.1630
2018-05-16,,,4533.4340,5723.5110,5529.8210,6326.0880,3892.8440,3169.5650,6004.0700,6622.6410,2716.7820,1846.6750,4601.8810
2018-05-17,,,4503.0660,5712.4010,5499.4850,6309.1900,3864.0510,3154.2830,5973.7790,6591.2550,2700.8770,1831.2040,4585.0770
2018-05-18,,,4502.4100,5733.2020,5524.9340,6366.6040,3903.0640,3193.3030,5995.1500,6620.7750,2740.5350,1836.7540,4628.8160
2018-05-21,,,4549.6140,5775.9670,5592.7290,6426.3460,3921.2420,3213.8400,6072.1990,6697.1440,2745.8040,1862.4810,4650.2240
2018-05-22,,,4572.5240,5778.9130,5617.6230,6448.0450,3906.2080,3214.3500,6092.9070,6724.3980,2728.0000,1875.9990,4637.4250
2018-05-23,,,4537.3340,5709.6610,5546.9420,6338.2440,3854.5830,3168.9640,6013.8470,6652.2920,2683.6930,1845.9730,4591.5070
2018-05-24,,,4520.7160,5683.5830,5517.8280,6316.5330,3827.2170,3154.6510,5992.6210,6628.5020,2665.6760,1838.4030,4561.8190
2018-05-25,,,4466.9150,5643.5480,5430.3460,6268.0500,3816.4980,3141.3030,5917.7980,6541.4500,2661.2910,1804.5490,4551.3760
2018-05-28,,,4461.3000,5619.7380,5391.2480,6269.7330,3833.2600,3135.0820,5891.2630,6490.4050,2673.1990,1796.9130,4564.4350
2018-05-29,,,4387.2780,5586.1430,5343.4770,6198.5940,3804.0090,3120.4610,5835.4460,6436.7730,2663.4030,1773.6460,4551.2640
2018-05-30,,,4282.1600,5426.8380,5207.4240,6057.9100,3723.3720,3041.4430,5682.5880,6232.4160,2605.9010,1726.2190,4466.2810
2018-05-31,,,4344.0040,5519.4360,5277.9450,6176.5180,3802.3760,3095.4740,5754.4750,6315.1720,2658.2920,1743.7430,4559.6160
2018-06-01,,,4275.9780,5481.4120,5198.6880,6095.2780,3770.5890,3075.1370,5685.1160,6243.7320,2647.1870,1709.5480,4527.0920
2018-06-04,,,4261.7980,5487.2570,5167.2870,6104.6640,3807.5780,3091.1910,5683.1490,6215.6090,2694.5770,1702.9300,4559.6790
2018-06-05,,,4348.6470,5550.2820,5253.7830,6166.2360,3845.3160,3114.2060,5779.0780,6316.4190,2707.0170,1746.1130,4579.5280
2018-06-06,,,4348.3410,5553.6450,5257.1610,6151.6730,3837.3510,3115.1800,5774.2580,6320.4740,2692.1810,1743.2480,4578.8640
2018-06-07,,,4304.9160,5527.2470,5210.8120,6136.3240,3831.0130,3109.4990,5738.0180,6274.8840,2695.2370,1730.3750,4549.3560
2018-06-08,,,4260.4250,5435.1140,5157.8090,6055.6530,3779.6160,3067.1480,5669.3030,6205.9560,2652.0820,1711.5220,4486.9940
2018-06-11,,,4221.7910,5421.6000,5114.4340,6010.2290,3779.9820,3052.7830,5632.3570,6151.9380,2660.4080,1688.6180,4480.9760
2018-06-12,,,4265.7620,5486.8200,5174.5170,6103.4770,3825.9530,3079.8020,5693.3460,6199.1540,2687.7020,1712.7680,4535.4680
2018-06-13,,,4199.4470,5424.8040,5103.6880,6029.8150,3788.3390,3049.7970,5607.0170,6092.3450,2671.6270,1685.8950,4501.3920
2018-06-14,,,4181.4280,5404.0420,5069.7130,6006.2890,3773.3660,3044.1600,5586.9310,6060.1290,2671.2980,1673.3190,4481.2390
2018-06-15,,,4095.8900,5342.6350,4973.8560,5933.4790,3753.4340,3021.9010,5483.9450,5928.0730,2667.9750,1641.6630,4460.9920
2018-06-19,,,3898.4270,5051.9880,4668.8750,5571.5840,3621.1170,2907.8220,5141.7100,5522.5290,2599.7800,1547.1450,4291.9820
2018-06-20,,,3950.5520,5101.7500,4726.1480,5659.9550,3635.4440,2915.7310,5198.3940,5588.2700,2598.3280,1563.7920,4315.1400
2018-06-21,,,3858.3570,5048.7230,4626.1150,5589.8550,3592.9650,2875.8100,5089.2520,5456.9110,2579.0520,1521.6760,4276.1780
2018-06-22,,,3910.4740,5098.9930,4687.1870,5658.5170,3608.9050,2889.7600,5160.1230,5541.3740,2583.7080,1549.6610,4291.5000
2018-06-25,,,3881.1090,5047.8860,4650.7930,5627.7820,3560.4780,2859.3360,5125.0330,5512.4330,2536.4600,1538.5650,4252.1270
2018-06-26,,,3893.0830,5008.9800,4684.9040,5608.0010,3531.1110,2844.5080,5160.2830,5558.7140,2506.7170,1564.9170,4202.3570
2018-06-27,,,3826.8590,4955.6840,4628.5400,5540.7650,3459.2620,2813.1780,5109.4980,5508.9150,2452.6390,1546.2310,4151.2670
2018-06-28,,,3794.2530,4895.3620,4577.8150,5468.3400,3423.5260,2786.8970,5055.1090,5443.8490,2425.1760,1543.6640,4096.8810
2018-06-29,,,3927.6250,5026.2910,4739.8560,5602.8230,3510.9850,2847.4180,5217.7640,5608.5360,2479.9120,1606.7150,4187.0210
2018-07-02,,,3871.4670,4921.7000,4677.1280,5494.0200,3407.9640,2775.5570,5138.7830,5538.0920,2386.3770,1588.3740,4076.2310
2018-07-03,,,3887.9800,4957.4910,4716.8530,5515.5970,3409.2800,2786.8880,5197.1310,5601.5910,2388.9760,1607.1220,4082.4670
2018-07-04,,,3817.1630,4894.8330,4634.5170,5458.0370,3363.7470,2759.1260,5121.3440,5500.6650,2368.4250,1565.6100,4042.2910
2018-07-05,,,3714.4620,4771.6170,4515.9630,5319.2980,3342.4380,2733.8820,4982.7630,5352.6600,2374.3550,1532.6790,4003.2060
2018-07-06,,,3738.5410,4778.3960,4519.6000,5324.8130,3365.1230,2747.2290,4996.6300,5374.5800,2402.6170,1541.3130,4014.8840
2018-07-09,,,3844.5680,4895.0200,4626.2650,5450.5740,3459.1840,2815.1100,5107.5510,5487.5490,2471.2850,1581.9300,4108.5540
2018-07-10,,,3859.8650,4938.3210,4648.9960,5485.0730,3467.5160,2827.6250,5136.5330,5524.8020,2471.2300,1592.9760,4121.3820
2018-07-11,,,3795.7850,4857.4350,4548.6360,5388.1220,3407.5300,2777.7710,5036.1570,5396.3120,2432.2790,1563.0090,4052.9550
2018-07-12,,,3903.4980,4963.3450,4677.3920,5518.3140,3481.0560,2837.6590,5172.5030,5541.3600,2474.6250,1614.6320,4128.1800
2018-07-13,,,3938.4340,4985.7600,4707.7520,5559.0960,3492.6900,2831.1840,5204.1860,5561.6850,2476.8640,1618.4630,4133.1420
2018-07-16,,,3934.6160,4971.0880,4712.3950,5550.0730,3472.0860,2814.0420,5195.2000,5566.9600,2448.7650,1616.9120,4107.2220
2018-07-17,,,3933.3600,4930.6880,4708.4720,5533.9340,3449.3770,2798.1260,5196.1970,5575.4740,2430.4450,1621.6320,4079.3270
2018-07-18,,,3891.1590,4916.7400,4693.7000,5518.5070,3431.3230,2787.2570,5156.6360,5544.5190,2420.7590,1607.8840,4087.3550
2018-07-19,,,3849.0710,4899.3790,4633.4440,5483.6310,3428.3430,2772.5450,5111.3270,5480.7670,2426.1630,1590.0630,4081.9140
2018-07-20,,,3907.5440,4956.5310,4686.2140,5536.8520,3492.8940,2829.2710,5175.2520,5541.2120,2493.7650,1609.5480,4154.6850
2018-07-23,,,3912.9440,5016.1180,4712.6820,5583.8450,3525.7500,2859.5420,5214.0040,5582.3070,2526.8130,1620.9730,4195.7150
2018-07-24,,,3971.6670,5118.3120,4776.4610,5695.5120,3581.7060,2905.5620,5304.6410,5672.2220,2563.5840,1629.6100,4250.7610
2018-07-25,,,3986.0670,5125.9250,4784.5180,5693.4860,3577.7520,2903.6470,5308.6570,5685.5860,2563.6870,1632.3200,4244.1340
2018-07-26,,,3936.0590,5100.6630,4743.8130,5679.9590,3536.2460,2882.2250,5273.4790,5663.1780,2530.9910,1606.1150,4216.1810
2018-07-27,,,3902.6280,5096.6800,4720.6510,5666.0300,3521.2270,2873.5940,5249.2900,5630.2270,2525.0920,1594.5670,4201.0620
2018-07-30,,,3830.1130,5071.1710,4637.5540,5610.9410,3515.0790,2869.0500,5185.1510,5549.0370,2541.3080,1559.6410,4204.8690
2018-07-31,,,3841.9190,5087.0460,4632.9330,5618.8350,3517.6570,2876.4010,5188.7170,5542.5430,2545.1240,1561.2580,4207.7820
2018-08-01,,,3788.6760,5008.7300,4546.8110,5507.4840,3447.3880,2824.5340,5105.3740,5456.2050,2490.2450,1541.8600,4129.2560
2018-08-02,,,3707.8440,4924.0350,4447.1110,5408.2410,3370.9580,2768.0240,4996.0120,5325.8010,2440.3130,1510.0880,4046.9400
2018-08-03,,,3646.3870,4882.3820,4375.1950,5342.5500,3315.2840,2740.4430,4929.7500,5255.6310,2413.5030,1481.6060,3995.2180
2018-08-06,,,3527.9120,4781.3540,4280.1820,5251.7420,3273.2730,2705.1570,4825.2510,5144.6420,2406.5370,1440.7960,3943.2900
2018-08-07,,,3621.6380,4921.1180,4382.0830,5387.7880,3368.8700,2779.3740,4956.8720,5279.6420,2479.7800,1479.4410,4043.7620
2018-08-08,,,3549.0520,4870.1560,4297.3310,5322.6090,3314.5080,2744.0700,4880.5690,5191.7860,2446.9980,1447.7570,3988.7090
2018-08-09,,,3667.1140,4959.5970,4418.0800,5418.0670,3397.5300,2794.3820,5004.7730,5307.9670,2504.6170,1497.6060,4059.2480
2018-08-10,,,3695.4770,4964.2920,4450.6400,5441.9890,3405.0190,2795.3100,5030.5150,5342.0470,2503.2060,1511.7070,4049.1520
2018-08-13,,,3733.3020,4972.3730,4480.3190,5438.8360,3390.3440,2785.8720,5055.2750,5369.1760,2478.5090,1531.3400,4025.8970
2018-08-14,,,3704.1450,4956.7030,4454.1240,5424.6930,3372.9140,2780.9650,5037.8830,5351.0190,2469.2000,1518.4910,4023.0400
2018-08-15,,,3603.4620,4852.2250,4353.3480,5298.9280,3291.9760,2723.2580,4932.8060,5242.0870,2408.7220,1478.5060,3942.0720
2018-08-16,,,3574.0350,4802.8650,4300.5290,5246.1830,3276.7280,2705.1920,4888.3710,5178.2370,2405.1640,1463.8720,3919.1040
2018-08-17,,,3502.9930,4743.2360,4219.3610,5163.9840,3229.6200,2668.9660,4803.0290,5084.2070,2374.1730,1434.3060,3875.7510
2018-08-20,,,3514.4040,4771.8750,4212.9410,5182.1300,3267.2500,2698.4660,4832.6510,5103.6340,2409.1290,1435.6900,3912.0040
2018-08-21,,,3565.7830,4825.1690,4272.0140,5246.0350,3326.6490,2733.8260,4891.9800,5162.0260,2452.3830,1456.9720,3961.2620
2018-08-22,,,3520.4940,4794.7730,4213.3890,5199.1900,3307.9550,2714.6080,4837.0180,5102.3590,2450.1540,1439.5520,3935.2730
2018-08-23,,,3547.6400,4795.1690,4250.1120,5210.1230,3320.0260,2724.6240,4863.6650,5133.3290,2461.0670,1455.5020,3945.7340
2018-08-24,,,3542.8990,4784.4550,4241.6390,5207.2840,3325.3350,2729.4310,4852.2890,5116.1390,2471.9990,1450.0910,3956.0100
2018-08-27,,,3636.2890,4877.9720,4351.4710,5311.7460,3406.5740,2780.8990,4960.0660,5229.3610,2522.3400,1493.4330,4039.0330
2018-08-28,,,3648.0770,4875.5830,4353.0630,5317.3140,3400.1710,2777.9810,4974.2070,5233.5030,2511.1450,1493.1060,4034.7190
2018-08-29,,,3614.4490,4845.1790,4310.3190,5279.3890,3386.5740,2769.2950,4941.9610,5203.7120,2503.4800,1481.1920,4010.2810
2018-08-30,,,3557.3700,4782.4150,4239.4870,5227.6960,3351.0940,2737.7370,4867.1210,5114.2660,2479.2100,1457.9160,3990.2270
2018-08-31,,,3505.7310,4751.9930,4179.9110,5176.6480,3334.5040,2725.2500,4814.8240,5057.9850,2474.4770,1435.2000,3970.5240
2018-09-03,,,3505.5910,4737.1910,4189.1540,5190.0730,3321.8250,2720.7340,4838.8730,5054.1050,2465.8800,1443.6880,3960.5340
2018-09-04,,,3543.6640,4780.6360,4247.5350,5234.8330,3363.8980,2750.5800,4890.2810,5113.1470,2500.4380,1455.5030,3999.4190
2018-09-05,,,3487.4420,4699.3310,4182.8850,5154.3940,3298.1410,2704.3370,4815.0340,5032.5020,2441.2300,1430.2400,3934.8710
2018-09-06,,,3460.5720,4665.1340,4149.3750,5115.4680,3262.8810,2691.5930,4793.3450,5012.5090,2416.0330,1422.8700,3897.0320
2018-09-07,,,3468.6170,4685.7960,4168.2650,5142.5710,3277.6440,2702.3010,4791.7780,5022.2840,2437.6770,1425.2290,3910.1320
2018-09-10,,,3396.7000,4618.4650,4077.7360,5072.0240,3230.0680,2669.4850,4704.8780,4923.6440,2413.4260,1390.8230,3874.4180
2018-09-11,,,3398.9070,4572.9440,4078.7460,5054.5210,3224.2120,2664.8000,4702.9030,4925.3010,2398.7680,1395.1670,3865.6750
2018-09-12,,,3396.7010,4568.0740,4062.2390,5030.5650,3202.0250,2656.1100,4693.9740,4919.8060,2381.3880,1385.7960,3858.4680
2018-09-13,,,3409.1890,4596.3710,4071.4540,5064.0690,3236.5660,2686.5780,4721.2120,4958.1650,2415.3120,1391.2790,3893.6390
2018-09-14,,,3369.3010,4573.5200,4021.6120,5042.5410,3242.0900,2681.6430,4670.0800,4907.9340,2425.4210,1366.5650,3902.8410
2018-09-17,,,3312.9090,4496.8910,3954.3380,4977.6260,3204.9220,2651.7890,4602.3900,4831.5630,2399.8810,1349.7760,3866.8480
2018-09-18,,,3381.6110,4579.4110,4015.5340,5070.2400,3269.4320,2699.9500,4683.5060,4917.3500,2458.7680,1377.3030,3925.4430
2018-09-19,,,3417.9100,4637.0550,4066.2710,5133.3150,3312.4820,2730.8500,4736.8930,4970.0120,2487.0770,1392.4030,3980.1470
2018-09-20,,,3410.6280,4626.8360,4065.3250,5138.3330,3310.1260,2729.2440,4733.4810,4951.5850,2487.4220,1387.6190,3977.7150
2018-09-21,,,3482.1590,4720.2260,4120.2290,5224.3380,3410.4860,2797.4850,4805.2150,5011.6910,2573.6030,1411.1190,4082.4490
2018-09-25,,,3459.6410,4693.6260,4104.4550,5209.6690,3379.8040,2781.1390,4792.5510,4995.6950,2547.7910,1405.8060,4049.1200
2018-09-26,,,3490.3490,4722.0450,4129.8040,5235.1830,3417.2410,2806.8130,4815.6310,5017.0580,2582.7670,1420.7500,4076.5330
2018-09-27,,,3439.6300,4695.6410,4079.8210,5188.6460,3403.5900,2791.7750,4755.3800,4945.6910,2575.4490,1400.3590,4065.0340
2018-09-28,,,3470.8070,4741.0340,4109.3220,5237.0880,3438.8650,2821.3500,4800.7290,4987.2730,2606.6680,1411.3400,4108.7300
2018-10-08,,,3332.4590,4595.6810,3967.0750,5088.4080,3290.8990,2716.5100,4646.4930,4817.4340,2486.8220,1353.6710,3963.2510
2018-10-09,,,3305.0820,4594.8710,3955.1560,5097.5680,3288.6910,2721.0130,4634.8940,4818.7330,2491.6630,1345.9530,3954.8610
2018-10-10,,,3298.9220,4605.3390,3944.4230,5092.3730,3281.5980,2725.8370,4629.8880,4812.4270,2494.0560,1346.7040,3960.9610
2018-10-11,,,3062.7650,4306.6730,3679.7880,4769.0230,3124.1140,2583.4580,4307.4210,4456.6080,2390.5030,1261.8830,3770.5400
2018-10-12,,,3046.2180,4326.0590,3670.5350,4774.9130,3170.7260,2606.9130,4278.0350,4427.6800,2444.1310,1268.4060,3812.2710
2018-10-15,,,2994.7920,4244.2080,3617.3430,4686.3820,3126.4520,2568.0980,4199.1530,4358.8690,2412.4790,1250.2180,3737.9710
2018-10-16,,,2921.3530,4161.8100,3525.6160,4575.0760,3100.9740,2546.3300,4099.6830,4261.1730,2415.4920,1216.6870,3700.2300
2018-10-17,,,2952.9740,4197.8590,3551.7100,4611.2250,3118.2460,2561.6140,4133.3830,4292.1970,2429.2150,1231.8610,3728.1700
2018-10-18,,,2870.3630,4085.7770,3442.2600,4489.7920,3044.3920,2486.4190,4018.4610,4149.4440,2369.0680,1205.0310,3651.0910
2018-10-19,,,2961.3760,4179.4500,3540.0170,4601.4280,3134.9460,2550.4650,4127.9850,4241.2340,2446.3200,1249.8900,3752.4190
2018-10-22,,,3126.3850,4378.8350,3716.5510,4823.2870,3270.2730,2654.8760,4333.1450,4452.7370,2540.1520,1314.9450,3904.4120
2018-10-23,,,3062.4000,4290.4110,3661.4600,4730.5250,3183.4260,2594.8260,4253.5560,4379.0560,2464.8120,1292.0560,3812.2200
2018-10-24,,,3040.2100,4291.7220,3649.3760,4736.9330,3188.2020,2603.2950,4245.4880,4377.5510,2477.4880,1284.1020,3811.7330
2018-10-25,,,3021.9920,4300.9400,3637.8200,4736.1570,3194.3080,2603.8000,4234.4210,4345.3270,2485.0990,1273.6030,3821.6020
2018-10-26,,,3011.6070,4321.7570,3632.9000,4735.0660,3173.6350,2598.8470,4233.9590,4359.4740,2468.9100,1263.1880,3823.6390
2018-10-29,,,2962.9340,4236.4100,3580.7110,4637.2040,3076.8890,2542.1030,4162.5260,4296.6990,2389.5770,1250.4800,3729.1340
2018-10-30,,,3003.2840,4295.4750,3621.4900,4676.9180,3110.2610,2568.0480,4204.5420,4336.6500,2415.6490,1259.9480,3765.1620
2018-10-31,,,3058.2640,4352.7790,3684.9790,4757.9320,3153.8230,2602.7830,4272.5520,4400.6130,2451.1210,1275.5740,3808.4150
2018-11-01,,,3089.3510,4359.8200,3716.8350,4782.3240,3177.0340,2606.2370,4298.9840,4428.7360,2460.1620,1286.3270,3815.7340
2018-11-02,,,3214.2980,4486.9110,3855.7470,4912.1240,3290.2460,2676.4760,4437.9460,4564.1770,2542.7680,1348.2790,3916.0270
2018-11-05,,,3217.5730,4483.9890,3856.2790,4916.3420,3262.8350,2665.4310,4440.8270,4598.2010,2511.5900,1348.8760,3903.1470
2018-11-06,,,3214.6200,4478.4600,3847.6300,4916.4170,3243.1500,2659.3560,4438.0970,4603.1090,2499.6790,1349.1090,3894.7940
2018-11-07,,,3204.6840,4454.5300,3834.3090,4885.9500,3221.9100,2641.3420,4415.1360,4592.8360,2482.3340,1345.7680,3876.5490
2018-11-08,,,3176.3770,4423.7690,3814.5870,4858.3910,3212.7740,2635.6320,4382.3290,4572.3780,2485.9980,1329.5910,3871.1790
2018-11-09,,,3164.6360,4402.8260,3812.2730,4843.1560,3167.4440,2598.8720,4368.6140,4561.2130,2434.2120,1322.8310,3830.2310
2018-11-12,,,3246.2420,4485.3430,3921.6250,4956.0070,3205.1410,2630.5200,4481.6880,4697.3460,2444.9670,1368.7910,3891.6370
2018-11-13,,,3305.1360,4546.8370,4003.7840,5047.9010,3237.3820,2654.8800,4563.5350,4790.4480,2462.9730,1392.0550,3925.0680
2018-11-14,,,3282.4860,4534.6450,3990.2420,5031.1740,3204.9430,2632.2430,4545.5090,4791.2260,2429.9860,1385.7320,3893.8330
2018-11-15,,,3328.0480,4583.9150,4039.7260,5096.6440,3242.3720,2668.1700,4619.8140,4871.0890,2459.1410,1405.2480,3929.0840
2018-11-16,,,3343.3650,4606.0250,4061.5810,5145.6940,3257.6740,2679.1100,4659.0970,4923.9860,2461.4450,1403.2830,3957.7400
2018-11-19,,,3339.1470,4641.8600,4059.0080,5178.1200,3294.6030,2703.5120,4670.7370,4942.4920,2492.0840,1394.4000,3999.4600
2018-11-20,,,3242.2660,4511.2500,3961.9330,5034.9760,3218.4080,2645.8550,4537.4490,4811.8820,2446.7910,1355.3340,3911.2150
2018-11-21,,,3255.4230,4521.5120,3986.0970,5059.9000,3226.4920,2651.5050,4554.6750,4847.0360,2451.2720,1363.0280,3924.0410
2018-11-22,,,3255.7860,4512.8930,3982.2850,5056.0870,3214.4270,2645.4340,4551.3260,4850.1310,2437.6390,1353.9240,3911.1230
2018-11-23,,,3134.4620,4356.4970,3829.9130,4875.0960,3143.4750,2579.4830,4374.7640,4642.1170,2399.2030,1308.7390,3822.9830
2018-11-26,,,3119.0590,4339.4460,3810.2810,4873.3140,3141.2430,2575.8100,4367.4620,4633.7310,2401.8980,1304.5570,3822.0760
2018-11-27,,,3132.6830,4337.4630,3829.8800,4883.4380,3137.2410,2574.6790,4387.6520,4671.6440,2394.2940,1315.4330,3813.2120
2018-11-28,,,3185.6980,4397.7500,3877.2900,4946.1720,3178.9330,2601.7370,4441.8570,4728.5760,2421.1340,1341.0830,3855.1680
2018-11-29,,,3118.5950,4319.2760,3797.0290,4860.3730,3137.6540,2567.4430,4345.7030,4617.3480,2401.8520,1312.7160,3813.6280
2018-11-30,,,3161.2720,4353.6060,3824.0050,4896.0160,3172.6900,2588.1880,4376.6510,4648.1840,2428.0450,1329.3890,3846.9490
2018-12-03,,,3269.6400,4482.4500,3954.5730,5033.4240,3260.9500,2654.7980,4515.1740,4802.2930,2488.0570,1372.7940,3945.4920
2018-12-04,,,3279.0620,4505.9830,3978.8290,5058.7560,3267.7100,2665.9580,4536.2100,4846.1700,2496.1430,1378.7540,3957.1170
2018-12-05,,,3274.6020,4475.2390,3965.3770,5026.6380,3252.0040,2649.8050,4502.7020,4816.9920,2481.7920,1381.7670,3943.3660
2018-12-06,,,3194.5680,4386.8790,3873.9720,4937.7320,3181.6730,2605.1810,4411.0880,4730.9130,2434.4910,1345.7610,3879.0120
2018-12-07,,,3185.8600,4388.3740,3872.3450,4939.6640,3181.5650,2605.8880,4410.9590,4731.9020,2430.7220,1341.0190,3901.0380
2018-12-10,,,3141.6890,4330.9440,3837.5970,4886.6890,3144.7630,2584.5820,4359.3120,4676.6150,2408.6060,1326.8480,3864.7410
2018-12-11,,,3171.1400,4359.3700,3877.3400,4924.9940,3159.8160,2594.0880,4395.5700,4720.4690,2415.5780,1338.0790,3880.9980
2018-12-12,,,3172.2220,4373.7180,3865.0990,4939.1900,3170.6090,2602.1530,4393.3240,4718.8220,2423.3180,1338.7310,3907.6490
2018-12-13,,,3211.1590,4437.9460,3907.7220,4995.7960,3219.6920,2634.0490,4443.1570,4763.7170,2457.9050,1348.5040,3956.9630
2018-12-14,,,3133.3420,4356.0350,3801.5560,4900.4600,3165.9110,2593.7410,4337.1030,4641.8880,2423.3810,1310.4580,3898.8760
2018-12-17,,,3109.1100,4354.6550,3776.6340,4896.8130,3161.1970,2597.9740,4330.6470,4627.2280,2425.9450,1299.1750,3924.7500
2018-12-18,,,3085.5720,4327.3620,3766.1420,4866.7140,3128.4270,2576.6500,4307.2680,4596.6100,2397.8680,1293.3350,3896.4890
2018-12-19,,,3030.1160,4274.1470,3705.9150,4809.3610,3091.1260,2549.5630,4247.8990,4533.3960,2369.5480,1268.8140,3870.4620
2018-12-20,,,3043.9090,4279.8130,3715.5030,4813.4530,3067.4170,2536.2680,4259.7610,4550.5970,2334.9220,1278.1570,3867.2800
2018-12-21,,,3027.2820,4245.7590,3687.1480,4774.4320,3029.3950,2516.2510,4231.1440,4517.7800,2306.1450,1270.3040,3839.9330
2018-12-24,,,3060.9950,4278.4730,3723.0270,4820.6300,3038.1980,2527.0070,4274.7220,4558.3170,2309.2330,1284.3320,3867.2360
2018-12-25,,,3028.6190,4218.8330,3698.3910,4767.8340,3017.2820,2504.8190,4225.5120,4514.6180,2297.3330,1273.4470,3843.1060
2018-12-26,,,3003.0400,4215.3250,3679.5630,4757.1690,3002.0330,2498.2940,4208.4050,4494.4980,2281.5580,1264.0700,3841.5330
2018-12-27,,,2969.6920,4198.1560,3633.9540,4713.1130,2990.5060,2483.0860,4161.2700,4424.6530,2276.0570,1248.0770,3823.9250
2018-12-28,,,2977.0800,4218.7350,3645.1180,4732.3510,3010.6540,2493.8960,4168.0360,4430.0240,2293.0990,1250.5250,3836.8700
2019-01-02,,,2930.7160,4174.5910,3608.4450,4687.0070,2969.5350,2465.2910,4131.9570,4408.5250,2262.7910,1228.7670,3779.2470
2019-01-03,,,2900.6720,4170.3900,3578.6410,4664.2320,2964.8420,2464.3630,4112.8070,4376.8580,2269.2430,1214.4970,3756.7590
2019-01-04,,,2971.4260,4269.9140,3664.0760,4764.3410,3035.8740,2514.8680,4210.8790,4497.8930,2314.6470,1245.1570,3830.9280
2019-01-07,,,3016.0900,4324.3780,3729.5860,4830.6450,3054.3030,2533.0890,4288.3230,4594.1480,2314.3190,1268.0580,3883.3570
2019-01-08,,,3010.3840,4309.1380,3728.1940,4828.9170,3047.7040,2526.4620,4277.2970,4585.0330,2305.1710,1263.5100,3890.5270
2019-01-09,,,3016.8660,4327.2440,3743.8100,4841.0560,3078.4760,2544.3450,4288.7720,4594.7390,2332.7190,1262.5170,3923.4120
2019-01-10,,,3015.3250,4317.0580,3734.4840,4830.7430,3072.6860,2535.0990,4281.8610,4582.4830,2331.8510,1258.9890,3907.7590
2019-01-11,,,3033.8060,4341.9380,3755.7450,4860.3370,3094.7780,2553.8310,4314.8760,4621.6110,2354.4990,1261.5600,3923.1420
2019-01-14,,,3012.8980,4345.6280,3716.1800,4840.6800,3067.7850,2535.7650,4286.5470,4594.1900,2331.1360,1245.9990,3917.0740
2019-01-15,,,3053.7260,4381.6810,3764.4700,4886.7510,3127.9900,2570.3450,4347.3560,4644.1660,2378.3700,1266.2750,3954.3080
2019-01-16,,,3049.2560,4380.9880,3761.5250,4885.0530,3128.6520,2570.4220,4336.8780,4637.1970,2381.2180,1267.3050,3959.0310
2019-01-17,,,3026.1630,4373.4920,3728.6990,4855.9180,3111.4170,2559.6370,4303.7310,4595.4900,2371.3480,1251.4140,3950.5380
2019-01-18,,,3073.0930,4441.3850,3757.3430,4900.5680,3168.1740,2596.0060,4347.8110,4626.4130,2417.3630,1269.5050,3994.5560
2019-01-21,,,3098.7370,4453.6370,3774.8710,4917.0960,3185.6360,2610.5090,4373.6330,4655.1110,2432.4870,1274.7890,4000.7160
2019-01-22,,,3047.5190,4392.2160,3724.5350,4854.9810,3143.3170,2579.7040,4308.2520,4603.2030,2401.2330,1252.2390,3962.7090
2019-01-23,,,3043.5700,4391.5620,3725.0350,4876.2910,3141.0530,2581.0040,4315.6850,4609.6720,2397.0490,1251.1270,3979.6260
2019-01-24,,,3062.8700,4394.9730,3743.2730,4884.7380,3158.7820,2591.6940,4338.1700,4635.7470,2411.5620,1265.1610,3979.6260
2019-01-25,,,3065.6470,4395.3890,3728.4000,4872.7790,3184.4700,2601.7230,4318.4420,4607.9450,2441.6400,1265.4940,3979.6260
2019-01-28,,,3054.2360,4382.5980,3707.9650,4854.2210,3183.7780,2596.9770,4307.2200,4570.3990,2437.0260,1259.7430,3979.6260
2019-01-29,,,3032.6330,4375.2400,3654.9170,4820.0350,3193.9700,2594.2540,4254.2880,4490.0510,2455.8970,1243.5920,3979.6260
2019-01-30,,,3007.5380,4347.0520,3617.2390,4788.4620,3168.4830,2575.5760,4211.6240,4423.1360,2440.0150,1230.8190,3979.6260
2019-01-31,,,2990.6100,4343.9860,3574.8730,4748.7720,3201.6330,2584.5720,4176.4740,4355.7360,2483.4710,1227.9880,3979.6260
2019-02-01,,,3078.3750,4419.7900,3683.3510,4858.1280,3247.3970,2618.2320,4294.2700,4482.9850,2499.6440,1271.2750,3979.6260
2019-02-11,,,3165.2280,4505.6270,3786.1910,4959.9170,3306.4730,2653.8960,4402.8670,4611.8300,2527.4740,1316.0980,3979.6260
2019-02-12,,,3206.0380,4554.6480,3838.3440,5011.2620,3330.3350,2671.8940,4439.4850,4675.7920,2533.1820,1332.2700,3979.6260
2019-02-13,,,3261.5690,4622.9510,3902.2650,5071.0200,3397.0280,2721.0680,4512.4090,4759.8260,2580.6120,1357.6660,3979.6260
2019-02-14,,,3293.6060,4626.5700,3913.0000,5083.2690,3402.1400,2719.7000,4532.1700,4780.0440,2576.3060,1361.9380,3979.6260
2019-02-15,,,3267.7220,4574.5920,3901.0230,5052.2890,3338.7050,2682.3850,4502.7350,4773.5140,2517.4620,1357.8360,3979.6260
2019-02-18,,,3395.4770,4705.7720,4036.5060,5206.9160,3445.7450,2754.3570,4660.9990,4942.8760,2582.8510,1413.6000,3979.6260
2019-02-19,,,3394.0000,4692.2670,4051.8360,5216.4910,3439.6080,2755.6460,4667.2840,4963.7510,2579.0460,1406.0370,3979.6260
2019-02-20,,,3396.8230,4702.7670,4059.7940,5217.7840,3451.9270,2761.2190,4667.6240,4967.0390,2588.1660,1408.3820,3979.6260
2019-02-21,,,3375.6630,4686.3800,4061.4820,5190.0240,3442.7060,2751.8010,4659.1430,4947.6580,2577.2260,1412.5350,3979.6260
2019-02-22,,,3468.8040,4782.8580,4154.9170,5287.6430,3520.1180,2804.2260,4777.2980,5059.5090,2623.0740,1456.2990,3979.6260
2019-02-25,,,3675.3320,5042.0600,4380.1450,5558.9640,3729.4830,2961.2830,5044.3470,5324.2470,2787.6990,1536.3710,3979.6260
2019-02-26,,,3657.3420,5052.1880,4374.6350,5575.6630,3684.6940,2941.5160,5038.5440,5323.7570,2733.9010,1546.9870,3979.6260
2019-02-27,,,3621.1040,5033.4890,4335.9920,5561.5970,3678.3920,2953.8240,5017.8840,5310.2750,2750.3390,1520.4190,3979.6260
2019-02-28,,,3631.2160,5033.8540,4362.2180,5569.3860,3669.3700,2940.9540,5025.2910,5330.3390,2743.9720,1535.6800,3979.6260
2019-03-01,,,3670.4900,5092.7180,4395.9310,5624.5540,3749.7140,2994.0050,5067.2250,5364.3660,2819.4680,1567.8730,3979.6260
2019-03-04,,,3741.4810,5182.8890,4496.9220,5706.5070,3794.1040,3027.5760,5158.2470,5482.2990,2832.5880,1619.7100,3979.6260
2019-03-05,,,3838.8000,5247.8300,4623.0350,5824.6950,3816.0130,3054.2470,5295.2880,5654.3060,2828.8690,1676.5660,3979.6260
2019-03-06,,,3896.8700,5349.9470,4724.8660,5936.4260,3848.0900,3102.0990,5390.0290,5776.9730,2840.2720,1700.4960,3979.6260
2019-03-07,,,3925.9570,5394.7490,4773.0340,6001.3510,3808.8500,3106.4180,5458.6150,5877.2970,2789.7000,1692.4160,3979.6260
2019-03-08,,,3765.6710,5111.8120,4601.2540,5709.2890,3657.5790,2969.8610,5245.7000,5633.3190,2685.5920,1654.4850,3979.6260
2019-03-11,,,3922.7030,5262.6650,4798.6150,5911.6630,3729.9550,3026.9930,5456.3810,5876.3420,2708.5980,1727.8010,3979.6260
2019-03-12,,,3981.7490,5319.0150,4907.5290,6009.9320,3755.3520,3060.3070,5551.0030,6006.1780,2719.7730,1773.4320,3979.6260
2019-03-13,,,3880.1740,5243.5280,4772.3910,5911.9260,3724.1940,3026.9510,5424.8640,5866.6330,2723.9620,1693.8600,3979.6260
2019-03-14,,,3791.4630,5138.1060,4644.3340,5803.9920,3698.4860,2990.6850,5298.5020,5688.9500,2729.1320,1650.1860,3979.6260
2019-03-15,,,3822.9600,5214.5900,4695.4580,5920.1970,3745.0050,3021.7510,5359.0090,5777.1090,2755.8050,1662.6230,3979.6260
2019-03-18,,,3932.6690,5385.4340,4824.1180,6079.6110,3851.7480,3096.4180,5501.1830,5916.3440,2825.1840,1707.0560,3979.6260
2019-03-19,,,3945.4260,5369.4990,4843.7560,6084.3030,3833.9630,3090.9750,5522.1800,5941.9090,2806.8960,1708.8740,3979.6260
2019-03-20,,,3928.7600,5367.2540,4810.0310,6094.6910,3835.4400,3090.6400,5515.7860,5926.1700,2812.9180,1687.9000,3979.6260
2019-03-21,,,3970.7710,5408.1550,4869.1780,6143.0660,3836.8910,3101.4550,5589.4780,5990.6390,2802.9650,1703.8540,3979.6260
2019-03-22,,,3971.7280,5443.3370,4877.0950,6188.7400,3833.8010,3104.1490,5622.1400,6014.5460,2795.3910,1693.8650,3979.6260
2019-03-25,,,3902.2050,5350.6680,4834.6800,6093.9500,3742.8250,3043.0310,5549.6710,5961.4350,2718.1810,1668.8410,3979.6260
2019-03-26,,,3803.2690,5216.3290,4704.1670,5950.7610,3700.4390,2997.0950,5394.8790,5788.3600,2706.1540,1630.1900,3979.6260
2019-03-27,,,3831.4800,5278.3120,4743.2780,6020.8500,3743.3880,3022.7200,5447.8800,5826.5270,2741.5910,1637.7730,3979.6260
2019-03-28,,,3793.9830,5195.6150,4673.2760,5937.2160,3728.3950,2994.9430,5370.1230,5747.8630,2733.9740,1626.8190,3979.6260
2019-03-29,,,3939.9900,5373.9720,4820.3960,6105.7960,3872.3410,3090.7580,5547.6560,5911.2120,2838.5050,1693.5470,3979.6260
2019-04-01,,,4092.3570,5560.7400,5016.6810,6328.6440,3973.9280,3170.3610,5757.8380,6137.7330,2892.6190,1760.8920,3979.6260
2019-04-02,,,4095.4290,5577.6760,5049.4840,6357.4740,3971.2850,3176.8230,5775.5500,6174.9420,2888.5300,1754.1560,3979.6260
2019-04-03,,,4133.1360,5676.5690,5094.0360,6457.0460,4022.1570,3216.2950,5836.0370,6237.0160,2920.0010,1768.1780,3979.6260
2019-04-04,,,4151.1880,5732.9360,5120.7510,6533.1120,4062.2310,3246.5710,5871.5580,6260.0700,2951.9850,1777.2630,3979.6260
2019-04-08,,,4125.5860,5780.3220,5095.0700,6579.6390,4057.2290,3244.8100,5847.6300,6230.2140,2962.2750,1739.6550,3979.6260
2019-04-09,,,4122.3340,5770.3240,5109.7690,6540.9350,4075.4300,3239.6640,5858.0460,6245.4320,2967.5140,1741.1710,3979.6260
2019-04-10,,,4113.0830,5761.4770,5094.3840,6537.0950,4085.8470,3241.9300,5850.7610,6235.7070,2979.0990,1726.6360,3979.6260
2019-04-11,,,4008.4380,5648.2980,4984.7360,6414.8110,3997.5780,3189.9620,5727.1750,6106.9500,2928.4270,1691.1040,3979.6260
2019-04-12,,,4007.9100,5659.3140,4959.8880,6408.9590,3988.6170,3188.6260,5714.3680,6101.2050,2920.5150,1695.7290,3979.6260
2019-04-15,,,3954.5300,5583.9870,4907.3720,6349.4240,3975.5240,3177.7870,5655.9830,6052.0530,2924.9260,1666.8970,3979.6260
2019-04-16,,,4063.7250,5684.5120,4992.9070,6452.8540,4085.7890,3253.5980,5777.0110,6179.8010,3023.0250,1697.5290,3979.6260
2019-04-17,,,4078.3040,5694.5490,5034.5290,6496.9990,4087.2400,3263.1180,5807.7290,6234.1110,3017.4160,1717.4370,3979.6260
2019-04-18,,,4040.4890,5637.2200,5007.7380,6461.8890,4072.0750,3250.2010,5775.1710,6202.8450,3004.9250,1704.5470,3979.6260
2019-04-19,,,4060.1810,5682.4640,5041.0390,6494.0200,4120.6080,3270.7970,5810.1800,6255.2520,3042.4320,1715.7950,3979.6260
2019-04-22,,,3991.5380,5565.9420,4994.6270,6413.5330,4025.6110,3215.0430,5723.0420,6192.1440,2970.4880,1697.5120,3979.6260
2019-04-23,,,3941.1200,5487.0690,4916.9630,6310.4450,4019.0050,3198.5940,5628.0620,6078.2670,2978.8450,1683.8000,3979.6260
2019-04-24,,,3982.1730,5523.6950,4979.9710,6357.7250,4030.0890,3201.6140,5679.7260,6153.3910,2974.8470,1718.8460,3979.6260
2019-04-25,,,3852.4260,5351.8440,4793.3130,6098.2920,3941.8160,3123.8260,5458.4190,5899.9070,2927.9950,1669.9780,3979.6260
2019-04-26,,,3814.8900,5276.3750,4733.1660,6011.6860,3889.2750,3086.3990,5408.0310,5834.3770,2892.8570,1657.8240,3979.6260
2019-04-29,,,3740.4430,5195.2920,4577.7380,5859.1960,3900.3340,3062.4990,5265.6010,5622.4840,2939.4050,1615.6160,3979.6260
2019-04-30,,,3768.8840,5268.1010,4627.3540,5955.8400,3913.2110,3078.3390,5307.5600,5682.2360,2945.2440,1623.7820,3979.6260
2019-05-06,,,3498.9710,4926.7270,4274.1510,5536.5450,3684.6170,2906.4640,4908.7980,5246.8300,2805.0350,1494.8860,3979.6260
2019-05-07,,,3545.3010,4986.2750,4336.9410,5618.3110,3720.6680,2926.3910,4973.4040,5312.4960,2806.2580,1504.1640,3979.6260
2019-05-08,,,3521.2980,4926.1810,4324.3880,5570.7850,3667.4570,2893.7570,4947.7420,5292.7460,2758.2440,1481.8730,3979.6260
2019-05-09,,,3467.4230,4868.4640,4269.7890,5501.2030,3599.7000,2850.9540,4888.4130,5237.8250,2698.7800,1469.4750,3979.6260
2019-05-10,,,3597.0700,5018.0700,4431.6550,5670.2210,3730.4510,2939.2110,5064.3230,5445.5260,2793.7590,1533.8710,3979.6260
2019-05-13,,,3526.5990,4954.9510,4387.9900,5628.1880,3668.7260,2903.7130,5005.9040,5405.6150,2741.1120,1503.0650,3979.6260
2019-05-14,,,3502.8080,4921.4380,4355.3750,5568.7400,3645.1500,2883.6110,4965.6120,5368.2290,2724.7340,1494.6030,3979.6260
2019-05-15,,,3576.2600,5010.4230,4445.4640,5683.2980,3727.0920,2938.6780,5076.5550,5486.3870,2783.5440,1528.6910,3979.6260
2019-05-16,,,3595.4120,5056.0920,4465.6720,5727.0860,3743.9640,2955.7110,5108.3590,5527.2750,2791.4150,1533.6700,3979.6260
2019-05-17,,,3478.7990,4915.5310,4305.1440,5539.3860,3648.7610,2882.2960,4942.5790,5330.9860,2735.2120,1478.7480,3979.6260
2019-05-20,,,3451.1440,4869.2960,4262.1230,5479.2330,3617.7920,2870.6050,4923.5590,5313.1490,2715.4320,1469.3110,3979.6260
2019-05-21,,,3513.1710,4962.7450,4338.4000,5564.5220,3666.7760,2905.9690,5009.8730,5418.0450,2739.7850,1493.7160,3979.6260
2019-05-22,,,3497.6560,4925.6830,4303.8830,5498.7250,3649.3800,2891.7050,4976.3930,5395.4300,2725.7340,1488.6270,3979.6260
2019-05-23,,,3422.1650,4855.2870,4198.6680,5402.4010,3583.9650,2852.5150,4872.9200,5267.8270,2685.9340,1451.2450,3979.6260
2019-05-24,,,3390.1670,4838.4170,4161.4090,5385.5120,3593.9140,2852.9950,4841.7570,5200.7740,2702.0250,1443.7470,3979.6260
2019-05-27,,,3483.0130,4932.8830,4277.1560,5499.5980,3637.1970,2892.3780,4962.9470,5354.6340,2722.3350,1491.9520,3979.6260
2019-05-28,,,3481.7230,4946.3090,4274.2730,5502.7440,3672.2610,2909.9110,4955.4860,5354.5250,2748.7990,1505.1630,3979.6260
2019-05-29,,,3477.7450,4927.3150,4288.2550,5508.5800,3663.9090,2914.6960,4956.8640,5376.5130,2755.8080,1497.8920,3979.6260
2019-05-30,,,3450.6690,4917.5040,4263.8600,5488.3170,3641.1830,2905.8050,4926.4030,5341.9800,2742.9640,1485.2420,3979.6260
2019-05-31,,,3447.5280,4913.4930,4251.6730,5471.8150,3629.7890,2898.6960,4912.0010,5334.2480,2728.9460,1483.6580,3979.6260
2019-06-03,,,3395.4460,4871.0500,4191.6880,5417.8360,3632.0130,2890.0810,4853.8150,5255.0740,2743.0640,1468.9820,3979.6260
2019-06-04,,,3373.9000,4833.3630,4135.9860,5357.4330,3598.4670,2862.2800,4795.4130,5160.9770,2721.3140,1456.2680,3979.6260
2019-06-05,,,3372.3570,4822.8790,4126.0860,5343.4660,3597.1050,2861.4180,4783.8250,5158.4650,2719.5950,1451.1770,3979.6260
2019-06-06,,,3309.9850,4749.8420,4022.4470,5237.4210,3564.6780,2827.7980,4678.7840,5030.8010,2706.7620,1416.0550,3979.6260
2019-06-10,,,3347.4870,4786.2160,4069.5710,5271.4510,3610.7440,2852.1300,4725.2640,5098.9380,2743.3750,1431.3370,3979.6260
2019-06-11,,,3474.8780,4954.2060,4216.9870,5453.3320,3719.2760,2925.7160,4901.4720,5289.6240,2812.8990,1487.3500,3979.6260
2019-06-12,,,3451.0930,4911.8690,4186.3380,5398.7920,3691.0960,2909.3800,4863.4920,5264.8860,2796.7320,1473.9010,3979.6260
2019-06-13,,,3458.5380,4920.2390,4205.9610,5432.4860,3685.3930,2910.7410,4877.6510,5294.1130,2794.5360,1479.8300,3979.6260
2019-06-14,,,3400.2870,4847.0440,4127.5500,5344.4070,3654.8800,2881.9740,4795.5270,5173.0690,2785.6060,1453.9580,3979.6260
2019-06-17,,,3399.6400,4863.7930,4122.9940,5361.4940,3654.8250,2887.6220,4802.8190,5160.6730,2793.7040,1442.3480,3979.6260
2019-06-18,,,3398.0810,4856.7710,4124.6750,5343.6270,3667.6190,2890.1580,4797.1470,5160.8780,2806.4540,1455.7460,3979.6260
2019-06-19,,,3447.0440,4891.8370,4179.3430,5400.1310,3715.9380,2917.8030,4858.9160,5234.2750,2842.7360,1469.9870,3979.6260
2019-06-20,,,3525.0440,4986.4280,4245.9160,5500.0620,3828.5180,2987.1190,4954.7340,5317.3100,2942.6290,1498.0140,3979.6260
2019-06-21,,,3576.4330,5028.1820,4319.0030,5559.4020,3833.9380,3001.9800,5021.3050,5406.0400,2938.7730,1523.8090,3979.6260
2019-06-24,,,3573.1710,5039.9330,4313.0780,5558.2250,3841.2660,3008.1480,5024.2050,5403.7980,2949.5180,1514.4650,3979.6260
2019-06-25,,,3544.8540,4999.8250,4257.0390,5497.8630,3801.3100,2982.0740,4974.9880,5351.6900,2910.1210,1498.4650,3979.6260
2019-06-26,,,3558.8670,4988.2950,4251.4230,5487.4030,3794.3310,2976.2840,4962.5940,5351.3910,2903.4870,1504.5490,3979.6260
2019-06-27,,,3596.0380,5011.2090,4305.4270,5514.6380,3834.8170,2996.7930,5007.4830,5397.5710,2937.1280,1525.2440,3979.6260
2019-06-28,,,3566.4410,4970.7180,4247.6570,5457.8300,3825.5870,2978.8780,4950.4800,5321.4330,2930.5980,1511.5070,3979.6260
2019-07-01,,,3686.2090,5070.9100,4395.6790,5600.1260,3935.8120,3044.9030,5100.2620,5481.4090,3002.9400,1568.1600,3979.6260
2019-07-02,,,3690.7370,5061.5840,4390.9310,5597.1990,3937.1690,3043.9430,5084.4100,5483.5150,2999.0760,1570.5120,3979.6260
2019-07-03,,,3645.7720,5034.9700,4357.5920,5569.3930,3893.5340,3015.2630,5040.7230,5428.5140,2964.7310,1544.3570,3979.6260
2019-07-04,,,3627.4390,5030.3230,4345.2810,5572.4990,3873.1020,3005.2490,5025.0210,5404.3840,2953.2720,1532.7440,3979.6260
2019-07-05,,,3639.5430,5027.4260,4366.0030,5592.9530,3893.2030,3011.0590,5042.6600,5424.2500,2961.9220,1547.7370,3979.6260
2019-07-08,,,3529.4820,4887.9410,4224.4060,5419.3590,3802.7900,2933.3630,4870.7810,5244.2660,2897.5120,1506.6610,3979.6260
2019-07-09,,,3538.5490,4900.3130,4229.6150,5423.2630,3793.1300,2928.2300,4881.6240,5260.3440,2881.5520,1517.7930,3979.6260
2019-07-10,,,3512.6590,4853.1220,4189.2690,5364.5640,3786.7390,2915.3020,4843.8650,5214.6440,2878.7810,1510.4350,3979.6260
2019-07-11,,,3514.4700,4851.6330,4190.9350,5366.9750,3785.2210,2917.7610,4844.5470,5206.3990,2887.8310,1514.1990,3979.6260
2019-07-12,,,3527.5650,4863.8500,4198.0430,5411.6010,3808.7310,2930.5460,4861.5680,5219.1890,2902.1300,1518.0740,3979.6260
2019-07-15,,,3564.5170,4921.6230,4245.8640,5456.0610,3824.1880,2942.1850,4925.3240,5273.8150,2902.6100,1547.4680,3979.6260
2019-07-16,,,3561.1550,4937.6830,4258.4350,5480.2690,3806.8450,2937.6170,4932.0460,5285.2290,2884.5610,1545.2730,3979.6260
2019-07-17,,,3560.0700,4935.6210,4257.3030,5476.5430,3804.6380,2931.6930,4929.0850,5289.4240,2875.0300,1550.2170,3979.6260
2019-07-18,,,3494.8380,4867.4820,4181.4860,5392.8980,3768.4020,2901.1770,4844.1090,5194.6020,2859.1650,1524.4790,3979.6260
2019-07-19,,,3520.3930,4907.2020,4212.5730,5425.4120,3807.9550,2924.2010,4878.6900,5220.0270,2895.6250,1541.9810,3979.6260
2019-07-22,,,3464.1530,4822.9710,4114.6660,5325.5910,3781.6830,2886.9740,4776.5750,5073.3330,2881.9040,1515.9650,3979.6260
2019-07-23,,,3505.4320,4848.1000,4156.1630,5365.3720,3789.9140,2899.9450,4823.9180,5131.0970,2881.0980,1534.9260,3979.6260
2019-07-24,,,3544.5720,4878.7880,4207.0730,5402.2520,3819.8330,2923.2780,4873.0270,5194.8290,2906.5500,1553.7180,3979.6260
2019-07-25,,,3560.8090,4886.1280,4214.4910,5404.6610,3851.0670,2937.3600,4891.6430,5211.0860,2931.1760,1566.0770,3979.6260
2019-07-26,,,3571.1360,4897.6710,4214.3130,5411.8720,3858.5690,2944.5410,4898.1100,5216.6020,2939.3550,1561.8550,3979.6260
2019-07-29,,,3574.8700,4883.7090,4219.8150,5398.7480,3854.2700,2941.0070,4897.0180,5218.9830,2930.4890,1566.5240,3979.6260
2019-07-30,,,3603.1480,4917.9120,4236.6500,5427.2010,3870.3180,2952.3380,4922.9180,5239.7180,2944.0250,1580.1290,3979.6260
2019-07-31,,,3587.4850,4888.4960,4206.3200,5389.2700,3835.3590,2932.5060,4903.2030,5200.0950,2912.6610,1570.3930,3979.6260
2019-08-01,,,3575.9250,4860.2340,4183.1390,5347.5140,3803.4690,2908.7660,4870.4690,5173.2290,2887.8670,1573.8660,3979.6260
2019-08-02,,,3531.5510,4778.4850,4123.5280,5259.7560,3747.4380,2867.8380,4809.9200,5091.0630,2843.7700,1556.7440,3979.6260
2019-08-05,,,3467.9660,4696.5270,4068.8120,5177.2470,3675.6880,2821.4960,4751.9850,5032.6420,2786.7200,1531.3720,3979.6260
2019-08-06,,,3414.0420,4606.0970,3982.0520,5028.5980,3636.3290,2777.5560,4650.5630,4899.8160,2760.6800,1507.9110,3979.6260
2019-08-07,,,3397.7650,4592.9970,3977.5460,5021.0580,3621.4310,2768.6800,4626.3640,4885.4400,2747.2490,1500.2510,3979.6260
2019-08-08,,,3424.4740,4626.7960,4012.9440,5040.3240,3669.2940,2794.5520,4656.1010,4923.3270,2786.8720,1522.9740,3979.6260
2019-08-09,,,3390.6260,4577.8880,3976.6490,4988.9180,3633.5300,2774.7530,4600.3530,4869.7920,2772.1490,1507.7060,3979.6260
2019-08-12,,,3462.7150,4646.2170,4062.2000,5052.9590,3699.1050,2814.9940,4685.0450,4952.2170,2824.8040,1539.9130,3979.6260
2019-08-13,,,3432.2150,4622.9240,4038.4010,5024.2750,3665.7520,2797.2600,4658.3880,4928.4650,2792.9140,1524.3570,3979.6260
2019-08-14,,,3466.3030,4624.8650,4060.2290,5055.8130,3682.4020,2808.9150,4683.8400,4961.7510,2804.3550,1536.6600,3979.6260
2019-08-15,,,3494.8300,4629.8750,4085.6440,5056.8970,3694.0010,2815.7980,4706.5500,4985.4210,2814.3880,1555.7730,3979.6260
2019-08-16,,,3509.0310,4630.8160,4113.1980,5069.5340,3710.5390,2823.8240,4722.6630,5013.5820,2824.2260,1567.9930,3979.6260
2019-08-19,,,3616.6630,4756.5460,4240.1510,5212.4680,3791.0950,2883.0960,4875.0360,5173.1770,2877.2310,1622.8440,3979.6260
2019-08-20,,,3596.8790,4750.4020,4245.3560,5227.5870,3787.7320,2880.0010,4872.6060,5185.2650,2875.6530,1611.5930,3979.6260
2019-08-21,,,3595.2630,4742.2340,4249.3640,5234.8310,3781.7580,2880.3310,4882.7210,5186.6220,2869.2200,1609.8330,3979.6260
2019-08-22,,,3602.5980,4734.7250,4253.6070,5236.2410,3793.5060,2883.4360,4887.9140,5208.5520,2878.0050,1613.4580,3979.6260
2019-08-23,,,3616.2740,4741.6120,4245.1150,5228.7340,3820.8640,2897.4250,4887.9020,5197.5480,2917.3770,1615.5590,3979.6260
2019-08-26,,,3574.0010,4692.8280,4216.8110,5198.3200,3765.9110,2863.5670,4855.4580,5168.6800,2863.4790,1600.7950,3979.6260
2019-08-27,,,3634.8920,4743.5380,4297.3150,5275.9530,3816.9460,2902.1930,4936.1240,5266.6580,2887.2390,1628.1210,3979.6260
2019-08-28,,,3620.7390,4749.1390,4281.0810,5250.4250,3802.5840,2893.7560,4928.1940,5256.1770,2867.0270,1625.1880,3979.6260
2019-08-29,,,3619.1670,4731.1210,4290.3200,5245.7730,3790.1870,2890.9190,4934.1840,5260.9500,2855.4500,1620.8610,3979.6260
2019-08-30,,,3592.1370,4690.9790,4224.0640,5193.0030,3799.5860,2886.2370,4886.4940,5182.9560,2872.4010,1610.8980,3979.6260
2019-09-02,,,3674.4940,4775.9700,4340.8680,5287.4050,3848.3200,2924.1060,5008.2960,5317.5330,2894.9580,1652.2880,3979.6260
2019-09-03,,,3704.4060,4791.0340,4379.7920,5293.9410,3853.6110,2930.1540,5044.1810,5357.0600,2892.1820,1660.4270,3979.6260
2019-09-04,,,3747.6720,4858.3590,4423.0540,5350.6780,3886.0010,2957.4120,5093.2660,5394.7060,2919.6780,1669.4100,3979.6260
2019-09-05,,,3790.9170,4883.3920,4480.7140,5369.9440,3925.3230,2985.8650,5138.4050,5445.5740,2955.8400,1689.0540,3979.6260
2019-09-06,,,3808.7370,4895.0710,4499.0170,5385.3370,3948.5080,2999.6010,5154.6380,5468.4590,2981.0730,1692.2390,3979.6260
2019-09-09,,,3899.8500,4949.1910,4627.8760,5469.5300,3972.9480,3024.7390,5263.4590,5602.2420,2981.5860,1733.2300,3979.6260
2019-09-10,,,3882.3040,4949.6250,4608.3670,5469.5950,3959.2650,3021.2020,5245.3050,5614.5760,2969.8050,1725.3080,3979.6260
2019-09-11,,,3844.9440,4938.6610,4588.5500,5453.0820,3930.1000,3008.8120,5217.2910,5566.4080,2957.1440,1703.5380,3979.6260
2019-09-12,,,3858.9760,4966.0580,4612.3020,5481.7790,3972.3800,3031.2350,5242.6120,5592.9220,2999.5620,1710.5720,3979.6260
2019-09-16,,,3861.8630,4964.0250,4640.7220,5485.6430,3957.7150,3030.7540,5250.3400,5627.2350,2982.4480,1714.3680,3979.6260
2019-09-17,,,3782.9820,4864.2930,4540.8070,5367.4030,3891.2210,2978.1180,5140.4500,5492.2220,2937.0080,1677.9870,3979.6260
2019-09-18,,,3790.9920,4877.4950,4535.2620,5371.8060,3910.0840,2985.6590,5141.0380,5485.8790,2954.3580,1679.3060,3979.6260
2019-09-19,,,3829.1010,4891.6970,4603.5540,5386.0470,3924.3820,2999.2790,5191.6690,5550.4070,2956.8290,1705.5990,3979.6260
2019-09-20,,,3827.8500,4891.0750,4619.5580,5384.5330,3935.6510,3006.4470,5204.4850,5556.4780,2963.4350,1705.0470,3979.6260
2019-09-23,,,3796.9970,4837.1770,4577.0740,5317.8540,3890.6620,2977.0770,5171.4840,5501.2150,2930.9130,1684.3240,3979.6260
2019-09-24,,,3818.9700,4840.1580,4585.6440,5325.5620,3901.0760,2985.3410,5180.7420,5528.8930,2940.0810,1694.5960,3979.6260
2019-09-25,,,3757.6780,4781.7790,4492.5190,5253.0780,3870.9840,2955.4330,5087.0090,5421.6250,2928.8350,1672.6460,3979.6260
2019-09-26,,,3678.9810,4734.6210,4355.0370,5192.1930,3841.1390,2929.0880,4970.2400,5244.0770,2927.8770,1623.7910,3979.6260
2019-09-27,,,3714.7920,4742.5460,4393.8370,5202.7750,3852.6530,2932.1670,5005.6300,5291.4360,2929.4660,1647.5330,3979.6260
2019-09-30,,,3681.5450,4710.2920,4330.3060,5164.0780,3814.5280,2905.1890,4940.9030,5232.3870,2897.7030,1627.5450,3979.6260
2019-10-08,,,3666.0800,4747.1310,4322.7750,5189.5420,3837.6790,2913.5700,4941.7610,5237.1820,2922.3480,1616.5840,3979.6260
2019-10-09,,,3689.4540,4775.0620,4358.5240,5222.3960,3843.2390,2924.8570,4982.9540,5285.1490,2922.9800,1622.4150,3979.6260
2019-10-10,,,3762.5970,4818.7900,4424.7230,5261.5620,3874.6390,2947.7110,5046.3590,5366.9250,2940.8000,1666.9660,3979.6260
2019-10-11,,,3770.0910,4858.7320,4425.7050,5287.6900,3911.7250,2973.6560,5055.5170,5370.6540,2983.1200,1666.8340,3979.6260
2019-10-14,,,3805.3250,4909.4070,4497.7930,5364.6900,3953.2410,3007.8830,5131.1310,5455.6060,3013.5330,1679.3780,3979.6260
2019-10-15,,,3766.8230,4867.5450,4416.3470,5320.8930,3936.2500,2991.0460,5061.0030,5375.5290,3015.4200,1660.8870,3979.6260
2019-10-16,,,3757.2130,4840.7250,4387.0720,5295.7080,3922.6850,2978.7120,5038.3560,5353.0150,3004.7230,1656.3720,3979.6260
2019-10-17,,,3757.5290,4821.1910,4383.0540,5267.7240,3925.2220,2977.3340,5029.8540,5347.2670,3011.7540,1658.2590,3979.6260
2019-10-18,,,3718.7290,4755.5410,4324.4020,5190.3620,3869.3780,2938.1410,4961.8070,5280.5320,2963.1750,1648.6250,3979.6260
2019-10-21,,,3713.6410,4747.8260,4300.7150,5181.3090,3880.8400,2939.6180,4951.0350,5247.2980,2968.9050,1644.5080,3979.6260
2019-10-22,,,3743.7290,4771.9450,4354.0470,5218.0510,3895.8810,2954.3800,5005.5530,5312.4580,2973.2170,1666.8690,3979.6260
2019-10-23,,,3713.1920,4746.6860,4317.0860,5180.1630,3871.0850,2941.6190,4967.1950,5269.7230,2954.3050,1650.2900,3979.6260
2019-10-24,,,3699.7210,4744.4220,4293.3250,5183.6290,3870.6680,2940.9220,4958.2470,5259.4550,2959.0320,1653.8650,3979.6260
2019-10-25,,,3731.0720,4771.4830,4329.4490,5212.8860,3896.7920,2954.9330,4994.5680,5300.0940,2967.0520,1675.3400,3979.6260
2019-10-28,,,3793.2690,4815.6700,4425.8420,5267.7500,3926.5850,2980.0500,5084.4680,5425.7540,2981.3620,1704.4170,3979.6260
2019-10-29,,,3758.1070,4765.7170,4348.9000,5205.5220,3910.2260,2954.1760,5007.7130,5366.7540,2968.2830,1686.5800,3979.6260
2019-10-30,,,3743.8320,4717.5510,4312.2450,5158.4240,3891.2260,2939.3210,4947.8950,5313.4170,2952.1180,1684.0780,3979.6260
2019-10-31,,,3734.2980,4700.0800,4285.0700,5132.0890,3886.7520,2929.0560,4917.4170,5253.8810,2954.7340,1671.3120,3979.6260
2019-11-01,,,3773.7850,4752.5140,4320.5490,5182.1260,3952.3870,2958.1990,4962.3500,5303.9910,3002.6490,1686.9980,3979.6260
2019-11-04,,,3805.4480,4764.6040,4360.3480,5195.4080,3978.1220,2975.4920,4987.8360,5337.0830,3022.2750,1699.9190,3979.6260
2019-11-05,,,3835.8680,4794.4070,4379.3210,5223.5650,4002.8130,2991.5620,5025.3030,5352.0610,3039.9770,1713.2890,3979.6260
2019-11-06,,,3805.9770,4761.9260,4353.2330,5186.7660,3984.8820,2978.5960,4974.7340,5304.8380,3032.7920,1703.0170,3979.6260
2019-11-07,,,3828.2880,4780.8330,4382.0020,5210.4820,3991.8750,2978.7140,5007.0670,5340.1710,3033.2990,1715.5750,3979.6260
2019-11-08,,,3818.1590,4760.3210,4370.4410,5182.8480,3973.0110,2964.1850,4988.2940,5321.7780,3012.4590,1711.2160,3979.6260
2019-11-11,,,3746.8910,4655.9190,4265.1800,5062.8110,3902.9780,2909.9750,4876.1590,5183.5710,2965.7080,1673.1290,3979.6260
2019-11-12,,,3734.1130,4670.2710,4279.1170,5068.8230,3903.6890,2914.8230,4881.6140,5196.7150,2971.3610,1671.4420,3979.6260
2019-11-13,,,3733.6800,4637.6230,4272.7690,5045.7010,3899.9820,2905.2410,4875.5430,5181.4920,2967.6700,1681.7940,3979.6260
2019-11-14,,,3759.0460,4651.4200,4306.1330,5054.0960,3905.8570,2909.8700,4912.1080,5216.6440,2968.5690,1692.5830,3979.6260
2019-11-15,,,3733.0710,4603.3840,4267.6420,5001.4560,3877.0890,2891.3430,4868.4370,5152.5640,2954.7010,1674.7840,3979.6260
2019-11-18,,,3761.0710,4651.7540,4284.7420,5032.7070,3907.9290,2909.2000,4892.4610,5189.3520,2980.9460,1682.4920,3979.6260
2019-11-19,,,3839.4730,4707.4420,4382.6580,5104.8090,3947.0390,2933.9910,4975.1130,5286.1490,3000.7450,1729.0780,3979.6260
2019-11-20,,,3822.5570,4681.4300,4354.3210,5067.4790,3907.8640,2911.0530,4946.2760,5259.4700,2968.1240,1719.6650,3979.6260
2019-11-21,,,3810.6620,4689.6890,4356.9890,5071.3280,3889.5980,2903.6380,4945.7190,5250.6650,2949.3370,1713.2020,3979.6260
2019-11-22,,,3761.7280,4677.5060,4324.3270,5040.8170,3849.9950,2885.2880,4904.0830,5181.1090,2922.2670,1679.8030,3979.6260
2019-11-25,,,3750.2980,4768.8000,4307.7080,5108.7480,3878.2060,2906.1690,4901.5020,5151.3680,2951.2470,1661.7740,3979.6260
2019-11-26,,,3766.6630,4729.3310,4297.9170,5069.1220,3891.6530,2907.0600,4882.1620,5147.7280,2946.5670,1679.0820,3979.6260
2019-11-27,,,3768.7490,4735.5890,4310.3700,5066.9690,3875.6190,2903.1950,4904.2570,5145.9670,2944.3220,1674.3890,3979.6260
2019-11-28,,,3746.7380,4719.7520,4305.3880,5051.2500,3862.3030,2889.6930,4889.2600,5131.1280,2930.4820,1673.7950,3979.6260
2019-11-29,,,3738.8360,4715.6260,4303.7440,5054.2780,3828.6710,2871.9810,4894.9420,5126.6150,2894.7150,1664.8960,3979.6260
2019-12-02,,,3735.7660,4723.3910,4318.0110,5064.8130,3836.0590,2875.8070,4905.4210,5137.7840,2899.4390,1669.5360,3979.6260
2019-12-03,,,3753.3740,4737.5960,4345.9730,5082.3670,3851.0870,2884.6990,4926.4550,5171.3560,2909.6230,1675.3850,3979.6260
2019-12-04,,,3750.2620,4717.8720,4348.2560,5065.3810,3849.8190,2878.1160,4920.6680,5179.6940,2901.0660,1673.7790,3979.6260
2019-12-05,,,3813.8550,4744.7360,4389.8130,5099.4410,3879.3640,2899.4690,4967.6020,5238.1300,2921.9470,1709.8260,3979.6260
2019-12-06,,,3848.7240,4755.9550,4432.0100,5129.9870,3902.3850,2912.0140,5010.5100,5275.5100,2939.8180,1726.8010,3979.6260
2019-12-09,,,3858.0070,4783.9790,4448.1630,5155.2500,3895.4470,2914.4780,5024.6040,5294.2820,2933.0420,1721.0710,3979.6260
2019-12-10,,,3874.6550,4782.9280,4473.9650,5150.5850,3900.3840,2917.3160,5049.0510,5326.3610,2936.9930,1734.0220,3979.6260
2019-12-11,,,3859.6950,4815.8750,4452.9880,5141.0160,3902.7490,2924.4170,5027.2780,5304.8820,2949.6470,1718.2600,3979.6260
2019-12-12,,,3862.2010,4793.0680,4448.1790,5124.1020,3891.0240,2915.6980,5012.0010,5304.4230,2938.0440,1720.9860,3979.6260
2019-12-13,,,3927.0880,4842.6180,4508.8840,5190.6860,3968.2210,2967.6760,5073.6860,5375.9770,3006.3130,1755.4130,3979.6260
2019-12-16,,,3994.9000,4884.3280,4597.3990,5249.6550,3987.5460,2984.3930,5166.0390,5476.9880,2999.2020,1780.3330,3979.6260
2019-12-17,,,4039.4270,4934.5410,4671.6040,5327.7580,4041.8000,3022.4220,5236.0620,5545.6180,3033.1420,1801.6160,3979.6260
2019-12-18,,,4025.9150,4928.4830,4667.5340,5324.8840,4032.7830,3017.0440,5235.1250,5543.7870,3025.7850,1792.4180,3979.6260
2019-12-19,,,4023.4700,4952.0350,4687.8140,5357.9050,4027.1500,3017.0660,5241.7380,5568.1130,3017.7130,1790.4380,3979.6260
2019-12-20,,,3989.4050,4926.5010,4628.6340,5321.5820,4017.2530,3004.9380,5184.6750,5501.1580,3012.6260,1771.7070,3979.6260
2019-12-23,,,3931.5750,4857.1780,4534.1730,5232.2630,3967.0960,2962.7510,5084.3510,5377.0870,2984.2430,1736.6240,3979.6260
2019-12-24,,,4002.7680,4905.1350,4630.7120,5292.0440,3992.9580,2982.6810,5162.0700,5471.7350,2996.7650,1769.8690,3979.6260
2019-12-25,,,4037.5220,4910.2760,4639.6650,5287.2510,3990.8670,2981.8810,5183.0990,5504.4170,2986.0040,1784.3950,3979.6260
2019-12-26,,,4080.2440,4961.5070,4675.1210,5331.5220,4025.9880,3007.3550,5219.1400,5543.6640,3011.6360,1793.6350,3979.6260
2019-12-27,,,4061.9910,4965.7770,4637.7670,5313.8020,4022.0280,3005.0360,5179.1930,5498.9250,3017.7790,1767.5820,3979.6260
2019-12-30,,,4110.7190,5040.1700,4676.1400,5387.6760,4081.6330,3040.0240,5241.9380,5529.9960,3062.7500,1790.2390,3979.6260
2019-12-31,,,4142.3960,5078.6400,4694.3620,5419.2700,4096.5820,3050.1240,5267.6620,5567.0330,3063.2190,1798.1180,3979.6260
2020-01-02,,,4229.7860,5161.2330,4796.9320,5497.1350,4152.2410,3085.1980,5366.1380,5676.5580,3090.8330,1832.7420,3979.6260
2020-01-03,,,4229.4430,5161.3780,4817.8330,5498.3740,4144.9650,3083.7860,5380.6370,5706.0440,3078.2790,1836.0120,3979.6260
2020-01-06,,,4267.4970,5159.5910,4891.4940,5530.8960,4129.2950,3083.4080,5434.8500,5764.7330,3056.8360,1859.9210,3979.6260
2020-01-07,,,4317.5230,5206.4570,4977.3070,5604.8600,4160.2270,3104.8020,5499.8400,5852.3610,3074.0150,1893.2140,3979.6260
2020-01-08,,,4264.0650,5122.6090,4910.8390,5525.3930,4112.3170,3066.8930,5423.7970,5772.4740,3037.8530,1862.6990,3979.6260
2020-01-09,,,4333.3810,5171.1870,4999.0110,5579.8910,4164.3700,3094.8820,5497.5430,5864.1820,3067.5460,1913.1420,3979.6260
2020-01-10,,,4332.6880,5156.7220,4982.9510,5576.9290,4163.1850,3092.2910,5480.2280,5851.8930,3067.8810,1904.1940,3979.6260
2020-01-13,,,4397.1620,5189.6660,5058.3620,5628.2150,4203.9880,3115.5700,5559.6270,5926.7220,3090.1280,1935.0720,3979.6260
2020-01-14,,,4388.8790,5179.7550,5052.0930,5629.1620,4189.8860,3106.8200,5542.3320,5914.1130,3080.6020,1922.5570,3979.6260
2020-01-15,,,4360.6310,5136.3140,5045.4340,5597.2080,4166.7340,3090.0380,5530.0270,5913.5180,3058.0080,1924.2380,3979.6260
2020-01-16,,,4364.3440,5107.1810,5037.3620,5563.8150,4149.0430,3074.0810,5527.6680,5902.1320,3043.0930,1929.9610,3979.6260
2020-01-17,,,4367.6630,5107.1580,5019.9440,5541.6560,4154.8530,3075.4960,5510.0450,5879.4120,3053.1730,1932.5110,3979.6260
2020-01-20,,,4450.2350,5134.7340,5086.0830,5575.4190,4185.8300,3095.7870,5587.5360,5954.8670,3065.9910,1982.1760,3979.6260
2020-01-21,,,4384.8620,5027.3800,5023.6160,5499.8960,4114.3090,3052.1420,5523.9420,5901.8590,3012.1120,1967.0270,3979.6260
2020-01-22,,,4452.6060,5039.6580,5079.0210,5514.6160,4131.9310,3060.7550,5575.5130,5919.5870,3017.8790,1993.8990,3979.6260
2020-01-23,,,4299.1910,4850.6780,4923.5630,5341.6330,4003.9010,2976.5280,5377.7410,5699.0080,2932.4930,1927.7420,3979.6260
2020-02-03,,,3942.3890,4377.4600,4497.3670,4849.2460,3688.3580,2746.6060,4910.9010,5200.1620,2727.0930,1795.7740,3979.6260
2020-02-04,,,4073.0600,4413.8850,4602.7580,4922.3890,3785.6380,2783.2880,4996.4740,5212.1000,2794.6610,1882.6910,3979.6260
2020-02-05,,,4143.5590,4470.9430,4736.7070,5038.7940,3828.5270,2818.0880,5123.9620,5348.3410,2812.8990,1939.6200,3979.6260
2020-02-06,,,4273.0230,4540.4350,4889.4330,5161.6330,3899.7750,2866.5100,5282.8920,5515.6410,2854.8880,2012.2490,3979.6260
2020-02-07,,,4323.3610,4549.1010,4930.2900,5173.3240,3899.8690,2875.9640,5327.0370,5583.5960,2851.7110,2015.7990,3979.6260
2020-02-10,,,4374.6550,4649.0220,4987.3580,5260.1610,3916.0050,2890.4880,5388.4350,5661.5620,2850.0640,2042.1770,3979.6260
2020-02-11,,,4383.8330,4663.3340,4961.7290,5243.7150,3952.4640,2901.6740,5361.2770,5623.2590,2879.8580,2028.4440,3979.6260
2020-02-12,,,4505.1560,4699.2460,5071.6600,5308.9630,3984.4330,2926.8990,5459.9460,5754.2580,2895.5860,2085.2780,3979.6260
2020-02-13,,,4484.3180,4683.9190,5013.5510,5244.4290,3959.9190,2906.0740,5412.8420,5707.5330,2875.4790,2064.5960,3979.6260
2020-02-14,,,4501.7170,4720.5110,5028.6080,5261.6370,3987.7340,2917.0080,5420.8030,5727.8290,2895.0640,2069.2190,3979.6260
2020-02-17,,,4646.5630,4838.1760,5186.4590,5402.6040,4077.4240,2983.6220,5594.4370,5936.4830,2950.0700,2146.1770,3979.6260
2020-02-18,,,4653.9770,4820.6370,5246.3800,5435.6270,4057.5110,2984.9720,5660.8140,6072.1930,2924.3980,2170.9490,3979.6260
2020-02-19,,,4593.4430,4807.4840,5158.8780,5385.5560,4051.3110,2975.4020,5603.2630,6018.0510,2923.7630,2139.4370,3979.6260
2020-02-20,,,4675.3760,4882.7920,5229.5400,5479.5000,4144.6560,3030.1540,5706.7130,6134.3880,2978.1830,2186.7370,3979.6260
2020-02-21,,,4740.5280,4894.3860,5311.5410,5522.0410,4149.4900,3039.6690,5784.0320,6243.4780,2968.1380,2226.6390,3979.6260
2020-02-24,,,4797.2840,4872.8010,5364.2790,5522.0070,4132.8390,3031.2330,5865.4670,6380.4150,2930.0330,2263.9720,3979.6260
2020-02-25,,,4867.1790,4844.9900,5350.4200,5492.9110,4123.8540,3013.0500,5897.7220,6407.1430,2909.3240,2287.3120,3979.6260
2020-02-26,,,4695.5680,4864.4760,5179.8340,5468.0790,4073.0150,2987.9290,5743.3930,6221.8350,2901.6730,2180.7010,3979.6260
2020-02-27,,,4707.7530,4880.1800,5196.8810,5472.1800,4084.8760,2991.3290,5753.7280,6232.0890,2912.0360,2196.7140,3979.6260
2020-02-28,,,4475.1660,4713.7570,4917.8280,5264.8340,3940.0490,2880.3040,5451.2900,5870.9660,2821.0420,2071.5660,3979.6260
2020-03-02,,,4625.1880,4943.6120,5106.3570,5494.5350,4069.6660,2970.9310,5656.4190,6113.4110,2907.8860,2135.4150,3979.6260
2020-03-03,,,4648.7370,4942.2600,5175.2560,5546.8890,4091.3620,2992.8970,5710.0240,6195.8920,2921.4440,2173.3460,3979.6260
2020-03-04,,,4654.6000,5021.2370,5183.6010,5606.5500,4115.0520,3011.6660,5716.5110,6226.5330,2947.5670,2169.4430,3979.6260
2020-03-05,,,4698.0570,5111.4070,5252.6880,5710.5840,4206.7250,3071.6770,5801.1200,6315.8350,3018.0700,2209.5880,3979.6260
2020-03-06,,,4660.6490,5026.0340,5232.5510,5677.6020,4138.5070,3034.5110,5763.8600,6296.7390,2964.8350,2192.9360,3979.6260
2020-03-09,,,4431.8680,4858.2460,5005.2910,5494.7670,3997.1330,2943.2910,5525.8170,6049.6210,2868.8300,2093.0630,3979.6260
2020-03-10,,,4578.2280,4954.7150,5121.7250,5580.7550,4082.7320,2996.7620,5675.1110,6206.4080,2924.2170,2148.8100,3979.6260
2020-03-11,,,4486.5020,4907.9500,5044.0090,5518.5210,4028.4290,2968.5170,5589.5310,6122.9090,2888.3610,2101.4630,3979.6260
2020-03-12,,,4397.9340,4833.6610,4935.1470,5406.4670,3950.9110,2923.4860,5493.8840,5999.6400,2841.9820,2045.9260,3979.6260
2020-03-13,,,4358.9990,4788.0400,4884.9450,5340.3290,3895.3130,2887.4270,5457.2010,5945.4650,2798.7700,2030.5800,3979.6260
2020-03-16,,,4118.5780,4622.8690,4640.6320,5161.5140,3727.8400,2789.2540,5200.1140,5657.7750,2694.0230,1910.7670,3979.6260
2020-03-17,,,4118.3510,4643.4870,4647.4770,5156.1610,3709.6820,2779.6410,5212.0620,5642.9190,2685.5910,1917.7020,3979.6260
2020-03-18,,,4046.5710,4566.4880,4568.9590,5060.3530,3636.2570,2728.7560,5119.4720,5556.1080,2625.7470,1887.0420,3979.6260
2020-03-19,,,4056.3760,4555.1140,4580.7480,5068.4180,3589.0930,2702.1300,5157.8240,5617.1950,2569.7890,1894.9430,3979.6260
2020-03-20,,,4102.8520,4627.8940,4627.7680,5132.1500,3653.2240,2745.6180,5219.2810,5670.4710,2628.4160,1915.0460,3979.6260
2020-03-23,,,3909.7670,4478.5390,4417.0680,4958.0590,3530.3060,2660.1670,4998.9100,5416.5710,2559.6190,1827.0520,3979.6260
2020-03-24,,,3988.6080,4565.4380,4496.8250,5040.5120,3625.1150,2722.4380,5096.0410,5517.2550,2639.3830,1876.9100,3979.6260
2020-03-25,,,4122.6150,4654.9970,4615.6140,5144.1440,3722.5180,2781.5910,5217.4240,5646.6250,2700.1870,1937.8550,3979.6260
2020-03-26,,,4079.9530,4602.1550,4580.5630,5107.3600,3698.0470,2764.9110,5166.1090,5595.4330,2689.2800,1927.2750,3979.6260
2020-03-27,,,4047.0890,4629.3540,4541.4340,5119.3360,3710.0610,2772.2030,5137.3370,5553.6120,2701.4450,1903.8810,3979.6260
2020-03-30,,,3940.3930,4589.1320,4437.7500,5051.6170,3674.1110,2747.2140,5027.4860,5415.4110,2690.0420,1860.4840,3979.6260
2020-03-31,,,3977.2630,4581.1030,4440.0470,5061.7980,3686.1550,2750.2960,5041.4530,5427.1320,2689.3790,1871.9170,3979.6260
2020-04-01,,,3979.4960,4525.6510,4436.2770,5029.3990,3675.0760,2734.5220,5019.2190,5403.3030,2682.0800,1864.8000,3979.6260
2020-04-02,,,4082.9460,4596.5620,4540.7020,5101.4680,3734.5310,2780.6380,5147.2020,5538.6040,2719.8860,1916.9510,3979.6260
2020-04-03,,,4032.7340,4556.6550,4501.5730,5059.0720,3713.2180,2763.9870,5107.0390,5507.1190,2708.8250,1906.6750,3979.6260
2020-04-07,,,4187.8050,4675.4470,4646.2420,5184.1960,3798.0210,2820.7630,5267.0730,5695.1690,2757.4060,1969.7820,3979.6260
2020-04-08,,,4188.0600,4673.3700,4656.9360,5175.2650,3780.3450,2815.3690,5271.7960,5718.1280,2743.8870,1964.7570,3979.6260
2020-04-09,,,4231.4150,4688.8130,4699.6970,5197.9730,3792.8110,2825.9040,5322.4610,5789.2650,2752.5880,1997.1360,3979.6260
2020-04-10,,,4138.1010,4633.3230,4578.8260,5127.5250,3769.1780,2796.6310,5208.5100,5637.5320,2749.8470,1949.8850,3979.6260
2020-04-13,,,4102.1740,4633.6060,4533.0440,5123.7310,3753.2570,2783.0480,5169.1760,5578.8560,2739.1670,1923.0810,3979.6260
2020-04-14,,,4236.6920,4697.9070,4646.7980,5188.2900,3825.6990,2827.2830,5288.5930,5692.0010,2785.7200,1985.4260,3979.6260
2020-04-15,,,4217.5100,4661.9180,4637.2500,5156.9550,3797.3620,2811.1740,5268.7500,5657.9480,2764.4880,1977.5150,3979.6260
2020-04-16,,,4260.5050,4678.2840,4672.2520,5168.6300,3802.3810,2819.9350,5316.9710,5700.9600,2768.2620,2008.3880,3979.6260
2020-04-17,,,4283.1760,4680.3030,4661.6770,5167.6000,3839.4870,2838.4950,5318.4550,5710.0530,2809.0760,2020.7700,3979.6260
2020-04-20,,,4320.2720,4702.9540,4710.5310,5213.5500,3853.4550,2852.5530,5381.7860,5803.4020,2819.7940,2043.4370,3979.6260
2020-04-21,,,4279.3310,4660.1860,4679.0680,5185.2200,3808.0470,2827.0130,5343.8810,5773.0080,2784.5330,2023.9420,3979.6260
2020-04-22,,,4310.5920,4683.9580,4718.5300,5223.3070,3839.3830,2843.9800,5387.6230,5826.5600,2804.2370,2043.1710,3979.6260
2020-04-23,,,4276.3670,4673.1260,4692.1760,5203.0040,3829.7530,2838.4990,5357.7900,5789.4820,2797.6610,2029.5240,3979.6260
2020-04-24,,,4233.0470,4628.5790,4612.7730,5145.8780,3796.9720,2808.5290,5273.5470,5675.5100,2776.0250,2003.7480,3979.6260
2020-04-27,,,4244.1350,4615.6120,4601.1700,5161.0150,3822.7690,2815.4950,5265.7250,5645.6570,2805.2200,2018.6660,3979.6260
2020-04-28,,,4251.6420,4554.7440,4544.0620,5091.3210,3849.1470,2810.0240,5227.8460,5561.1980,2825.1390,2030.7240,3979.6260
2020-04-29,,,4251.0270,4576.3060,4542.9410,5103.7230,3867.0320,2822.4420,5226.8120,5547.6280,2844.8140,2030.4770,3979.6260
2020-04-30,,,4352.0910,4664.1030,4660.8620,5190.4750,3912.5770,2860.0820,5353.8600,5678.1660,2861.9080,2069.4320,3979.6260
2020-05-06,,,4415.2450,4695.8190,4751.1550,5235.4430,3936.2540,2878.1400,5451.3160,5802.4190,2863.8450,2110.2670,3979.6260
2020-05-07,,,4431.1900,4685.4020,4750.4020,5227.0970,3924.8950,2871.5230,5445.7520,5795.8720,2854.4230,2106.8420,3979.6260
2020-05-08,,,4465.2900,4734.0820,4814.6420,5275.4210,3963.6220,2895.3440,5507.6970,5862.7670,2873.0130,2125.2430,3979.6260
2020-05-11,,,4452.9810,4779.8220,4812.3100,5278.3000,3960.1800,2894.8020,5496.1920,5851.8040,2871.8480,2102.8250,3979.6260
2020-05-12,,,4471.5520,4742.8020,4827.9490,5260.1320,3960.2380,2891.5560,5512.4640,5869.5070,2869.5970,2124.1500,3979.6260
2020-05-13,,,4499.4810,4749.1570,4850.8530,5286.5980,3968.2530,2898.0500,5536.2800,5917.0270,2867.7120,2140.6810,3979.6260
2020-05-14,,,4453.9890,4697.7660,4802.5950,5231.8590,3925.2180,2870.3420,5487.1070,5863.2360,2834.5330,2117.6470,3979.6260
2020-05-15,,,4465.4870,4692.3520,4811.1890,5228.1990,3912.8160,2868.4590,5507.9340,5889.9770,2819.6910,2124.3110,3979.6260
2020-05-18,,,4435.8940,4686.8450,4773.5540,5243.8200,3922.9120,2875.4180,5478.8220,5860.0430,2837.1720,2114.8580,3979.6260
2020-05-19,,,4510.9340,4710.9170,4822.0110,5274.4150,3956.2500,2898.5760,5547.8760,5936.5990,2860.6680,2144.1210,3979.6260
2020-05-20,,,4468.2840,4666.1110,4770.1730,5238.7490,3935.2220,2883.7380,5489.7020,5865.8410,2856.1400,2118.1190,3979.6260
2020-05-21,,,4409.5580,4633.3930,4714.6420,5201.8370,3913.7950,2867.9240,5426.1750,5791.6400,2846.8240,2099.4320,3979.6260
2020-05-22,,,4308.4160,4544.6510,4623.7780,5122.4080,3824.0640,2813.7650,5328.2270,5683.9960,2775.8100,2046.5960,3979.6260
2020-05-25,,,4313.5250,4557.6100,4610.8300,5115.6620,3829.3250,2817.9700,5316.6040,5671.9720,2789.7100,2052.3020,3979.6260
2020-05-26,,,4400.8440,4584.8500,4725.1010,5194.7930,3872.7700,2846.5470,5420.2130,5808.5490,2808.8420,2112.9730,3979.6260
2020-05-27,,,4343.9630,4567.4750,4698.9150,5179.3770,3845.6140,2836.8040,5369.4990,5772.0840,2795.4810,2071.4730,3979.6260
2020-05-28,,,4338.1250,4553.1320,4676.7800,5176.8190,3856.6320,2846.2220,5361.1670,5758.9270,2809.6650,2054.9640,3979.6260
2020-05-29,,,4409.5370,4544.6160,4728.4810,5199.3820,3867.0230,2852.3510,5406.3400,5816.4000,2806.6640,2086.6660,3979.6260
2020-06-01,,,4532.1470,4649.8000,4883.0960,5318.9380,3971.3400,2915.4310,5569.4800,5993.7850,2870.3560,2158.2230,3979.6260
2020-06-02,,,4515.9460,4673.2510,4890.0170,5345.1000,3983.5680,2921.3980,5566.4440,6002.8360,2885.9210,2145.2860,3979.6260
2020-06-03,,,4521.1340,4659.1590,4884.8720,5346.3040,3983.6480,2923.3710,5572.3130,5994.6380,2889.1090,2143.1170,3979.6260
2020-06-04,,,4540.7260,4643.8840,4911.5800,5358.0030,3982.1850,2919.2510,5576.7540,6006.7650,2883.3630,2151.3850,3979.6260
2020-06-05,,,4561.1780,4638.8990,4905.8450,5360.3610,4001.2510,2930.7990,5585.4230,6015.3270,2896.3500,2166.3750,3979.6260
2020-06-08,,,4556.3030,4659.0280,4889.9260,5360.9040,4021.9550,2937.7710,5575.3040,6001.4320,2909.5870,2153.5640,3979.6260
2020-06-09,,,4600.4550,4675.8750,4924.9360,5403.5000,4047.0290,2956.1120,5610.3770,6042.3350,2928.3040,2181.5890,3979.6260
2020-06-10,,,4624.7440,4657.2440,4926.7080,5403.7460,4039.7050,2943.7530,5615.2420,6049.3220,2908.4750,2201.9880,3979.6260
2020-06-11,,,4616.4220,4622.8240,4913.9320,5363.2390,3995.8850,2920.8970,5589.1020,6027.4090,2876.5130,2195.6380,3979.6260
2020-06-12,,,4611.9580,4617.7370,4921.7970,5371.8440,4003.0830,2919.7410,5591.4870,6031.1710,2884.1160,2206.7640,3979.6260
2020-06-15,,,4568.5520,4585.5240,4929.4610,5392.7370,3954.9880,2890.0310,5590.6440,6028.9560,2838.6070,2219.5500,3979.6260
2020-06-16,,,4671.3670,4644.0410,5045.1190,5489.6040,4014.5700,2931.7490,5695.3010,6151.6860,2878.9920,2260.4580,3979.6260
2020-06-17,,,4670.0910,4655.4680,5067.3270,5532.7130,4017.5940,2935.8730,5735.4180,6178.1410,2881.1320,2263.9610,3979.6260
2020-06-18,,,4690.8870,4690.0340,5064.7260,5560.3650,4044.3840,2939.3150,5734.4030,6149.2890,2888.9580,2266.0320,3979.6260
2020-06-19,,,4754.4050,4710.7050,5094.7410,5566.2160,4098.7100,2967.6340,5787.1480,6187.1080,2925.9360,2319.4490,3979.6260
2020-06-22,,,4761.7160,4682.7830,5096.1470,5537.9700,4102.0460,2965.2720,5784.0270,6228.0160,2921.8920,2342.8800,3979.6260
2020-06-23,,,4806.5470,4659.9910,5132.6380,5533.2190,4121.7940,2970.6200,5804.3430,6238.8970,2925.4160,2382.0470,3979.6260
2020-06-24,,,4830.0280,4668.1090,5125.7570,5522.4740,4138.9900,2979.5510,5789.0890,6227.5690,2943.4730,2382.4730,3979.6260
2020-06-29,,,4793.3790,4615.2480,5109.9380,5482.3130,4109.7160,2961.5160,5762.4380,6211.3810,2925.4830,2372.5360,3979.6260
2020-06-30,,,4888.0140,4663.9480,5187.7670,5530.2860,4163.9640,2984.6740,5864.4160,6319.5560,2942.0740,2438.1970,3979.6260
2020-07-01,,,4920.6280,4750.3330,5203.9850,5581.4530,4247.7840,3025.9810,5881.8880,6339.3690,3009.8610,2419.6290,3979.6260
2020-07-02,,,4942.9300,4891.5120,5259.4310,5720.3040,4335.8450,3090.5690,5975.2790,6413.9520,3084.2380,2424.3930,3979.6260
2020-07-03,,,4992.1970,4967.9690,5326.8250,5814.5250,4419.5960,3152.8130,6051.5100,6478.3540,3159.1580,2462.5630,3979.6260
2020-07-06,,,5163.9600,5259.5430,5534.6900,6102.7930,4670.0950,3332.8810,6299.8550,6725.9960,3374.1360,2529.4870,3979.6260
2020-07-07,,,5242.4000,5232.4180,5592.3300,6116.2180,4698.1260,3345.3370,6380.0280,6817.8650,3381.7610,2591.2630,3979.6260
2020-07-08,,,5323.9610,5335.2870,5695.1410,6254.8850,4774.0040,3403.4400,6535.4150,6973.9970,3429.9450,2651.9690,3979.6260
2020-07-09,,,5471.5460,5421.4350,5856.5640,6389.0670,4840.7710,3450.5940,6693.7450,7182.1770,3442.0210,2757.6530,3979.6260
2020-07-10,,,5415.3210,5330.4290,5834.7110,6303.1620,4753.1330,3383.3220,6676.4370,7150.4240,3351.7800,2778.4570,3979.6260
2020-07-13,,,5591.7060,5495.4890,6028.4640,6492.1130,4852.9610,3443.2860,6899.5180,7403.0860,3390.1150,2889.4270,3979.6260
2020-07-14,,,5480.6820,5461.4500,5926.9060,6422.0620,4806.6900,3414.6190,6807.7270,7344.9880,3348.0310,2858.6720,3979.6260
2020-07-15,,,5417.1650,5376.4120,5785.5580,6316.2930,4744.4690,3361.3040,6638.8380,7131.4640,3313.7650,2813.0610,3979.6260
2020-07-16,,,5145.3090,5175.7450,5468.5720,6068.3770,4516.2530,3210.0990,6319.9980,6758.1400,3162.0250,2646.2600,3979.6260
2020-07-17,,,5180.6340,5175.1940,5492.9190,6064.2220,4544.7010,3214.1290,6344.5910,6772.5320,3185.8910,2662.4020,3979.6260
2020-07-20,,,5314.5380,5412.8210,5656.3140,6321.7000,4680.3050,3314.1490,6526.8330,7003.6670,3287.9150,2697.3010,3979.6260
2020-07-21,,,5352.8150,5406.6950,5703.8820,6334.2250,4691.0430,3320.8950,6563.3240,7058.7910,3286.8150,2736.5120,3979.6260
2020-07-22,,,5395.3270,5426.1600,5757.5810,6358.2680,4714.4450,3333.1640,6620.6890,7125.5690,3291.3610,2769.0280,3979.6260
2020-07-23,,,5384.2850,5398.5790,5745.5060,6346.0310,4712.4360,3325.1100,6620.0860,7119.6710,3284.1100,2799.6740,3979.6260
2020-07-24,,,5074.6470,5175.9620,5448.7750,6067.6210,4505.5910,3196.7680,6283.9830,6784.6350,3158.2850,2627.8430,3979.6260
2020-07-27,,,5059.1580,5177.7950,5457.4340,6078.4180,4528.4500,3205.2270,6298.7350,6786.5290,3163.2310,2631.7620,3979.6260
2020-07-28,,,5115.4500,5189.4580,5525.1260,6120.2850,4568.2580,3227.9600,6359.6640,6857.9430,3185.8900,2666.5210,3979.6260
2020-07-29,,,5251.4400,5285.0260,5667.9090,6241.8820,4679.0080,3294.5520,6530.2710,7060.5350,3243.3850,2767.4020,3979.6260
2020-07-30,,,5214.3220,5290.3560,5640.0360,6256.5310,4656.1510,3286.8220,6511.4360,7048.9810,3231.5190,2743.6340,3979.6260
2020-07-31,,,5271.8510,5316.9330,5721.8850,6323.5170,4695.0460,3310.0070,6579.6700,7141.5920,3249.3380,2795.4000,3979.6260
2020-08-03,,,5352.7190,5420.3480,5869.7050,6487.8370,4771.3110,3367.9660,6739.8090,7373.3410,3281.1010,2868.8820,3979.6260
2020-08-04,,,5349.8080,5439.9080,5843.5690,6484.9350,4775.8020,3371.6880,6697.7070,7326.1890,3312.1340,2832.8450,3979.6260
2020-08-05,,,5393.7210,5451.6280,5896.8080,6488.2810,4777.1090,3377.5650,6772.8420,7427.1890,3292.3090,2860.2410,3979.6260
2020-08-06,,,5374.6830,5465.3630,5895.4370,6449.8280,4762.7640,3386.4630,6770.3020,7432.7660,3292.2000,2814.3740,3979.6260
2020-08-07,,,5280.4700,5419.6760,5825.3930,6407.6970,4707.9260,3354.0350,6688.8820,7339.8110,3263.7460,2749.9530,3979.6260
2020-08-10,,,5285.9910,5480.1870,5847.6550,6489.1330,4724.8700,3379.2520,6725.2960,7358.8620,3285.7600,2735.2560,3979.6260
2020-08-11,,,5208.1370,5388.3070,5717.2180,6352.5360,4681.7840,3340.2900,6600.8470,7213.4450,3262.8240,2688.7000,3979.6260
2020-08-12,,,5135.5870,5370.1550,5643.5150,6298.6580,4647.6450,3319.2660,6528.4000,7092.3550,3249.7380,2635.5020,3979.6260
2020-08-13,,,5124.9140,5387.9310,5642.9670,6322.4670,4635.7130,3320.7260,6552.6570,7113.9300,3241.8450,2622.6400,3979.6260
2020-08-14,,,5198.3640,5416.4480,5691.3150,6352.1830,4704.6290,3360.0990,6623.5630,7183.9580,3288.5140,2668.7120,3979.6260
2020-08-17,,,5293.7220,5555.5300,5813.5770,6496.8790,4815.2260,3438.8010,6744.5470,7339.6930,3368.8490,2696.3920,3979.6260
2020-08-18,,,5303.8230,5568.6060,5859.9590,6548.2840,4812.7560,3451.0890,6789.3980,7410.2410,3367.3310,2701.0610,3979.6260
2020-08-19,,,5217.6030,5550.3310,5744.5570,6471.8980,4740.6780,3408.1290,6666.2740,7256.1310,3307.6590,2612.8350,3979.6260
2020-08-20,,,5156.3720,5464.6610,5689.8050,6392.8610,4679.1540,3363.8990,6593.7850,7151.2610,3264.5330,2587.8610,3979.6260
2020-08-21,,,5193.0210,5472.6650,5722.7890,6408.2710,4718.8430,3380.6830,6643.9440,7194.2740,3284.7270,2632.4520,3979.6260
2020-08-24,,,5269.8700,5465.0030,5774.2430,6446.0300,4755.8490,3385.6380,6688.9650,7253.6400,3298.7210,2684.6290,3979.6260
2020-08-25,,,5279.8370,5449.4030,5764.1620,6393.9670,4761.9510,3373.5780,6652.5480,7213.6820,3310.8390,2701.6040,3979.6260
2020-08-26,,,5179.5380,5381.6670,5623.2380,6280.9930,4706.1300,3329.7390,6525.8790,7037.9780,3277.8900,2644.1440,3979.6260
2020-08-27,,,5241.8500,5400.7240,5669.6460,6316.3160,4731.3450,3350.1130,6578.7910,7113.8040,3290.7860,2689.1700,3979.6260
2020-08-28,,,5330.7870,5481.9300,5764.5650,6417.8390,4844.2650,3403.8070,6691.2100,7204.7820,3368.4380,2757.8390,3979.6260
2020-08-31,,,5294.9620,5465.6680,5743.7620,6392.7590,4816.2150,3395.6780,6668.4330,7224.0460,3343.8880,2728.3130,3979.6260
2020-09-01,,,5332.6180,5479.0990,5773.0050,6414.5530,4842.1220,3410.6070,6710.4600,7258.8870,3355.0960,2750.4240,3979.6260
2020-09-02,,,5366.3840,5467.8710,5799.5140,6401.3730,4843.8870,3404.8020,6717.5580,7272.6240,3347.3040,2771.8500,3979.6260
2020-09-03,,,5337.0890,5451.1220,5753.4580,6365.4580,4817.0950,3384.9810,6662.2520,7189.8610,3334.4120,2746.9530,3979.6260
2020-09-04,,,5281.4230,5412.7310,5715.8000,6316.2410,4770.2190,3355.3670,6618.5760,7182.1050,3309.2100,2732.1550,3979.6260
2020-09-07,,,5150.1130,5333.6520,5615.9110,6216.1710,4669.3680,3292.5910,6478.8120,7057.1940,3253.4260,2641.2020,3979.6260
2020-09-08,,,5124.6460,5386.9340,5645.8360,6283.0540,4694.3890,3316.4170,6525.0980,7103.0860,3289.9140,2650.6290,3979.6260
2020-09-09,,,4970.4750,5294.8760,5474.6160,6193.8790,4584.5890,3254.6280,6349.2230,6877.6020,3235.7030,2523.3960,3979.6260
2020-09-10,,,4940.8620,5236.0180,5338.6090,6084.3910,4581.9780,3234.8230,6235.5690,6633.8900,3245.5020,2483.0310,3979.6260
2020-09-11,,,5027.3290,5244.0730,5422.4240,6131.8850,4627.2830,3260.3460,6311.9670,6742.0590,3265.4970,2536.6180,3979.6260
2020-09-14,,,5068.2970,5265.7590,5504.2500,6150.9730,4651.0510,3278.8140,6351.2420,6848.3590,3294.1510,2572.6010,3979.6260
2020-09-15,,,5124.8700,5310.3800,5537.5110,6182.2060,4688.4830,3295.6800,6387.8810,6881.5860,3317.6400,2595.1540,3979.6260
2020-09-16,,,5101.8230,5324.2010,5509.9710,6176.8180,4657.3580,3283.9240,6353.8360,6812.9120,3295.5840,2554.8000,3979.6260
2020-09-17,,,5115.9360,5333.6310,5533.8510,6182.0410,4632.7140,3270.4350,6367.0210,6825.1520,3264.6860,2557.3210,3979.6260
2020-09-18,,,5187.3820,5434.4380,5606.5660,6298.0090,4737.0890,3338.0900,6469.4690,6929.7670,3347.7780,2596.0820,3979.6260
2020-09-21,,,5163.9510,5426.2540,5577.3200,6255.6440,4691.4280,3316.9350,6445.9650,6927.1900,3311.5940,2569.2190,3979.6260
2020-09-22,,,5079.7730,5341.3330,5478.1490,6155.9900,4635.7610,3274.3020,6358.6520,6815.7770,3270.5190,2555.5440,3979.6260
2020-09-23,,,5123.4180,5342.4580,5502.5790,6157.0780,4652.3270,3279.7110,6392.0330,6862.9660,3275.7390,2599.8850,3979.6260
2020-09-24,,,5005.5840,5233.1230,5356.8940,6003.6240,4563.0660,3223.1760,6244.6390,6675.1520,3218.7160,2535.8680,3979.6260
2020-09-25,,,4998.1130,5185.4160,5342.2550,5995.8170,4570.0220,3219.4180,6236.8900,6634.3890,3229.7770,2540.4260,3979.6260
2020-09-28,,,4968.7830,5154.7190,5289.3640,5967.4160,4581.9090,3217.5350,6178.4690,6550.3690,3250.5020,2521.2460,3979.6260
2020-09-29,,,5009.2880,5158.1130,5347.1900,5989.5740,4591.7990,3224.3590,6228.7710,6621.0320,3241.3230,2563.3790,3979.6260
2020-09-30,,,5007.2400,5110.2860,5326.1780,5951.5500,4587.3950,3218.0520,6192.5050,6617.1590,3232.4180,2574.7580,3979.6260
2020-10-09,,,5161.3270,5203.3490,5502.5060,6116.1420,4681.1410,3272.0760,6357.9710,6822.3650,3286.8570,2672.9340,3979.6260
2020-10-12,,,5296.8410,5336.5420,5670.2900,6273.4760,4823.1580,3358.4650,6541.1760,7036.2750,3387.8850,2777.3880,3979.6260
2020-10-13,,,5342.6540,5333.7770,5684.2920,6275.8930,4839.2010,3359.7500,6551.3990,7053.8710,3386.8930,2784.7170,3979.6260
2020-10-14,,,5315.1980,5312.3140,5669.7410,6265.6770,4807.1020,3340.7780,6508.3740,6988.6090,3369.4980,2764.2440,3979.6260
2020-10-15,,,5273.5210,5294.8480,5621.0360,6232.4220,4798.7360,3332.1830,6460.0410,6926.8460,3371.4010,2737.9630,3979.6260
2020-10-16,,,5238.9240,5303.3210,5596.6950,6243.7650,4791.6760,3336.3580,6428.6820,6906.3880,3380.1690,2724.4970,3979.6260
2020-10-19,,,5187.3560,5277.3580,5549.4390,6196.1890,4755.4880,3312.6670,6358.3210,6858.3560,3354.3080,2689.6690,3979.6260
2020-10-20,,,5252.3900,5286.1480,5600.4500,6229.7260,4793.4670,3328.1030,6423.1130,6923.3840,3363.5030,2740.5830,3979.6260
2020-10-21,,,5197.4470,5277.2220,5512.6670,6178.1440,4792.8280,3325.0250,6350.0130,6815.0930,3377.4250,2700.5330,3979.6260
2020-10-22,,,5163.0050,5256.9280,5463.7070,6132.4320,4777.9850,3312.5010,6317.1440,6771.8070,3369.5300,2673.5850,3979.6260
2020-10-23,,,5044.3330,5214.4540,5363.3360,6083.0130,4718.4880,3277.9970,6213.2630,6641.3290,3346.6080,2600.8430,3979.6260
2020-10-26,,,5077.2300,5185.4950,5386.7080,6067.6480,4691.2360,3251.1190,6214.3780,6648.5210,3304.7040,2617.7430,3979.6260
2020-10-27,,,5127.6270,5167.6490,5409.9910,6047.6210,4699.2790,3254.3160,6221.3410,6682.5380,3294.0880,2650.7640,3979.6260
2020-10-28,,,5171.6670,5157.6240,5443.1220,6060.2940,4737.2720,3269.2380,6245.9990,6685.4290,3313.2310,2670.4810,3979.6260
2020-10-29,,,5172.7700,5161.7400,5447.3010,6059.1910,4772.9200,3272.7270,6255.1930,6674.7420,3324.4400,2699.9230,3979.6260
2020-10-30,,,5066.0000,5042.7720,5326.8290,5923.5080,4695.3340,3224.5330,6111.4800,6511.1580,3280.3840,2655.8650,3979.6260
2020-11-02,,,5092.3070,5031.9170,5374.0880,5963.6360,4720.8310,3225.1200,6143.1160,6513.7880,3265.8960,2708.3880,3979.6260
2020-11-03,,,5156.6770,5116.0950,5452.4860,6044.2320,4777.5610,3271.0740,6241.7680,6647.5750,3307.4850,2744.3140,3979.6260
2020-11-04,,,5184.1180,5103.7750,5438.9140,6036.4930,4813.6560,3277.4400,6234.1580,6632.6820,3332.1900,2750.5540,3979.6260
2020-11-05,,,5280.0560,5184.7980,5556.1560,6154.7500,4885.1120,3320.1330,6351.9790,6754.9500,3369.5030,2787.8780,3979.6260
2020-11-06,,,5253.0450,5194.5810,5509.1290,6141.3930,4885.7180,3312.1590,6301.2480,6688.6620,3359.1190,2733.0720,3979.6260
2020-11-09,,,5387.4500,5290.6580,5622.9900,6243.6070,4981.3500,3373.7340,6421.6510,6851.9830,3418.2750,2813.9980,3979.6260
2020-11-10,,,5371.5590,5279.4030,5594.1720,6222.6810,4953.8760,3360.1490,6373.0850,6779.4910,3416.1410,2773.2180,3979.6260
2020-11-11,,,5307.1530,5295.9390,5526.2480,6229.5180,4904.8980,3342.2030,6294.6060,6663.7310,3411.2300,2681.5240,3979.6260
2020-11-12,,,5335.2610,5289.5860,5564.5820,6259.1880,4908.4630,3338.6790,6315.4940,6676.4220,3397.3540,2700.5100,3979.6260
2020-11-13,,,5351.9270,5245.3350,5584.5030,6195.6830,4856.8510,3310.1050,6306.9700,6686.3910,3338.3100,2706.8130,3979.6260
2020-11-16,,,5407.3480,5371.6010,5669.7140,6344.6180,4904.1720,3346.9690,6387.3710,6747.8110,3377.1100,2712.4090,3979.6260
2020-11-17,,,5354.5470,5394.2250,5614.2000,6331.3590,4894.7860,3339.8950,6336.9410,6681.7230,3379.2740,2658.0920,3979.6260
2020-11-18,,,5278.2050,5410.3470,5607.4890,6353.7950,4891.6720,3347.3030,6341.0140,6682.1250,3387.0450,2620.6720,3979.6260
2020-11-19,,,5310.2670,5405.7860,5587.7920,6321.6440,4927.9890,3363.0880,6360.6000,6718.4580,3410.0940,2645.1610,3979.6260
2020-11-20,,,5347.9100,5437.7960,5658.6180,6385.0180,4943.2880,3377.7270,6422.9850,6766.0610,3411.9320,2667.0930,3979.6260
2020-11-23,,,5408.1930,5509.4660,5718.8540,6474.1520,5005.0270,3414.4900,6472.9300,6807.7180,3469.8050,2686.3580,3979.6260
2020-11-24,,,5408.1310,5506.1760,5741.4200,6455.5240,4974.2860,3402.8230,6475.1880,6807.9970,3442.7230,2674.7980,3979.6260
2020-11-25,,,5294.2500,5417.0590,5630.5700,6345.3490,4910.7000,3362.3270,6350.3670,6691.8740,3420.2920,2615.5310,3979.6260
2020-11-26,,,5281.0240,5420.9360,5584.0600,6325.0720,4919.5910,3369.7330,6334.3040,6643.1850,3445.7390,2609.3860,3979.6260
2020-11-27,,,5293.9120,5455.0190,5577.8220,6327.0250,4980.7650,3408.3070,6351.6120,6641.7730,3498.6590,2618.9910,3979.6260
2020-11-30,,,5279.7990,5434.9780,5548.6610,6288.5850,4960.2520,3391.7550,6320.9440,6622.3590,3469.4180,2631.8890,3979.6260
2020-12-01,,,5392.6990,5540.3340,5630.4650,6373.9820,5067.0980,3451.9380,6426.6160,6713.2300,3554.0140,2698.4430,3979.6260
2020-12-02,,,5406.1880,5559.1760,5656.6880,6385.1880,5067.1450,3449.3810,6434.9790,6735.7120,3545.3400,2682.9720,3979.6260
2020-12-03,,,5401.6250,5533.7080,5633.6550,6337.8580,5057.0600,3442.1360,6440.8810,6711.8430,3536.8140,2712.5180,3979.6260
2020-12-04,,,5455.5960,5514.7290,5682.5270,6334.2710,5065.9160,3444.5810,6464.7350,6746.6300,3541.5210,2730.8370,3979.6260
2020-12-07,,,5455.0310,5462.6160,5668.4810,6272.3540,5022.2350,3416.6040,6424.6820,6733.0020,3509.9420,2726.4830,3979.6260
2020-12-08,,,5453.5150,5424.5920,5684.0720,6250.0250,5009.8790,3410.1770,6423.6510,6734.3720,3499.0570,2746.2810,3979.6260
2020-12-09,,,5390.2230,5365.4410,5603.2100,6168.1820,4942.6990,3371.9640,6307.2210,6602.5170,3468.5270,2697.8260,3979.6260
2020-12-10,,,5402.5760,5370.2470,5632.7080,6194.9520,4940.5250,3373.2760,6320.0960,6605.1920,3459.0350,2718.5450,3979.6260
2020-12-11,,,5342.8150,5324.3210,5543.0050,6118.1480,4889.6290,3347.1910,6209.4270,6498.2390,3427.8570,2687.7810,3979.6260
2020-12-14,,,5408.8200,5299.8520,5611.2170,6129.8660,4934.8350,3369.1200,6259.0180,6576.8160,3467.7670,2726.6010,3979.6260
2020-12-15,,,5420.5450,5282.6980,5615.4170,6121.0430,4945.1000,3367.2330,6265.5820,6596.5030,3468.8290,2758.8540,3979.6260
2020-12-16,,,5414.4390,5274.5940,5590.9470,6099.3420,4953.8670,3366.9830,6235.4350,6543.3620,3485.4050,2760.6400,3979.6260
2020-12-17,,,5467.5070,5349.8110,5665.3110,6177.6540,5017.4780,3404.8730,6308.9010,6597.8600,3539.5400,2785.6150,3979.6260
2020-12-18,,,5453.4600,5361.5040,5674.9760,6196.6950,4999.9680,3394.8960,6291.9180,6573.4040,3507.9740,2780.7300,3979.6260
2020-12-21,,,5552.2560,5391.2780,5794.8240,6255.0000,5046.8400,3420.5690,6398.5990,6691.5880,3522.2620,2882.4430,3979.6260
2020-12-22,,,5435.3370,5251.2930,5627.1260,6086.7370,4964.7730,3356.7820,6250.0610,6549.9690,3470.9020,2811.7490,3979.6260
2020-12-23,,,5467.0900,5284.2790,5680.3820,6142.6840,5007.1240,3382.3200,6307.6040,6601.2430,3494.5870,2842.9700,3979.6260
2020-12-24,,,5410.8610,5215.2130,5611.3400,6065.9100,5000.0150,3363.1130,6205.2250,6496.3260,3489.2740,2820.7530,3979.6260
2020-12-25,,,5505.2820,5298.1280,5702.5930,6162.9200,5042.0140,3396.5630,6278.4980,6561.2750,3512.4860,2840.8010,3979.6260
2020-12-28,,,5472.7250,5292.2880,5659.2040,6141.6890,5064.4150,3397.2850,6244.4820,6519.4710,3523.8370,2842.8100,3979.6260
2020-12-29,,,5429.5490,5262.1310,5609.9830,6065.5570,5042.9360,3379.0360,6199.8520,6477.2620,3517.3500,2812.9970,3979.6260
2020-12-30,,,5516.3850,5301.8820,5661.2060,6097.1130,5113.7110,3414.4530,6269.2480,6526.8790,3574.1310,2900.5380,3979.6260
2020-12-31,,,5581.4580,5371.0010,5763.3240,6154.7970,5211.2890,3473.0690,6367.1150,6646.4740,3640.6390,2966.2560,3979.6260
2021-01-04,,,5687.9130,5423.9480,5892.2370,6223.7620,5267.7180,3502.9580,6482.7870,6798.7640,3643.3590,3078.1110,3979.6260
2021-01-05,,,5824.0370,5477.1660,5900.0170,6216.5320,5368.5050,3528.6770,6539.7320,6807.4470,3683.3630,3097.9770,3979.6260
2021-01-06,,,5815.3930,5500.1380,5869.5330,6205.4960,5417.6680,3550.8770,6528.1430,6724.9500,3736.6480,3115.0910,3979.6260
2021-01-07,,,5888.3730,5547.9700,5902.3520,6190.3020,5513.6570,3576.2050,6538.1160,6616.5520,3808.0700,3162.3980,3979.6260
2021-01-08,,,5890.2940,5588.8780,5925.2500,6198.9080,5495.4310,3570.1080,6557.5960,6585.3590,3788.3190,3150.7800,3979.6260
2021-01-11,,,5815.0660,5477.3760,5876.1260,6092.6800,5441.1580,3531.4980,6455.3990,6475.9550,3776.5290,3092.8610,3979.6260
2021-01-12,,,5943.4050,5582.0490,5931.0090,6144.2290,5596.3530,3608.3390,6543.2290,6564.7350,3906.1230,3180.3500,3979.6260
2021-01-13,,,5886.2580,5594.6000,5898.0840,6152.5680,5577.9710,3598.6520,6496.9130,6513.6400,3873.2290,3130.2980,3979.6260
2021-01-14,,,5787.4090,5500.1850,5879.2770,6126.2890,5470.4560,3565.9050,6439.8850,6506.8270,3811.2240,3089.1770,3979.6260
2021-01-15,,,5786.8020,5493.2420,5887.4790,6143.9620,5458.0810,3566.3780,6417.5010,6528.4610,3817.9350,3089.9450,3979.6260
2021-01-18,,,5876.0890,5574.2510,6000.8290,6214.4130,5518.5210,3596.2240,6514.4640,6652.0960,3849.3980,3149.2000,3979.6260
2021-01-19,,,5772.0200,5539.5780,5911.5170,6192.6140,5437.5230,3566.3810,6476.3740,6614.0710,3808.6940,3084.4880,3979.6260
2021-01-20,,,5879.8440,5551.8770,5985.4040,6196.3310,5476.4340,3583.0920,6535.4190,6671.4490,3814.6540,3204.9320,3979.6260
2021-01-21,,,5982.5340,5610.0480,6088.7540,6250.6540,5564.9690,3621.2640,6622.4960,6745.1090,3850.0560,3283.7210,3979.6260
2021-01-22,,,6087.5560,5586.2380,6124.4690,6204.6860,5569.7760,3606.7500,6637.8050,6721.9170,3846.3950,3358.2380,3979.6260
2021-01-25,,,6110.3260,5594.5920,6127.6640,6187.3370,5625.9230,3624.2380,6645.3140,6657.2720,3898.1470,3355.2400,3979.6260
2021-01-26,,,6014.8630,5513.2550,6003.1080,6114.9180,5512.9680,3569.4290,6532.9610,6534.0970,3813.2900,3258.3550,3979.6260
2021-01-27,,,6035.8090,5540.8620,6001.4690,6128.5220,5528.0030,3573.3410,6557.1610,6537.7540,3818.2680,3281.0310,3979.6260
2021-01-28,,,5839.9940,5406.6320,5843.4010,6000.4250,5377.1430,3505.1760,6414.3810,6399.1270,3735.0340,3161.8630,3979.6260
2021-01-29,,,5801.7800,5365.4940,5791.4200,5924.5490,5351.9650,3483.0690,6346.1370,6304.1180,3713.2470,3128.8650,3979.6260
2021-02-01,,,5897.2720,5465.9870,5818.4700,5969.7870,5417.6480,3505.2840,6393.2780,6345.8140,3746.3720,3159.9930,3979.6260
2021-02-02,,,6056.8720,5525.3570,5918.3240,5977.1170,5501.0920,3533.6850,6454.7850,6417.4610,3771.4700,3228.6980,3979.6260
2021-02-03,,,6044.4160,5510.8950,5865.8730,5936.2350,5485.2010,3517.3080,6399.3320,6307.3900,3775.7220,3223.7660,3979.6260
2021-02-04,,,5981.9710,5450.5390,5726.1190,5859.6840,5473.9480,3501.8590,6328.7880,6167.7470,3801.6180,3200.5490,3979.6260
2021-02-05,,,5888.3920,5366.4120,5625.6730,5772.2050,5483.4140,3496.3330,6239.8710,6045.2970,3840.7660,3193.7070,3979.6260
2021-02-08,,,6021.1630,5499.5330,5706.4490,5858.8360,5564.5620,3532.4470,6323.1620,6088.8190,3890.4650,3278.0600,3979.6260
2021-02-09,,,6194.4560,5657.6570,5847.4930,5997.8740,5686.2500,3603.4890,6457.8810,6254.0110,3952.8280,3334.2420,3979.6260
2021-02-10,,,6287.5910,5712.3720,5943.0850,6043.9390,5807.7190,3655.0880,6525.1660,6303.3060,4028.5290,3413.8100,3979.6260
2021-02-18,,,6295.0590,5830.6470,6020.7040,6242.5540,5768.3810,3675.3570,6614.5440,6404.5950,4014.3240,3320.1440,3979.6260
2021-02-19,,,6269.8640,5894.5430,6091.4650,6418.7960,5778.8420,3696.1680,6703.4820,6527.6470,4014.4560,3285.5350,3979.6260
2021-02-22,,,6164.2110,5951.2520,6078.9190,6521.7480,5597.3330,3642.4450,6657.0560,6534.5740,3881.8680,3138.6720,3979.6260
2021-02-23,,,6100.4090,5920.8780,6028.2280,6511.0940,5579.6680,3636.3570,6631.2290,6489.9620,3897.7160,3112.3570,3979.6260
2021-02-24,,,5893.2590,5777.3930,5932.4210,6432.7630,5437.5680,3564.0800,6536.1860,6437.8370,3805.4720,3007.4560,3979.6260
2021-02-25,,,5870.6230,5824.9870,5918.7270,6453.2840,5469.5580,3585.0460,6499.1530,6399.3470,3851.0290,2977.1760,3979.6260
2021-02-26,,,5705.0330,5699.2230,5789.6570,6285.5280,5336.7610,3509.0800,6364.3530,6325.4050,3756.8600,2914.1130,3979.6260
2021-03-01,,,5846.3660,5828.8020,5952.7210,6416.7600,5418.7840,3551.4000,6488.4390,6495.1570,3787.8700,2994.7510,3979.6260
2021-03-02,,,5770.9050,5754.2460,5920.7240,6338.9730,5349.6300,3508.5910,6433.3280,6466.6320,3718.7740,2966.8920,3979.6260
2021-03-03,,,5861.5400,5837.0740,6019.0940,6490.4130,5452.2130,3576.9050,6524.7510,6553.5960,3817.4130,2997.7490,3979.6260
2021-03-04,,,5636.4160,5704.5680,5881.9240,6416.6060,5280.7060,3503.4920,6401.9920,6434.8940,3708.6610,2851.8730,3979.6260
2021-03-05,,,5606.7630,5676.6990,5842.8910,6355.9830,5262.7960,3501.9870,6403.4960,6456.2790,3688.6820,2871.9720,3979.6260
2021-03-08,,,5419.3350,5621.6920,5704.0050,6304.3790,5080.0250,3421.4140,6256.4090,6327.6490,3573.4310,2728.8440,3979.6260
2021-03-09,,,5240.6480,5514.0890,5581.1540,6233.2060,4970.9990,3359.2920,6108.0030,6126.2830,3509.6140,2633.4500,3979.6260
2021-03-10,,,5268.2910,5475.4880,5560.7780,6174.2820,5003.6120,3357.7370,6062.2550,6078.2440,3532.0520,2676.7020,3979.6260
2021-03-11,,,5406.5020,5641.0400,5703.3740,6347.4680,5128.2160,3436.8310,6213.8320,6219.6640,3625.3050,2746.5750,3979.6260
2021-03-12,,,5401.6220,5689.6370,5723.1570,6425.8290,5146.3790,3453.0780,6222.3800,6220.4780,3632.5780,2756.8130,3979.6260
2021-03-15,,,5267.4460,5641.3080,5684.5270,6496.6310,5035.5440,3419.9460,6173.8720,6177.7380,3566.8770,2644.0150,3979.6260
2021-03-16,,,5287.2260,5681.5510,5712.3830,6512.5670,5079.3620,3446.7330,6195.2440,6233.4630,3599.1650,2672.1170,3979.6260
2021-03-17,,,5354.3140,5654.5830,5759.9420,6494.6060,5100.8580,3445.5510,6225.3590,6277.5810,3590.8340,2704.1360,3979.6260
2021-03-18,,,5436.6810,5719.4000,5800.0060,6537.4120,5141.7680,3463.0680,6273.8560,6298.8860,3605.6050,2748.7260,3979.6260
2021-03-19,,,5315.1040,5631.9330,5716.2210,6454.7950,5007.0910,3404.6630,6206.6020,6250.8150,3512.0200,2671.5180,3979.6260
2021-03-22,,,5387.8520,5728.2020,5781.7710,6589.0710,5057.1520,3443.4390,6305.6920,6359.6000,3538.4270,2698.2610,3979.6260
2021-03-23,,,5315.6930,5604.8260,5683.1680,6458.0810,5009.2460,3411.5090,6219.1670,6289.0010,3516.3630,2668.0820,3979.6260
2021-03-24,,,5203.3920,5475.5620,5555.4860,6352.9080,4928.6850,3367.0610,6142.5440,6196.2670,3466.0420,2634.6140,3979.6260
2021-03-25,,,5269.1190,5478.6010,5591.6450,6298.5070,4926.3470,3363.5920,6157.4070,6190.7120,3463.8730,2655.9990,3979.6260
2021-03-26,,,5395.7770,5569.5720,5746.2170,6385.8750,5037.9900,3418.3270,6251.7940,6301.3410,3529.7280,2745.4000,3979.6260
2021-03-29,,,5402.5620,5596.8640,5781.2310,6443.0700,5046.8770,3435.2960,6254.9430,6326.6090,3537.7110,2733.9630,3979.6260
2021-03-30,,,5468.1390,5610.6930,5803.3030,6438.7990,5094.7290,3456.6770,6280.3590,6301.5850,3577.2430,2771.3220,3979.6260
2021-03-31,,,5410.8160,5587.2960,5768.5780,6443.7090,5048.3610,3441.9120,6254.0700,6293.3920,3539.3700,2758.5010,3979.6260
2021-04-01,,,5484.4960,5626.1490,5821.1450,6504.6520,5110.7770,3466.3320,6311.6640,6335.7910,3582.6500,2815.4130,3979.6260
2021-04-02,,,5529.4220,5610.7730,5830.2770,6453.9620,5161.5570,3484.3920,6326.6060,6361.2520,3616.7640,2852.2290,3979.6260
2021-04-06,,,5511.7460,5614.4430,5871.3820,6487.5630,5140.3420,3482.9670,6343.0960,6421.4870,3594.7090,2831.5980,3979.6260
2021-04-07,,,5511.3310,5657.3470,5886.0150,6566.9660,5103.7430,3479.6260,6348.0760,6422.7620,3558.4690,2807.2010,3979.6260
2021-04-08,,,5544.1690,5661.3270,5883.2390,6525.0340,5112.2090,3482.5550,6356.7530,6404.1280,3573.0370,2826.9900,3979.6260
2021-04-09,,,5519.1770,5635.2630,5863.1530,6540.3250,5035.3370,3450.6770,6335.2390,6399.5220,3514.1110,2783.3270,3979.6260
2021-04-12,,,5389.0640,5547.4490,5724.0210,6464.7990,4947.7460,3412.9480,6226.4180,6263.3990,3477.0650,2719.9530,3979.6260
2021-04-13,,,5414.5620,5504.3180,5703.3080,6395.3000,4939.6440,3396.4700,6209.7800,6231.1390,3461.4590,2742.8520,3979.6260
2021-04-14,,,5507.0280,5552.3310,5784.9280,6458.4050,4980.6280,3416.7210,6277.2110,6320.0670,3469.1730,2804.4090,3979.6260
2021-04-15,,,5514.9580,5554.2100,5772.7530,6444.9950,4948.9740,3398.9880,6276.4610,6296.6080,3431.4930,2790.6440,3979.6260
2021-04-16,,,5530.8370,5606.3220,5823.4130,6537.0920,4966.1810,3426.6180,6339.5910,6368.8460,3448.1040,2783.3730,3979.6260
2021-04-19,,,5670.0470,5666.3370,5926.8870,6574.6600,5087.0170,3477.5490,6425.2610,6477.3880,3513.3950,2898.7290,3979.6260
2021-04-20,,,5674.6510,5643.6660,5916.2210,6557.4360,5083.3650,3472.9430,6428.5410,6457.6290,3510.1240,2896.1080,3979.6260
2021-04-21,,,5700.0450,5638.7380,5911.5070,6540.9250,5098.7450,3472.9300,6420.2590,6457.7150,3516.0980,2916.9750,3979.6260
2021-04-22,,,5707.2080,5635.7480,5949.3930,6556.9960,5089.2440,3465.1140,6445.4660,6485.2110,3487.4270,2939.3950,3979.6260
2021-04-23,,,5726.6040,5641.6670,5970.7510,6536.5520,5135.4530,3474.1660,6462.7560,6453.3030,3524.0220,2994.4880,3979.6260
2021-04-26,,,5651.4750,5610.8750,5959.8020,6501.4380,5077.2370,3441.1660,6442.6450,6431.0890,3467.6610,2969.4050,3979.6260
2021-04-27,,,5672.5590,5597.8810,5942.6790,6474.3540,5090.5200,3442.6110,6446.2820,6400.9050,3476.3020,2986.0340,3979.6260
2021-04-28,,,5751.8750,5621.6530,5979.5960,6515.0720,5119.2420,3457.0680,6489.7440,6437.2470,3473.0390,3050.5850,3979.6260
2021-04-29,,,5748.2390,5643.7020,5967.9240,6556.0460,5164.1690,3474.9010,6491.9280,6405.1030,3517.2100,3051.4170,3979.6260
2021-04-30,,,5751.9440,5596.0040,5958.4280,6498.9780,5123.4890,3446.8560,6485.7080,6382.1360,3491.1880,3091.3950,3979.6260
2021-05-06,,,5726.8100,5645.3900,5976.7630,6619.4410,5061.1240,3441.2830,6489.3490,6398.4370,3449.9390,3014.8120,3979.6260
2021-05-07,,,5642.2410,5684.4900,5957.7080,6692.2090,4996.0530,3418.8740,6444.4430,6320.2530,3406.3100,2910.4110,3979.6260
2021-05-10,,,5655.6010,5726.8200,6011.5580,6802.1030,4992.4220,3427.9910,6475.9940,6338.5740,3399.9850,2921.7210,3979.6260
2021-05-11,,,5638.1170,5676.1040,5955.6160,6768.3960,5023.0600,3441.8450,6456.0380,6343.8630,3437.7140,2921.3430,3979.6260
2021-05-12,,,5690.1550,5683.9980,6028.4000,6836.6180,5044.5480,3462.7510,6512.0500,6420.3370,3447.8620,2960.3550,3979.6260
2021-05-13,,,5631.4470,5590.0830,5911.6780,6685.2950,4992.9740,3429.5360,6439.0270,6375.0150,3413.8890,2943.6170,3979.6260
2021-05-14,,,5697.5470,5649.5640,5969.5820,6728.9670,5110.5900,3490.3760,6525.8040,6462.4760,3503.0370,3033.8060,3979.6260
2021-05-17,,,5815.7240,5686.8080,6035.8550,6713.5740,5184.9850,3517.6160,6578.1400,6457.2770,3539.9130,3112.7410,3979.6260
2021-05-18,,,5829.0860,5703.9200,6044.8800,6739.7710,5187.6010,3529.0140,6599.5990,6486.8220,3537.6960,3090.1230,3979.6260
2021-05-19,,,5821.3210,5662.7540,6049.3040,6703.8080,5172.2720,3510.9650,6584.3870,6488.9490,3511.4670,3114.7240,3979.6260
2021-05-20,,,5847.5200,5602.2270,6017.1240,6577.9420,5186.4120,3506.9440,6548.7110,6482.8360,3522.4510,3143.6160,3979.6260
2021-05-21,,,5801.8830,5587.5250,6025.3540,6614.6650,5134.1480,3486.5570,6527.8640,6480.3740,3481.8620,3113.2590,3979.6260
2021-05-24,,,5842.5880,5580.4790,6041.1200,6619.0670,5155.5880,3497.2820,6544.1220,6537.8570,3497.7470,3139.6860,3979.6260
2021-05-25,,,5931.3460,5659.3020,6121.1130,6678.8920,5318.4780,3581.3420,6619.6710,6615.7140,3641.2920,3227.3550,3979.6260
2021-05-26,,,5923.0470,5699.8140,6129.1460,6706.6850,5320.5930,3593.3570,6628.2070,6644.7510,3657.1900,3196.8480,3979.6260
2021-05-27,,,5989.4020,5718.1000,6215.3250,6720.9430,5338.2330,3608.8510,6685.4050,6705.0450,3664.9420,3226.1080,3979.6260
2021-05-28,,,5957.1720,5672.6140,6237.6770,6715.9270,5321.0890,3600.7840,6668.1700,6694.3460,3659.2960,3232.2910,3979.6260
2021-05-31,,,6037.4460,5674.0100,6320.3280,6730.5780,5331.5700,3615.4770,6728.9910,6814.3630,3650.2250,3309.0690,3979.6260
2021-06-01,,,6094.5960,5695.6440,6346.6770,6770.6890,5341.6800,3624.7140,6739.7620,6854.7340,3650.9030,3300.1590,3979.6260
2021-06-02,,,6043.2660,5684.5240,6289.8180,6744.0200,5289.9740,3597.1380,6681.4290,6759.4590,3622.3980,3243.0220,3979.6260
2021-06-03,,,6024.6870,5657.1360,6305.5420,6752.8670,5255.2860,3584.2120,6667.7260,6754.0700,3591.1560,3201.7840,3979.6260
2021-06-04,,,6084.3340,5654.6790,6342.6450,6699.2260,5282.2770,3591.8450,6693.0570,6785.8040,3612.7010,3242.6120,3979.6260
2021-06-07,,,6092.1770,5637.5230,6365.1930,6703.9870,5277.6270,3599.5410,6721.5020,6861.8500,3601.1090,3228.2430,3979.6260
2021-06-08,,,5985.1390,5598.9720,6311.1710,6665.1660,5232.1170,3580.1060,6684.5630,6809.8640,3580.2840,3208.5720,3979.6260
2021-06-09,,,6011.3680,5612.3240,6306.6810,6709.6510,5236.4490,3591.3970,6692.9050,6823.4070,3587.5320,3207.6260,3979.6260
2021-06-10,,,6078.7160,5623.1270,6388.9120,6729.9330,5271.4660,3610.8590,6765.6440,6898.2060,3607.6790,3285.5100,3979.6260
2021-06-11,,,6031.4400,5601.4940,6327.9750,6705.0080,5224.7030,3589.7480,6725.9150,6852.9730,3576.7770,3298.4970,3979.6260
2021-06-15,,,5962.1200,5497.7020,6272.5370,6638.0550,5166.5600,3556.5590,6663.6620,6815.1190,3528.6680,3262.1880,3979.6260
2021-06-16,,,5800.7250,5457.5790,6120.7590,6538.1320,5080.4910,3518.3290,6566.2860,6673.2450,3486.2880,3125.7010,3979.6260
2021-06-17,,,5902.9110,5446.4110,6204.4730,6530.4810,5101.8920,3525.6040,6616.1740,6787.6680,3481.6000,3188.5930,3979.6260
2021-06-18,,,5944.1850,5417.7740,6241.3640,6538.6340,5102.4660,3525.0970,6657.7640,6863.7160,3454.5890,3239.2270,3979.6260
2021-06-21,,,6000.7430,5404.0950,6315.4030,6545.8330,5090.3850,3529.1830,6707.1760,6968.2960,3431.2520,3270.5770,3979.6260
2021-06-22,,,6041.3260,5456.7660,6320.0380,6613.3370,5122.1580,3557.4120,6739.7940,7000.2520,3464.7060,3281.9920,3979.6260
2021-06-23,,,6084.0760,5502.4330,6370.5710,6657.2610,5147.3940,3566.2200,6789.9460,7046.1750,3471.3410,3318.9460,3979.6260
2021-06-24,,,6049.9960,5515.6280,6340.2360,6680.5420,5155.9740,3566.6540,6754.8660,6974.6420,3483.9090,3279.1590,3979.6260
2021-06-25,,,6126.3470,5585.8110,6391.8050,6714.8000,5239.9680,3607.5620,6813.4140,7000.4300,3535.0190,3347.6990,3979.6260
2021-06-28,,,6180.8580,5580.1580,6419.2900,6645.1990,5251.7600,3606.3720,6828.5160,7063.4710,3520.7430,3412.8630,3979.6260
2021-06-29,,,6158.0650,5534.5130,6389.5990,6570.5360,5190.5450,3573.1780,6765.4200,7004.3040,3482.7330,3406.2380,3979.6260
2021-06-30,,,6204.5220,5530.7920,6455.7620,6588.6870,5224.0410,3591.1970,6808.1830,7083.7000,3498.6490,3477.1780,3979.6260
2021-07-01,,,6136.7000,5474.6490,6371.3150,6526.0310,5229.6640,3588.7820,6716.6660,6969.5320,3535.2490,3455.3590,3979.6260
2021-07-02,,,6016.3080,5444.6710,6315.4880,6509.3470,5081.1170,3518.7600,6658.0450,6908.9320,3408.2370,3333.8970,3979.6260
2021-07-05,,,6078.2240,5443.0000,6371.1260,6534.6810,5085.7920,3534.3220,6711.0140,7006.7000,3404.7910,3352.1170,3979.6260
2021-07-06,,,6062.2350,5474.3770,6367.2950,6567.6940,5083.1040,3530.2590,6709.4980,6979.0620,3405.2790,3291.9880,3979.6260
2021-07-07,,,6208.1380,5482.8440,6497.9580,6581.9910,5140.4900,3553.7160,6764.1320,7089.6650,3424.3900,3409.5890,3979.6260
2021-07-08,,,6219.7200,5415.3930,6488.0680,6492.1420,5088.2570,3525.5040,6748.6540,7099.4110,3373.2560,3432.9570,3979.6260
2021-07-09,,,6202.6800,5473.9210,6561.5500,6580.3790,5069.4360,3524.0880,6804.5390,7142.8990,3361.5950,3409.3090,3979.6260
2021-07-12,,,6320.5960,5484.6040,6669.1360,6635.2610,5132.7090,3547.8360,6904.3820,7284.2350,3384.5070,3534.7630,3979.6260
2021-07-13,,,6353.3100,5574.6620,6703.1530,6745.8240,5142.0990,3566.5230,6961.8480,7331.7260,3391.7420,3514.9770,3979.6260
2021-07-14,,,6293.9580,5528.6700,6641.0760,6718.7760,5083.0850,3528.5010,6898.7500,7243.8160,3339.3810,3488.6270,3979.6260
2021-07-15,,,6389.8260,5570.9980,6688.7620,6771.1570,5151.4630,3564.5900,6932.4060,7241.6230,3411.2890,3537.3910,3979.6260
2021-07-16,,,6268.5980,5598.4230,6655.0360,6820.1460,5094.7730,3539.3040,6925.1230,7228.3630,3369.8990,3432.6470,3979.6260
2021-07-19,,,6253.1680,5557.8430,6588.2270,6773.9180,5113.4950,3539.1230,6889.3380,7205.2680,3385.3660,3449.5260,3979.6260
2021-07-20,,,6289.2060,5513.0920,6619.4210,6758.6670,5108.9940,3536.7910,6901.1320,7253.2760,3378.6290,3463.7910,3979.6260
2021-07-21,,,6391.9650,5519.0140,6721.3580,6789.5720,5144.0430,3562.6610,6984.5420,7398.8080,3388.5200,3560.0450,3979.6260
2021-07-22,,,6386.0130,5582.9720,6773.9780,6888.7540,5151.7520,3574.7340,7026.5480,7446.4810,3392.7170,3544.4360,3979.6260
2021-07-23,,,6263.2100,5530.8070,6764.9480,6872.3390,5089.2280,3550.3960,6985.7500,7379.7910,3357.4470,3469.8730,3979.6260
2021-07-26,,,6111.9740,5415.0890,6662.4860,6777.0880,4925.2990,3467.4410,6868.2070,7286.1480,3228.3700,3371.2280,3979.6260
2021-07-27,,,5935.7610,5293.6640,6478.9300,6566.0090,4751.3130,3381.1830,6719.2560,7093.8700,3126.3760,3232.8390,3979.6260
2021-07-28,,,5928.9090,5232.4830,6411.9780,6437.2170,4760.4830,3361.5900,6621.9850,6945.5090,3154.6350,3284.9200,3979.6260
2021-07-29,,,6172.5110,5295.5460,6655.4950,6525.8070,4850.2750,3411.7240,6758.8870,7207.4830,3182.7960,3459.7210,3979.6260
2021-07-30,,,6179.4150,5347.8810,6751.6140,6573.7970,4811.1700,3397.3570,6767.3160,7262.3830,3132.8210,3440.1820,3979.6260
2021-08-02,,,6314.1640,5435.2980,6845.2010,6629.7090,4933.7360,3464.2850,6872.0000,7402.3540,3211.1440,3493.3590,3979.6260
2021-08-03,,,6267.3910,5393.7410,6739.4780,6569.3360,4934.4580,3447.9910,6816.0110,7308.9550,3223.8260,3477.2290,3979.6260
2021-08-04,,,6412.6350,5453.8170,6911.2190,6669.8630,4978.8480,3477.2190,6931.3370,7478.2070,3233.1030,3563.1270,3979.6260
2021-08-05,,,6367.5400,5402.8890,6872.8660,6635.6410,4948.6700,3466.5490,6911.8290,7447.9390,3227.3590,3532.5000,3979.6260
2021-08-06,,,6327.8400,5408.4260,6911.0620,6722.3740,4921.5650,3458.2280,6938.8680,7482.1740,3195.6960,3490.9020,3979.6260
2021-08-09,,,6385.2040,5466.9200,6944.4200,6791.9190,4985.5630,3494.6350,6979.5260,7507.0820,3235.2060,3456.7470,3979.6260
2021-08-10,,,6417.2610,5476.5630,6977.9470,6793.7920,5043.1480,3529.9310,7019.2280,7549.5520,3288.6510,3468.6700,3979.6260
2021-08-11,,,6455.7530,5553.1470,7023.4370,6903.2930,5015.3410,3532.6210,7073.5220,7605.9180,3262.5750,3437.0580,3979.6260
2021-08-12,,,6419.9260,5596.6890,7040.3510,6981.5380,4973.3510,3524.7370,7095.2020,7657.5270,3226.1140,3386.4320,3979.6260
2021-08-13,,,6393.6660,5623.0190,7002.4210,7025.1030,4945.9830,3516.2990,7088.8880,7641.9170,3217.8370,3345.1260,3979.6260
2021-08-16,,,6315.7830,5603.1050,6920.2420,7015.5780,4941.0680,3517.3450,7052.4880,7568.1370,3222.6220,3301.3910,3979.6260
2021-08-17,,,6157.2890,5516.0910,6758.0720,6879.5380,4837.4030,3446.9760,6894.4040,7360.0330,3149.8780,3224.1530,3979.6260
2021-08-18,,,6155.4040,5576.5050,6772.1230,6931.2470,4894.2380,3485.2860,6941.0080,7405.4860,3190.5520,3248.3730,3979.6260
2021-08-19,,,6180.7980,5527.5910,6804.5540,6858.3760,4862.1390,3465.5550,6947.0560,7468.7730,3144.3750,3278.3570,3979.6260
2021-08-20,,,6106.9910,5536.6230,6805.2220,6883.7070,4769.2680,3427.3340,6920.0250,7467.3610,3072.7550,3192.9000,3979.6260
2021-08-23,,,6226.2980,5583.6680,6949.0150,6979.5990,4835.8780,3477.1320,7024.5650,7652.5590,3099.8870,3293.7700,3979.6260
2021-08-24,,,6288.7040,5607.6360,7002.2530,7058.0080,4888.3900,3514.4710,7090.7820,7715.0730,3147.7690,3330.5800,3979.6260
2021-08-25,,,6320.1940,5693.7040,7062.1510,7173.4570,4898.1570,3540.3840,7153.0040,7769.6270,3159.8030,3348.6620,3979.6260
2021-08-26,,,6201.8060,5725.2890,6988.0910,7203.6160,4801.6090,3501.6640,7118.8440,7669.5280,3088.8310,3264.4500,3979.6260
2021-08-27,,,6247.2960,5773.0800,6995.9980,7282.7920,4827.0430,3522.1570,7180.1090,7680.0780,3123.0490,3257.0720,3979.6260
2021-08-30,,,6236.7570,5824.9460,7064.8970,7373.3630,4813.2700,3528.1510,7226.8820,7727.7450,3112.7020,3271.8020,3979.6260
2021-08-31,,,6224.3850,5914.8080,7076.0540,7515.3270,4805.6100,3543.9400,7255.3420,7728.4220,3097.0580,3214.1170,3979.6260
2021-09-01,,,6205.6430,5906.6160,6930.9620,7470.9840,4869.4590,3567.1010,7193.1000,7606.8740,3165.0370,3186.8500,3979.6260
2021-09-02,,,6219.0530,6087.8730,6975.1690,7718.1640,4869.4110,3597.0430,7307.0080,7690.8590,3167.0970,3138.8030,3979.6260
2021-09-03,,,6088.4240,6096.9610,6931.3070,7699.6260,4843.0620,3581.7340,7278.6810,7630.8410,3175.8790,3102.1450,3979.6260
2021-09-06,,,6203.1700,6151.2350,7043.0700,7746.7540,4933.7260,3621.8590,7355.4010,7735.1000,3211.1980,3228.0880,3979.6260
2021-09-07,,,6311.0020,6280.3090,7183.9540,7963.3030,4992.8290,3676.5870,7498.9260,7878.3490,3248.0520,3251.4870,3979.6260
2021-09-08,,,6275.1720,6347.9940,7197.5060,8112.9750,4972.1320,3675.1870,7544.0410,7894.2520,3213.2570,3219.9470,3979.6260
2021-09-09,,,6312.1330,6428.6240,7271.4160,8306.2470,4970.0130,3693.1300,7617.4510,7900.2380,3204.2780,3221.9410,3979.6260
2021-09-10,,,6336.1800,6377.3780,7288.1850,8210.0970,5013.5220,3703.1100,7607.6750,7932.6510,3252.3250,3232.0100,3979.6260
2021-09-13,,,6300.5820,6469.5920,7336.0990,8427.9900,4991.6600,3715.3720,7648.7480,7947.4810,3242.0360,3194.2750,3979.6260
2021-09-14,,,6293.5280,6306.4480,7241.5430,8202.8010,4917.1620,3662.6020,7556.6160,7916.8960,3188.2610,3236.5470,3979.6260
2021-09-15,,,6275.5370,6339.5340,7277.1140,8300.9090,4867.3190,3656.2230,7592.3060,7972.2330,3146.6340,3200.3990,3979.6260
2021-09-16,,,6167.2350,6242.5450,7123.4610,8172.7250,4807.6980,3607.0920,7446.9350,7754.9470,3128.5890,3128.8450,3979.6260
2021-09-17,,,6181.5240,6205.0980,7060.0120,8067.8350,4855.9400,3613.9660,7395.5650,7730.2240,3161.9220,3193.2610,3979.6260
2021-09-22,,,6165.2190,6262.7350,7074.0200,8216.7350,4821.7680,3628.4900,7453.6250,7769.0600,3122.3370,3164.3280,3979.6260
2021-09-23,,,6180.0390,6284.7610,7157.2710,8256.0330,4853.1960,3642.2200,7502.8390,7806.8020,3127.8210,3182.4670,3979.6260
2021-09-24,,,6152.7450,6113.5850,7050.5340,7975.4510,4849.4280,3613.0670,7380.3840,7695.6180,3145.1120,3207.8170,3979.6260
2021-09-27,,,6097.8540,5888.6680,6828.7280,7633.3670,4877.3700,3582.8310,7170.5900,7467.8180,3199.9750,3231.5830,3979.6260
2021-09-28,,,6085.1670,6030.3380,6857.7150,7758.7030,4883.8280,3602.2180,7198.8970,7468.7330,3211.1540,3211.4540,3979.6260
2021-09-29,,,5931.2620,5888.8190,6648.1640,7473.8740,4833.9280,3536.2940,7010.2190,7199.1790,3199.2260,3175.1520,3979.6260
2021-09-30,,,6048.7910,5934.2640,6764.2960,7602.1790,4866.3830,3568.1670,7103.6080,7405.4620,3196.9910,3244.6460,3979.6260
2021-10-08,,,6022.7240,5885.2320,6748.6320,7575.5100,4929.9410,3592.1670,7091.3360,7425.6690,3256.2610,3243.2040,3979.6260
2021-10-11,,,6066.0280,5857.4700,6728.0220,7520.2560,4936.1920,3591.7090,7090.4670,7384.8440,3276.4070,3196.1890,3979.6260
2021-10-12,,,5951.1540,5739.4370,6579.2950,7351.0570,4883.8370,3546.9360,6952.1900,7208.4730,3259.3800,3138.2630,3979.6260
2021-10-13,,,6059.3800,5720.9170,6636.3030,7251.4040,4940.1090,3561.7620,6981.5950,7289.3630,3292.7620,3210.1590,3979.6260
2021-10-14,,,6069.8790,5723.2680,6682.0760,7262.1710,4913.6120,3558.2800,7008.3330,7342.2540,3270.6920,3215.7360,3979.6260
2021-10-15,,,6099.2220,5713.3620,6679.7190,7257.3340,4932.1080,3572.3660,7024.1600,7350.4130,3294.8330,3276.3210,3979.6260
2021-10-18,,,6073.2170,5769.9130,6720.2500,7397.8540,4874.7750,3568.1380,7068.1050,7429.6260,3229.6310,3276.4840,3979.6260
2021-10-19,,,6118.9020,5794.4700,6798.8420,7442.2270,4922.7230,3593.1530,7120.3790,7504.0550,3256.6680,3297.2930,3979.6260
2021-10-20,,,6110.5830,5780.8340,6791.0650,7376.2710,4910.1850,3587.0010,7118.7960,7523.5610,3254.9980,3285.1220,3979.6260
2021-10-21,,,6095.3120,5783.8610,6786.0470,7437.2760,4928.0160,3594.7830,7098.2540,7503.5340,3278.5420,3279.4870,3979.6260
2021-10-22,,,6071.0450,5705.0950,6737.9010,7277.9900,4959.7250,3582.6040,7026.0680,7438.4810,3318.1280,3284.9110,3979.6260
2021-10-25,,,6170.9240,5731.7820,6808.6450,7328.3440,4979.5240,3609.8630,7103.9860,7532.3730,3312.3030,3338.6240,3979.6260
2021-10-26,,,6200.2070,5723.0440,6797.2410,7306.2440,4963.0980,3597.6380,7102.4340,7508.6890,3290.0360,3327.5370,3979.6260
2021-10-27,,,6167.3780,5681.4300,6743.8890,7234.1920,4898.1640,3562.3050,7048.6040,7433.5460,3247.0970,3308.9620,3979.6260
2021-10-28,,,6117.1560,5576.8330,6570.3790,7045.4850,4864.1380,3518.4170,6950.2770,7267.8510,3239.6100,3278.3590,3979.6260
2021-10-29,,,6191.3750,5591.9500,6678.5830,7089.1500,4908.7700,3547.3360,7022.4990,7385.3050,3267.2490,3350.6650,3979.6260
2021-11-01,,,6152.9660,5613.2970,6715.8820,7145.3210,4890.6850,3544.4800,7060.7560,7455.6110,3250.9150,3331.9150,3979.6260
2021-11-02,,,6133.6920,5495.7040,6635.9140,6940.3170,4839.8460,3505.6280,6985.1000,7368.6000,3212.0260,3339.5970,3979.6260
2021-11-03,,,6163.0630,5548.5730,6672.4600,6995.0680,4821.1120,3498.5370,7017.8540,7385.1990,3181.4510,3327.0850,3979.6260
2021-11-04,,,6236.2010,5590.3550,6745.3180,7015.7030,4868.7420,3526.8660,7073.8520,7483.6920,3207.2640,3362.2490,3979.6260
2021-11-05,,,6206.0160,5466.7910,6664.0070,6835.8820,4842.3460,3491.5680,6991.9080,7389.5870,3201.5460,3352.7540,3979.6260
2021-11-08,,,6238.7140,5487.1830,6667.0830,6876.4030,4848.1800,3498.6310,7026.9720,7422.9070,3196.2700,3380.2920,3979.6260
2021-11-09,,,6258.9100,5505.8380,6711.8080,6893.9770,4846.7440,3507.0020,7081.7540,7531.9580,3186.9580,3409.9420,3979.6260
2021-11-10,,,6233.1930,5472.0140,6729.0960,6854.2570,4821.1930,3492.4620,7062.3310,7535.2280,3170.4050,3399.6630,3979.6260
2021-11-11,,,6282.9140,5529.1370,6790.7850,6924.6510,4898.6530,3532.7860,7119.8590,7593.7320,3233.3700,3433.2410,3979.6260
2021-11-12,,,6302.3240,5521.9680,6842.4640,6929.3580,4888.3750,3539.1000,7156.6130,7697.8080,3220.5480,3430.1410,3979.6260
2021-11-15,,,6226.9320,5493.2400,6837.7030,6925.5190,4882.3780,3533.3030,7098.2130,7676.4850,3221.6870,3401.8740,3979.6260
2021-11-16,,,6212.9020,5455.0370,6787.3450,6843.3380,4883.3210,3521.7870,7045.9390,7589.1810,3222.1730,3393.7150,3979.6260
2021-11-17,,,6280.3850,5498.3850,6875.7570,6920.3850,4885.7540,3537.3660,7104.5340,7725.0920,3208.7760,3421.3290,3979.6260
2021-11-18,,,6214.8660,5475.8160,6858.7160,6930.4800,4837.6190,3520.7110,7084.6830,7714.7970,3173.3760,3383.9060,3979.6260
2021-11-19,,,6257.1450,5551.2660,6964.6800,7019.0960,4890.0580,3560.3730,7169.8760,7803.7630,3212.9080,3418.9600,3979.6260
2021-11-22,,,6353.3340,5560.4650,7081.2300,7062.6530,4912.3990,3582.0800,7255.0740,7947.3720,3212.1510,3505.7270,3979.6260
2021-11-23,,,6330.4470,5578.5620,7070.4230,7085.5640,4913.3460,3589.0890,7261.3790,7941.5590,3224.1550,3492.7690,3979.6260
2021-11-24,,,6329.7500,5581.6700,7089.7470,7124.4830,4916.6580,3592.7030,7256.1120,7938.7740,3231.8350,3478.6620,3979.6260
2021-11-25,,,6305.6210,5581.9020,7074.3360,7085.9800,4896.4420,3584.1790,7233.5420,7925.7600,3218.0510,3474.4510,3979.6260
2021-11-26,,,6305.8270,5546.8290,7089.4500,7056.5960,4860.1270,3564.0890,7219.8620,7940.7890,3187.3580,3468.8650,3979.6260
2021-11-29,,,6327.4410,5542.8810,7109.0940,7030.4050,4851.4230,3562.6970,7221.8980,7999.8330,3187.0490,3503.4090,3979.6260
2021-11-30,,,6305.5040,5555.8580,7125.6960,7059.1280,4832.0260,3563.8870,7252.7550,8054.2900,3165.3500,3495.5930,3979.6260
2021-12-01,,,6254.3000,5585.5290,7127.7520,7163.6330,4843.8510,3576.8850,7272.8370,8055.8210,3180.4180,3473.3660,3979.6260
2021-12-02,,,6248.3360,5596.6410,7079.8970,7151.2030,4856.1630,3573.8360,7229.9880,7968.2350,3190.8720,3466.9140,3979.6260
2021-12-03,,,6270.1890,5668.2150,7125.6990,7232.1270,4901.0180,3607.4320,7301.9170,8023.9630,3221.4220,3478.6660,3979.6260
2021-12-06,,,6202.9020,5677.8870,7044.4080,7206.1900,4892.6210,3589.3060,7240.4560,7906.7560,3228.1420,3405.9350,3979.6260
2021-12-07,,,6193.6000,5753.1300,6990.5510,7222.2970,4922.1020,3595.0880,7206.8260,7781.4420,3254.4990,3368.7840,3979.6260
2021-12-08,,,6295.3430,5766.9860,7095.5590,7282.1430,4995.9300,3637.5680,7302.9910,7922.5520,3304.7080,3424.7040,3979.6260
2021-12-09,,,6343.4390,5787.9800,7114.0890,7280.7080,5078.6900,3673.0410,7320.3180,7931.7570,3360.1840,3459.3190,3979.6260
2021-12-10,,,6359.3700,5746.7960,7100.0270,7245.6340,5055.1170,3666.3480,7306.6460,7949.1250,3353.6300,3466.7970,3979.6260
2021-12-13,,,6381.1880,5785.5580,7171.1250,7292.3840,5083.8010,3681.0820,7353.0310,7984.8990,3366.0680,3496.9620,3979.6260
2021-12-14,,,6355.5560,5701.0920,7163.3780,7233.2510,5049.6950,3661.5250,7324.1330,7981.8280,3350.4970,3495.0600,3979.6260
2021-12-15,,,6278.3790,5734.7780,7155.7240,7265.6940,5005.8990,3647.6300,7314.2590,7955.5810,3318.9800,3464.7580,3979.6260
2021-12-16,,,6317.4140,5807.4030,7201.9010,7356.8860,5034.7320,3675.0160,7380.9970,8005.9750,3330.8560,3490.4490,3979.6260
2021-12-17,,,6209.8970,5796.2290,7099.9160,7339.4450,4954.7600,3632.3640,7314.5600,7894.1030,3278.8990,3434.3390,3979.6260
2021-12-20,,,6103.5030,5697.2970,6951.8090,7263.8820,4880.4180,3593.6020,7195.9730,7751.9510,3255.3520,3332.6060,3979.6260
2021-12-21,,,6160.6910,5758.0940,7036.0480,7405.7720,4913.4850,3625.1250,7275.4680,7849.0330,3273.0310,3350.4290,3979.6260
2021-12-22,,,6207.6550,5737.2850,7090.4450,7407.4760,4914.4540,3622.6180,7302.4630,7930.8120,3260.5710,3368.6990,3979.6260
2021-12-23,,,6222.7200,5791.4130,7116.6280,7459.3750,4948.7390,3643.3390,7337.1900,7932.6620,3287.1880,3373.7030,3979.6260
2021-12-24,,,6198.1720,5721.6060,7001.2930,7387.9100,4921.3450,3618.0540,7278.7560,7776.6060,3290.2360,3297.1060,3979.6260
2021-12-27,,,6194.3540,5731.9840,6973.9170,7400.3300,4919.3240,3615.9740,7272.7490,7776.4310,3278.4370,3293.8110,3979.6260
2021-12-28,,,6225.5820,5713.3680,7025.2000,7348.8770,4955.9640,3630.1120,7286.0340,7863.5300,3303.4000,3328.5590,3979.6260
2021-12-29,,,6167.0160,5669.8240,6996.4030,7323.4610,4883.4800,3597.0000,7247.7740,7855.4290,3240.8450,3281.8970,3979.6260
2021-12-30,,,6208.7550,5700.1660,7077.2480,7358.0190,4921.5110,3619.1890,7310.9600,7924.5280,3261.7940,3322.7950,3979.6260
2021-12-31,,,6246.5260,5758.9920,7125.0910,7416.9670,4940.3730,3639.7750,7359.4020,8010.3240,3274.3210,3322.6730,3979.6260
2022-01-04,,,6138.3170,5763.5560,7122.4320,7507.3620,4917.7650,3632.3290,7354.4560,7983.0680,3264.0660,3250.1590,3979.6260
2022-01-05,,,6025.9780,5698.3690,6971.8270,7403.3400,4868.1200,3595.1760,7222.6750,7781.6780,3254.2790,3161.5070,3979.6260
2022-01-06,,,6001.1050,5740.2790,6994.7930,7479.1810,4818.2320,3586.0790,7229.9600,7844.5170,3210.3850,3127.4800,3979.6260
2022-01-07,,,5941.0380,5760.6430,6929.4130,7474.0250,4822.3690,3579.5430,7175.6760,7682.6970,3223.2670,3096.8810,3979.6260
2022-01-10,,,5967.1600,5780.2990,6964.3640,7518.9070,4844.0450,3593.5190,7191.4510,7734.1870,3236.1160,3095.6890,3979.6260
2022-01-11,,,5862.6640,5766.6300,6893.1800,7511.4220,4797.7740,3567.4410,7135.2230,7646.6930,3214.5290,3056.1530,3979.6260
2022-01-12,,,5948.3790,5784.0850,6959.6210,7521.8380,4845.5790,3597.4320,7196.9330,7779.5240,3236.3080,3136.6850,3979.6260
2022-01-13,,,5834.5790,5715.9070,6837.1830,7452.9440,4765.9190,3555.2590,7097.7590,7644.7870,3184.1070,3083.1410,3979.6260
2022-01-14,,,5866.2410,5635.8040,6846.9560,7370.6080,4726.7320,3521.2560,7081.1410,7675.3710,3139.0450,3119.4080,3979.6260
2022-01-17,,,5937.9170,5659.1740,6961.1250,7439.9350,4767.2760,3541.6660,7157.8590,7808.0860,3147.6990,3170.4080,3979.6260
2022-01-18,,,5949.7830,5712.8330,6922.7590,7464.9040,4813.3470,3569.9140,7163.1590,7758.6050,3187.5240,3144.3330,3979.6260
2022-01-19,,,5888.2930,5713.2490,6865.0170,7463.9340,4780.3780,3558.1800,7118.7620,7665.1850,3187.1920,3075.9770,3979.6260
2022-01-20,,,5840.9540,5705.9480,6761.2220,7397.5680,4823.5090,3555.0630,7056.7850,7492.6100,3233.7010,3065.9940,3979.6260
2022-01-21,,,5779.1880,5644.9180,6667.3830,7290.8880,4779.3140,3522.5680,6976.6160,7388.7440,3218.7350,3034.6790,3979.6260
2022-01-24,,,5804.9180,5616.4820,6683.6910,7262.7880,4786.7380,3524.1050,6979.2460,7425.4020,3209.7450,3056.4340,3979.6260
2022-01-25,,,5669.1130,5411.9000,6458.4870,6985.0290,4678.4510,3433.0610,6743.9570,7133.0660,3144.9490,2974.9550,3979.6260
2022-01-26,,,5697.6440,5473.2870,6478.5530,7037.1420,4712.3110,3455.6680,6782.5760,7171.0290,3163.6740,3004.4120,3979.6260
2022-01-27,,,5555.9720,5379.4930,6302.9320,6903.9500,4619.8770,3394.2470,6605.9160,6960.1100,3119.2390,2906.7630,3979.6260
2022-01-28,,,5495.2170,5337.5250,6275.8400,6884.0410,4563.7720,3361.4400,6580.5300,6973.0100,3054.0210,2908.9450,3979.6260
2022-02-07,,,5565.2540,5489.1150,6369.5000,7038.9370,4634.0900,3429.5810,6676.6120,7061.6200,3114.2600,2917.8640,3979.6260
2022-02-08,,,5506.9790,5588.9850,6383.6000,7183.5640,4608.7730,3452.6290,6742.1920,7080.6180,3116.5050,2846.4820,3979.6260
2022-02-09,,,5584.3400,5649.5500,6483.3980,7267.3910,4652.0610,3479.9460,6843.0270,7211.4300,3139.5640,2883.5970,3979.6260
2022-02-10,,,5560.5560,5689.8240,6451.1330,7330.4070,4639.8630,3485.9070,6840.4850,7175.6170,3145.1130,2826.5170,3979.6260
2022-02-11,,,5475.8550,5636.0660,6317.8590,7246.4160,4601.3950,3462.9480,6745.0240,7033.8510,3142.9120,2746.3830,3979.6260
2022-02-14,,,5453.2260,5537.1700,6263.9910,7133.4560,4551.6880,3428.8820,6695.6960,7006.0750,3103.9970,2732.0100,3979.6260
2022-02-15,,,5568.9910,5566.6070,6351.0250,7126.4150,4600.1030,3446.0890,6760.2780,7124.8490,3119.9280,2816.4440,3979.6260
2022-02-16,,,5562.2750,5593.6660,6374.9540,7181.7830,4617.9890,3465.8310,6772.0340,7183.1060,3136.0820,2818.3970,3979.6260
2022-02-17,,,5595.5350,5596.4970,6379.6080,7145.2330,4629.1650,3468.0350,6768.7890,7220.6070,3139.1770,2839.8250,3979.6260
2022-02-18,,,5602.8490,5675.1460,6440.5500,7258.1040,4651.2360,3490.7570,6835.0220,7251.7920,3162.8220,2826.8130,3979.6260
2022-02-21,,,5601.7530,5699.7170,6468.9290,7289.8630,4634.3140,3490.6120,6867.1130,7334.5910,3144.8650,2804.5980,3979.6260
2022-02-22,,,5529.3500,5638.7230,6385.6600,7195.2560,4574.1530,3457.1460,6784.7620,7279.2360,3102.3250,2765.9100,3979.6260
2022-02-23,,,5645.4500,5662.1610,6520.3560,7237.6960,4623.0470,3489.1470,6887.4240,7450.4000,3118.0380,2843.8660,3979.6260
2022-02-24,,,5533.0220,5571.6750,6389.1500,7085.3130,4529.3190,3429.9560,6764.8760,7285.1170,3059.6410,2783.8990,3979.6260
2022-02-25,,,5617.7200,5587.8250,6439.0410,7134.6150,4573.4250,3451.4060,6819.4310,7361.9570,3075.5870,2855.8030,3979.6260
2022-02-28,,,5651.3920,5611.9580,6496.9170,7173.7060,4581.6460,3462.3060,6853.3080,7419.8310,3080.7770,2881.3060,3979.6260
2022-03-01,,,5662.2930,5636.9830,6496.5940,7196.1840,4619.6860,3488.8350,6874.0450,7429.4430,3125.6910,2885.7860,3979.6260
2022-03-02,,,5616.5170,5662.4350,6469.9770,7238.4450,4578.6010,3484.1920,6875.2400,7414.3090,3107.2410,2834.6360,3979.6260
2022-03-03,,,5535.2550,5707.9530,6434.6430,7337.0170,4551.6280,3481.1130,6859.5520,7342.6140,3097.0890,2791.9490,3979.6260
2022-03-04,,,5498.0830,5657.2370,6381.1560,7258.7380,4496.4300,3447.6490,6803.8340,7241.5630,3062.3820,2748.6380,3979.6260
2022-03-07,,,5315.1090,5584.3550,6245.3730,7170.7820,4352.7780,3372.8550,6659.3900,7085.7320,2974.6760,2630.3710,3979.6260
2022-03-08,,,5164.5590,5364.8300,6061.3340,6919.3560,4265.3910,3293.5300,6429.8890,6871.2200,2933.1640,2582.9860,3979.6260
2022-03-09,,,5115.2850,5246.8660,5974.9070,6801.9900,4226.3460,3256.3880,6305.6090,6796.0390,2907.1780,2566.7190,3979.6260
2022-03-10,,,5241.8020,5322.1400,6081.1780,6932.8540,4292.8370,3296.0920,6414.9400,6952.5200,2933.4610,2635.1940,3979.6260
2022-03-11,,,5285.6540,5378.9540,6097.5250,6965.7260,4306.5220,3309.7470,6474.1270,6990.7780,2935.6840,2665.4620,3979.6260
2022-03-14,,,5150.1800,5254.8640,5937.4660,6801.9570,4174.7580,3223.5330,6323.5780,6800.5950,2851.8770,2570.4470,3979.6260
2022-03-15,,,4926.7080,4921.2850,5606.9780,6349.5290,3983.8120,3063.9650,5964.9810,6473.4810,2702.8530,2504.7820,3979.6260
2022-03-16,,,5068.0390,5083.7500,5775.1640,6519.2890,4156.0810,3170.7100,6156.2710,6692.9660,2827.7500,2635.0830,3979.6260
2022-03-17,,,5173.3580,5149.3500,5904.9380,6633.0140,4237.6960,3215.0450,6267.5240,6818.5450,2877.2190,2710.7260,3979.6260
2022-03-18,,,5169.0650,5246.8520,5957.0300,6785.7510,4265.9020,3251.0720,6332.2170,6879.3660,2913.1850,2713.7950,3979.6260
2022-03-21,,,5213.8400,5275.8610,5987.1080,6796.0580,4258.7460,3253.6860,6358.9430,6954.4060,2892.1070,2726.1800,3979.6260
2022-03-22,,,5163.8100,5318.9550,5959.1760,6858.7680,4255.2950,3259.8620,6358.1090,6923.4430,2900.7680,2688.2340,3979.6260
2022-03-23,,,5222.1780,5319.6450,6007.9300,6886.4380,4276.5170,3271.0330,6398.1010,6966.9530,2916.5080,2715.9540,3979.6260
2022-03-24,,,5178.6840,5300.5890,5923.3450,6857.1520,4251.3060,3250.2640,6344.1150,6900.8070,2903.6170,2706.2150,3979.6260
2022-03-25,,,5079.5940,5242.1510,5845.7740,6814.1690,4174.5740,3212.2400,6268.2380,6819.8130,2856.4280,2637.9440,3979.6260
2022-03-28,,,5059.4430,5275.9940,5826.9650,6875.2430,4148.4660,3214.5030,6283.2810,6767.2510,2853.1820,2594.1280,3979.6260
2022-03-29,,,5044.4630,5260.4720,5767.7230,6864.7620,4134.1440,3203.9390,6253.0690,6725.6770,2842.1530,2592.6660,3979.6260
2022-03-30,,,5159.4870,5340.9220,5880.9000,6994.3720,4254.0990,3266.5960,6377.8740,6864.7490,2915.4910,2696.8260,3979.6260
2022-03-31,,,5096.9270,5338.0630,5811.1030,7022.0490,4222.5970,3252.2030,6324.9610,6772.0650,2898.8260,2659.4920,3979.6260
2022-04-01,,,5128.0380,5371.3150,5827.8750,7078.2530,4276.1580,3282.7170,6364.5210,6772.6040,2943.2440,2666.9690,3979.6260
2022-04-06,,,5081.7210,5421.6420,5815.8630,7179.0950,4263.8410,3283.4260,6356.9270,6764.2880,2931.1980,2633.9100,3979.6260
2022-04-07,,,4995.9360,5332.4350,5688.3260,7026.3410,4209.1000,3236.6950,6221.5910,6623.5860,2902.4820,2578.5330,3979.6260
2022-04-08,,,5003.3990,5401.0480,5677.2320,7054.8280,4230.7670,3251.8500,6224.1170,6575.2830,2925.4910,2569.9110,3979.6260
2022-04-11,,,4834.7110,5278.3990,5481.6140,6879.7230,4100.0700,3167.1260,6029.8940,6328.0650,2846.3800,2462.0430,3979.6260
2022-04-12,,,4916.6950,5327.2700,5541.2220,6960.6730,4179.9730,3213.3300,6126.9070,6414.4190,2894.2580,2523.6940,3979.6260
2022-04-13,,,4803.3370,5288.3610,5458.0220,6917.1710,4139.7370,3186.8240,6044.3260,6286.2510,2882.2790,2466.8410,3979.6260
2022-04-14,,,4870.0470,5367.4330,5534.4340,7038.3050,4191.5680,3225.6410,6126.4900,6359.7080,2928.5960,2466.2930,3979.6260
2022-04-15,,,4834.4520,5326.3040,5480.9230,6972.2380,4188.7470,3211.2450,6070.7490,6275.0730,2930.5780,2460.3620,3979.6260
2022-04-18,,,4878.4280,5260.2650,5528.6100,6877.7840,4166.3840,3195.5240,6074.0070,6326.0250,2887.7210,2487.7740,3979.6260
2022-04-19,,,4845.7600,5297.8810,5538.5890,6937.8130,4134.9020,3194.0290,6092.3960,6345.7860,2861.5670,2453.5450,3979.6260
2022-04-20,,,4765.8010,5144.3420,5413.6880,6731.5240,4070.7890,3151.0500,5956.9210,6234.2510,2835.3520,2363.6530,3979.6260
2022-04-21,,,4626.9170,4999.9450,5211.2630,6489.8900,3995.8300,3079.8080,5759.8010,5981.3840,2797.5290,2312.4560,3979.6260
2022-04-22,,,4604.7230,5044.8670,5146.6870,6530.6990,4013.2500,3086.9190,5740.9840,5891.8080,2814.1270,2296.5950,3979.6260
2022-04-25,,,4318.6980,4771.0170,4764.9760,6133.7590,3814.9130,2928.5120,5369.7170,5431.6080,2683.4130,2169.0040,3979.6260
2022-04-26,,,4265.0050,4649.8720,4643.0080,5996.3760,3784.1200,2886.4260,5234.0060,5266.5520,2681.0280,2150.5130,3979.6260
2022-04-27,,,4459.0080,4792.3050,4870.3510,6170.7820,3895.5360,2958.2820,5437.0370,5540.7170,2734.5400,2269.1710,3979.6260
2022-04-28,,,4437.1140,4808.1560,4841.6070,6196.6230,3921.1070,2975.4850,5418.7640,5493.9080,2769.7120,2227.6550,3979.6260
2022-04-29,,,4612.5920,4928.4840,5031.8260,6378.8720,4016.2410,3047.0620,5627.9020,5734.4930,2805.3360,2319.1370,3979.6260
2022-05-05,,,4678.0540,4942.1380,5119.3550,6456.0420,4010.2100,3067.7590,5686.7020,5836.9280,2800.9290,2288.4040,3979.6260
2022-05-06,,,4583.4790,4810.1480,5034.3700,6280.8910,3908.8150,3001.5610,5563.7690,5764.6920,2719.7610,2244.9690,3979.6260
2022-05-09,,,4570.8280,4815.9680,5086.1240,6351.7050,3877.4360,3004.1410,5608.5160,5840.8900,2695.1330,2228.0730,3979.6260
2022-05-10,,,4643.0350,4850.8560,5147.0950,6416.7030,3919.8680,3035.8440,5690.0870,5950.6670,2718.3710,2276.3450,3979.6260
2022-05-11,,,4721.6880,4879.3030,5196.7320,6421.2980,3976.4230,3058.7030,5737.8170,6003.0280,2741.2320,2346.1520,3979.6260
2022-05-12,,,4728.8550,4862.0070,5211.3020,6406.4200,3958.7400,3054.9940,5743.1010,6034.5730,2721.7700,2351.2710,3979.6260
2022-05-13,,,4746.7600,4933.0950,5262.8040,6510.6610,3988.6000,3084.2850,5796.8010,6071.6670,2748.2370,2358.1610,3979.6260
2022-05-16,,,4720.6620,4927.5560,5252.6880,6543.0780,3956.5380,3073.7490,5791.0810,6082.8820,2720.4060,2331.2300,3979.6260
2022-05-17,,,4772.0160,4933.5240,5272.8080,6503.7460,4005.8930,3093.6970,5816.3380,6118.4570,2756.7400,2369.0890,3979.6260
2022-05-18,,,4742.7720,4897.1280,5266.6970,6457.5850,3991.9070,3085.9770,5797.4900,6127.8040,2745.5280,2365.3770,3979.6260
2022-05-19,,,4776.5900,4931.2980,5302.9350,6497.4600,3999.5980,3096.9650,5838.4070,6180.1860,2744.5450,2377.1270,3979.6260
2022-05-20,,,4851.2400,5022.4720,5386.6500,6584.4840,4077.6000,3146.5670,5929.4880,6263.4430,2807.9420,2417.3490,3979.6260
2022-05-23,,,4863.8050,5041.1040,5444.2820,6626.9180,4053.9820,3146.8570,5965.7280,6343.4670,2782.5480,2410.1220,3979.6260
2022-05-24,,,4695.6620,4894.4750,5248.0070,6409.3770,3959.1540,3070.9270,5745.6750,6081.6420,2734.1920,2318.0750,3979.6260
2022-05-25,,,4724.1670,4979.0780,5321.7560,6562.5180,3983.1780,3107.4640,5844.2550,6188.2690,2743.4170,2325.5970,3979.6260
2022-05-26,,,4757.4240,5053.7840,5370.2150,6630.5800,3993.0450,3123.1080,5911.5610,6227.0990,2744.8980,2321.1340,3979.6260
2022-05-27,,,4751.5330,5040.6710,5349.2580,6620.3500,4001.2990,3130.2390,5899.9150,6210.0940,2763.0720,2322.4820,3979.6260
2022-05-30,,,4818.5670,5047.3830,5394.0390,6644.4930,4029.0180,3149.0610,5942.8320,6282.3550,2778.4510,2350.3850,3979.6260
2022-05-31,,,4911.1320,5101.5040,5488.5700,6680.8550,4091.5180,3186.4270,6026.2370,6353.3470,2813.2190,2405.0850,3979.6260
2022-06-01,,,4912.1690,5083.7610,5502.8300,6706.1770,4083.1770,3182.1570,6023.6440,6373.3180,2798.0680,2428.9570,3979.6260
2022-06-02,,,4947.8560,5100.5680,5568.3700,6693.6060,4089.5680,3195.4580,6078.4350,6442.9340,2790.3160,2458.2560,3979.6260
2022-06-06,,,5085.0340,5174.5740,5697.0080,6754.6190,4166.0850,3236.3720,6187.4440,6604.9760,2825.6510,2554.6590,3979.6260
2022-06-07,,,5087.5810,5182.1050,5685.0500,6792.1480,4179.1290,3241.7640,6186.5670,6597.8350,2846.8100,2554.6260,3979.6260
2022-06-08,,,5106.8420,5228.1710,5683.3750,6823.7440,4219.8120,3263.7930,6217.8280,6608.8920,2879.3110,2576.3350,3979.6260
2022-06-09,,,5015.1860,5202.8690,5569.4750,6754.3530,4175.6750,3238.9540,6130.6860,6490.3750,2868.4240,2500.2050,3979.6260
2022-06-10,,,5093.0940,5276.9730,5660.9250,6850.5400,4238.9940,3284.8340,6240.1030,6627.7480,2899.5790,2556.4730,3979.6260
2022-06-13,,,5092.7820,5257.8540,5675.3360,6782.8100,4189.3530,3255.5510,6233.6190,6674.8040,2844.7240,2546.4880,3979.6260
2022-06-14,,,5095.7390,5328.2580,5668.0740,6856.8090,4222.3110,3288.9070,6275.5650,6665.2530,2882.7030,2548.3140,3979.6260
2022-06-15,,,5102.8770,5311.8420,5666.0520,6850.3480,4278.2180,3305.4070,6261.0610,6653.7620,2923.9890,2575.0860,3979.6260
2022-06-16,,,5128.7550,5231.0860,5693.1490,6780.3540,4250.0610,3285.3850,6264.8220,6696.7630,2891.3350,2585.4710,3979.6260
2022-06-17,,,5232.6500,5256.2190,5747.7640,6786.3500,4309.0440,3316.7860,6316.3090,6774.7380,2936.2000,2657.2120,3979.6260
2022-06-20,,,5284.8360,5184.9950,5772.3040,6770.7520,4330.4330,3315.4300,6330.3940,6848.7550,2924.9150,2710.1410,3979.6260
2022-06-21,,,5240.4620,5175.9760,5718.1830,6727.4600,4325.5660,3306.7190,6277.0010,6779.1450,2926.4750,2692.9850,3979.6260
2022-06-22,,,5176.8810,5096.1470,5634.4480,6638.9330,4270.6230,3267.2020,6179.5700,6691.8120,2892.2860,2677.2850,3979.6260
2022-06-23,,,5281.2730,5140.9350,5765.0820,6736.7680,4343.8780,3320.1490,6300.4750,6845.4550,2935.8830,2760.1020,3979.6260
2022-06-24,,,5359.3610,5140.2020,5826.6260,6746.1540,4394.7720,3349.7470,6368.2830,6931.6540,2974.7540,2824.4400,3979.6260
2022-06-27,,,5400.8150,5168.0900,5916.0330,6801.5320,4444.2640,3379.1850,6407.7450,7002.9340,3013.9480,2830.5970,3979.6260
2022-06-28,,,5457.5700,5248.6300,5999.8770,6885.7680,4490.5170,3409.2100,6501.3520,7079.7250,3039.4130,2840.4190,3979.6260
2022-06-29,,,5356.3240,5172.4100,5859.9370,6774.8430,4421.3570,3361.5180,6374.2970,6900.9930,3009.2360,2768.6100,3979.6260
2022-06-30,,,5467.3400,5217.1510,5953.1470,6814.9950,4485.0110,3398.6160,6454.0780,6995.5300,3058.3980,2810.6010,3979.6260
2022-07-01,,,5447.1860,5216.0880,5946.6730,6813.9850,4466.7180,3387.6370,6438.5380,6994.5010,3045.2690,2781.9430,3979.6260
2022-07-04,,,5530.3090,5261.1350,6021.6390,6851.5350,4496.0300,3405.4270,6523.1310,7076.3220,3050.1520,2834.6890,3979.6260
2022-07-05,,,5523.3390,5328.9480,6028.7540,6864.2660,4489.5380,3404.0250,6511.5300,7036.0020,3052.1110,2825.1310,3979.6260
2022-07-06,,,5479.0350,5189.8300,5931.8370,6704.5090,4423.9700,3355.3500,6418.5450,6953.9800,2996.7280,2802.7150,3979.6260
2022-07-07,,,5494.6630,5194.0870,5964.0850,6764.4120,4443.4740,3364.3980,6452.9860,7041.8670,2989.2080,2849.7060,3979.6260
2022-07-08,,,5429.2220,5148.0700,5920.8550,6726.8270,4428.7810,3356.0780,6404.4390,7000.7850,2993.3060,2817.6390,3979.6260
2022-07-11,,,5325.2180,5097.6970,5828.1090,6668.5380,4354.6170,3313.5840,6319.1400,6893.6350,2942.2960,2767.4610,3979.6260
2022-07-12,,,5228.4490,5099.0590,5746.8710,6646.2950,4313.6180,3281.4670,6241.4790,6779.5550,2922.0050,2702.6930,3979.6260
2022-07-13,,,5257.5610,5107.3730,5779.2500,6682.4670,4321.4620,3284.2920,6268.4940,6834.9020,2914.2950,2746.8600,3979.6260
2022-07-14,,,5322.8100,5063.1740,5829.3190,6650.3300,4322.0740,3281.7440,6302.4320,6920.8740,2895.2990,2819.1290,3979.6260
2022-07-15,,,5281.1490,4954.2720,5761.8080,6498.8790,4248.5270,3228.0610,6196.8000,6852.8160,2839.3940,2760.4990,3979.6260
2022-07-18,,,5342.5040,5073.9060,5876.7310,6665.8670,4292.5860,3278.1030,6312.3560,6953.9320,2878.6390,2800.3570,3979.6260
2022-07-19,,,5317.2900,5079.3980,5919.5140,6699.1820,4269.3400,3279.4310,6335.7090,7009.3240,2865.6030,2750.8660,3979.6260
2022-07-20,,,5365.6090,5113.4430,6008.5680,6749.9240,4283.8030,3304.7240,6410.7090,7110.1040,2874.0780,2765.1620,3979.6260
2022-07-21,,,5320.0390,5031.1350,5974.0070,6676.7110,4236.0580,3272.0010,6347.5980,7075.2940,2836.6620,2751.4150,3979.6260
2022-07-22,,,5273.1490,5014.9840,5916.2050,6647.6800,4238.2340,3269.9740,6289.5330,7034.5980,2848.4360,2737.3140,3979.6260
2022-07-25,,,5207.1110,4972.2620,5850.8370,6603.6020,4212.6440,3250.3880,6231.2360,6948.9090,2837.2600,2704.9450,3979.6260
2022-07-26,,,5260.9740,5027.0330,5938.6640,6668.9850,4245.9760,3277.4360,6307.9560,7027.4190,2854.6390,2713.4580,3979.6260
2022-07-27,,,5253.1300,5025.1940,5973.4280,6685.6450,4225.0360,3275.7550,6332.2330,7099.4340,2829.9220,2714.2490,3979.6260
2022-07-28,,,5246.1510,5025.3900,6023.9860,6707.0300,4225.6730,3282.5760,6348.1660,7150.1980,2827.1070,2705.9010,3979.6260
2022-07-29,,,5181.1190,4994.8870,5972.1060,6672.7690,4170.1020,3253.2380,6294.1140,7117.4340,2792.3290,2670.4510,3979.6260
2022-08-01,,,5267.6630,5001.7720,6031.0330,6675.4920,4188.6780,3259.9590,6347.2210,7180.4540,2781.6820,2733.7360,3979.6260
2022-08-02,,,5166.8050,4849.0940,5848.0690,6439.8110,4107.0240,3186.2660,6169.9960,6957.9820,2730.7550,2678.6210,3979.6260
2022-08-03,,,5107.7010,4793.1940,5806.5370,6354.6700,4066.9750,3163.6740,6124.3150,6916.6700,2710.7240,2628.8180,3979.6260
2022-08-04,,,5137.9610,4814.9410,5834.6560,6387.2090,4101.5370,3189.0390,6158.7350,6960.3120,2741.0870,2640.7760,3979.6260
2022-08-05,,,5232.3340,4865.4650,5974.8670,6469.3180,4156.9110,3227.0270,6270.5110,7090.0030,2774.3350,2683.6020,3979.6260
2022-08-08,,,5267.2300,4910.5800,6031.0260,6512.9590,4148.0750,3236.9340,6323.0750,7176.1050,2761.1570,2675.6860,3979.6260
2022-08-09,,,5292.2690,4936.9580,6065.1320,6523.3410,4156.2910,3247.4320,6341.4810,7207.3960,2764.0680,2694.8000,3979.6260
2022-08-10,,,5241.5170,4920.5540,6079.7090,6502.8600,4109.7370,3230.0200,6322.0560,7212.0750,2730.9610,2658.5850,3979.6260
2022-08-11,,,5329.1210,4998.4040,6147.8990,6618.0260,4193.5430,3281.6650,6439.3590,7294.4860,2787.0630,2721.4920,3979.6260
2022-08-12,,,5295.7090,5048.9170,6122.0300,6650.4170,4191.1520,3276.8880,6420.8530,7228.8350,2796.8890,2690.8310,3979.6260
2022-08-15,,,5327.1950,5068.7680,6173.0140,6658.8670,4185.6790,3276.0870,6442.8090,7283.5000,2782.6660,2718.5930,3979.6260
2022-08-16,,,5343.8620,5077.5450,6210.9020,6698.8030,4177.8370,3277.8850,6465.1870,7324.6200,2769.2610,2731.3930,3979.6260
2022-08-17,,,5345.6840,5099.7280,6221.6330,6728.3090,4216.9590,3292.5260,6493.5050,7328.6740,2785.8530,2777.9100,3979.6260
2022-08-18,,,5337.7780,5041.0410,6198.7430,6657.8200,4180.1000,3277.5440,6468.8060,7351.4370,2759.2940,2775.8210,3979.6260
2022-08-19,,,5259.7360,5067.4430,6088.7360,6653.6380,4151.0740,3258.0780,6391.7160,7234.4050,2750.6310,2734.2180,3979.6260
2022-08-22,,,5327.9990,5108.9560,6161.8670,6731.8410,4181.3970,3277.7940,6472.6800,7288.5770,2756.3690,2779.0150,3979.6260
2022-08-23,,,5303.9150,5133.4630,6139.6470,6764.0060,4161.0820,3276.2230,6466.4050,7306.0210,2735.6660,2780.3060,3979.6260
2022-08-24,,,5161.0270,5052.4830,5922.5660,6596.4450,4082.4200,3215.2030,6284.5770,7039.4100,2708.0900,2679.0480,3979.6260
2022-08-25,,,5159.5620,5162.6960,5942.9210,6687.5350,4116.2400,3246.2480,6322.6960,7016.3060,2752.5560,2667.3010,3979.6260
2022-08-26,,,5148.3000,5133.9870,5893.0350,6642.7170,4107.5460,3236.2230,6298.3740,6980.1800,2751.5890,2640.2910,3979.6260
2022-08-29,,,5165.0390,5167.2650,5910.8740,6675.4380,4089.5210,3240.7280,6310.4020,7021.3150,2732.2060,2630.5050,3979.6260
2022-08-30,,,5148.8010,5100.8290,5873.0340,6623.9460,4075.7940,3227.2200,6285.9270,6976.7220,2726.6600,2612.1420,3979.6260
2022-08-31,,,5043.3140,5026.7380,5699.0230,6485.4790,4078.8400,3202.1380,6155.7460,6750.7430,2761.7830,2570.4150,3979.6260
2022-09-01,,,5011.4510,5000.5950,5670.9900,6481.7710,4043.7400,3184.9800,6126.7690,6717.1000,2732.3990,2533.8540,3979.6260
2022-09-02,,,4995.7120,4990.4130,5700.8330,6505.1360,4023.6130,3186.4780,6149.4270,6776.8270,2711.2640,2533.0230,3979.6260
2022-09-05,,,5022.3080,5073.3790,5727.4070,6575.1930,4015.4260,3199.9120,6182.6470,6791.0920,2697.7670,2538.2040,3979.6260
2022-09-06,,,5109.0440,5170.3790,5853.2320,6703.2900,4052.2800,3243.4470,6291.5710,6919.6460,2724.4980,2540.6350,3979.6260
2022-09-07,,,5134.1810,5198.3160,5880.2470,6687.3740,4054.9830,3246.2940,6301.5640,6963.5200,2710.6860,2570.8020,3979.6260
2022-09-08,,,5102.1740,5181.2880,5836.0590,6660.4790,4037.6840,3235.5860,6272.5750,6897.1000,2708.2780,2523.0060,3979.6260
2022-09-09,,,5148.6670,5238.5360,5870.8100,6727.5150,4093.7870,3262.0540,6316.9720,6913.5790,2757.5660,2548.2160,3979.6260
2022-09-13,,,5158.1410,5201.9400,5870.4740,6683.1400,4111.1150,3263.7970,6300.4220,6904.0780,2769.2350,2550.6250,3979.6260
2022-09-14,,,5097.5250,5135.4690,5809.8360,6613.8490,4065.3590,3237.5420,6249.9630,6829.5580,2745.4280,2503.8240,3979.6260
2022-09-15,,,4935.2510,5071.3150,5637.8340,6516.7050,4027.1190,3199.9190,6107.7960,6619.1890,2743.7890,2424.1920,3979.6260
2022-09-16,,,4827.4110,4903.0630,5500.3020,6316.6200,3932.6830,3126.3980,5954.5040,6481.2440,2678.0330,2367.3980,3979.6260
2022-09-19,,,4800.7050,4891.9540,5448.9030,6291.0410,3928.0000,3115.6020,5913.1490,6399.8010,2679.5860,2350.3760,3979.6260
2022-09-20,,,4852.5010,4907.9250,5490.5500,6332.0310,3932.8360,3122.4060,5958.2920,6482.1310,2673.8800,2366.9040,3979.6260
2022-09-21,,,4811.5120,4954.4940,5508.5580,6406.4720,3903.7350,3117.1770,5978.5810,6480.6020,2652.2140,2331.5160,3979.6260
2022-09-22,,,4797.3580,4946.2570,5512.0070,6390.3440,3869.3440,3108.9100,5965.8850,6487.2750,2629.3700,2319.4190,3979.6260
2022-09-23,,,4735.4420,4896.3060,5404.6620,6324.9600,3856.0210,3088.3700,5889.6020,6363.6840,2629.8090,2303.9050,3979.6260
2022-09-26,,,4743.0190,4778.9140,5334.5120,6173.6160,3836.6770,3051.2260,5806.3180,6283.5930,2614.9000,2323.0520,3979.6260
2022-09-27,,,4824.3760,4818.9890,5425.6960,6258.2610,3892.2950,3093.8620,5920.0530,6409.7760,2642.9210,2374.7370,3979.6260
2022-09-28,,,4697.7500,4716.8500,5256.6530,6127.4990,3828.7100,3045.0670,5769.5200,6211.1090,2611.9820,2313.7700,3979.6260
2022-09-29,,,4719.7870,4710.0530,5267.9400,6100.4370,3827.1430,3041.2050,5771.8810,6228.7790,2608.9770,2332.9950,3979.6260
2022-09-30,,,4645.9060,4721.2080,5188.3570,6094.1790,3804.8850,3024.3910,5714.0630,6124.8640,2610.1170,2288.9690,3979.6260
2022-10-10,,,4538.7060,4701.0300,5078.1100,6058.0680,3720.9370,2974.1450,5635.7110,5984.5010,2545.0490,2236.2450,3979.6260
2022-10-11,,,4531.0760,4741.5690,5111.2220,6104.8020,3727.6870,2979.7930,5684.5060,6017.7190,2539.9460,2261.8920,3979.6260
2022-10-12,,,4640.2240,4816.2480,5244.4270,6216.9240,3784.3060,3025.5060,5820.4540,6192.6530,2555.0240,2343.3000,3979.6260
2022-10-13,,,4639.2530,4766.7970,5249.8440,6194.7230,3752.6730,3016.3560,5830.3360,6252.2230,2523.6320,2350.6860,3979.6260
2022-10-14,,,4784.7790,4852.7710,5393.9530,6308.9910,3842.4700,3071.9870,5973.4390,6406.4570,2584.6850,2434.2190,3979.6260
2022-10-17,,,4803.4840,4847.9390,5442.9660,6337.8770,3846.4120,3084.9420,6015.5960,6472.4510,2585.4970,2435.0230,3979.6260
2022-10-18,,,4817.7670,4857.2030,5453.1930,6344.3800,3838.2670,3080.9570,6035.6740,6508.5040,2569.9680,2446.9280,3979.6260
2022-10-19,,,4750.5540,4786.6080,5423.5320,6303.8670,3776.5340,3044.3780,5972.7230,6461.1460,2519.9030,2425.9570,3979.6260
2022-10-20,,,4728.7340,4749.1370,5410.4420,6251.6620,3754.9270,3035.0500,5948.8620,6429.7040,2501.4960,2401.7160,3979.6260
2022-10-21,,,4713.5780,4760.6070,5400.3100,6268.6000,3742.8930,3038.9290,5956.8810,6432.3260,2487.2210,2395.1570,3979.6260
2022-10-24,,,4630.4740,4675.8500,5342.2250,6150.7860,3633.3730,2977.5550,5896.9030,6378.4320,2392.5980,2336.8380,3979.6260
2022-10-25,,,4611.7130,4660.1250,5320.1580,6128.1740,3627.4540,2976.2830,5869.7810,6355.7780,2394.9200,2314.5510,3979.6260
2022-10-26,,,4722.3620,4680.4560,5399.0210,6171.4050,3656.9030,2999.5040,5971.6010,6491.6920,2400.5160,2372.8760,3979.6260
2022-10-27,,,4679.6920,4686.6700,5401.4790,6197.8440,3631.1450,2982.9030,5963.0040,6461.6100,2381.2630,2337.2530,3979.6260
2022-10-28,,,4543.5350,4566.8100,5232.1130,5997.2290,3541.3300,2915.9260,5781.7970,6239.9320,2326.9420,2250.5100,3979.6260
2022-10-31,,,4513.3450,4521.0330,5223.7500,5955.6980,3508.7030,2893.4830,5807.1060,6292.6190,2295.9240,2265.0780,3979.6260
2022-11-01,,,4648.3280,4601.4930,5352.7500,6094.7710,3634.1730,2969.2000,5941.1450,6439.8220,2396.6290,2337.6530,3979.6260
2022-11-02,,,4732.2500,4638.0030,5424.6690,6160.9170,3677.8050,3003.3700,5997.8040,6524.5140,2418.3220,2375.8620,3979.6260
2022-11-03,,,4766.1030,4611.7630,5446.3380,6150.8480,3647.8970,2997.8060,5996.7190,6566.8410,2387.4520,2376.0610,3979.6260
2022-11-04,,,4902.3530,4735.3450,5575.9370,6279.7830,3767.1750,3070.7960,6133.4630,6709.6450,2468.2760,2451.2230,3979.6260
2022-11-07,,,4916.5530,4776.3740,5600.8780,6312.6530,3775.2970,3077.8170,6141.4090,6713.6380,2477.7670,2454.6940,3979.6260
2022-11-08,,,4885.8270,4759.7120,5569.2090,6305.8510,3749.3250,3064.4930,6134.2560,6694.9560,2459.0910,2432.4030,3979.6260
2022-11-09,,,4849.4500,4752.4780,5555.5740,6310.4030,3714.2700,3048.1680,6120.8290,6676.0080,2440.3520,2399.3360,3979.6260
2022-11-10,,,4792.2000,4743.3020,5474.8330,6297.4570,3685.6890,3036.1320,6089.6950,6603.3090,2440.3170,2357.1250,3979.6260
2022-11-11,,,4864.1520,4845.7090,5537.5530,6388.9790,3788.4390,3087.2930,6138.6210,6643.4820,2518.0490,2405.3180,3979.6260
2022-11-14,,,4844.8520,4850.9740,5494.4790,6389.0320,3794.0170,3083.4010,6129.5130,6599.6660,2538.2970,2375.2070,3979.6260
2022-11-15,,,4954.8120,4913.4070,5614.5430,6456.3150,3865.9730,3134.0780,6236.3840,6752.5130,2583.7230,2431.7330,3979.6260
2022-11-16,,,4906.2200,4888.5430,5570.0960,6426.9410,3834.3900,3119.9800,6203.9170,6702.0410,2572.8870,2402.9050,3979.6260
2022-11-17,,,4904.9350,4869.1240,5571.6960,6430.1330,3818.6640,3115.4350,6217.2050,6714.5040,2560.0170,2385.8610,3979.6260
2022-11-18,,,4882.7960,4846.7500,5529.8110,6413.0570,3801.5690,3097.2430,6191.6480,6658.4010,2546.7150,2389.7600,3979.6260
2022-11-21,,,4870.3410,4845.3310,5561.0580,6414.0070,3769.1270,3085.0440,6189.7090,6689.3250,2514.8540,2387.2950,3979.6260
2022-11-22,,,4800.3280,4861.8680,5495.8780,6400.7220,3769.5730,3088.9430,6125.4000,6583.2330,2531.3440,2343.5540,3979.6260
2022-11-23,,,4806.7310,4882.1540,5469.3900,6402.3650,3773.5290,3096.9070,6115.6050,6567.9930,2535.5230,2340.3370,3979.6260
2022-11-24,,,4806.3550,4896.1710,5496.1190,6439.8290,3756.8080,3089.3100,6120.0660,6586.8580,2520.5630,2335.5240,3979.6260
2022-11-25,,,4752.8900,4944.9210,5455.4770,6472.9810,3775.7760,3101.6930,6087.8590,6512.1620,2544.6150,2309.3600,3979.6260
2022-11-28,,,4717.8320,4908.1480,5404.7700,6452.6230,3733.2420,3078.5490,6055.2840,6492.7120,2503.6230,2298.8020,3979.6260
2022-11-29,,,4784.8110,5014.0340,5494.2360,6609.6500,3848.4220,3149.7480,6163.8210,6594.3230,2607.7500,2339.7930,3979.6260
2022-11-30,,,4785.2490,4998.8970,5483.9210,6593.0140,3853.0370,3151.3350,6156.1470,6590.3070,2606.5430,2345.3130,3979.6260
2022-12-01,,,4836.5230,5003.0100,5527.6100,6577.3160,3894.7690,3165.4710,6186.1020,6658.4270,2631.2050,2381.1830,3979.6260
2022-12-02,,,4826.5830,4966.2130,5492.1310,6549.6390,3870.9480,3156.1440,6168.0130,6680.5420,2614.6140,2383.3220,3979.6260
2022-12-05,,,4834.9350,5075.1160,5515.8950,6662.9680,3946.8760,3211.8140,6215.1240,6714.3670,2676.1430,2377.1070,3979.6260
2022-12-06,,,4862.4750,5055.7400,5506.9450,6627.7780,3968.1980,3212.5330,6211.2520,6703.5520,2684.8460,2393.2810,3979.6260
2022-12-07,,,4867.7310,5016.6200,5488.5460,6603.3060,3958.4410,3199.6190,6204.0050,6705.2870,2670.6470,2414.0430,3979.6260
2022-12-08,,,4855.3550,5021.1220,5449.8200,6616.6050,3959.1800,3197.3500,6186.2840,6662.3440,2672.8960,2411.8120,3979.6260
2022-12-09,,,4888.1820,5055.1180,5484.3030,6645.9970,3998.2440,3206.9500,6192.3010,6680.3750,2706.7390,2420.6290,3979.6260
2022-12-12,,,4850.1920,4957.3560,5429.5290,6555.7610,3953.4430,3179.0420,6154.8090,6655.6740,2673.9390,2401.5220,3979.6260
2022-12-13,,,4802.2800,4970.5510,5392.7430,6571.2750,3945.6810,3176.3260,6121.6620,6593.6680,2676.9000,2376.2050,3979.6260
2022-12-14,,,4795.7050,4967.8100,5382.2230,6526.9220,3954.8860,3176.5250,6096.3860,6570.0180,2686.3680,2368.0790,3979.6260
2022-12-15,,,4807.2510,4923.2800,5406.2260,6496.7660,3951.9890,3168.6480,6101.8790,6597.5510,2675.1880,2399.1240,3979.6260
2022-12-16,,,4747.5240,4950.4450,5355.7820,6526.3840,3954.2270,3167.8580,6072.8630,6519.4360,2688.2900,2373.7230,3979.6260
2022-12-19,,,4663.2960,4835.6820,5260.5210,6362.6720,3893.2210,3107.1150,5936.4750,6390.7700,2646.1790,2346.6970,3979.6260
2022-12-20,,,4606.6600,4790.8630,5229.8420,6316.5050,3829.0170,3073.7660,5878.0310,6341.5830,2599.4880,2310.7990,3979.6260
2022-12-21,,,4591.1740,4786.1300,5193.6540,6299.5060,3830.5380,3068.4110,5845.8350,6289.1360,2607.4240,2303.7030,3979.6260
2022-12-22,,,4553.7890,4732.5990,5109.9090,6225.2520,3836.0280,3054.4310,5779.0560,6186.9280,2619.7570,2295.3200,3979.6260
2022-12-23,,,4528.1770,4723.8380,5080.8540,6205.2500,3828.2190,3045.8660,5763.3460,6160.7450,2615.8790,2286.1880,3979.6260
2022-12-26,,,4623.5570,4747.2080,5170.0330,6217.2930,3843.4890,3065.5630,5843.2560,6275.5240,2607.5230,2331.4100,3979.6260
2022-12-27,,,4686.9630,4802.2710,5224.5130,6258.3350,3887.8540,3095.5680,5885.6620,6325.6280,2632.4530,2359.5000,3979.6260
2022-12-28,,,4662.9270,4794.7840,5178.3780,6244.9930,3871.2640,3087.4000,5862.0970,6268.4660,2638.3060,2338.2580,3979.6260
2022-12-29,,,4662.9580,4754.9340,5156.5200,6192.4470,3856.7010,3073.7020,5857.4020,6261.8290,2622.0720,2349.3830,3979.6260
2022-12-30,,,4664.6500,4777.6800,5161.2070,6219.1830,3871.6340,3089.2580,5864.4670,6281.6210,2635.2480,2346.7670,3979.6260
2023-01-03,,,4700.2870,4823.2380,5249.1980,6295.3480,3887.8990,3116.5120,5955.8970,6423.7010,2641.4220,2356.4240,3979.6260
2023-01-04,,,4679.2330,4840.8380,5248.3560,6332.4590,3892.9480,3123.5160,5952.4540,6421.2770,2651.0050,2335.1220,3979.6260
2023-01-05,,,4760.1270,4866.5320,5318.4520,6364.9990,3968.5780,3155.2160,6010.4640,6485.4690,2700.3080,2399.4580,3979.6260
2023-01-06,,,4804.0620,4868.4740,5345.1250,6348.9620,3980.8890,3157.6370,6012.8150,6500.3200,2713.6310,2422.1410,3979.6260
2023-01-09,,,4844.9110,4906.8180,5385.8450,6355.9690,4013.1200,3176.0850,6040.0190,6535.7490,2742.2010,2440.3660,3979.6260
2023-01-10,,,4873.9830,4900.4800,5389.5750,6336.0000,4017.4740,3169.5070,6048.2970,6540.2010,2733.6190,2474.0050,3979.6260
2023-01-11,,,4844.8100,4924.1520,5353.7450,6333.6190,4010.0310,3161.8380,6014.1570,6486.9050,2740.1930,2445.9710,3979.6260
2023-01-12,,,4838.7850,4921.0640,5365.4990,6321.9520,4017.8690,3163.4510,6015.2870,6489.5700,2741.9450,2458.4940,3979.6260
2023-01-13,,,4874.8330,4964.3260,5383.5990,6389.4320,4074.3770,3195.3060,6057.6900,6517.5130,2787.3560,2493.1260,3979.6260
2023-01-16,,,4944.3690,5000.9410,5464.9180,6446.6180,4137.9640,3227.5920,6126.1770,6591.8060,2834.2910,2539.5210,3979.6260
2023-01-17,,,4967.9780,4996.1420,5483.3610,6441.1730,4137.2420,3224.2450,6132.6390,6597.4950,2827.0270,2545.5550,3979.6260
2023-01-18,,,4964.6420,5018.3860,5483.3330,6461.3710,4130.3140,3224.4060,6151.4560,6613.0050,2810.0860,2543.8960,3979.6260
2023-01-19,,,4994.1320,5058.0610,5532.3410,6497.5440,4156.0080,3240.2790,6204.3260,6676.0800,2820.8070,2571.4380,3979.6260
2023-01-20,,,5025.2790,5122.9330,5577.5960,6546.5090,4181.5270,3264.8140,6251.4340,6736.8520,2836.8070,2585.9630,3979.6260
2023-01-30,,,5069.5400,5094.8720,5606.4400,6543.4980,4201.3450,3269.3180,6283.3270,6786.4530,2839.1220,2613.8850,3979.6260
2023-01-31,,,5037.8460,5104.8120,5611.4300,6558.1940,4156.8580,3255.6690,6289.1500,6805.2760,2807.9520,2580.8390,3979.6260
2023-02-01,,,5079.2820,5170.8460,5704.0980,6624.4490,4195.9330,3284.9210,6365.9050,6916.7200,2820.8740,2613.6890,3979.6260
2023-02-02,,,5093.2210,5171.5090,5721.7030,6626.1600,4181.1490,3285.6710,6370.1410,6933.2260,2811.8470,2602.3160,3979.6260
2023-02-03,,,5060.6420,5132.8630,5693.0450,6576.3240,4141.6320,3263.4060,6343.6860,6925.0760,2774.8010,2580.1110,3979.6260
2023-02-06,,,5004.3350,5087.2260,5649.3850,6545.6280,4086.8780,3238.6980,6302.3350,6891.4130,2735.0050,2544.0910,3979.6260
2023-02-07,,,4991.8250,5114.7960,5684.7490,6582.0090,4094.2340,3248.0940,6317.2380,6924.3210,2740.4450,2537.9690,3979.6260
2023-02-08,,,4962.4900,5085.8700,5636.0450,6549.5940,4076.1410,3232.1060,6268.2760,6877.7250,2731.2520,2525.8770,3979.6260
2023-02-09,,,5049.6730,5131.0250,5740.0500,6624.1580,4130.8570,3270.3830,6354.5620,6999.1820,2761.8720,2569.7330,3979.6260
2023-02-10,,,5017.9180,5116.9110,5715.1290,6626.2850,4106.3100,3260.6730,6334.2520,6975.3950,2746.7230,2545.1560,3979.6260
2023-02-13,,,5069.3690,5168.8030,5768.8860,6675.3330,4143.5740,3284.1600,6383.8280,7052.1770,2767.7930,2573.1810,3979.6260
2023-02-14,,,5065.4520,5194.3530,5796.7090,6706.7100,4145.2900,3293.2830,6397.2150,7061.4490,2776.9820,2565.1550,3979.6260
2023-02-15,,,5036.3390,5154.1120,5779.8610,6675.9590,4123.6890,3280.4920,6384.3480,7063.6050,2752.3390,2547.1980,3979.6260
2023-02-16,,,4964.2090,5088.1260,5663.1000,6591.2450,4093.4880,3249.0300,6289.4790,6925.2030,2742.8040,2512.4990,3979.6260
2023-02-17,,,4915.1240,5089.2450,5605.2040,6583.5420,4034.5070,3224.0240,6237.4050,6868.5480,2714.2890,2449.3510,3979.6260
2023-02-20,,,5009.0980,5250.9580,5698.8680,6717.6000,4133.4900,3290.3380,6346.0680,6959.3610,2788.3960,2480.7940,3979.6260
2023-02-21,,,5013.8170,5303.1700,5728.9900,6776.7930,4144.3540,3306.5240,6383.4250,6990.4750,2802.1360,2469.8070,3979.6260
2023-02-22,,,4980.7130,5274.8870,5716.1250,6766.9000,4106.9510,3291.1480,6375.0680,6998.4300,2769.3440,2451.8980,3979.6260
2023-02-23,,,4983.3780,5272.2790,5700.2080,6762.1160,4103.6460,3287.4770,6360.3200,6966.7870,2767.5350,2457.4820,3979.6260
2023-02-24,,,4947.0170,5234.9500,5673.7080,6737.3640,4061.0460,3267.1600,6340.8440,6944.8240,2727.5900,2428.9360,3979.6260
2023-02-27,,,4939.5420,5217.4660,5625.4530,6709.6410,4043.8440,3258.0340,6307.2060,6894.2960,2723.5840,2409.7940,3979.6260
2023-02-28,,,4957.8880,5243.8000,5653.8330,6752.8540,4069.4590,3279.6050,6357.5350,6955.5740,2737.1550,2429.0270,3979.6260
2023-03-01,,,4970.9060,5307.1500,5698.6570,6805.0990,4126.9420,3312.3480,6402.1410,7002.7710,2773.6490,2443.9460,3979.6260
2023-03-02,,,4950.8720,5332.7420,5667.7090,6830.0530,4117.7380,3310.6540,6382.2320,6972.3060,2769.1080,2418.5980,3979.6260
2023-03-03,,,4938.0030,5353.7120,5676.1210,6859.2500,4130.5510,3328.3930,6390.3180,6967.9400,2774.5080,2422.4370,3979.6260
2023-03-06,,,4938.3990,5324.6420,5674.1120,6838.4490,4109.0100,3322.0260,6395.2190,6997.0440,2744.1410,2431.5560,3979.6260
2023-03-07,,,4861.1710,5277.7130,5571.1510,6748.8650,4048.8520,3285.0990,6284.2990,6855.3440,2713.1680,2383.7310,3979.6260
2023-03-08,,,4846.3610,5264.4960,5574.5340,6749.3370,4034.1080,3283.2480,6301.5160,6891.4560,2691.9330,2377.5840,3979.6260
2023-03-09,,,4833.4090,5237.2930,5574.4300,6730.5410,4019.8510,3276.0940,6285.9520,6892.8570,2671.8430,2372.6800,3979.6260
2023-03-10,,,4771.1670,5158.0690,5502.3580,6622.7980,3967.1350,3230.0770,6204.8990,6798.2990,2636.3890,2370.3580,3979.6260
2023-03-13,,,4780.7180,5215.5480,5511.7020,6662.6930,4008.6860,3268.6960,6245.0030,6832.6210,2664.0380,2357.0680,3979.6260
2023-03-14,,,4730.7290,5175.7210,5490.8050,6595.4660,3984.6960,3245.3120,6189.3970,6769.8490,2645.1140,2343.1100,3979.6260
2023-03-15,,,4718.3990,5226.2670,5516.3840,6697.7150,3986.9020,3263.3150,6224.6400,6803.4740,2648.3850,2337.4630,3979.6260
2023-03-16,,,4635.2220,5145.2870,5423.7350,6618.6530,3939.1510,3226.8910,6140.8320,6689.7830,2622.8230,2302.0490,3979.6260
2023-03-17,,,4646.6760,5196.2220,5451.6210,6665.9940,3958.8190,3250.5460,6183.1840,6736.3670,2628.5910,2293.6700,3979.6260
2023-03-20,,,4632.3200,5158.7580,5459.9510,6633.0570,3939.0770,3234.9100,6160.3540,6721.4550,2616.7510,2291.9180,3979.6260
2023-03-21,,,4694.7620,5181.5460,5510.9250,6666.5680,3982.3780,3255.6510,6234.6790,6809.3910,2643.3580,2337.2570,3979.6260
2023-03-22,,,4699.2730,5185.0890,5546.7040,6697.7500,3999.4430,3265.7480,6269.7380,6840.3260,2651.5340,2341.9230,3979.6260
2023-03-23,,,4749.6030,5212.6110,5581.0340,6702.9110,4039.0900,3286.6490,6305.7590,6868.8350,2668.6690,2361.4090,3979.6260
2023-03-24,,,4744.7390,5182.9240,5606.2980,6694.2670,4027.0460,3265.6540,6310.0980,6867.9520,2653.2850,2370.3800,3979.6260
2023-03-27,,,4749.6680,5145.7650,5629.4150,6670.8360,4012.4770,3251.3970,6311.6000,6886.6890,2639.6230,2398.0150,3979.6260
2023-03-28,,,4713.5460,5154.0620,5542.8440,6672.9190,3999.5150,3245.3760,6279.9220,6825.3830,2638.7380,2369.1720,3979.6260
2023-03-29,,,4711.9960,5125.9480,5529.0760,6638.4320,4006.1440,3240.0570,6260.5510,6806.2810,2636.2230,2371.1900,3979.6260
2023-03-30,,,4763.1590,5171.1400,5556.1870,6657.9090,4038.5260,3261.2490,6286.1770,6807.6450,2664.2120,2383.0380,3979.6260
2023-03-31,,,4778.5450,5204.2920,5595.2170,6703.4630,4050.9260,3272.8600,6339.8180,6875.8080,2661.9200,2399.5020,3979.6260
2023-04-03,,,4828.1050,5248.5010,5679.0940,6770.6310,4090.5680,3296.3960,6413.8070,6962.2050,2665.7230,2440.2070,3979.6260
2023-04-04,,,4822.5390,5289.4890,5656.2070,6783.0430,4103.1050,3312.5580,6408.8990,6953.3630,2675.9170,2421.6550,3979.6260
2023-04-06,,,4848.2120,5287.8170,5712.5380,6759.2350,4096.6400,3312.6280,6416.8460,6983.0270,2666.4480,2426.5670,3979.6260
2023-04-07,,,4868.8960,5312.9500,5748.7120,6796.2460,4123.2800,3327.6460,6464.4660,7042.8900,2684.8620,2446.9450,3979.6260
2023-04-10,,,4827.6460,5299.7990,5671.0250,6760.5930,4104.8120,3315.3580,6410.5220,6968.5730,2684.9090,2443.5210,3979.6260
2023-04-11,,,4820.8380,5307.7730,5694.5610,6785.1600,4100.1480,3313.5710,6420.8770,6984.1420,2680.0440,2439.3960,3979.6260
2023-04-12,,,4803.0650,5338.0510,5722.5140,6824.9440,4097.2880,3327.1820,6443.4390,7021.0160,2665.7700,2429.2930,3979.6260
2023-04-13,,,4754.1130,5313.1580,5670.1830,6819.8770,4068.9790,3318.3640,6404.6460,6966.8180,2670.0140,2405.7600,3979.6260
2023-04-14,,,4784.4950,5368.8010,5726.6900,6818.1820,4091.9990,3338.1530,6431.0690,7020.0940,2679.0070,2428.0900,3979.6260
2023-04-17,,,4820.6300,5474.9990,5720.0460,6870.2990,4149.3840,3385.6100,6459.2400,7012.7730,2732.9740,2434.4420,3979.6260
2023-04-18,,,4805.9340,5471.3910,5701.3700,6854.9580,4162.0320,3393.3310,6449.8530,6997.0720,2744.4540,2431.1000,3979.6260
2023-04-19,,,4754.6460,5425.7170,5643.7490,6843.1470,4124.5590,3370.1280,6416.9700,6965.5760,2720.7180,2415.7600,3979.6260
2023-04-20,,,4704.8010,5427.4990,5633.2050,6840.3820,4113.0190,3367.0310,6411.7560,6963.8990,2704.8580,2386.6740,3979.6260
2023-04-21,,,4573.3360,5307.0590,5485.6930,6728.0230,4032.5670,3301.2580,6250.5450,6773.5120,2654.2110,2341.1910,3979.6260
2023-04-24,,,4492.4330,5265.9310,5422.0630,6703.9700,3982.6430,3275.4130,6208.7800,6725.2710,2618.4780,2301.2380,3979.6260
2023-04-25,,,4407.0110,5251.6770,5312.1110,6648.7030,3962.6660,3264.8720,6118.1530,6603.2390,2619.2330,2259.1930,3979.6260
2023-04-26,,,4448.4270,5234.5640,5311.3060,6674.8060,3959.2320,3264.1010,6142.1540,6624.4000,2617.9780,2294.0570,3979.6260
2023-04-27,,,4464.9330,5257.2470,5296.7910,6696.7480,3988.4190,3285.8840,6157.9360,6633.4930,2650.5700,2307.2710,3979.6260
2023-04-28,,,4489.8030,5326.0350,5381.4430,6794.0420,4029.0860,3323.2750,6241.2440,6723.3050,2677.7570,2324.7150,3979.6260
2023-05-04,,,4460.7350,5346.0400,5355.8470,6888.3020,4030.2470,3350.4590,6262.3890,6733.9690,2692.6910,2297.6700,3979.6260
2023-05-05,,,4409.9290,5317.8200,5279.9260,6852.1740,4016.8770,3334.5030,6200.5760,6653.6530,2685.1730,2267.6320,3979.6260
2023-05-08,,,4425.2500,5396.0440,5315.1920,6931.7620,4062.6620,3395.0040,6248.5830,6702.5000,2720.3230,2273.4000,3979.6260
2023-05-09,,,4362.5170,5314.3990,5252.7160,6901.6200,4027.8750,3357.6710,6181.9760,6611.6370,2703.9370,2245.8230,3979.6260
2023-05-10,,,4372.7820,5260.0210,5262.4410,6852.3080,3996.8700,3319.1510,6173.8090,6627.3110,2673.9060,2262.2170,3979.6260
2023-05-11,,,4381.7750,5247.5210,5260.3490,6834.5520,3990.6640,3309.5510,6154.4700,6622.5210,2666.0620,2276.5710,3979.6260
2023-05-12,,,4311.9450,5174.9710,5205.2940,6785.8160,3937.7620,3272.3620,6091.6460,6535.9440,2630.9480,2252.3800,3979.6260
2023-05-15,,,4403.9710,5219.6560,5292.0490,6793.8860,3998.8870,3310.7370,6159.3890,6585.9100,2677.0370,2299.9300,3979.6260
2023-05-16,,,4384.1660,5185.2920,5241.1340,6722.9460,3978.2050,3290.9870,6110.8270,6516.2890,2670.4510,2294.1920,3979.6260
2023-05-17,,,4374.3670,5173.9740,5245.3410,6723.2810,3960.1650,3284.2320,6122.0520,6554.9800,2649.3560,2293.6440,3979.6260
2023-05-18,,,4363.2070,5165.6500,5265.6250,6715.9230,3956.0700,3297.3200,6128.1760,6583.7380,2644.2180,2277.9740,3979.6260
2023-05-19,,,4373.7840,5125.5790,5253.7050,6658.9910,3944.5400,3283.5420,6117.0830,6602.3170,2633.3860,2278.5850,3979.6260
2023-05-22,,,4381.8600,5139.6400,5258.1580,6657.6050,3969.3280,3296.4700,6115.3150,6595.9840,2658.7890,2280.1510,3979.6260
2023-05-23,,,4327.0260,5058.0480,5210.7480,6588.8360,3913.1880,3246.2380,6052.4300,6528.4530,2617.5400,2253.3310,3979.6260
2023-05-24,,,4300.2270,4973.8190,5207.4500,6520.7780,3859.0940,3204.7490,6005.7910,6513.1820,2577.3420,2245.2570,3979.6260
2023-05-25,,,4300.2750,4946.2510,5187.5520,6480.2540,3850.5000,3201.2610,5988.1890,6501.0000,2564.5050,2244.1840,3979.6260
2023-05-26,,,4294.4540,4983.6840,5206.9380,6534.7640,3850.9510,3212.5040,6034.9830,6546.4080,2559.6140,2229.2680,3979.6260
2023-05-29,,,4237.3500,5000.3020,5195.1910,6554.9270,3833.9420,3221.4480,6025.1550,6534.1170,2548.2860,2203.8420,3979.6260
2023-05-30,,,4233.9290,5020.0410,5234.9720,6577.6460,3837.7530,3224.2130,6061.3090,6564.4690,2535.1440,2218.6030,3979.6260
2023-05-31,,,4206.0360,5007.8070,5217.4170,6544.0070,3798.5430,3204.5640,6047.8020,6561.6490,2493.3500,2193.4080,3979.6260
2023-06-01,,,4220.3600,4989.0200,5237.8480,6529.9650,3806.8680,3204.6350,6051.4600,6574.7580,2500.3400,2206.4260,3979.6260
2023-06-02,,,4294.2710,5057.4450,5307.3360,6574.5720,3861.8340,3230.0690,6105.2180,6626.2790,2543.5760,2233.2750,3979.6260
2023-06-05,,,4264.5590,5044.6340,5283.3340,6593.9340,3844.2490,3232.4410,6097.1060,6632.9560,2528.3990,2202.1360,3979.6260
2023-06-06,,,4200.4510,4999.4420,5169.9980,6491.8310,3808.1630,3195.3400,5983.4200,6489.8110,2519.1890,2164.8110,3979.6260
2023-06-07,,,4159.6650,4989.0780,5146.7890,6521.7980,3789.3420,3197.7590,5987.0110,6488.5570,2511.3930,2129.8980,3979.6260
2023-06-08,,,4165.3030,5013.4970,5101.1190,6546.1730,3820.1870,3213.5860,5966.1480,6442.4820,2540.0650,2123.9610,3979.6260
2023-06-09,,,4189.3800,5035.5830,5135.7660,6539.0020,3836.7030,3231.4060,6009.5830,6495.5640,2543.9320,2143.0090,3979.6260
2023-06-12,,,4228.8560,5014.1400,5167.3660,6529.0300,3844.4320,3228.8340,6027.7120,6530.1610,2542.1960,2152.4220,3979.6260
2023-06-13,,,4240.7570,4999.7710,5175.4200,6498.7820,3864.9070,3233.6730,6044.0370,6554.9570,2544.9500,2166.9620,3979.6260
2023-06-14,,,4244.7440,5006.8030,5165.6740,6487.4780,3864.0250,3228.9890,6044.0770,6578.1230,2541.8130,2163.3400,3979.6260
2023-06-15,,,4337.6060,5029.7670,5233.6420,6515.6000,3925.4990,3252.9750,6096.8080,6613.9550,2576.7420,2237.7400,3979.6260
2023-06-16,,,4386.8540,5042.6810,5274.7730,6524.8660,3963.3510,3273.3340,6148.0130,6669.0050,2600.9190,2270.0640,3979.6260
2023-06-19,,,4377.3050,5008.8290,5285.5610,6467.6430,3930.9080,3255.8060,6131.3850,6693.2990,2560.5290,2265.1850,3979.6260
2023-06-20,,,4362.7080,4961.7340,5296.6220,6432.0860,3924.2380,3240.3650,6126.1130,6693.9150,2547.2540,2271.4190,3979.6260
2023-06-21,,,4261.3740,4880.1190,5155.2490,6351.3210,3864.0320,3197.9010,5990.8460,6548.4070,2519.0790,2211.8360,3979.6260
2023-06-26,,,4211.8770,4817.4210,5087.7540,6262.4490,3809.6960,3150.6190,5887.0320,6420.9730,2488.7380,2186.2530,3979.6260
2023-06-27,,,4253.2630,4906.3580,5121.6870,6377.0350,3845.4330,3189.4430,5948.0030,6507.2730,2506.5990,2191.8280,3979.6260
2023-06-28,,,4238.6530,4912.1390,5103.2310,6393.6150,3840.7990,3189.3760,5942.3110,6475.5050,2510.7150,2182.0950,3979.6260
2023-06-29,,,4211.5870,4879.8770,5118.0180,6388.5790,3821.8440,3182.3810,5940.5780,6520.0390,2490.8970,2180.0630,3979.6260
2023-06-30,,,4276.7420,4917.2860,5198.8050,6432.1260,3842.4520,3202.0620,5998.7290,6602.0370,2492.1020,2215.0010,3979.6260
2023-07-03,,,4319.0060,4974.6560,5224.6510,6470.0080,3892.8820,3243.9750,6042.3120,6612.8840,2534.4740,2228.2110,3979.6260
2023-07-04,,,4330.9710,4957.3040,5241.8090,6436.1610,3899.0130,3245.3490,6055.2580,6638.4470,2537.5960,2232.7500,3979.6260
2023-07-05,,,4294.6670,4949.9210,5203.9780,6431.6880,3868.8050,3222.9470,6020.8210,6584.4230,2520.1750,2212.4150,3979.6260
2023-07-06,,,4258.5210,4914.0890,5172.0390,6386.3960,3842.7550,3205.5750,5988.5530,6567.0790,2501.3170,2192.1870,3979.6260
2023-07-07,,,4213.4910,4924.9460,5126.0070,6403.0340,3825.6990,3196.6090,5961.6060,6521.4270,2489.5350,2169.2080,3979.6260
2023-07-10,,,4256.7460,4936.5050,5139.8300,6419.5840,3844.3270,3203.6960,5984.2810,6526.8520,2503.2770,2198.8650,3979.6260
2023-07-11,,,4280.8540,4946.1110,5182.1010,6435.7730,3869.4860,3221.3670,6029.2320,6579.3700,2518.5280,2216.7790,3979.6260
2023-07-12,,,4270.5740,4926.1250,5113.2990,6373.5620,3843.4370,3196.1340,5962.7940,6482.9870,2513.4170,2196.8520,3979.6260
2023-07-13,,,4348.2530,4994.2430,5172.8260,6424.7510,3898.4230,3236.4800,6044.0580,6548.3130,2546.3810,2237.5150,3979.6260
2023-07-14,,,4322.8290,4992.0180,5136.1240,6425.2570,3899.1030,3237.7010,6030.5190,6544.4590,2547.9390,2224.0960,3979.6260
2023-07-17,,,4279.5820,4965.6580,5113.6460,6414.5270,3867.1750,3209.6300,6012.6900,6516.5600,2520.7860,2207.4450,3979.6260
2023-07-18,,,4263.2430,4966.1910,5129.1610,6417.9810,3854.9390,3197.8200,6001.8000,6510.0340,2511.6350,2200.6190,3979.6260
2023-07-19,,,4246.5660,4987.0830,5102.8630,6447.5750,3850.8660,3198.8360,5993.4130,6492.3490,2517.1060,2177.2470,3979.6260
2023-07-20,,,4220.8860,4967.9800,5054.2880,6401.7700,3823.6950,3169.5220,5925.4840,6408.7600,2506.8630,2155.6470,3979.6260
2023-07-21,,,4212.0510,4959.3870,5055.5770,6412.6670,3821.9100,3167.7450,5925.6260,6401.4170,2509.2930,2163.1170,3979.6260
2023-07-24,,,4163.9300,4935.6520,5013.7340,6414.0130,3805.2210,3164.1610,5916.7140,6393.7940,2500.0000,2146.9290,3979.6260
2023-07-25,,,4258.3650,5062.0250,5112.2540,6520.0920,3915.1150,3231.5210,6016.6310,6498.2690,2578.3510,2192.8970,3979.6260
2023-07-26,,,4260.0540,5058.5680,5095.1400,6530.6150,3907.0130,3223.0280,6001.5400,6457.2540,2576.3900,2191.1690,3979.6260
2023-07-27,,,4233.8910,5035.1760,5040.3660,6509.9580,3902.3460,3216.6710,5961.1840,6407.5460,2575.3650,2184.0960,3979.6260
2023-07-28,,,4272.0800,5137.0780,5098.3250,6629.2410,3992.7380,3275.9260,6043.2440,6465.3760,2647.0320,2219.5380,3979.6260
2023-07-31,,,4301.5470,5174.6030,5134.3190,6695.6700,4014.6300,3291.0400,6088.2430,6515.8490,2653.3690,2236.6730,3979.6260
2023-08-01,,,4301.0250,5178.9410,5140.8980,6703.0770,3998.0010,3290.9490,6098.8790,6507.4120,2645.8930,2223.7960,3979.6260
2023-08-02,,,4283.2450,5145.4980,5134.8150,6670.1100,3969.8950,3261.6900,6077.4650,6496.0220,2620.6840,2218.5650,3979.6260
2023-08-03,,,4311.5940,5170.6960,5145.4210,6697.7500,4004.9840,3280.4630,6098.6870,6499.5450,2645.1530,2241.9830,3979.6260
2023-08-04,,,4315.1850,5178.6370,5164.3560,6701.8400,4020.5790,3288.0840,6128.5560,6535.3220,2648.8450,2263.3730,3979.6260
2023-08-07,,,4272.3370,5137.9490,5142.2030,6638.3750,3990.1530,3268.8310,6090.7310,6503.9830,2634.5810,2240.7750,3979.6260
2023-08-08,,,4255.7870,5142.0010,5104.0780,6618.0340,3979.7320,3260.6200,6066.1020,6471.3440,2631.3770,2228.9090,3979.6260
2023-08-09,,,4234.2970,5109.1500,5074.8990,6571.1320,3967.5650,3244.4870,6021.7510,6420.9770,2628.7040,2228.7310,3979.6260
2023-08-10,,,4259.2080,5142.4180,5089.4190,6584.8990,3975.7170,3254.5600,6031.7110,6426.8140,2629.4430,2239.3060,3979.6260
2023-08-11,,,4170.3300,5036.0310,4992.7260,6463.4130,3884.2540,3189.2480,5913.3500,6304.6350,2568.8980,2187.0360,3979.6260
2023-08-14,,,4146.3070,5040.3240,4970.1340,6461.8100,3855.9060,3178.4270,5916.8030,6319.4070,2549.2840,2164.6930,3979.6260
2023-08-15,,,4101.7430,5046.2540,4917.1300,6458.1620,3846.5360,3176.1760,5879.7780,6261.7330,2546.4420,2148.6740,3979.6260
2023-08-16,,,4049.5930,5022.5970,4870.5800,6443.0820,3818.3340,3150.1280,5833.2160,6186.4030,2530.8100,2132.9690,3979.6260
2023-08-17,,,4081.8940,5025.7030,4911.6300,6467.3930,3831.1010,3163.7390,5874.3610,6247.6010,2536.4890,2147.0610,3979.6260
2023-08-18,,,4018.0370,4959.9750,4812.8630,6386.8070,3784.0040,3131.9530,5777.7970,6117.1070,2507.5800,2118.9250,3979.6260
2023-08-21,,,3969.8880,4911.3080,4760.9820,6314.9450,3729.5550,3092.9780,5710.7780,6057.1710,2475.0900,2084.9690,3979.6260
2023-08-22,,,3968.9630,4947.1610,4762.1660,6329.2320,3758.2270,3120.3340,5741.0610,6099.1950,2493.7640,2086.9410,3979.6260
2023-08-23,,,3888.3470,4879.4380,4651.2860,6264.6450,3696.6340,3078.4020,5629.5000,5973.6710,2461.1870,2038.9760,3979.6260
2023-08-24,,,3930.1540,4886.8240,4682.7350,6254.1840,3723.4290,3082.2440,5652.6730,5987.9660,2480.7520,2064.5730,3979.6260
2023-08-25,,,3871.6930,4861.4380,4625.9290,6245.9690,3709.1520,3064.0750,5581.2120,5879.0270,2485.3340,2040.3990,3979.6260
2023-08-28,,,3891.6070,4943.6180,4672.7310,6348.9100,3752.6190,3098.6360,5644.1410,5922.1620,2518.1860,2060.0440,3979.6260
2023-08-29,,,3987.5680,4966.6800,4807.5860,6403.7660,3790.1070,3135.8870,5770.3160,6108.7590,2529.2230,2118.1940,3979.6260
2023-08-30,,,4013.6910,4941.0980,4834.6440,6341.5440,3788.5100,3137.1380,5775.1530,6139.6270,2522.5420,2117.1250,3979.6260
2023-08-31,,,3989.3610,4908.6850,4809.0920,6280.3490,3765.2680,3119.8760,5739.3980,6104.2950,2510.4580,2102.5750,3979.6260
2023-09-01,,,4013.0220,4975.0720,4822.6670,6331.7400,3791.4910,3133.2470,5750.8030,6107.2000,2532.2540,2100.2580,3979.6260
2023-09-04,,,4077.7110,5065.5520,4893.7000,6450.3080,3848.9520,3177.0600,5829.7840,6198.7620,2577.4650,2118.0340,3979.6260
2023-09-05,,,4052.9150,5027.9000,4874.2620,6394.8460,3820.3170,3154.3690,5788.7150,6167.6420,2561.7900,2111.3270,3979.6260
2023-09-06,,,4039.6530,5014.8020,4892.8420,6373.9090,3812.0280,3158.0770,5790.3810,6195.3830,2559.3570,2101.3980,3979.6260
2023-09-07,,,3967.5040,4970.7320,4806.4570,6301.2020,3758.4750,3122.3520,5702.7010,6083.4890,2534.1560,2056.9800,3979.6260
2023-09-08,,,3945.0550,4950.8790,4815.0790,6287.9380,3739.9930,3116.7190,5708.6230,6102.4880,2519.9690,2049.7650,3979.6260
2023-09-11,,,3976.4710,5000.1620,4879.0290,6370.1990,3767.5370,3142.7790,5774.7310,6182.6430,2536.1710,2063.1890,3979.6260
2023-09-12,,,3960.0240,4984.6300,4879.8150,6368.1600,3760.6050,3137.0590,5770.9260,6184.6060,2531.8260,2051.0390,3979.6260
2023-09-13,,,3923.8380,4977.8810,4833.4580,6349.0920,3736.6510,3123.0670,5715.3970,6103.1370,2524.5410,2027.7290,3979.6260
2023-09-14,,,3902.4230,5014.5180,4817.1670,6381.2410,3733.5080,3126.5510,5702.1020,6068.7130,2530.9790,2011.8830,3979.6260
2023-09-15,,,3896.9650,4998.4940,4827.5150,6401.2070,3708.7770,3117.7430,5704.6630,6079.0630,2514.9790,2002.7280,3979.6260
2023-09-18,,,3917.2920,4998.4420,4829.0910,6402.1140,3727.7110,3125.9320,5719.6890,6083.9690,2531.8970,2020.4670,3979.6260
2023-09-19,,,3892.1620,5008.1200,4788.8890,6414.2150,3720.5020,3124.9570,5687.9010,6031.0420,2532.2790,2002.6650,3979.6260
2023-09-20,,,3862.1230,4995.3950,4744.0790,6391.4430,3705.6900,3108.5680,5651.0060,5982.5580,2521.5620,1987.2960,3979.6260
2023-09-21,,,3840.1080,4969.7500,4714.0430,6348.1430,3672.4450,3084.7010,5611.9190,5939.6640,2495.7390,1967.6070,3979.6260
2023-09-22,,,3885.4170,4991.6520,4820.6380,6404.9480,3738.9330,3132.4320,5698.8170,6054.9280,2550.9830,2013.3440,3979.6260
2023-09-25,,,3868.1560,4967.8050,4796.3060,6374.0130,3714.6040,3115.6070,5666.6640,6027.3940,2529.1500,2005.2550,3979.6260
2023-09-26,,,3848.2310,4945.8950,4759.6110,6343.3540,3692.8930,3102.2730,5646.6540,5996.1100,2513.4070,1989.8280,3979.6260
2023-09-27,,,3883.1500,4946.7460,4801.3710,6351.6300,3700.4950,3107.3160,5674.3450,6034.0610,2520.1400,2006.2240,3979.6260
2023-09-28,,,3881.7080,4937.0830,4818.1050,6355.6740,3689.5170,3110.4750,5690.7700,6078.9450,2507.0860,2003.9080,3979.6260
2023-10-09,,,3868.3020,4929.1450,4779.0790,6309.6960,3684.7270,3096.9220,5658.0830,6059.9650,2499.5670,1998.6070,3979.6260
2023-10-10,,,3846.1250,4887.4010,4745.2520,6243.5550,3657.1260,3075.2360,5630.3710,6043.4820,2482.5350,1987.9380,3979.6260
2023-10-11,,,3858.5690,4864.9040,4763.8520,6223.1990,3667.5480,3078.9560,5629.7890,6059.4010,2490.8550,2003.9020,3979.6260
2023-10-12,,,3901.8980,4910.1700,4804.7760,6295.2870,3702.3820,3107.9010,5671.6420,6104.4560,2514.3900,2019.1020,3979.6260
2023-10-13,,,3863.7720,4876.8230,4769.9610,6263.2650,3663.4100,3088.0990,5633.3830,6081.8660,2489.1250,1996.6010,3979.6260
2023-10-16,,,3806.9270,4871.8730,4708.8660,6261.4130,3626.5970,3073.8130,5580.6670,6024.3590,2468.4360,1956.7230,3979.6260
2023-10-17,,,3819.5780,4884.0500,4722.8330,6286.9710,3639.4020,3083.4960,5595.3420,6011.3700,2478.9050,1961.8860,3979.6260
2023-10-18,,,3750.1670,4825.0000,4647.2960,6212.8110,3610.5770,3058.7100,5524.5990,5908.0080,2467.1920,1938.4350,3979.6260
2023-10-19,,,3708.2440,4751.4950,4613.4030,6125.4190,3533.5450,3005.3930,5464.0270,5842.8920,2401.9300,1913.7020,3979.6260
2023-10-20,,,3693.9570,4735.3910,4581.1130,6107.1520,3510.5890,2983.0590,5423.6750,5774.3200,2389.2200,1896.9460,3979.6260
2023-10-23,,,3614.1980,4641.2030,4455.0810,5970.2660,3474.2440,2939.2910,5290.3340,5638.1360,2369.9350,1864.9090,3979.6260
2023-10-24,,,3654.2570,4676.9530,4507.8500,6029.7670,3487.1300,2962.2440,5352.0120,5719.3230,2378.4390,1880.8140,3979.6260
2023-10-25,,,3645.7140,4709.1810,4505.7780,6084.5180,3504.4580,2974.1140,5375.9980,5778.9050,2386.3030,1863.7960,3979.6260
2023-10-26,,,3630.1440,4719.7120,4508.7300,6097.6920,3514.1450,2988.2990,5398.9340,5811.6920,2393.7340,1875.8580,3979.6260
2023-10-27,,,3722.7640,4758.7540,4611.7830,6170.3310,3562.3850,3017.7840,5492.0270,5916.6780,2414.9130,1929.9090,3979.6260
2023-10-30,,,3772.9580,4740.1320,4668.4410,6168.7990,3583.7720,3021.5530,5546.3880,6006.5590,2414.1560,1977.6860,3979.6260
2023-10-31,,,3755.6970,4736.6970,4655.6410,6155.3920,3572.5060,3018.7710,5528.2390,5969.3410,2411.4790,1968.2260,3979.6260
2023-11-01,,,3745.3880,4725.2140,4635.0200,6147.4200,3571.0270,3023.0770,5509.9660,5958.4180,2420.7350,1959.1270,3979.6260
2023-11-02,,,3698.7530,4700.2740,4578.9940,6117.0970,3554.1890,3009.4060,5459.4520,5885.2470,2417.4590,1939.7050,3979.6260
2023-11-03,,,3749.2820,4705.7660,4644.5350,6117.6580,3584.1360,3030.7980,5510.3570,5973.1670,2436.9410,1968.2130,3979.6260
2023-11-06,,,3811.6800,4728.1540,4743.4050,6179.5080,3632.6080,3058.4110,5605.0620,6096.5700,2456.7750,2032.3350,3979.6260
2023-11-07,,,3812.5900,4728.6510,4746.4980,6163.8400,3619.7590,3057.2700,5611.0980,6116.7570,2443.9660,2022.7660,3979.6260
2023-11-08,,,3806.2260,4701.7450,4744.1020,6152.9180,3611.0720,3052.3730,5608.0170,6138.9380,2436.6980,2023.1300,3979.6260
2023-11-09,,,3809.5160,4715.0540,4744.4990,6154.1760,3612.8260,3053.2790,5592.0570,6100.6930,2436.2350,2018.3850,3979.6260
2023-11-10,,,3801.2460,4705.8910,4720.6570,6128.9570,3586.4890,3038.9700,5573.1000,6088.5580,2414.0170,2005.2350,3979.6260
2023-11-13,,,3811.8320,4713.9560,4751.0120,6155.2410,3579.4140,3046.5330,5605.5690,6144.6350,2407.5890,2009.2140,3979.6260
2023-11-14,,,3814.2720,4715.6290,4764.4530,6163.9260,3582.0580,3056.0700,5630.5530,6181.9800,2406.3970,2004.8130,3979.6260
2023-11-15,,,3849.8420,4748.4080,4784.7380,6199.2850,3607.2450,3072.8350,5664.6170,6207.2680,2427.1240,2015.3640,3979.6260
2023-11-16,,,3794.2610,4722.2940,4720.6870,6165.1530,3572.3640,3050.9260,5609.3610,6145.1510,2404.3190,1978.1180,3979.6260
2023-11-17,,,3796.8410,4714.2440,4759.4120,6173.5260,3568.0690,3054.3660,5631.4230,6199.2280,2398.2040,1986.5260,3979.6260
2023-11-20,,,3797.7720,4710.1240,4798.8090,6207.3620,3576.3230,3068.3190,5659.7730,6253.2760,2404.7670,1992.9700,3979.6260
2023-11-21,,,3785.6430,4725.7000,4771.4540,6206.1390,3581.0670,3067.9330,5641.0840,6212.1250,2416.2410,1984.2710,3979.6260
2023-11-22,,,3725.1380,4684.8590,4691.5930,6164.9660,3544.4160,3043.6110,5572.8990,6132.9700,2396.9040,1950.0080,3979.6260
2023-11-23,,,3749.2390,4724.9950,4736.7500,6228.8960,3561.5200,3061.8560,5622.9890,6197.5260,2405.1650,1961.3510,3979.6260
2023-11-24,,,3708.9810,4719.0260,4679.5300,6212.5340,3538.0090,3040.9720,5570.4210,6115.4070,2391.0210,1937.9400,3979.6260
2023-11-27,,,3694.0730,4699.3760,4687.2150,6190.9700,3511.9420,3031.7000,5566.5070,6111.3640,2370.7190,1926.2010,3979.6260
2023-11-28,,,3707.2380,4700.6150,4707.6290,6203.6940,3518.5230,3038.5550,5591.4960,6143.3020,2371.2120,1938.4230,3979.6260
2023-11-29,,,3687.5810,4669.4050,4677.8370,6161.1080,3488.3070,3021.6870,5553.3350,6113.3660,2358.1160,1917.9030,3979.6260
2023-11-30,,,3680.4250,4673.3260,4663.5660,6163.9380,3496.2030,3029.6730,5545.0500,6080.5470,2365.9960,1922.5910,3979.6260
2023-12-01,,,3677.0130,4682.8190,4693.3970,6193.6790,3482.8810,3031.6360,5566.8690,6130.0510,2352.0000,1926.2840,3979.6260
2023-12-04,,,3658.0840,4681.0500,4686.5850,6189.4040,3460.1380,3022.9140,5559.0680,6114.3930,2333.8790,1908.9170,3979.6260
2023-12-05,,,3592.4090,4607.8050,4600.7670,6105.5940,3394.2570,2972.2960,5460.4090,5992.6000,2286.5810,1871.0960,3979.6260
2023-12-06,,,3622.9600,4611.2800,4632.1860,6127.4280,3399.5980,2968.9330,5481.8240,6023.8040,2284.0640,1881.9420,3979.6260
2023-12-07,,,3599.3160,4606.6120,4628.1670,6141.0680,3391.2820,2966.2060,5481.1360,6020.8300,2274.8280,1877.2120,3979.6260
2023-12-08,,,3626.4020,4608.8200,4633.1410,6119.8000,3399.4620,2969.5590,5497.9900,6003.1440,2281.6490,1892.1780,3979.6260
2023-12-11,,,3652.7950,4645.1710,4680.6840,6184.5340,3419.4550,2991.4390,5564.8540,6075.0800,2292.6790,1915.7370,3979.6260
2023-12-12,,,3640.2450,4661.5210,4671.2700,6201.5770,3426.8030,3003.4380,5566.1780,6078.9900,2305.1380,1903.8710,3979.6260
2023-12-13,,,3577.3580,4603.5390,4617.4080,6155.1220,3369.6050,2968.7610,5507.5130,6019.5530,2261.0180,1872.3410,3979.6260
2023-12-14,,,3564.3210,4593.8320,4596.3970,6155.3390,3351.9640,2958.9860,5489.3270,5991.8620,2249.9390,1860.5130,3979.6260
2023-12-15,,,3548.5870,4577.8650,4574.1490,6115.7640,3341.5520,2942.5570,5449.7860,5951.6000,2245.2880,1848.5010,3979.6260
2023-12-18,,,3502.3100,4547.9520,4504.5170,6058.7980,3329.3660,2930.8040,5385.2700,5857.0050,2251.2300,1819.9950,3979.6260
2023-12-19,,,3508.8360,4538.1290,4510.7480,6043.0870,3334.0410,2932.3910,5379.8740,5863.5420,2257.2100,1827.6720,3979.6260
2023-12-20,,,3471.4600,4517.2750,4454.4750,5986.9730,3297.5020,2902.1100,5309.2870,5761.3120,2237.5810,1802.8810,3979.6260
2023-12-21,,,3511.0750,4536.1470,4490.8010,5992.6030,3330.8700,2918.7150,5338.7620,5798.9120,2261.3820,1832.6160,3979.6260
2023-12-22,,,3520.0540,4542.9540,4479.2920,5960.7160,3337.2280,2914.7750,5311.6900,5733.9090,2270.5020,1825.8420,3979.6260
2023-12-25,,,3543.5760,4542.1580,4491.5280,5947.9780,3347.4510,2918.8130,5315.3750,5735.7260,2272.9580,1831.5690,3979.6260
2023-12-26,,,3510.8760,4516.6950,4446.5750,5910.2740,3324.7900,2898.8790,5258.2840,5651.5880,2262.2100,1808.5000,3979.6260
2023-12-27,,,3512.7250,4550.2500,4461.5600,5950.0100,3336.3570,2914.6140,5285.5300,5696.1610,2266.5440,1809.8320,3979.6260
2023-12-28,,,3620.1820,4603.6180,4575.8140,6000.3170,3414.5400,2954.7040,5382.7970,5805.5270,2317.7030,1879.4960,3979.6260
2023-12-29,,,3635.9970,4624.2750,4614.5860,6037.7650,3431.1100,2974.9350,5429.2290,5887.2350,2326.1730,1891.3660,3979.6260
2024-01-02,,,3594.8130,4661.8070,4583.9480,6064.9410,3386.3520,2962.2760,5409.4550,5854.7490,2292.2290,1855.9220,3979.6260
2024-01-03,,,3581.1300,4685.9280,4568.1030,6110.9290,3378.2970,2967.2470,5401.3950,5824.0430,2294.8360,1834.7320,3979.6260
2024-01-04,,,3541.1920,4671.2610,4517.6460,6096.8660,3347.0520,2954.3490,5355.3220,5783.0160,2279.0360,1801.7610,3979.6260
2024-01-05,,,3495.1050,4647.9080,4444.2290,6063.9790,3329.1110,2929.1830,5281.8710,5675.8090,2268.5380,1775.5770,3979.6260
2024-01-08,,,3425.7880,4592.2840,4340.0200,5963.4970,3286.0560,2887.5380,5167.7000,5543.5750,2243.8420,1744.4110,3979.6260
2024-01-09,,,3438.8050,4609.6080,4355.5320,5999.4770,3292.4990,2893.2510,5180.6530,5553.3040,2245.6220,1750.7750,3979.6260
2024-01-10,,,3450.8480,4590.7270,4342.6470,5978.5520,3277.1290,2877.7020,5158.0780,5512.0690,2235.2090,1743.1980,3979.6260
2024-01-11,,,3488.1180,4590.0140,4420.6770,6012.1360,3295.6720,2886.6500,5223.8630,5611.1150,2240.1060,1777.2720,3979.6260
2024-01-12,,,3469.5670,4597.8170,4394.5110,6015.4280,3284.1670,2881.9770,5206.1780,5574.4930,2237.2070,1761.1600,3979.6260
2024-01-15,,,3449.9020,4614.5630,4379.7620,6023.3710,3280.9200,2886.2910,5193.2960,5559.3760,2238.5030,1745.6090,3979.6260
2024-01-16,,,3447.0450,4621.2850,4376.9140,6029.4840,3300.8760,2893.9890,5190.3980,5539.4740,2248.9750,1752.2300,3979.6260
2024-01-17,,,3345.0580,4529.7980,4239.8740,5925.7080,3229.0820,2833.6150,5061.5400,5389.1220,2199.2590,1699.6200,3979.6260
2024-01-18,,,3379.7620,4516.8750,4251.7500,5877.6770,3274.7290,2845.7840,5066.9580,5373.4240,2238.4590,1732.3580,3979.6260
2024-01-19,,,3339.0350,4492.5110,4215.0510,5832.6920,3269.7760,2832.2790,5018.4330,5306.9860,2243.5400,1715.4360,3979.6260
2024-01-22,,,3212.7380,4332.1240,3989.4900,5567.6800,3218.9020,2756.3400,4780.9750,5000.8340,2230.6090,1666.8800,3979.6260
2024-01-23,,,3256.2360,4390.6030,4063.8430,5656.7520,3231.9330,2770.9760,4865.7430,5079.6320,2226.3710,1687.6140,3979.6260
2024-01-24,,,3263.5760,4494.9220,4095.5120,5795.2420,3277.1090,2820.7720,4933.7010,5143.4080,2260.5580,1696.1880,3979.6260
2024-01-25,,,3341.8130,4640.7980,4196.3270,5981.0220,3342.9190,2906.1090,5073.1780,5316.1950,2312.8540,1720.7830,3979.6260
2024-01-26,,,3288.5440,4665.3080,4138.0400,6017.1360,3333.8210,2910.2230,5027.0930,5269.7650,2314.3740,1682.4780,3979.6260
2024-01-29,,,3204.6220,4650.7970,4024.6560,5961.3820,3303.9600,2883.3560,4927.9140,5131.2470,2304.4360,1623.8120,3979.6260
2024-01-30,,,3116.4580,4569.8530,3904.7240,5837.4170,3245.0390,2830.5270,4814.9910,4984.6600,2270.9790,1583.7710,3979.6260
2024-01-31,,,3050.5190,4528.2190,3779.5160,5737.5540,3215.3520,2788.5480,4696.9800,4785.0320,2254.2990,1573.3720,3979.6260
2024-02-01,,,3055.4010,4494.4860,3770.1330,5673.8260,3217.7110,2770.7400,4678.7310,4750.4440,2248.2680,1589.0370,3979.6260
2024-02-02,,,2975.7710,4449.0600,3653.8190,5565.4790,3179.6280,2730.1520,4563.2220,4574.6690,2229.0140,1550.3740,3979.6260
2024-02-05,,,2940.2850,4411.4790,3519.4430,5440.3380,3200.4220,2702.1850,4460.2640,4293.0700,2255.2810,1562.6100,3979.6260
2024-02-06,,,3131.4940,4597.4950,3813.6010,5774.0730,3311.6920,2789.4860,4805.9010,4592.4440,2318.8420,1667.4450,3979.6260
2024-02-07,,,3255.9140,4716.1380,4049.0760,6084.9040,3343.6300,2829.6960,5109.5690,4797.8460,2344.1510,1707.0200,3979.6260
2024-02-08,,,3288.6550,4726.6660,4122.3910,6112.9230,3364.9300,2865.9030,5150.2290,4993.1050,2352.5780,1726.8590,3979.6260
2024-02-19,,,3319.9010,4788.9160,4109.2220,6094.3000,3403.8080,2910.5440,5141.6040,5029.5860,2371.5480,1746.4220,3979.6260
2024-02-20,,,3317.8880,4814.9020,4108.8590,6129.0110,3410.8540,2922.7300,5140.9580,5046.0120,2369.0830,1746.1760,3979.6260
2024-02-21,,,3352.8960,4824.5890,4121.2210,6134.3150,3456.8710,2950.9560,5139.0370,5073.4820,2410.2280,1752.4780,3979.6260
2024-02-22,,,3398.4730,4890.6940,4159.0490,6177.6480,3486.6750,2988.3580,5176.3430,5151.5340,2433.0820,1757.8690,3979.6260
2024-02-23,,,3409.1280,4889.7260,4195.6070,6179.4760,3489.7420,3004.8810,5197.7120,5225.6700,2433.4070,1758.1930,3979.6260
2024-02-26,,,3405.2600,4829.4770,4202.0280,6144.9760,3453.3590,2977.0220,5195.4640,5255.3960,2393.5490,1751.7030,3979.6260
2024-02-27,,,3467.8330,4882.0610,4304.6630,6229.1890,3494.7870,3015.4810,5307.8040,5394.0340,2405.0610,1793.9790,3979.6260
2024-02-28,,,3382.5590,4827.5670,4168.9480,6161.4300,3450.2600,2957.8520,5184.0470,5152.0520,2385.6100,1748.9700,3979.6260
2024-02-29,,,3495.7770,4918.3000,4312.0220,6296.4590,3516.0830,3015.1710,5346.7930,5344.6050,2413.1360,1807.0340,3979.6260
2024-03-01,,,3523.0600,4931.4470,4349.7040,6302.3090,3537.8040,3027.0200,5379.0480,5401.9390,2414.8440,1824.0350,3979.6260
2024-03-04,,,3547.4390,4963.3960,4364.6670,6312.0460,3540.8690,3039.3060,5388.8200,5428.3360,2418.5840,1834.8330,3979.6260
2024-03-05,,,3520.6420,4962.3730,4325.0620,6285.8110,3565.5140,3047.7930,5351.8270,5375.1320,2446.4170,1833.6610,3979.6260
2024-03-06,,,3522.9760,4974.5590,4325.6270,6289.5620,3551.0480,3039.9310,5350.1020,5381.4590,2434.1160,1832.5800,3979.6260
2024-03-07,,,3476.2540,4998.3190,4259.1570,6269.3260,3529.7200,3027.4010,5277.2990,5303.2770,2426.9730,1789.9360,3979.6260
2024-03-08,,,3523.3480,5046.8910,4314.3920,6325.0620,3544.9100,3046.0190,5349.5950,5370.3720,2426.1680,1807.2940,3979.6260
2024-03-11,,,3586.1840,5028.5880,4407.8260,6356.4950,3589.2640,3068.4550,5441.0510,5466.6460,2443.1060,1890.4100,3979.6260
2024-03-12,,,3598.4000,4954.7660,4408.8130,6292.7570,3597.4940,3055.9350,5423.7180,5496.3550,2450.4690,1906.0370,3979.6260
2024-03-13,,,3586.2050,4937.1150,4407.1330,6263.3750,3572.3610,3043.8350,5415.1130,5521.7840,2427.5970,1895.1470,3979.6260
2024-03-14,,,3566.8970,4964.7700,4374.8910,6268.1090,3562.2230,3038.2340,5392.9270,5486.6460,2423.8560,1883.0210,3979.6260
2024-03-15,,,3591.1950,5002.4450,4418.5320,6327.5230,3569.9930,3054.6360,5454.1460,5555.6440,2427.1970,1884.0880,3979.6260
2024-03-18,,,3631.8370,5020.9020,4480.7000,6366.8900,3603.5280,3084.9260,5528.4470,5648.0120,2438.1910,1926.3960,3979.6260
2024-03-19,,,3610.9900,4984.7180,4436.6540,6300.9950,3577.6300,3062.7560,5478.2250,5607.4750,2416.8350,1906.9380,3979.6260
2024-03-20,,,3599.5340,4997.1190,4452.8120,6302.0430,3585.3840,3079.6860,5493.4140,5659.1540,2426.4590,1909.2450,3979.6260
2024-03-21,,,3571.6050,4995.0460,4416.4660,6289.6750,3581.0900,3077.1130,5465.8290,5658.2790,2427.1010,1897.0940,3979.6260
2024-03-22,,,3502.9140,4931.2960,4336.4950,6209.1950,3545.0020,3048.0340,5384.5660,5595.8850,2403.2020,1869.1750,3979.6260
2024-03-25,,,3461.8170,4943.5830,4248.0660,6177.5430,3525.7630,3026.3060,5294.7460,5466.0620,2401.2110,1833.4410,3979.6260
2024-03-26,,,3473.6880,4952.6870,4247.2810,6176.7140,3543.7470,3031.4810,5284.4190,5447.7480,2413.7420,1841.5350,3979.6260
2024-03-27,,,3389.8010,4903.7450,4120.9700,6097.1570,3502.7870,2993.1390,5156.6840,5266.2310,2398.9370,1789.8190,3979.6260
2024-03-28,,,3425.2040,4929.8810,4183.6510,6139.1480,3520.9650,3010.6640,5223.8060,5382.2360,2401.9870,1806.8970,3979.6260
2024-03-29,,,3451.0180,5017.2770,4233.3210,6232.1190,3537.4840,3041.1670,5286.1610,5441.2600,2414.9200,1818.2030,3979.6260
2024-04-01,,,3521.4330,5069.7740,4326.5560,6345.6670,3595.6470,3077.3790,5401.2250,5559.0560,2441.5670,1872.1180,3979.6260
2024-04-02,,,3521.6160,5078.2890,4343.2520,6373.4730,3580.6760,3074.9590,5381.2290,5531.0520,2435.7570,1860.4940,3979.6260
2024-04-03,,,3533.9980,5130.3680,4348.5670,6423.4260,3567.8030,3069.2960,5374.5950,5500.9260,2430.1690,1840.4120,3979.6260
2024-04-08,,,3459.1860,5095.0010,4274.5950,6376.1390,3536.4080,3047.0530,5298.5910,5399.9150,2414.0910,1807.0480,3979.6260
2024-04-09,,,3494.5960,5085.0540,4360.6590,6377.7250,3533.4870,3048.5370,5342.8980,5468.9110,2404.6090,1827.5790,3979.6260
2024-04-10,,,3452.4030,5088.1650,4290.7710,6360.3510,3504.7090,3027.3350,5275.4730,5367.0520,2396.7430,1789.9410,3979.6260
2024-04-11,,,3453.0140,5137.0350,4293.7260,6434.6040,3504.2450,3034.2460,5301.8090,5379.9150,2394.8670,1782.0850,3979.6260
2024-04-12,,,3428.0030,5128.3720,4261.2410,6400.7970,3475.8390,3019.4740,5277.2190,5338.7690,2374.0470,1762.8770,3979.6260
2024-04-15,,,3481.5350,5228.2600,4284.8900,6522.1060,3549.0760,3057.3780,5339.7220,5287.5120,2424.0170,1795.5180,3979.6260
2024-04-16,,,3381.3380,5121.6960,4121.3630,6394.9930,3511.1150,3007.0680,5191.5540,5066.6600,2412.3220,1760.2000,3979.6260
2024-04-17,,,3464.5800,5228.6040,4253.2020,6543.2920,3565.4030,3071.3810,5339.7470,5287.4560,2439.8560,1797.3110,3979.6260
2024-04-18,,,3462.4210,5229.6210,4259.7570,6552.2010,3569.8020,3074.2250,5349.8360,5286.7190,2445.2050,1787.4890,3979.6260
2024-04-19,,,3417.5120,5231.8400,4229.9930,6584.7810,3541.6620,3065.2610,5314.8670,5264.3890,2430.5820,1756.0010,3979.6260
2024-04-22,,,3398.5690,5163.6040,4189.8890,6471.9390,3530.9050,3044.5950,5267.5810,5246.0820,2424.7470,1750.4630,3979.6260
2024-04-23,,,3370.3400,5044.6720,4148.3670,6354.9090,3506.2250,3021.9780,5208.2710,5218.4280,2413.7390,1753.1610,3979.6260
2024-04-24,,,3403.1820,5083.4680,4195.5400,6384.9460,3521.6220,3044.8220,5263.0390,5305.6070,2424.1190,1765.4100,3979.6260
2024-04-25,,,3403.2520,5108.2090,4214.5970,6411.0490,3530.2810,3052.9000,5259.3350,5313.9860,2431.6220,1764.7270,3979.6260
2024-04-26,,,3456.1420,5166.9690,4288.6930,6497.2150,3584.2690,3088.6360,5372.1210,5415.9380,2461.8560,1823.7410,3979.6260
2024-04-29,,,3555.9670,5207.4510,4404.9320,6557.9170,3623.9120,3113.0430,5478.4910,5545.2350,2474.3400,1887.5710,3979.6260
2024-04-30,,,3536.7020,5214.3830,4350.5350,6556.0850,3604.3940,3104.8250,5441.1410,5497.4300,2464.2440,1858.3930,3979.6260
2024-05-06,,,3598.7770,5291.7150,4454.4890,6684.3460,3657.8770,3140.7200,5528.6040,5606.8420,2495.7620,1895.2080,3979.6260
2024-05-07,,,3610.2160,5300.3330,4470.8530,6679.3120,3659.0080,3147.7380,5527.0850,5625.3360,2499.7710,1892.5390,3979.6260
2024-05-08,,,3570.8590,5266.0360,4417.6640,6617.2190,3630.2230,3128.4800,5458.7560,5536.6590,2486.0190,1865.1080,3979.6260
2024-05-09,,,3634.1990,5351.7780,4531.0890,6720.5410,3664.5610,3154.3200,5556.7710,5626.8250,2501.7310,1900.0090,3979.6260
2024-05-10,,,3609.6730,5388.2290,4493.3440,6738.8370,3666.2770,3154.5470,5535.3950,5574.2320,2508.5750,1878.1650,3979.6260
2024-05-13,,,3582.8880,5397.4250,4451.3480,6753.3070,3664.6910,3148.0210,5505.2600,5520.8040,2506.4590,1860.3660,3979.6260
2024-05-14,,,3569.6930,5395.8310,4449.3830,6755.0600,3657.0450,3145.7740,5500.7380,5551.6750,2496.7360,1855.5980,3979.6260
2024-05-15,,,3534.4050,5350.6120,4414.0170,6694.0680,3626.0560,3119.9020,5446.6560,5497.2350,2477.3900,1838.8870,3979.6260
2024-05-16,,,3527.8400,5339.8030,4397.6530,6665.5840,3640.3590,3122.4010,5424.6650,5488.9460,2489.4140,1844.2110,3979.6260
2024-05-17,,,3565.4920,5380.2370,4465.2220,6727.9880,3677.9700,3154.0260,5491.8940,5563.2310,2524.1710,1864.9390,3979.6260
2024-05-20,,,3605.6470,5457.7160,4492.8520,6762.3860,3690.9620,3171.1450,5523.5010,5596.7770,2532.8240,1875.9280,3979.6260
2024-05-21,,,3566.6640,5416.7870,4431.8750,6718.0850,3676.1610,3157.9660,5478.9130,5536.7450,2525.2330,1861.4810,3979.6260
2024-05-22,,,3575.8980,5389.9160,4439.8630,6683.8670,3684.4510,3158.5400,5468.6070,5539.6600,2529.0400,1877.9270,3979.6260
2024-05-23,,,3513.5480,5308.4730,4339.5850,6550.5390,3641.7920,3116.3870,5362.3050,5412.8240,2500.8210,1852.0670,3979.6260
2024-05-24,,,3466.3910,5310.5840,4281.9590,6546.7550,3601.4750,3088.8710,5313.4550,5350.1070,2474.4250,1818.5620,3979.6260
2024-05-27,,,3509.8180,5375.0760,4334.3260,6632.4880,3635.7080,3124.0430,5371.3690,5404.6160,2497.6010,1830.9580,3979.6260
2024-05-28,,,3486.2020,5343.8460,4298.7430,6567.2980,3609.1720,3109.5720,5316.1290,5348.0290,2490.1610,1806.2550,3979.6260
2024-05-29,,,3503.4390,5370.3350,4330.2920,6579.4640,3613.5220,3111.0180,5328.3060,5351.2520,2493.1690,1811.0680,3979.6260
2024-05-30,,,3484.3910,5296.2410,4325.2710,6520.3220,3594.3120,3091.6780,5308.6600,5334.2960,2473.7580,1813.1550,3979.6260
2024-05-31,,,3473.4500,5279.7900,4312.9970,6504.9220,3579.9250,3086.8130,5308.5400,5355.2100,2462.1830,1805.1090,3979.6260
2024-06-03,,,3476.7560,5232.1850,4277.6780,6440.0260,3588.7480,3078.4890,5274.0690,5284.6240,2469.0170,1819.4550,3979.6260
2024-06-04,,,3514.1010,5295.8070,4329.6250,6541.2690,3615.6710,3091.1990,5341.9500,5313.7080,2483.3190,1843.5920,3979.6260
2024-06-05,,,3484.9880,5212.8520,4287.9210,6427.2190,3594.7940,3065.4030,5277.9410,5244.0850,2468.1920,1833.5500,3979.6260
2024-06-06,,,3469.4130,5230.0440,4245.2050,6388.2810,3592.2450,3048.7940,5228.8000,5130.8690,2467.8870,1820.4480,3979.6260
2024-06-07,,,3441.5190,5247.5980,4235.9160,6418.3690,3574.1140,3051.2790,5208.9800,5153.5870,2457.2570,1781.0700,3979.6260
2024-06-11,,,3462.8150,5178.1960,4263.6600,6335.7670,3542.8770,3028.0450,5217.4700,5198.9230,2423.6180,1787.3020,3979.6260
2024-06-12,,,3486.8500,5227.2390,4273.3380,6358.6860,3544.1230,3037.4680,5232.9530,5216.4620,2423.6070,1779.4180,3979.6260
2024-06-13,,,3473.2980,5149.1830,4234.2800,6271.4770,3526.1310,3028.9190,5194.5900,5180.2360,2412.0740,1777.7910,3979.6260
2024-06-14,,,3472.4620,5144.5550,4224.3370,6288.3320,3541.5330,3032.6330,5213.0930,5180.6510,2426.5090,1791.3620,3979.6260
2024-06-17,,,3479.2590,5084.6840,4229.4660,6238.3940,3536.1990,3015.8910,5207.1280,5183.9680,2416.3410,1806.1930,3979.6260
2024-06-18,,,3492.8420,5119.6420,4235.3040,6265.7580,3545.5900,3030.2460,5230.8910,5227.2540,2415.4280,1811.3650,3979.6260
2024-06-19,,,3454.8860,5091.4010,4167.7620,6204.2630,3528.7490,3018.0490,5168.8200,5159.9950,2413.9720,1788.4960,3979.6260
2024-06-20,,,3419.2630,5071.2030,4110.2210,6113.7490,3503.2820,3005.4370,5094.5650,5056.1380,2408.3380,1762.7010,3979.6260
2024-06-21,,,3407.7200,5069.3330,4111.7260,6121.1840,3495.6200,2998.1380,5102.3290,5055.3330,2398.9570,1755.8760,3979.6260
2024-06-24,,,3356.1100,5008.2990,4010.6960,6006.3840,3476.8100,2963.0990,4992.9100,4887.7770,2404.0850,1731.5150,3979.6260
2024-06-25,,,3316.6340,5011.4190,3968.7750,6019.1040,3457.9020,2949.9960,4948.6340,4847.6110,2394.2150,1700.0250,3979.6260
2024-06-26,,,3351.2800,5013.5780,4039.0290,6064.1700,3480.2650,2972.5250,5020.4320,4986.3840,2398.2560,1730.6420,3979.6260
2024-06-27,,,3279.7020,4944.6920,3935.4010,5953.6310,3454.1180,2945.8520,4928.0510,4864.0860,2388.5610,1703.2010,3979.6260
2024-06-28,,,3280.9140,4993.8110,3939.6190,5987.7170,3461.6570,2967.4030,4942.7820,4895.9870,2394.8750,1683.4300,3979.6260
2024-07-01,,,3328.1920,5098.6910,3984.8450,6114.9270,3478.1830,2994.7300,5003.1610,4940.2470,2405.4670,1682.6920,3979.6260
2024-07-02,,,3280.7760,5051.8780,3927.5860,6065.6260,3471.7860,2997.0110,4949.4770,4905.6500,2416.6790,1665.0350,3979.6260
2024-07-03,,,3260.2930,4999.7180,3905.0630,6028.8790,3463.4140,2982.3760,4910.9250,4867.1330,2414.8660,1660.1240,3979.6260
2024-07-04,,,3224.0260,4956.4940,3836.4970,5940.7260,3445.8130,2957.5670,4834.4980,4761.8680,2407.9030,1647.2200,3979.6260
2024-07-05,,,3238.7150,4971.6980,3860.3440,5959.2570,3431.0610,2949.9330,4866.2650,4810.7940,2386.0040,1655.5940,3979.6260
2024-07-08,,,3196.0090,4933.9970,3776.7990,5860.3170,3401.7600,2922.4500,4783.6170,4693.9650,2371.6890,1628.7580,3979.6260
2024-07-09,,,3249.6580,4986.0380,3852.8060,5937.0920,3439.8110,2959.3720,4876.8990,4797.0630,2389.3840,1652.1170,3979.6260
2024-07-10,,,3241.8860,4913.0190,3832.5380,5852.1150,3428.9660,2939.3640,4844.1620,4777.6820,2381.8310,1651.1100,3979.6260
2024-07-11,,,3304.0690,4989.7820,3933.1460,5951.4020,3468.1690,2970.3870,4939.7320,4893.5940,2396.4070,1685.1180,3979.6260
2024-07-12,,,3289.4490,4944.7210,3937.3740,5932.8870,3472.4010,2971.2950,4919.3640,4878.0200,2412.6180,1683.6290,3979.6260
2024-07-15,,,3285.1570,4953.1950,3897.3550,5918.2120,3476.2470,2974.0110,4883.8970,4827.6020,2420.5210,1673.0070,3979.6260
2024-07-16,,,3287.1390,4939.6700,3922.9470,5877.7920,3498.2830,2976.3040,4898.3630,4836.7180,2424.7550,1696.3360,3979.6260
2024-07-17,,,3248.2790,4873.8690,3900.2300,5843.3830,3501.5840,2962.8550,4856.5790,4795.6240,2432.8330,1696.4510,3979.6260
2024-07-18,,,3266.3620,4898.3060,3931.9000,5868.6020,3520.9310,2977.1330,4877.6920,4812.4260,2444.5090,1717.7090,3979.6260
2024-07-19,,,3263.6040,4875.1990,3928.2160,5827.8700,3539.0160,2982.3090,4872.0530,4821.4230,2456.7900,1725.4870,3979.6260
2024-07-22,,,3244.4190,4827.5850,3912.5640,5784.3610,3514.9250,2964.2160,4865.9780,4826.8710,2432.5500,1723.9140,3979.6260
2024-07-23,,,3127.1770,4716.2300,3776.0410,5662.2130,3439.8780,2915.3690,4722.7990,4694.9530,2396.6730,1671.4430,3979.6260
2024-07-24,,,3084.7980,4693.6620,3717.7450,5629.3530,3418.1660,2901.9520,4668.0620,4631.0110,2390.9540,1650.9080,3979.6260
2024-07-25,,,3065.9000,4655.9450,3717.1140,5638.9550,3399.2720,2886.7420,4665.4490,4632.5670,2369.7150,1644.4540,3979.6260
2024-07-26,,,3104.2790,4701.1020,3766.6390,5711.9220,3409.2930,2890.8970,4736.3770,4702.0800,2355.3160,1659.5340,3979.6260
2024-07-29,,,3077.3230,4675.2360,3725.7380,5689.4710,3390.7420,2891.8450,4708.8440,4685.6460,2348.4780,1635.6750,3979.6260
2024-07-30,,,3060.8260,4622.7120,3717.7030,5679.4910,3369.3820,2879.3000,4699.2820,4702.4910,2335.3120,1630.9510,3979.6260
2024-07-31,,,3173.8740,4745.6190,3887.1210,5864.3150,3442.0840,2938.7490,4886.4140,4889.0810,2375.3940,1688.1420,3979.6260
2024-08-01,,,3150.3910,4723.4760,3853.2500,5828.7470,3419.2670,2932.3870,4852.9730,4878.2890,2360.4220,1665.9730,3979.6260
2024-08-02,,,3092.5630,4669.7970,3796.0090,5784.9850,3384.3920,2905.3380,4788.6160,4809.8890,2343.7150,1638.3040,3979.6260
2024-08-05,,,3018.4200,4584.3390,3719.6680,5702.8120,3343.3210,2860.6980,4693.8480,4678.7750,2328.9220,1607.2880,3979.6260
2024-08-06,,,3056.7400,4607.1530,3780.0890,5740.4320,3342.9790,2867.2840,4750.7760,4749.9470,2313.3360,1627.3550,3979.6260
2024-08-07,,,3059.0440,4629.1470,3775.8640,5724.8920,3341.4890,2869.8340,4751.9410,4743.4100,2314.4260,1620.3320,3979.6260
2024-08-08,,,3068.9360,4641.3930,3770.0760,5758.7870,3342.9370,2869.9010,4755.8150,4739.4930,2320.4250,1611.5090,3979.6260
2024-08-09,,,3051.3920,4628.6430,3741.3820,5733.0500,3331.6270,2862.1940,4720.3100,4702.7450,2317.9920,1595.6420,3979.6260
2024-08-12,,,3045.9510,4634.7130,3733.9820,5728.2480,3325.8650,2858.2050,4714.1590,4674.1020,2316.9110,1592.3940,3979.6260
2024-08-13,,,3047.4200,4646.6550,3745.7660,5741.8710,3334.3900,2867.9460,4731.8350,4697.5860,2317.6530,1607.1860,3979.6260
2024-08-14,,,2996.1630,4594.0330,3687.3740,5687.7870,3309.2390,2850.6540,4667.0730,4649.2780,2306.1150,1584.3280,3979.6260
2024-08-15,,,3010.5140,4636.7340,3703.8890,5730.7240,3341.9530,2877.3580,4698.3750,4691.8500,2335.9380,1592.7100,3979.6260
2024-08-16,,,3001.8290,4627.6640,3666.2250,5681.4180,3345.6340,2879.4300,4670.3790,4655.6510,2345.0480,1591.4610,3979.6260
2024-08-19,,,3001.7020,4667.0350,3671.1990,5726.8860,3356.9680,2893.6740,4682.9630,4663.6120,2357.0310,1589.2870,3979.6260
2024-08-20,,,2951.3120,4589.0090,3601.6800,5641.7290,3332.7030,2866.6610,4602.0100,4579.3040,2346.6380,1567.9690,3979.6260
2024-08-21,,,2945.8330,4576.2670,3604.6300,5605.1920,3321.6350,2856.5840,4587.1220,4548.2640,2339.0720,1558.5120,3979.6260
2024-08-22,,,2905.9660,4554.7010,3562.8800,5556.3960,3313.1360,2848.7720,4533.3700,4491.8390,2341.1510,1546.6310,3979.6260
2024-08-23,,,2905.8930,4568.1420,3548.3540,5553.6880,3327.1910,2854.3680,4537.0870,4495.3440,2355.3790,1546.9030,3979.6260
2024-08-26,,,2907.0420,4565.0140,3565.3690,5575.7620,3324.2230,2855.5200,4544.3590,4512.8930,2352.2730,1545.3090,3979.6260
2024-08-27,,,2881.3650,4544.7860,3530.5670,5534.0630,3305.3340,2848.7310,4495.2860,4459.6800,2350.4140,1530.7440,3979.6260
2024-08-28,,,2887.7760,4537.3370,3537.8740,5532.9700,3286.4960,2837.4290,4500.0090,4470.5500,2336.1480,1531.4500,3979.6260
2024-08-29,,,2922.3120,4509.5820,3609.9130,5546.6340,3277.6810,2823.1060,4557.9010,4542.4640,2317.6640,1541.4000,3979.6260
2024-08-30,,,2974.2450,4528.4120,3671.8030,5607.0990,3321.4320,2842.2140,4639.1140,4629.3200,2335.2150,1580.4590,3979.6260
2024-09-02,,,2899.5440,4476.7720,3592.3650,5559.1940,3265.0110,2811.0350,4546.8830,4532.5150,2299.9330,1536.9500,3979.6260
2024-09-03,,,2929.3450,4478.6450,3640.2130,5592.5590,3273.4280,2802.9790,4596.4820,4572.3970,2291.1780,1556.3210,3979.6260
2024-09-04,,,2911.5180,4432.3160,3636.2810,5575.1140,3252.1650,2784.2780,4582.0840,4550.7700,2271.8070,1554.6400,3979.6260
2024-09-05,,,2920.5520,4427.8730,3651.6240,5593.6980,3257.7580,2788.3140,4601.0910,4586.7810,2275.1180,1564.7230,3979.6260
2024-09-06,,,2863.9720,4379.3150,3590.3980,5550.0730,3231.3460,2765.8070,4537.4540,4508.2280,2263.5630,1538.0720,3979.6260
2024-09-09,,,2842.1270,4317.9590,3547.1160,5485.0870,3192.9520,2736.4880,4507.1870,4475.5320,2232.9590,1539.0380,3979.6260
2024-09-10,,,2851.6040,4304.3050,3543.0560,5458.9060,3195.7550,2744.1920,4507.7070,4487.5760,2235.6870,1539.9800,3979.6260
2024-09-11,,,2868.3750,4266.3730,3577.8300,5427.8400,3186.1300,2721.7950,4514.9160,4486.0070,2220.7980,1558.3280,3979.6260
2024-09-12,,,2849.9370,4265.8790,3544.1650,5423.8420,3172.4750,2717.1230,4496.5920,4468.7440,2209.5600,1551.8140,3979.6260
2024-09-13,,,2819.8560,4248.0080,3482.9690,5386.1570,3159.2470,2704.0900,4450.9590,4413.1870,2205.8120,1535.1680,3979.6260
2024-09-18,,,2831.8580,4298.1400,3483.1150,5401.0030,3171.0100,2717.2810,4462.8700,4399.1330,2218.6560,1533.4730,3979.6260
2024-09-19,,,2863.2660,4355.4120,3533.9780,5485.9740,3196.0360,2736.0220,4520.3940,4482.2750,2229.8050,1546.4740,3979.6260
2024-09-20,,,2846.6120,4357.8000,3501.4790,5458.5910,3201.0500,2736.8140,4498.3900,4463.3560,2233.2570,1536.5990,3979.6260
2024-09-23,,,2838.6350,4388.2580,3487.3930,5469.9620,3212.7640,2748.9180,4494.6880,4469.1330,2243.0250,1530.5060,3979.6260
2024-09-24,,,2978.1980,4574.4720,3642.1490,5701.6190,3351.9090,2863.1260,4689.5960,4642.5580,2352.1450,1615.3220,3979.6260
2024-09-25,,,2994.4200,4627.2480,3656.7150,5772.3390,3401.5330,2896.3060,4731.4760,4686.2580,2386.3230,1641.5420,3979.6260
2024-09-26,,,3137.0660,4808.8060,3835.2490,6020.1710,3545.3200,3000.9530,4938.1840,4874.1320,2498.1800,1714.1440,3979.6260
2024-09-27,,,3328.3410,4975.7550,4081.2240,6247.7670,3703.6850,3087.5290,5201.6660,5136.4410,2571.0850,1885.4890,3979.6260
2024-09-30,,,3688.3480,5359.7980,4573.4440,6773.6290,4017.8550,3336.4970,5743.2170,5708.8260,2755.4040,2175.0860,3979.6260
2024-10-08,,,3982.6820,5499.6070,4984.7030,7024.6860,4256.0960,3489.7750,6155.5820,6201.9850,2853.1380,2550.2760,3979.6260
2024-10-09,,,3716.5710,5080.1070,4577.8410,6511.5550,3955.9840,3258.8580,5735.6410,5727.3800,2680.7150,2280.0960,3979.6260
2024-10-10,,,3687.1270,5184.0460,4509.9840,6579.1240,3997.7880,3301.9260,5690.8820,5654.5300,2739.0510,2212.9090,3979.6260
2024-10-11,,,3548.3700,5076.1790,4314.5120,6404.1090,3887.1670,3217.7380,5470.8130,5416.7580,2680.3880,2100.8710,3979.6260
2024-10-14,,,3619.0770,5198.2590,4426.9500,6559.2580,3961.3420,3284.3230,5608.1530,5615.7560,2723.1830,2155.4030,3979.6260
2024-10-15,,,3530.5310,5054.9320,4311.8190,6390.4110,3855.9950,3201.2920,5472.5600,5507.1760,2655.1160,2085.9860,3979.6260
2024-10-16,,,3476.2290,5080.2480,4309.3390,6441.5940,3831.5890,3202.9480,5461.0880,5524.2550,2650.1760,2039.9500,3979.6260
2024-10-17,,,3455.4530,5005.4550,4268.4630,6330.2040,3788.2220,3169.3840,5418.9880,5505.6150,2610.4670,2033.4840,3979.6260
2024-10-18,,,3612.0760,5090.5260,4500.2410,6453.1310,3925.2340,3261.5630,5640.0200,5749.4340,2681.9120,2195.1010,3979.6260
2024-10-21,,,3666.0850,5113.0350,4561.1480,6453.3350,3935.1970,3268.1100,5704.2250,5860.5710,2681.0570,2210.3350,3979.6260
2024-10-22,,,3705.9450,5158.7950,4601.4880,6530.0420,3957.7760,3285.8670,5753.8500,5888.8150,2692.6610,2216.9900,3979.6260
2024-10-23,,,3726.2940,5161.8170,4614.8910,6552.3280,3973.2090,3302.8030,5776.3830,5903.5780,2708.0460,2205.3020,3979.6260
2024-10-24,,,3686.6600,5120.6850,4565.4640,6498.9810,3928.8330,3280.2630,5726.7040,5861.6320,2680.7040,2175.0950,3979.6260
2024-10-25,,,3758.7880,5126.0930,4675.6460,6576.0140,3956.4210,3299.7000,5809.6880,5974.9090,2683.3250,2238.8970,3979.6260
2024-10-28,,,3776.3190,5176.1280,4705.4140,6678.0990,3964.1570,3322.1980,5883.7200,6082.0880,2686.2890,2229.1180,3979.6260
2024-10-29,,,3704.4630,5096.3340,4623.6960,6563.9170,3924.6490,3286.4070,5812.5290,5983.8360,2667.9390,2177.3060,3979.6260
2024-10-30,,,3672.7290,5066.3930,4612.6860,6576.7960,3889.4490,3266.2380,5837.9340,6019.3470,2634.7380,2151.5150,3979.6260
2024-10-31,,,3688.8130,5071.9750,4661.2920,6644.0460,3891.0400,3279.8240,5901.2900,6116.6630,2633.1170,2164.4620,3979.6260
2024-11-01,,,3666.4240,5127.5710,4608.3810,6634.7210,3890.0200,3272.0140,5831.8220,5930.2320,2651.5350,2123.7380,3979.6260
2024-11-04,,,3717.7420,5175.4660,4693.7050,6708.0660,3944.7620,3310.2070,5928.9090,6053.1120,2675.7710,2185.9840,3979.6260
2024-11-05,,,3829.4210,5266.2660,4850.5340,6845.9700,4044.5730,3386.9870,6111.9710,6266.5420,2727.6670,2289.8410,3979.6260
2024-11-06,,,3848.6080,5259.2310,4851.9850,6839.1980,4024.2830,3383.8060,6125.7870,6293.1930,2706.6150,2265.8330,3979.6260
2024-11-07,,,3918.9450,5388.7010,4925.1860,7020.6380,4145.6950,3470.6610,6239.5600,6403.9180,2797.8600,2350.7600,3979.6260
2024-11-08,,,3922.5890,5314.4330,4917.1510,6934.7360,4104.0470,3452.2970,6222.4450,6423.1220,2765.5390,2321.5870,3979.6260
2024-11-11,,,4019.7260,5291.2000,5029.6480,6938.4710,4131.1310,3470.0660,6330.6150,6579.0050,2753.7450,2392.4430,3979.6260
2024-11-12,,,3984.0230,5240.1800,4973.3830,6878.6500,4085.7430,3421.9700,6263.8830,6491.9720,2712.2650,2390.8030,3979.6260
2024-11-13,,,3990.6200,5259.3520,4986.4450,6880.2570,4110.8900,3439.2780,6259.8410,6474.3940,2728.2290,2417.2520,3979.6260
2024-11-14,,,3872.1650,5158.5610,4820.8690,6726.3780,4039.6190,3379.8390,6078.3050,6272.1910,2704.1520,2334.9640,3979.6260
2024-11-15,,,3757.2020,5103.4320,4691.0710,6630.2370,3968.8310,3330.7260,5924.4830,6125.5130,2671.4520,2243.6200,3979.6260
2024-11-18,,,3689.4030,5090.3080,4605.3860,6685.9560,3950.3810,3323.8490,5833.0360,5974.5580,2678.2740,2190.9500,3979.6260
2024-11-19,,,3777.0170,5120.3750,4739.7900,6744.9490,3976.8910,3346.0100,5936.6020,6130.2850,2671.1890,2256.6070,3979.6260
2024-11-20,,,3804.3810,5150.5830,4805.0310,6789.8950,3985.7730,3367.9890,5992.3900,6250.8030,2676.2070,2267.8550,3979.6260
2024-11-21,,,3798.0460,5146.9700,4800.6220,6761.8610,3989.2980,3370.4040,5985.3130,6262.1640,2680.7980,2265.8660,3979.6260
2024-11-22,,,3656.7870,4979.9780,4611.6520,6525.8160,3865.6990,3267.1920,5750.2460,6030.4880,2601.5570,2175.5710,3979.6260
2024-11-25,,,3648.6760,4975.6620,4628.5390,6531.7060,3848.0910,3263.7600,5735.6490,6052.1290,2582.0540,2175.1840,3979.6260
2024-11-26,,,3600.8850,4956.8730,4578.5150,6497.3390,3840.1850,3259.7570,5690.4790,5981.5700,2592.7370,2150.0970,3979.6260
2024-11-27,,,3671.8700,5033.0390,4679.2920,6590.4670,3907.0450,3309.7790,5804.9370,6118.6640,2625.7610,2208.7810,3979.6260
2024-11-28,,,3629.6760,4990.7330,4626.1820,6581.6660,3872.5510,3295.6980,5757.5970,6086.0850,2610.1210,2169.8030,3979.6260
2024-11-29,,,3690.6000,5044.9810,4730.0360,6661.1090,3916.5830,3326.4560,5851.9390,6189.1280,2624.9560,2224.0030,3979.6260
2024-12-02,,,3734.4320,5085.3130,4801.8460,6760.1880,3947.6320,3363.9820,5943.6250,6313.6080,2639.0410,2255.4980,3979.6260
2024-12-03,,,3713.0230,5108.0410,4798.1090,6797.0640,3951.8910,3378.8060,5932.1210,6303.2760,2652.8980,2245.4990,3979.6260
2024-12-04,,,3687.2440,5095.7340,4749.8620,6734.2430,3930.5570,3364.6500,5879.2700,6204.9450,2648.7550,2213.4060,3979.6260
2024-12-05,,,3683.3150,5083.7550,4788.5330,6751.5860,3921.5880,3368.8550,5901.9860,6285.6010,2635.5620,2221.4570,3979.6260
2024-12-06,,,3725.7840,5148.8610,4840.7870,6875.1440,3973.1410,3404.0760,5979.1970,6349.6210,2665.4280,2267.0640,3979.6260
2024-12-09,,,3700.5400,5155.4170,4805.3680,6835.5020,3966.5710,3402.5340,5947.1090,6303.2720,2667.5920,2248.6270,3979.6260
2024-12-10,,,3726.3690,5163.7900,4815.0810,6837.9090,3995.6370,3422.6610,5992.0940,6362.0200,2689.3290,2264.0510,3979.6260
2024-12-11,,,3767.1460,5202.6020,4829.5240,6903.6510,3988.8310,3432.4900,6047.1050,6447.3740,2676.5520,2261.5820,3979.6260
2024-12-12,,,3804.0720,5244.8300,4860.7010,6958.9490,4028.5050,3461.5000,6100.3950,6490.1460,2702.2680,2292.1450,3979.6260
2024-12-13,,,3727.1630,5136.1850,4762.0790,6798.4060,3933.1810,3391.8780,5988.2920,6354.9880,2638.0270,2235.2590,3979.6260
2024-12-16,,,3667.6060,5124.1010,4677.4780,6746.3060,3911.8420,3386.3310,5912.6010,6277.5160,2641.5600,2201.5320,3979.6260
2024-12-17,,,3647.8200,5105.2090,4633.7900,6672.1120,3922.0330,3361.4850,5848.1630,6143.9440,2652.3460,2201.1810,3979.6260
2024-12-18,,,3663.1950,5134.1230,4657.9570,6687.8920,3941.8900,3382.2080,5888.6160,6195.8680,2671.3460,2202.1370,3979.6260
2024-12-19,,,3667.2490,5096.2080,4667.7420,6654.9150,3945.4640,3370.0330,5901.9160,6207.1860,2661.7220,2213.5430,3979.6260
2024-12-20,,,3670.1560,5050.1050,4705.6090,6628.5530,3927.7440,3368.0690,5917.1750,6271.7530,2648.4610,2209.6620,3979.6260
2024-12-23,,,3636.5700,5040.8520,4615.1870,6559.5770,3933.5720,3351.2570,5818.5510,6096.3810,2671.2030,2187.9450,3979.6260
2024-12-24,,,3680.4410,5104.7200,4678.4490,6638.9980,3983.6880,3393.5280,5895.2600,6164.3610,2702.2820,2213.5480,3979.6260
2024-12-25,,,3644.7780,5100.3820,4631.4790,6607.2880,3985.6290,3393.3500,5840.2890,6094.6870,2710.1650,2201.2960,3979.6260
2024-12-26,,,3658.7360,5075.5950,4666.9190,6595.9700,3987.4800,3398.0770,5887.0610,6160.4520,2702.5950,2209.8460,3979.6260
2024-12-27,,,3656.0100,5079.8910,4661.1840,6645.1180,3981.0310,3400.1420,5899.1670,6171.5650,2701.7030,2204.8960,3979.6260
2024-12-30,,,3667.5750,5109.1630,4645.1770,6639.0420,3999.0550,3407.3260,5898.8840,6145.9280,2718.7490,2206.2850,3979.6260
2024-12-31,,,3586.5830,5033.3090,4509.6330,6495.6050,3934.9110,3351.7630,5725.7320,5957.7170,2684.7710,2141.5960,3979.6260
2025-01-02,,,3489.6000,4919.2440,4379.7600,6339.1640,3820.3950,3262.5610,5545.8170,5797.0890,2610.3420,2060.4420,3979.6260
2025-01-03,,,3441.8510,4887.8960,4288.1160,6245.6030,3775.1650,3211.4300,5427.8040,5625.2090,2587.1320,2015.9670,3979.6260
2025-01-06,,,3447.1480,4904.6700,4289.3980,6270.6090,3768.9700,3206.9230,5427.1010,5608.0340,2579.9630,2014.1900,3979.6260
2025-01-07,,,3484.1270,4902.4420,4344.1210,6277.2020,3796.1060,3229.6440,5484.6850,5692.0410,2593.9650,2028.3580,3979.6260
2025-01-08,,,3471.2520,4887.2450,4332.6140,6250.9670,3789.2150,3230.1680,5461.5860,5661.7790,2597.4460,2008.4440,3979.6260
2025-01-09,,,3468.5700,4847.9330,4348.6530,6210.8700,3779.8770,3211.3930,5456.5860,5672.7800,2579.5750,2010.6600,3979.6260
2025-01-10,,,3415.4440,4785.6010,4282.5810,6096.7670,3732.4810,3168.5240,5369.2810,5544.9160,2560.2500,1975.3050,3979.6260
2025-01-13,,,3429.4290,4787.4210,4313.3540,6092.2780,3722.5130,3160.7550,5381.6970,5559.4730,2553.3590,1982.4590,3979.6260
2025-01-14,,,3537.2410,4888.9170,4476.2700,6271.9400,3820.5400,3240.9400,5572.2720,5811.0550,2598.8070,2075.7560,3979.6260
2025-01-15,,,3510.3440,4871.2420,4449.5590,6255.6320,3796.0260,3227.1170,5522.4590,5775.5710,2591.5030,2037.9330,3979.6260
2025-01-16,,,3545.3930,4918.9720,4463.1410,6299.9870,3800.3840,3236.0320,5545.6340,5801.3050,2580.1180,2051.3510,3979.6260
2025-01-17,,,3579.8690,4935.0120,4520.1810,6317.3500,3812.3430,3241.8210,5587.2940,5841.5720,2582.4860,2067.2750,3979.6260
2025-01-20,,,3590.1700,4928.1960,4535.1570,6330.2730,3829.6760,3244.3780,5614.3310,5879.1500,2589.0690,2104.7280,3979.6260
2025-01-21,,,3588.0640,4909.6130,4550.2500,6298.6840,3832.6150,3242.6230,5633.9250,5908.0230,2584.8890,2112.3900,3979.6260
2025-01-22,,,3564.5840,4874.3510,4527.5120,6248.3270,3797.0170,3213.6240,5607.0590,5855.7390,2551.3540,2101.0350,3979.6260
2025-01-23,,,3534.1250,4879.8430,4493.8860,6269.4670,3803.7440,3230.1640,5584.2550,5829.0330,2567.4770,2093.3130,3979.6260
2025-01-24,,,3576.7410,4924.1960,4559.0830,6316.7280,3832.8640,3252.6260,5649.9500,5938.1300,2579.0960,2121.8390,3979.6260
2025-01-27,,,3548.5710,4945.9500,4504.6010,6338.7050,3817.0800,3250.6010,5589.3430,5846.0690,2583.6520,2063.8200,3979.6260
2025-02-05,,,3539.5960,4872.8430,4510.8140,6290.3360,3795.0850,3229.4880,5614.3870,5881.4370,2561.9420,2062.9230,3979.6260
2025-02-06,,,3618.7910,4882.6900,4628.8740,6367.6370,3842.8310,3270.6590,5747.9010,6041.8340,2580.4260,2120.7450,3979.6260
2025-02-07,,,3671.9240,4944.9490,4696.7780,6448.7840,3892.7030,3303.6670,5833.9880,6134.0550,2608.0890,2174.3510,3979.6260
2025-02-10,,,3662.2520,4937.3430,4721.2850,6476.7420,3901.0620,3322.1700,5888.5510,6210.5470,2621.0400,2183.8770,3979.6260
2025-02-11,,,3634.1250,4940.2290,4707.4170,6487.2520,3883.1350,3318.0570,5858.2810,6190.1740,2614.3220,2152.7320,3979.6260
2025-02-12,,,3667.7400,4947.1690,4789.6250,6540.2340,3919.8620,3346.3850,5940.5300,6284.6110,2640.0460,2191.7600,3979.6260
2025-02-13,,,3631.2440,4939.0760,4725.1040,6524.4570,3905.1400,3332.4830,5898.2610,6212.4970,2641.1310,2176.1560,3979.6260
2025-02-14,,,3656.5150,4946.3380,4752.7320,6514.2720,3939.0090,3346.7240,5947.7960,6248.8350,2660.8550,2215.2980,3979.6260
2025-02-17,,,3647.1780,4923.7710,4772.1610,6503.2840,3947.3980,3355.8300,5948.7200,6281.5660,2664.4750,2226.6150,3979.6260
2025-02-18,,,3593.8610,4876.0130,4703.3470,6422.9540,3912.7830,3324.4910,5840.7110,6142.1380,2651.1120,2182.5740,3979.6260
2025-02-19,,,3643.5270,4888.8890,4826.2710,6472.8260,3940.1600,3351.5390,5943.8820,6288.5290,2663.6030,2226.9820,3979.6260
2025-02-20,,,3642.0650,4874.9980,4832.2290,6464.6670,3928.8960,3350.7830,5957.5470,6334.4140,2648.1670,2225.5840,3979.6260
2025-02-21,,,3690.8320,4873.0680,4912.0860,6499.7400,3978.4440,3379.1130,6057.0650,6449.2280,2682.2390,2281.5120,3979.6260
2025-02-24,,,3698.2380,4888.6230,4909.5250,6531.3620,3969.7170,3373.0280,6044.9730,6464.0240,2674.1170,2266.2440,3979.6260
2025-02-25,,,3679.3980,4835.3820,4856.1690,6464.0520,3925.6510,3346.0400,5979.9650,6435.4280,2643.2330,2240.5890,3979.6260
2025-02-26,,,3722.3030,4898.3080,4924.5050,6554.6840,3959.9410,3380.2140,6051.7400,6524.4060,2666.6560,2268.2150,3979.6260
2025-02-27,,,3717.0000,4921.6460,4898.3810,6552.7020,3968.1160,3388.0620,6028.9860,6499.5300,2679.0770,2256.5080,3979.6260
2025-02-28,,,3635.5890,4872.0870,4738.3550,6441.5420,3890.0490,3320.8970,5859.8710,6270.4190,2638.9570,2170.3920,3979.6260
2025-03-03,,,3665.8850,4903.9360,4785.4080,6483.2120,3888.4740,3316.9250,5885.7700,6273.6700,2628.5240,2196.5250,3979.6260
2025-03-04,,,3675.8370,4907.0080,4815.4690,6496.2560,3885.2210,3324.2100,5937.6300,6357.6280,2621.2170,2190.0780,3979.6260
2025-03-05,,,3667.9230,4917.5240,4814.2040,6505.8830,3902.5710,3341.9650,5950.7030,6398.2370,2641.4460,2190.3620,3979.6260
2025-03-06,,,3712.7130,4943.5430,4900.8350,6569.7030,3956.2370,3381.0980,6047.7730,6534.9710,2683.9490,2234.6890,3979.6260
2025-03-07,,,3710.8260,4962.8020,4882.2190,6562.7800,3944.0140,3372.5460,6013.7750,6507.7650,2682.0160,2205.3070,3979.6260
2025-03-10,,,3728.6880,4977.6520,4896.1650,6564.5740,3928.8020,3366.1630,6013.6190,6520.9730,2668.8060,2199.8770,3979.6260
2025-03-11,,,3750.4560,5006.9960,4917.4760,6604.2980,3941.4160,3379.8280,6044.9740,6551.7340,2682.2230,2204.0300,3979.6260
2025-03-12,,,3729.7260,5001.9490,4922.9420,6616.0700,3927.2320,3371.9240,6040.4970,6566.9680,2669.0150,2191.2680,3979.6260
2025-03-13,,,3712.7020,5024.3730,4864.5420,6597.5040,3911.5790,3358.7290,5993.9670,6466.8510,2664.6170,2166.0040,3979.6260
2025-03-14,,,3760.2850,5071.1570,4962.3080,6701.1920,4006.5570,3419.5620,6099.9810,6571.1710,2740.5070,2226.7160,3979.6260
2025-03-17,,,3760.7900,5074.5410,4963.6640,6714.5920,3996.7880,3426.1290,6108.0180,6589.5660,2737.9230,2215.1270,3979.6260
2025-03-18,,,3772.2150,5082.8130,4978.7690,6725.4300,4007.7230,3429.7590,6133.3020,6611.9260,2739.7450,2228.6440,3979.6260
2025-03-19,,,3747.7980,5083.6330,4946.6400,6712.6250,4010.1680,3426.4290,6101.4370,6564.6770,2746.9630,2222.3470,3979.6260
2025-03-20,,,3721.0160,5069.4210,4911.5660,6690.6730,3974.9920,3408.9480,6059.4860,6535.0620,2718.1860,2200.0320,3979.6260
2025-03-21,,,3670.9730,5040.5820,4824.5090,6644.0450,3914.6960,3364.8310,5971.9300,6405.6110,2675.3580,2152.2790,3979.6260
2025-03-24,,,3690.9720,5065.0880,4820.8340,6655.5370,3934.8490,3370.0280,5969.0790,6360.3410,2693.3310,2152.5550,3979.6260
2025-03-25,,,3680.7770,5086.0510,4802.2840,6671.5900,3932.2950,3369.9760,5946.9510,6310.7640,2691.8980,2145.4790,3979.6260
2025-03-26,,,3672.7650,5058.0760,4803.5090,6667.5250,3919.3570,3368.6970,5948.4990,6334.9080,2677.3120,2139.9020,3979.6260
2025-03-27,,,3681.5210,5052.8650,4803.7540,6656.2110,3932.4120,3373.7490,5957.6020,6328.7670,2690.8430,2145.0950,3979.6260
2025-03-28,,,3648.7790,5024.0260,4763.0630,6618.2050,3915.1660,3351.3070,5916.0310,6268.3210,2679.7400,2128.2090,3979.6260
2025-03-31,,,3609.6370,4985.6540,4704.8130,6531.2600,3887.3060,3335.7460,5857.7720,6226.6490,2665.6340,2103.6990,3979.6260
2025-04-01,,,3632.3010,5029.1470,4729.7040,6590.4960,3887.6840,3348.4350,5892.8500,6259.4840,2662.7110,2101.8780,3979.6260
2025-04-02,,,3630.2930,5027.3360,4735.8310,6611.8460,3884.3860,3350.1270,5899.0870,6277.2530,2658.6210,2104.6250,3979.6260
2025-04-03,,,3571.3940,5000.8710,4679.4270,6593.1320,3861.5030,3342.0080,5845.5050,6203.2570,2662.2520,2065.4030,3979.6260
2025-04-07,,,3239.2850,4612.8960,4204.0570,5999.0290,3589.4410,3096.5760,5287.0330,5496.4430,2516.9650,1807.2060,3979.6260
2025-04-08,,,3245.0800,4680.9850,4214.7990,6091.1100,3650.7590,3145.5490,5326.9140,5530.0190,2574.3530,1840.3120,3979.6260
2025-04-09,,,3295.8090,4708.5350,4305.8770,6179.8880,3686.7940,3186.8100,5439.7720,5652.3300,2597.1020,1858.3560,3979.6260
2025-04-10,,,3366.9600,4777.9110,4400.4540,6268.5450,3735.1150,3223.6380,5544.0650,5784.5850,2612.6190,1900.5280,3979.6260
2025-04-11,,,3393.3560,4754.8670,4455.8020,6253.1590,3750.5170,3238.2270,5581.3180,5862.1880,2619.5760,1926.3700,3979.6260
2025-04-14,,,3406.7450,4795.1520,4485.0350,6311.6920,3759.1420,3262.8080,5627.1380,5938.5260,2628.2060,1932.9130,3979.6260
2025-04-15,,,3387.8900,4788.0290,4469.5240,6300.0430,3761.2350,3267.6620,5602.5340,5914.0290,2634.5930,1930.3990,3979.6260
2025-04-16,,,3366.2070,4782.8780,4421.5340,6269.3370,3772.8200,3276.0040,5556.8640,5835.3480,2658.4960,1907.1090,3979.6260
2025-04-17,,,3358.2440,4784.3310,4413.0840,6261.4330,3772.2220,3280.3410,5557.0110,5839.5640,2659.8960,1908.7760,3979.6260
2025-04-18,,,3355.7390,4799.7720,4412.4970,6262.9230,3772.5230,3276.7300,5560.7210,5831.6870,2657.6370,1913.9700,3979.6260
2025-04-21,,,3395.7190,4832.4230,4502.4530,6321.5170,3784.8810,3291.4340,5642.3810,5952.6370,2652.8100,1944.3180,3979.6260
2025-04-22,,,3389.7080,4840.6440,4487.4380,6356.8020,3783.9520,3299.7570,5624.2090,5949.3120,2656.5390,1928.4320,3979.6260
2025-04-23,,,3412.7190,4839.6370,4501.3820,6350.7980,3786.8820,3296.3550,5634.9490,5984.5830,2648.8300,1949.1620,3979.6260
2025-04-24,,,3394.5960,4851.2300,4479.6200,6339.3980,3784.3570,3297.2880,5605.8800,5920.4780,2655.3640,1935.8580,3979.6260
2025-04-25,,,3409.2250,4855.2710,4476.6910,6356.3020,3786.9940,3295.0600,5627.1800,5939.5020,2648.8100,1947.1860,3979.6260
2025-04-28,,,3382.5910,4845.0380,4447.6490,6312.7170,3781.6190,3288.4150,5598.2950,5877.0570,2651.2250,1934.4570,3979.6260
2025-04-29,,,3382.7050,4832.8340,4458.1600,6304.4150,3775.0770,3286.6550,5604.9060,5903.3810,2645.5120,1931.9420,3979.6260
2025-04-30,,,3399.3360,4823.8540,4496.2890,6277.3830,3770.5710,3279.0310,5631.8250,5950.1170,2633.1600,1948.0300,3979.6260
2025-05-06,,,3455.6720,4865.4320,4600.1580,6369.8190,3808.5420,3316.1140,5740.3340,6102.9220,2647.7170,1986.4090,3979.6260
2025-05-07,,,3462.7490,4889.3440,4598.9340,6399.9090,3831.6270,3342.6650,5750.2910,6111.4950,2670.7020,1996.5100,3979.6260
2025-05-08,,,3471.8730,4879.3800,4621.6690,6416.3570,3852.8960,3351.9960,5773.8060,6158.0770,2679.5090,2029.4520,3979.6260
2025-05-09,,,3451.1980,4889.8300,4556.4680,6395.8530,3846.1570,3341.9990,5721.7230,6082.0820,2684.0060,2011.7670,3979.6260
2025-05-12,,,3504.5910,4918.8740,4622.0630,6447.4190,3890.6100,3369.2450,5793.6740,6167.4610,2702.6170,2064.7140,3979.6260
2025-05-13,,,3503.5070,4947.7470,4616.0890,6468.5270,3896.2580,3374.8710,5781.6680,6151.0100,2708.0590,2062.2610,3979.6260
2025-05-14,,,3511.0430,4971.1160,4623.0650,6503.9240,3943.2110,3403.9480,5799.1190,6160.3700,2753.7850,2083.1420,3979.6260
2025-05-15,,,3467.4420,4928.7340,4543.5200,6440.3540,3907.1990,3380.8210,5715.2970,6057.0360,2740.2980,2043.2470,3979.6260
2025-05-16,,,3468.6500,4919.3030,4547.5270,6435.9400,3889.0850,3367.4620,5715.8490,6068.1170,2716.6620,2039.4450,3979.6260
2025-05-19,,,3457.3400,4920.2100,4544.4950,6466.7260,3877.1450,3367.5830,5720.7950,6095.3370,2705.0880,2032.7560,3979.6260
2025-05-20,,,3476.0110,4938.9600,4565.3990,6481.0560,3898.1710,3380.4780,5747.3670,6146.0170,2716.6290,2048.4590,3979.6260
2025-05-21,,,3494.1400,4973.6380,4572.5120,6501.1780,3916.3810,3387.5740,5757.9230,6132.1810,2728.4260,2065.3900,3979.6260
2025-05-22,,,3462.2670,4940.2210,4524.6460,6437.8170,3913.8650,3380.1890,5703.2800,6066.1030,2733.6320,2045.5660,3979.6260
2025-05-23,,,3431.6670,4904.6360,4482.4270,6382.9570,3882.2740,3348.3720,5653.0440,5989.6750,2711.8520,2021.4990,3979.6260
2025-05-26,,,3425.5010,4885.7330,4497.4600,6385.9020,3860.1070,3346.8390,5669.4610,6028.7860,2699.4230,2005.2590,3979.6260
2025-05-27,,,3401.8750,4870.6930,4471.6770,6383.2380,3839.3970,3340.6870,5652.1450,6008.4600,2685.2810,1991.6430,3979.6260
2025-05-28,,,3397.1450,4869.5410,4451.4840,6395.9220,3836.2370,3339.9320,5637.2380,5984.4560,2683.0630,1985.3830,3979.6260
2025-05-29,,,3447.5820,4899.6990,4519.7550,6449.6420,3858.7000,3363.4460,5719.9100,6089.5780,2690.8930,2012.5480,3979.6260
2025-05-30,,,3406.7970,4888.2130,4467.4170,6418.7340,3840.2320,3347.4870,5671.0720,6026.5600,2678.6960,1993.1880,3979.6260
2025-06-03,,,3408.5500,4900.8190,4486.0940,6436.6480,3852.0130,3361.9760,5694.8390,6070.0370,2687.2960,2002.7000,3979.6260
2025-06-04,,,3434.2790,4938.5300,4531.4240,6481.6460,3868.7430,3376.2030,5739.0060,6123.1720,2690.8240,2024.9330,3979.6260
2025-06-05,,,3443.7390,4913.6190,4564.3370,6460.0840,3877.5560,3384.0990,5769.9680,6167.0150,2692.1290,2048.6150,3979.6260
2025-06-06,,,3444.5780,4923.4390,4558.6720,6451.8880,3873.9840,3385.3580,5762.0780,6152.8450,2688.8500,2039.4350,3979.6260
2025-06-09,,,3472.1530,4945.8080,4588.9930,6486.7310,3885.2460,3399.7720,5805.6540,6218.9640,2686.8280,2061.2910,3979.6260
2025-06-10,,,3447.9980,4941.2130,4542.6850,6464.4140,3865.4650,3384.8160,5757.9920,6161.6920,2676.4010,2037.2710,3979.6260
2025-06-11,,,3470.2340,4964.3640,4579.6480,6497.7750,3894.6250,3402.3160,5792.9460,6186.5120,2692.1370,2061.8670,3979.6260
2025-06-12,,,3464.9740,4981.3510,4590.8600,6508.7490,3892.1990,3402.6580,5799.9320,6192.2200,2691.2750,2067.1540,3979.6260
2025-06-13,,,3439.2010,4949.7940,4533.3680,6442.7000,3864.1820,3376.9960,5740.2400,6106.0080,2676.4330,2043.8240,3979.6260
2025-06-16,,,3423.2710,4947.3660,4541.8460,6450.6290,3873.7950,3388.7290,5767.8080,6147.4600,2685.0090,2057.3230,3979.6260
2025-06-17,,,3422.6540,4945.6400,4537.1720,6458.3560,3870.3790,3387.4050,5750.9120,6141.4680,2683.9530,2049.9430,3979.6260
2025-06-18,,,3432.3390,4933.2220,4540.3960,6418.5940,3874.9710,3388.8090,5745.8710,6135.3860,2679.9220,2054.7290,3979.6260
2025-06-19,,,3401.9160,4879.7760,4501.4230,6342.4470,3843.0910,3362.1080,5676.8320,6048.2240,2665.5200,2026.8170,3979.6260
2025-06-20,,,3385.6660,4874.3240,4464.0360,6329.7270,3846.6440,3359.8950,5639.5130,5999.5910,2673.7190,2009.8930,3979.6260
2025-06-23,,,3393.2430,4893.2540,4497.4170,6357.0980,3857.9020,3381.5820,5674.1700,6078.2220,2684.7760,2017.6340,3979.6260
2025-06-24,,,3443.8260,4927.4620,4584.0950,6424.3050,3904.0340,3420.5660,5765.8370,6194.6660,2715.9220,2064.1350,3979.6260
2025-06-25,,,3486.2190,4960.1220,4644.5880,6487.5620,3960.0660,3455.9740,5862.5530,6276.1630,2747.7280,2128.3920,3979.6260
2025-06-26,,,3463.4950,4948.4240,4614.8960,6468.7830,3946.0200,3448.4530,5838.2450,6247.7910,2738.4660,2114.4250,3979.6260
2025-06-27,,,3473.9790,4953.7480,4648.5920,6482.9620,3921.7580,3424.2270,5863.7280,6276.9370,2707.5690,2124.3440,3979.6260
2025-06-30,,,3514.6610,4946.2030,4713.8940,6500.2080,3936.0790,3444.4260,5915.3880,6356.1810,2711.9850,2153.0140,3979.6260
2025-07-01,,,3513.1520,4989.6280,4731.1360,6525.4310,3942.7620,3457.7470,5934.6700,6373.7680,2717.7130,2147.9190,3979.6260
2025-07-02,,,3504.0510,5019.0700,4697.0710,6549.9530,3943.6850,3454.7920,5892.9510,6309.4840,2722.5520,2123.7190,3979.6260
2025-07-03,,,3527.8910,5053.4750,4729.6890,6552.8970,3968.0680,3461.1510,5922.6600,6342.6380,2724.5490,2164.0880,3979.6260
2025-07-04,,,3509.5610,5046.2330,4701.6420,6553.7090,3982.2030,3472.3190,5911.4350,6312.1970,2740.4440,2156.2340,3979.6260
2025-07-07,,,3491.8270,5040.0500,4695.4960,6584.3410,3965.1750,3473.1270,5900.4060,6327.1390,2731.5320,2130.1860,3979.6260
2025-07-08,,,3532.5830,5064.9770,4768.1330,6649.5020,3998.4530,3497.4750,5977.7440,6407.6980,2747.1880,2181.0770,3979.6260
2025-07-09,,,3511.2150,5056.1560,4753.0070,6648.7450,3991.4010,3493.0500,5953.4870,6390.4660,2739.9200,2184.6750,3979.6260
2025-07-10,,,3513.8660,5091.6050,4777.6310,6719.2250,4010.0240,3509.6820,5983.0510,6406.5680,2756.9350,2189.5770,3979.6260
2025-07-11,,,3523.6340,5085.0140,4810.0790,6731.4110,4014.8070,3510.1770,6027.0790,6461.1000,2756.7730,2207.0970,3979.6260
2025-07-14,,,3535.7160,5075.4680,4803.3270,6745.7930,4017.6680,3519.6500,6020.8590,6462.3050,2757.8080,2197.0680,3979.6260
2025-07-15,,,3533.6570,5026.5940,4808.0240,6683.3230,4019.0640,3504.9990,6018.7580,6442.8340,2747.2270,2235.0490,3979.6260
2025-07-16,,,3524.6310,5009.0090,4803.4080,6682.2180,4007.2020,3503.7770,6017.1950,6462.0630,2740.9010,2230.1940,3979.6260
2025-07-17,,,3545.3780,5021.2890,4851.7490,6711.1830,4034.4910,3516.8260,6082.4640,6535.6710,2744.2600,2269.3270,3979.6260
2025-07-18,,,3550.6980,5046.0380,4864.4560,6748.1650,4058.5490,3534.4830,6099.6100,6552.0740,2764.5160,2277.1520,3979.6260
2025-07-21,,,3587.7470,5148.1070,4916.7690,6870.1250,4085.6070,3559.7910,6161.3090,6612.2590,2772.2390,2296.8830,3979.6260
2025-07-22,,,3622.9400,5242.7430,4950.1920,6989.0300,4118.9580,3581.8610,6213.4070,6637.1040,2792.1820,2310.8560,3979.6260
2025-07-23,,,3616.0640,5217.4000,4937.5240,6965.7720,4119.7690,3582.2980,6196.7580,6607.2200,2801.2000,2310.6710,3979.6260
2025-07-24,,,3664.6460,5282.6170,5022.8320,7057.3580,4149.0370,3605.7270,6293.5980,6701.1200,2812.4430,2345.3670,3979.6260
2025-07-25,,,3676.6110,5262.5370,5024.2350,7007.6830,4127.1630,3593.6550,6299.5910,6706.6100,2795.5130,2340.0560,3979.6260
2025-07-28,,,3671.3910,5226.4370,5026.9940,6978.1690,4135.8240,3597.9370,6323.4200,6729.9790,2802.7670,2362.6000,3979.6260
2025-07-29,,,3700.0370,5233.8550,5055.4620,6981.6630,4152.0250,3609.7110,6356.1330,6773.8840,2808.5920,2406.5940,3979.6260
2025-07-30,,,3693.7680,5260.3140,5017.0510,6962.8330,4151.2380,3615.7170,6314.6870,6718.4820,2819.3510,2367.6840,3979.6260
2025-07-31,,,3615.5490,5128.4650,4957.0230,6810.1520,4075.5910,3573.2080,6226.3430,6661.1860,2775.9940,2328.3130,3979.6260
2025-08-01,,,3611.9340,5127.0980,4967.1690,6830.9590,4054.9290,3559.9520,6213.2010,6670.4720,2754.1300,2322.6270,3979.6260
2025-08-04,,,3629.4090,5129.7070,5019.0160,6861.4630,4070.7020,3583.3090,6261.7310,6739.6940,2769.3930,2334.3230,3979.6260
2025-08-05,,,3646.5320,5174.0020,5046.7530,6913.1180,4103.4500,3617.5980,6303.2360,6787.4810,2790.7290,2343.3760,3979.6260
2025-08-06,,,3668.7630,5201.5720,5104.8150,6944.4690,4113.4850,3633.9950,6357.3770,6861.3090,2797.4230,2358.9550,3979.6260
2025-08-07,,,3662.2590,5202.0850,5095.8070,6935.0540,4114.6660,3639.6670,6337.5430,6862.1500,2798.3110,2342.8610,3979.6260
2025-08-08,,,3664.4390,5230.1330,5095.6680,6970.1090,4104.9670,3635.1280,6323.5000,6838.1300,2789.1740,2333.9590,3979.6260
2025-08-11,,,3702.9060,5241.5190,5161.2530,6994.6060,4122.5110,3647.5470,6391.7600,6943.9370,2789.8960,2379.8160,3979.6260
2025-08-12,,,3719.7970,5256.7870,5192.7260,7003.3970,4143.8250,3665.9180,6418.1600,6963.6110,2807.0120,2409.3980,3979.6260
2025-08-13,,,3750.3280,5279.2980,5274.4130,7051.6490,4176.5780,3683.4650,6508.0980,7064.3340,2812.9800,2496.5040,3979.6260
2025-08-14,,,3708.9790,5223.7650,5218.7000,6996.9740,4173.3130,3666.4430,6429.8460,6976.4880,2829.4700,2469.6560,3979.6260
2025-08-15,,,3774.2220,5294.9580,5353.8620,7126.9670,4202.3530,3696.7710,6568.5700,7117.5010,2832.8760,2534.2190,3979.6260
2025-08-18,,,3825.4230,5307.5800,5459.2960,7162.4550,4239.4130,3728.0270,6668.1730,7237.6020,2838.8730,2606.2020,3979.6260
2025-08-19,,,3816.0030,5286.7380,5434.7790,7150.8790,4223.3740,3727.2880,6655.3110,7242.8490,2812.4230,2601.7430,3979.6260
2025-08-20,,,3881.4920,5341.9000,5509.1960,7219.3610,4271.3960,3766.2100,6728.0690,7305.4610,2846.9910,2607.6530,3979.6260
2025-08-21,,,3877.5160,5353.6920,5482.4170,7247.0710,4288.0710,3771.0990,6704.1660,7253.3430,2862.1760,2595.4650,3979.6260
2025-08-22,,,3943.8450,5381.5170,5571.5760,7279.8590,4377.9980,3825.7590,6822.8470,7362.9400,2928.6140,2682.5530,3979.6260
2025-08-25,,,4022.1020,5476.9410,5682.4360,7385.9540,4469.2220,3883.5620,6951.8960,7477.7280,2989.8550,2762.9900,3979.6260
2025-08-26,,,4067.8750,5509.9070,5699.2660,7419.1280,4452.5910,3868.3820,6964.0650,7476.4670,2969.7760,2742.1270,3979.6260
2025-08-27,,,4032.2100,5380.9480,5645.4790,7263.8770,4386.1270,3800.3500,6862.5620,7336.5040,2918.3790,2723.1980,3979.6260
2025-08-28,,,4110.0860,5418.1020,5771.5420,7318.0490,4463.7820,3843.5970,7011.1600,7447.1100,2960.7270,2827.1720,3979.6260
2025-08-29,,,4167.2780,5441.3880,5792.9400,7342.3400,4496.7590,3857.9270,7043.9420,7438.6770,2976.4730,2890.1250,3979.6260
2025-09-01,,,4226.6790,5474.8380,5875.8380,7395.4510,4523.7110,3875.5300,7110.2880,7501.1480,2981.2020,2956.3750,3979.6260
2025-09-02,,,4119.0730,5439.0380,5712.3020,7326.4310,4490.4530,3858.1330,6961.6890,7313.8820,2992.8810,2872.2220,3979.6260
2025-09-03,,,4094.8760,5386.8290,5672.2710,7251.3340,4459.8300,3813.5570,6868.4620,7206.8760,2960.9930,2899.3730,3979.6260
2025-09-04,,,3992.6610,5326.1450,5494.0470,7193.9100,4365.2090,3765.8760,6698.4470,7041.1540,2910.4700,2776.2480,3979.6260
2025-09-05,,,4132.5660,5427.2720,5715.3560,7337.4110,4460.3250,3812.5140,6913.9530,7245.6670,2942.2160,2958.1810,3979.6260
2025-09-08,,,4185.7950,5494.6740,5794.1630,7434.1080,4467.5730,3826.8410,6992.1170,7311.0340,2939.8820,2933.2460,3979.6260
2025-09-09,,,4149.7010,5476.9550,5735.4640,7430.0170,4436.2580,3807.2920,6928.9650,7226.0280,2928.6320,2867.9690,3979.6260
2025-09-10,,,4116.8000,5441.1110,5733.8030,7392.3530,4445.3650,3812.2210,6932.1090,7230.1680,2939.5910,2904.2690,3979.6260
2025-09-11,,,4203.7610,5505.8910,5888.7170,7490.5790,4548.0350,3875.3090,7122.7050,7399.8850,2983.0830,3053.7490,3979.6260
2025-09-12,,,4190.6890,5520.4200,5907.3630,7499.1360,4521.9980,3870.5980,7147.7490,7422.8840,2968.5400,3020.4230,3979.6260
2025-09-15,,,4204.1870,5511.0600,5900.7610,7507.9920,4533.0560,3860.5040,7137.3630,7415.5710,2962.6150,3066.1800,3979.6260
2025-09-16,,,4200.0420,5487.8710,5965.4050,7538.8060,4523.3370,3861.8650,7190.9930,7483.6280,2947.8220,3087.0400,3979.6260
2025-09-17,,,4241.2350,5543.6570,6029.4810,7625.2160,4551.0230,3876.3410,7260.0350,7554.8130,2952.7780,3147.3450,3979.6260
2025-09-18,,,4195.3510,5459.3530,5979.5650,7532.3650,4498.1090,3831.6560,7199.8830,7476.4020,2912.8260,3095.8510,3979.6260
2025-09-19,,,4212.9510,5494.6180,5958.5980,7527.9170,4501.9200,3820.0890,7170.3490,7438.1890,2909.7440,3091.0030,3979.6260
2025-09-22,,,4201.1190,5456.2300,6036.1280,7488.5650,4522.6080,3828.5760,7225.1280,7489.4780,2922.1800,3107.8870,3979.6260
2025-09-23,,,4185.9410,5424.0090,6033.6810,7462.5140,4519.7780,3821.8330,7180.7140,7408.0690,2919.5150,3114.5530,3979.6260
2025-09-24,,,4289.0570,5491.6390,6194.5180,7542.7340,4566.0710,3853.6420,7323.7090,7534.2220,2939.5080,3185.5710,3979.6260
2025-09-25,,,4316.6250,5505.4070,6191.4150,7490.2550,4593.4880,3853.3020,7341.3240,7506.5120,2952.7350,3235.7650,3979.6260
2025-09-26,,,4309.7240,5525.1220,6079.5240,7463.9880,4550.0490,3828.1060,7240.9110,7397.5890,2941.0180,3151.5300,3979.6260
2025-09-29,,,4381.7760,5594.3500,6187.8720,7551.3170,4620.0530,3862.5320,7350.5600,7497.8310,2973.0420,3238.0120,3979.6260
2025-09-30,,,4457.4540,5639.0910,6252.8400,7586.0670,4640.6940,3882.7770,7412.3680,7574.9630,2988.9390,3238.1600,3979.6260
2025-10-09,,,4576.6650,5786.6180,6365.0430,7700.2080,4709.4820,3933.9720,7548.9230,7648.0520,3020.5960,3261.8220,3979.6260
2025-10-10,,,4451.4800,5795.0100,6222.2410,7710.0250,4616.8340,3897.0280,7398.2240,7533.8200,2974.8540,3113.2620,3979.6260
2025-10-13,,,4443.4240,5774.1170,6216.1890,7608.8260,4593.9790,3889.5020,7376.5640,7519.7640,2967.2060,3078.7620,3979.6260
2025-10-14,,,4320.6880,5706.8970,6033.0200,7557.4870,4539.0640,3865.2290,7194.8510,7373.1520,2961.1010,2955.9830,3979.6260
2025-10-15,,,4371.3290,5756.8660,6135.9170,7624.4100,4606.2880,3912.2100,7294.0010,7483.4490,3001.3490,3025.8670,3979.6260
2025-10-16,,,4334.4930,5710.9280,6072.5040,7550.8270,4618.4220,3916.2280,7231.5340,7401.8380,3019.1970,3037.4420,3979.6260
2025-10-17,,,4192.1310,5597.0780,5859.8830,7410.0480,4514.2350,3839.7550,7016.0660,7185.4780,2967.7750,2935.3700,3979.6260
2025-10-20,,,4234.3310,5621.1350,5889.2000,7453.0030,4538.2200,3863.8930,7069.6410,7239.1850,2974.8650,2993.4550,3979.6260
2025-10-21,,,4299.8610,5678.8530,5981.9610,7552.2300,4607.8720,3916.3320,7185.6240,7344.0470,3007.2630,3083.7160,3979.6260
2025-10-22,,,4273.8530,5655.0180,5918.1010,7529.4400,4592.5700,3913.7580,7128.4780,7312.2100,3010.0950,3059.3190,3979.6260
2025-10-23,,,4299.6800,5710.7480,5898.9920,7559.4940,4606.3450,3922.4100,7142.9540,7308.0990,3026.9040,3062.1630,3979.6260
2025-10-24,,,4364.1990,5721.8900,6033.4050,7580.8310,4660.6840,3950.3120,7258.5340,7419.2350,3045.8160,3171.5690,3979.6260
2025-10-27,,,4432.3690,5782.7730,6124.0500,7646.0750,4716.0190,3996.9450,7379.3940,7495.3830,3069.5290,3234.4550,3979.6260
2025-10-28,,,4389.3870,5681.0220,6106.3680,7599.6800,4691.9730,3988.2240,7341.0300,7479.2210,3050.4160,3229.5750,3979.6260
2025-10-29,,,4504.0690,5806.3640,6242.1720,7723.6910,4747.8380,4016.3310,7480.9670,7569.1170,3063.0210,3324.2710,3979.6260
2025-10-30,,,4457.0630,5805.0890,6149.8640,7677.0370,4709.9110,3986.9010,7385.7110,7485.0850,3046.6110,3263.0220,3979.6260
2025-10-31,,,4398.9000,5761.8540,6120.9820,7684.8830,4640.6680,3954.7900,7331.0030,7506.6750,3011.5550,3187.5330,3979.6260
2025-11-03,,,4404.5690,5803.8080,6096.2490,7704.0850,4653.4030,3976.5210,7333.6010,7538.1180,3016.3510,3196.8710,3979.6260
2025-11-04,,,4331.2780,5731.1820,5970.8040,7623.8300,4618.6990,3960.1860,7210.8250,7435.7310,3012.9690,3134.0900,3979.6260
2025-11-05,,,4354.0400,5742.9680,6007.7420,7675.2600,4627.2570,3969.2480,7229.3410,7464.8630,3007.9700,3166.2310,3979.6260
2025-11-06,,,4444.3570,5863.5110,6131.4170,7753.0690,4693.4030,4007.7600,7345.7230,7551.8300,3044.7420,3224.6240,3979.6260
2025-11-07,,,4493.8520,5892.7090,6157.4420,7800.6950,4678.7940,3997.5560,7327.9110,7541.8780,3038.3460,3208.2060,3979.6260
2025-11-10,,,4512.3130,5934.1120,6163.4070,7869.3370,4695.0510,4018.5970,7343.8020,7563.2540,3053.8570,3178.8270,3979.6260
2025-11-11,,,4470.8120,5882.9590,6116.4170,7867.4970,4652.1660,4002.7580,7291.6080,7540.7910,3034.6330,3134.3160,3979.6260
2025-11-12,,,4432.7370,5882.6600,6066.7820,7860.9220,4645.9080,4000.1400,7243.2480,7486.3770,3044.3010,3122.0270,3979.6260
2025-11-13,,,4527.6780,5964.6840,6201.9060,7958.0260,4702.0740,4029.5010,7355.2910,7590.5760,3073.6660,3201.7540,3979.6260
2025-11-14,,,4460.7980,5893.4880,6111.9960,7890.2730,4628.1400,3990.4920,7235.4620,7502.7570,3038.4260,3111.5070,3979.6260
2025-11-17,,,4427.1360,5832.1360,6155.8340,7874.2950,4598.0530,3972.0350,7235.3510,7523.0760,3012.0710,3105.2030,3979.6260
2025-11-18,,,4354.9080,5724.4540,6069.3760,7729.0000,4568.1930,3939.8130,7151.0180,7448.1010,3003.0180,3069.2190,3979.6260
2025-11-19,,,4357.8380,5741.1400,6064.0850,7710.5620,4588.2920,3946.7420,7122.7470,7387.2080,3020.3490,3076.8450,3979.6260
2025-11-20,,,4323.1780,5717.6420,6039.3410,7675.3670,4564.9480,3931.0510,7061.9500,7340.4120,3008.2900,3042.3410,3979.6260
2025-11-21,,,4169.3960,5556.4420,5773.4590,7402.4010,4453.6080,3834.8910,6817.4100,7067.7030,2955.8540,2920.0780,3979.6260
2025-11-24,,,4168.3740,5555.5610,5789.0350,7411.3740,4448.0480,3836.7660,6868.9660,7156.4090,2950.5620,2929.0430,3979.6260
2025-11-25,,,4217.9810,5598.8170,5878.4670,7484.7250,4490.4050,3870.0230,6954.6030,7249.9470,2968.2020,2980.9340,3979.6260
2025-11-26,,,4223.7090,5593.6940,5882.0200,7490.9860,4517.6260,3864.1840,6965.0450,7248.4490,2971.7990,3044.6950,3979.6260
2025-11-27,,,4228.1600,5607.4630,5868.2540,7479.1470,4515.4030,3875.2590,6951.2840,7257.4540,2972.2650,3031.2960,3979.6260
2025-11-28,,,4293.0940,5635.7320,5966.2100,7544.4890,4526.6620,3888.5960,7031.5510,7334.2100,2969.6170,3052.5870,3979.6260
2025-12-01,,,4345.2380,5707.7470,6035.3820,7603.7200,4576.4860,3914.0060,7101.8320,7386.6810,2993.6760,3092.4990,3979.6260
2025-12-02,,,4313.2280,5689.3720,5956.4740,7567.3640,4554.3350,3897.7120,7040.3010,7313.1780,2978.4670,3071.1490,3979.6260
2025-12-03,,,4322.4300,5719.6190,5915.9470,7558.4660,4531.0490,3878.0000,6996.3550,7248.2740,2963.0760,3036.7860,3979.6260
2025-12-04,,,4349.9550,5721.7140,5922.3760,7547.7230,4546.5660,3875.7930,7012.8060,7248.6570,2974.3370,3067.4840,3979.6260
2025-12-05,,,4409.8430,5802.1360,5990.0400,7602.5910,4584.5370,3902.8080,7097.8390,7342.4920,3002.0090,3109.2970,3979.6260
2025-12-08,,,4461.1250,5782.8430,6051.9920,7614.9470,4621.7550,3924.0780,7172.3670,7423.0460,3019.3620,3190.2690,3979.6260
2025-12-09,,,4425.1080,5674.5010,5992.0140,7515.4080,4598.2230,3909.5220,7121.3260,7380.5840,2997.9600,3209.6030,3979.6260
2025-12-10,,,4449.6540,5694.4410,6048.7750,7555.6390,4591.8270,3900.4960,7155.9940,7408.2440,2988.6380,3209.0040,3979.6260
2025-12-11,,,4414.6070,5654.1800,5977.7220,7479.9430,4552.1850,3873.3180,7082.8930,7311.9950,2977.0320,3163.6750,3979.6260
2025-12-12,,,4474.4370,5689.5370,6052.9780,7503.5740,4580.9500,3889.3460,7169.7910,7370.9420,2994.6450,3194.3590,3979.6260
2025-12-15,,,4424.8600,5692.8630,5985.7910,7498.9790,4552.0600,3867.9210,7113.9620,7309.0780,2987.0680,3137.8010,3979.6260
2025-12-16,,,4346.6020,5608.2080,5896.7380,7403.0000,4497.5550,3824.8120,7001.3190,7181.6200,2954.7870,3071.7620,3979.6260
2025-12-17,,,4462.1750,5702.0760,6023.8070,7508.9970,4579.8750,3870.2780,7137.8340,7288.7380,2991.6780,3175.9080,3979.6260
2025-12-18,,,4426.4580,5705.9790,5964.1030,7507.5650,4552.7930,3876.3710,7100.8360,7272.4020,2998.5170,3107.0650,3979.6260
2025-12-19,,,4472.7680,5758.0760,6022.1390,7587.7900,4568.1780,3890.4480,7169.5510,7329.8060,3004.3400,3122.2380,3979.6260
2025-12-22,,,4540.5380,5790.9600,6109.7810,7596.3290,4611.6240,3917.3640,7255.6610,7408.3490,3020.2290,3191.9850,3979.6260
2025-12-23,,,4543.6920,5785.7580,6126.5210,7590.9140,4620.7340,3919.9790,7256.7860,7392.4200,3027.5200,3205.0110,3979.6260
2025-12-24,,,4572.8940,5830.4470,6215.9250,7660.2590,4634.0590,3940.9470,7352.0400,7506.3810,3025.1840,3229.5770,3979.6260
2025-12-25,,,4565.7820,5852.3840,6278.1650,7692.6420,4642.5360,3959.6210,7410.7120,7579.3790,3032.8410,3239.3430,3979.6260
2025-12-26,,,4619.3150,5910.3220,6330.9950,7754.0210,4657.2400,3963.6790,7458.8390,7605.5300,3045.4040,3243.8760,3979.6260
2025-12-29,,,4553.5630,5868.4830,6301.3180,7684.1920,4639.3720,3965.2800,7430.6150,7594.1580,3034.6350,3222.6110,3979.6260
2025-12-30,,,4590.6720,5907.1900,6342.6900,7710.2920,4651.2820,3965.1160,7458.9360,7597.2990,3036.5520,3242.9050,3979.6260
2025-12-31,,,4571.6090,5933.8550,6351.3630,7697.3110,4629.9400,3968.8400,7465.5740,7595.2850,3031.1260,3203.1720,3979.6260
2026-01-05,,,4677.7490,6004.2840,6487.9370,7772.0430,4717.7460,4023.4170,7651.1980,7753.8800,3099.7460,3294.5510,3979.6260
2026-01-06,,,4780.6510,6169.5930,6597.1040,7901.7080,4790.6940,4083.6670,7814.1360,7864.9030,3158.7630,3319.2920,3979.6260
2026-01-07,,,4825.7110,6199.1990,6663.5830,7913.7390,4776.6660,4085.7720,7875.0820,7906.4200,3145.1200,3329.6930,3979.6260
2026-01-08,,,4764.2490,6187.8600,6685.8520,7890.0360,4737.6540,4082.9790,7894.5450,7971.5890,3122.0630,3302.3070,3979.6260
2026-01-09,,,4827.5200,6249.7200,6793.7290,7978.9720,4758.9220,4120.4260,8056.6860,8129.1830,3134.3250,3327.8130,3979.6260
2026-01-12,,,4885.9690,6289.8560,6935.7010,8063.4930,4789.9160,4165.2870,8249.1280,8357.0110,3143.7370,3388.3410,3979.6260
2026-01-13,,,4851.0010,6279.1680,6848.8540,8064.8800,4761.0320,4138.7590,8143.2800,8203.1330,3132.9330,3321.8890,3979.6260
2026-01-14,,,4889.1460,6269.5000,6908.9870,8080.7580,4741.9310,4126.0930,8227.6970,8257.1720,3112.0750,3349.1380,3979.6260
2026-01-15,,,4937.0400,6290.9640,6965.3260,8080.5410,4751.4290,4112.6010,8223.2680,8240.7750,3105.5750,3367.9170,3979.6260
2026-01-16,,,4979.4870,6241.9070,7038.7870,8034.2690,4731.8730,4101.9130,8232.6740,8232.7290,3079.7630,3361.0170,3979.6260
2026-01-19,,,5020.6840,6324.2640,7104.1580,8109.8130,4734.4560,4114.0000,8287.9470,8265.6460,3075.9360,3337.6080,3979.6260
2026-01-20,,,5008.8810,6392.2740,7055.5280,8168.1690,4718.8780,4113.6490,8247.8050,8182.7520,3070.6460,3277.9790,3979.6260
2026-01-21,,,5088.7480,6398.1190,7101.7430,8204.4550,4723.0690,4116.9400,8340.1130,8247.6800,3067.1750,3295.5230,3979.6260
2026-01-22,,,5071.9350,6449.2950,7103.0170,8264.4150,4723.7090,4122.5760,8387.5950,8309.3460,3053.1280,3328.6470,3979.6260
2026-01-23,,,5176.8800,6513.7790,7312.7450,8390.1900,4702.4970,4136.1640,8590.1660,8470.7440,3032.1930,3349.5030,3979.6260
2026-01-26,,,5201.9220,6600.3250,7160.0040,8377.8960,4706.9640,4132.6050,8506.6930,8365.4350,3049.5870,3319.1490,3979.6260
2026-01-27,,,5199.0470,6540.8080,7226.3100,8329.0010,4705.6920,4139.9040,8548.9320,8382.1530,3052.3930,3342.5990,3979.6260
2026-01-28,,,5292.5100,6708.2340,7242.0910,8430.3340,4717.9910,4151.2380,8601.1640,8399.7940,3060.5570,3323.5620,3979.6260
2026-01-29,,,5238.4620,6741.5050,7138.2600,8430.6380,4753.8700,4157.9850,8517.8430,8332.2070,3110.9140,3304.5100,3979.6260
2026-01-30,,,5104.2660,6557.5020,7051.0780,8291.8100,4706.3400,4117.9480,8370.5200,8254.8600,3066.4960,3346.3550,3979.6260
2026-02-02,,,4902.9210,6260.4960,6797.7780,7945.6880,4605.9800,4015.7460,8037.0460,7975.4280,3003.1370,3264.1110,3979.6260
2026-02-03,,,5057.7430,6414.1110,7041.0030,8118.6590,4660.1070,4067.7380,8286.7010,8209.1010,3034.5800,3324.8920,3979.6260
2026-02-04,,,5092.6190,6512.7320,7064.0230,8249.8770,4698.6830,4102.2020,8299.0570,8207.1200,3069.2430,3311.5150,3979.6260
2026-02-05,,,4981.2920,6404.1130,6924.1270,8152.6570,4670.4190,4075.9170,8146.1070,8068.0770,3059.0120,3260.2780,3979.6260
2026-02-06,,,4983.4330,6426.2590,6925.9140,8168.3740,4643.5960,4065.5830,8146.4130,8051.5740,3037.8600,3236.4640,3979.6260
2026-02-09,,,5093.0120,6519.5290,7050.4440,8268.6850,4719.0560,4123.0900,8311.2830,8233.7780,3081.7790,3332.7700,3979.6260
2026-02-10,,,5091.9970,6535.5420,7027.2220,8254.5580,4724.2960,4128.3730,8306.4450,8250.3000,3087.4050,3320.5370,3979.6260
2026-02-11,,,5143.2580,6615.7640,7029.8390,8299.8240,4713.8190,4131.9850,8325.8110,8239.5130,3088.4570,3284.7350,3979.6260
2026-02-12,,,5228.5530,6655.3040,7130.4170,8299.8420,4719.5780,4134.0180,8423.5700,8314.8320,3079.7270,3328.0630,3979.6260
2026-02-13,,,5111.5310,6491.0370,7023.1590,8152.4440,4660.4060,4082.0730,8299.5850,8204.8290,3034.3460,3275.9580,3979.6260
2026-02-24,,,5235.9230,6650.6630,7111.6820,8284.0060,4707.5440,4117.4090,8392.9100,8299.7710,3041.3240,3308.2650,3979.6260
2026-02-25,,,5320.0450,6771.6960,7235.8070,8416.6930,4735.8860,4147.2310,8527.5590,8426.3310,3054.9250,3354.8190,3979.6260
2026-02-26,,,5367.4250,6802.5810,7275.7830,8392.0050,4726.8740,4146.6310,8557.2160,8490.6170,3035.0710,3344.9820,3979.6260
2026-02-27,,,5422.9190,6898.3880,7324.4800,8514.7350,4710.6470,4162.8820,8658.4500,8560.8430,3039.4310,3310.3050,3979.6260
2026-03-02,,,5457.8210,7033.8790,7267.7050,8510.3630,4728.6690,4182.5910,8658.3340,8476.9650,3046.4670,3294.1610,3979.6260
2026-03-03,,,5273.5480,6869.7130,6955.0350,8298.0100,4655.8960,4122.6760,8281.6140,8142.4540,3014.2700,3209.4820,3979.6260
2026-03-04,,,5246.5720,6842.1950,6904.0220,8167.8600,4602.6250,4082.4740,8248.9450,8094.5180,2974.2100,3164.3710,3979.6260
2026-03-05,,,5279.7170,6902.6250,6968.7710,8206.2730,4647.6920,4108.5670,8309.1710,8171.1190,2988.4510,3216.9390,3979.6260
2026-03-06,,,5267.6090,6923.8680,7035.5460,8297.6590,4660.4390,4124.1940,8360.3350,8248.8570,2992.7020,3229.3020,3979.6260
2026-03-09,,,5202.5980,6843.1330,6948.6570,8219.1710,4615.4550,4096.6020,8279.4810,8203.8690,2962.9890,3208.5820,3979.6260
2026-03-10,,,5284.2010,6855.6600,7083.6210,8297.6120,4674.7560,4123.1380,8410.3030,8350.0900,2981.8350,3306.1410,3979.6260
2026-03-11,,,5287.0120,6964.5490,7078.2750,8396.9420,4704.4960,4133.4330,8403.3300,8363.5260,2985.3450,3349.5290,3979.6260
2026-03-12,,,5258.6440,7009.8870,7009.3210,8428.1460,4687.5600,4129.1030,8359.4720,8335.9080,2971.5610,3317.5220,3979.6260
2026-03-13,,,5202.7770,6920.3840,6948.1820,8372.3470,4669.1400,4095.4490,8239.7980,8214.2930,2956.8470,3310.2780,3979.6260
2026-03-16,,,5128.7410,6790.3340,6897.4600,8262.5980,4671.5590,4084.7860,8185.1520,8211.3520,2954.0890,3357.0220,3979.6260
2026-03-17,,,5005.0760,6644.7980,6754.1250,8161.9400,4637.4390,4049.9070,8016.0260,8019.8570,2963.5780,3280.0590,3979.6260
2026-03-18,,,5041.0160,6654.0530,6823.0710,8130.8230,4658.3320,4062.9840,8096.4280,8096.5950,2961.4260,3346.3650,3979.6260
2026-03-19,,,4893.5430,6473.9270,6611.1870,7937.0020,4583.2510,4006.5520,7877.0900,7909.2340,2916.2350,3309.1030,3979.6260
2026-03-20,,,4861.4470,6411.3750,6563.6260,7879.2950,4567.0180,3957.0530,7760.0370,7783.4350,2883.8640,3352.1030,3979.6260
2026-03-23,,,4711.2710,6221.9140,6323.2350,7584.5030,4417.9970,3813.2830,7440.7450,7409.1070,2792.3290,3235.2210,3979.6260
2026-03-24,,,4791.2950,6336.6140,6465.3630,7794.8080,4474.7220,3881.2800,7597.3730,7600.8570,2830.8540,3251.5450,3979.6260
2026-03-25,,,4892.2670,6431.0020,6614.2340,7947.6420,4537.4660,3931.8380,7767.6650,7751.1810,2859.5350,3316.9710,3979.6260
2026-03-26,,,4835.0880,6359.2060,6542.2080,7880.1590,4477.5340,3889.0840,7642.1300,7639.3760,2824.6740,3272.4880,3979.6260
2026-03-27,,,4898.2770,6408.7350,6675.3660,7944.2520,4502.5700,3913.7240,7737.6140,7746.3130,2837.3060,3295.8800,3979.6260
2026-03-30,,,4911.4820,6464.4800,6658.9330,7928.5180,4491.9500,3923.2870,7753.7230,7767.9300,2833.2050,3273.3550,3979.6260
2026-03-31,,,4833.4980,6378.7690,6495.7440,7801.6290,4450.0490,3891.8610,7617.3260,7619.8500,2826.1250,3184.9520,3979.6260
2026-04-01,,,4936.9850,6469.8810,6609.7690,7926.0340,4526.0670,3948.5520,7750.0920,7764.1530,2878.7940,3247.5230,3979.6260
2026-04-02,,,4875.2190,6429.9270,6482.7030,7849.8260,4478.9140,3919.2850,7605.2930,7623.4170,2853.4530,3172.6490,3979.6260
2026-04-03,,,4836.7750,6359.9810,6408.5180,7735.8290,4440.7890,3880.0970,7534.9380,7536.6000,2830.5970,3149.5960,3979.6260
2026-04-07,,,4832.7030,6414.0430,6437.7870,7796.1570,4440.6160,3890.1650,7571.1110,7606.0170,2830.5230,3160.8160,3979.6260
2026-04-08,,,5050.7180,6589.6180,6757.8580,8027.6480,4595.5560,3994.9980,7945.1530,7955.7680,2907.0660,3347.6100,3979.6260
2026-04-09,,,5039.8470,6569.0700,6761.0640,7959.9660,4566.2240,3966.1710,7898.6330,7921.4470,2884.7600,3323.2990,3979.6260
2026-04-10,,,5093.6270,6590.8060,6856.7730,8035.6100,4636.5660,3986.2250,7969.3650,7998.2320,2899.5800,3448.7870,3979.6260
2026-04-13,,,5071.0170,6601.6400,6866.6010,8021.5900,4646.1550,3988.5580,7967.6970,8025.5720,2899.4700,3476.4400,3979.6260
2026-04-14,,,5144.4340,6640.5920,6957.8100,8054.7990,4701.2840,4026.6260,8088.5690,8144.7620,2924.1830,3558.5270,3979.6260
2026-04-15,,,5092.8540,6587.2120,6894.5820,8052.2970,4685.2460,4027.2100,8044.0770,8106.1650,2934.2160,3514.9600,3979.6260
2026-04-16,,,5241.1750,6682.4390,7023.3080,8150.4920,4736.6080,4055.5470,8180.0820,8232.9830,2939.7650,3626.2710,3979.6260
2026-04-17,,,5236.9080,6652.9040,7043.2320,8110.6660,4728.6720,4051.4250,8214.1940,8307.4360,2910.8730,3678.2930,3979.6260
2026-04-20,,,5247.9640,6641.1370,7096.4790,8146.1390,4757.4420,4082.1270,8290.0220,8357.8140,2933.6530,3677.5760,3979.6260
2026-04-21,,,5234.3710,6651.4320,7097.7230,8191.9890,4767.9970,4085.0770,8270.3270,8351.1560,2932.0720,3688.9370,3979.6260
2026-04-22,,,5318.5370,6671.2290,7169.7900,8217.7480,4799.6270,4106.2580,8376.1810,8481.2400,2930.5750,3752.7590,3979.6260
2026-04-23,,,5255.0120,6650.4750,7094.4710,8195.1860,4786.3270,4093.2500,8295.2070,8362.7400,2927.9310,3720.2470,3979.6260
2026-04-24,,,5264.1660,6624.4430,7082.5920,8208.2810,4769.3690,4079.9000,8247.8760,8304.1410,2945.0430,3667.7850,3979.6260
2026-04-27,,,5283.7800,6622.1610,7127.8100,8190.0740,4770.9470,4086.3440,8299.0490,8338.7260,2939.0530,3648.7880,3979.6260
2026-04-28,,,5217.4690,6610.2170,7058.7360,8169.8840,4758.2080,4078.6370,8203.9610,8226.6920,2950.4210,3596.7120,3979.6260
2026-04-29,,,5321.2360,6717.6300,7218.4170,8334.6960,4810.3470,4107.5140,8342.4220,8343.0650,2967.5030,3687.1680,3979.6260
2026-04-30,,,5299.4970,6657.9720,7241.7840,8298.3490,4807.3070,4112.1590,8349.5080,8381.9470,2985.5050,3677.1480,3979.6260
2026-05-06,,,5435.7810,6780.8680,7405.2970,8426.9660,4877.0930,4160.1740,8588.4400,8574.5560,3026.4430,3778.1590,3979.6260
2026-05-07,,,5456.7550,6747.6210,7512.5080,8437.8600,4900.5100,4180.0920,8696.7990,8714.5100,3029.1940,3833.0570,3979.6260
2026-05-08,,,5419.9570,6738.0090,7465.0730,8392.4550,4871.9120,4179.9520,8694.1710,8741.1510,3003.5840,3796.1280,3979.6260
2026-05-11,,,5492.9370,6788.0340,7632.6670,8445.3980,4951.8370,4225.0210,8839.7420,8866.7790,3041.6330,3928.9740,3979.6260
2026-05-12,,,5485.2630,6787.6740,7592.9870,8393.6780,4948.0470,4214.4890,8785.9790,8821.8870,3043.5560,3934.8820,3979.6260
2026-05-13,,,5604.8690,6833.2930,7739.9240,8412.2570,4998.3420,4242.5720,8918.2390,8955.4470,3047.2460,4038.3330,3979.6260
2026-05-14,,,5486.7690,6689.3070,7571.5570,8251.5420,4914.5970,4177.9180,8670.1570,8778.7090,2996.5730,3951.1400,3979.6260
2026-05-15,,,5414.1580,6528.4660,7520.1900,8101.5030,4859.5930,4135.3890,8536.3440,8682.6540,2957.6020,3929.0640,3979.6260
2026-05-18,,,5400.1830,6492.1820,7549.5560,8025.9830,4833.5240,4131.5280,8554.2370,8720.2130,2934.9590,3914.8750,3979.6260
2026-05-19,,,5413.3400,6531.2990,7648.2920,8059.3550,4852.8830,4169.5380,8627.9460,8808.6450,2954.0620,3908.4380,3979.6260
2026-05-20,,,5476.9550,6514.2290,7728.3640,8037.7920,4850.7000,4162.1850,8656.3060,8808.9100,2953.7470,3921.7890,3979.6260
2026-05-21,,,5312.6840,6385.0880,7485.6510,7888.6570,4783.0980,4077.2770,8419.8370,8510.4960,2920.9290,3829.7790,3979.6260
2026-05-22,,,5428.5780,6475.4960,7629.3460,7946.0160,4845.0960,4112.9000,8576.9400,8692.6660,2923.5250,3938.5020,3979.6260
2026-05-25,,,5500.1100,6469.7790,7727.9620,8068.6650,4921.5970,4152.5690,8703.8900,8799.3120,2968.6970,4021.1600,3979.6260
2026-05-26,,,5537.8020,6530.4940,7651.4830,8115.9610,4947.8490,4145.3730,8658.6190,8687.2530,2973.3850,4043.0660,3979.6260
2026-05-27,,,5464.0830,6431.6250,7512.1760,7997.9500,4908.1710,4093.7270,8530.9800,8546.5140,2934.7120,4045.7730,3979.6260
2026-05-28,,,5478.2090,6433.1450,7513.0120,7981.5190,4914.2130,4098.6360,8563.2220,8637.7430,2914.1900,4125.0750,3979.6260
2026-05-29,,,5358.9070,6419.9950,7256.7680,7991.1840,4892.1210,4068.5690,8359.5600,8408.7360,2921.0810,4037.9510,3979.6260
2026-06-01,,,5291.9010,6418.0120,7169.5270,8060.2470,4844.2560,4057.7400,8274.2120,8345.1290,2893.7190,3950.9430,3979.6260
2026-06-02,,,5345.6500,6449.3370,7177.4890,8037.2060,4914.5590,4075.1020,8321.4350,8384.7810,2920.2690,4055.8710,3979.6260
2026-06-03,,,5386.0240,6440.2040,7220.7230,8033.4730,4938.8090,4083.9740,8362.1560,8432.6790,2920.9170,4122.9870,3979.6260
2026-06-04,,,5332.2120,6346.2160,7260.7080,7933.5870,4904.7450,4057.7810,8356.7440,8420.0950,2891.3490,4088.8840,3979.6260
2026-06-05,,,5211.0650,6262.7870,7134.1030,7843.8000,4816.9200,4027.7360,8251.1410,8340.9630,2865.8660,3957.9350,3979.6260
2026-06-08,,,5042.0750,6104.7330,6880.7280,7620.4390,4713.6360,3959.3380,7963.4530,8081.2610,2825.0130,3811.7850,3979.6260
2026-06-09,5011.9300,5645.6600,5190.5390,6204.5700,7122.1840,7689.4250,4801.8110,4010.0310,8176.1790,8318.6980,2842.6940,3961.7490,5629.9700
2026-06-10,5019.5500,5555.6700,5087.5780,6143.1330,6993.8840,7598.7520,4748.5930,3993.2260,8063.8640,8198.7230,2850.3690,3854.7930,5588.9800
2026-06-11,5004.8600,5513.8000,5091.3060,6118.9690,7040.6200,7570.7770,4722.4120,3987.0150,8035.7790,8159.4550,2845.9190,3811.2460,5566.7400
2026-06-12,5059.1600,5579.6000,5152.7950,6256.0440,7060.6490,7719.9510,4777.3210,4031.5130,8106.2030,8202.7990,2890.7980,3830.3530,5649.5000
2026-06-15,5035.9000,5802.7500,5379.2310,6374.0640,7375.8970,7839.2700,4891.7130,4096.4720,8406.7480,8521.2330,2938.6490,4033.5350,5590.7000
2026-06-16,4971.5700,5814.8100,5415.5230,6305.7000,7513.7850,7788.3410,4884.2320,4091.8920,8507.9800,8646.4030,2913.9860,4102.9420,5493.6700
2026-06-17,4970.7500,5906.6400,5595.2050,6343.6140,7628.2370,7736.7550,4931.3860,4108.0760,8627.0860,8704.4680,2934.4660,4167.0480,5434.1500
2026-06-18,4832.9100,6003.1000,5609.9660,6261.6370,7648.9430,7606.6910,4941.5990,4090.4810,8673.0900,8771.0240,2928.7480,4252.3900,5316.6500
2026-06-22,4961.1400,6135.6800,5838.2670,6489.3830,7725.3400,7721.4200,5059.6580,4163.0970,8868.7820,8865.6760,3012.6530,4359.3920,5373.3300
2026-06-23,4922.4800,5904.7600,5733.0690,6407.7550,7574.6340,7628.5820,4919.3860,4106.2520,8688.5920,8680.0390,2926.8280,4192.1940,5342.6900
2026-06-24,4846.1500,5991.4900,5872.9650,6444.2930,7681.0600,7578.0500,4943.0200,4110.8130,8842.9380,8793.4870,2943.8960,4251.4240,5262.8200
2026-06-25,4847.3200,6128.4900,5945.4510,6510.3980,7707.5520,7561.0750,5020.1040,4120.2810,8938.0110,8825.9200,2977.5700,4371.9890,5198.5100
2026-06-26,4771.1200,5893.4000,5804.4270,6326.1480,7522.9100,7391.8070,4868.2210,4027.2650,8703.5650,8601.4080,2906.9440,4194.2090,5085.7300
2026-06-29,4813.8700,6003.7000,5874.5750,6349.9470,7681.2930,7457.3990,4926.9210,4073.9020,8821.0940,8597.8930,2991.0810,4216.6990,5120.7100
2026-06-30,4755.7800,6124.3600,5989.6910,6318.9900,7917.4300,7387.4950,4979.4330,4094.3970,9031.3790,8809.7860,2989.4020,4342.7120,5022.4600
2026-07-01,4845.0800,6034.1400,5938.3500,6353.7650,7942.1230,7551.8910,4958.9770,4112.4450,9028.9330,8876.6300,2985.2400,4260.7210,5108.2100
2026-07-02,4848.7600,5757.0200,5688.1260,6256.5050,7646.6750,7527.9820,4812.2960,4028.9040,8694.1760,8625.3340,2912.2760,4017.2730,5154.9400
2026-07-03,4858.5400,5801.8900,5712.1570,6337.3780,7710.6110,7565.0800,4842.1740,4043.6430,8745.2610,8620.7890,2931.2840,4019.9340,5207.4600
2026-07-06,4922.5000,5772.4900,5711.2730,6355.5930,7602.0460,7620.9450,4841.9980,4041.2380,8651.1340,8472.6030,2957.9690,3948.8600,5314.9200
2026-07-07,4866.4900,5709.2300,5630.1870,6208.7860,7463.1990,7435.0050,4792.2620,3990.2350,8508.7890,8301.8040,2921.8870,3911.9070,5239.3700
2026-07-08,4866.3400,5643.6300,5582.0980,6135.1460,7300.9500,7344.4270,4755.5340,3970.8800,8390.0190,8117.8610,2920.8420,3845.3510,5264.7900
2026-07-09,4869.2400,5865.6200,5775.5240,6173.0700,7489.8510,7309.3740,4876.3130,4036.5880,8652.7870,8300.0770,2995.7890,4018.1740,5200.4400
2026-07-10,4846.0600,5675.6200,5617.6360,6161.9650,7305.6040,7311.6510,4780.7870,3996.1620,8503.9710,8198.3080,2955.5200,3842.7310,5184.1000
